ST_CASE,VEH_NO,PER_NO,YEAR,P1,P2,P3,P4,P5,P6,P7,P8,P9,P10
10899,0,2,2000,0,0,0,0,0,0,0,0,0,0
10899,1,1,2000,0,0,0,0,0,0,0,0,0,0
10900,0,1,2000,0,0,0,0,7,0,0,0,0,0
10900,1,1,2000,0,0,0,0,0,0,0,0,0,0
10901,0,1,2000,0,0,18,0,0,0,30,0,0,11
10901,1,1,2000,0,0,0,0,0,0,0,0,0,0
10902,1,1,2000,0,0,0,0,0,0,0,0,0,0
10903,1,1,2000,0,0,0,0,0,0,0,15,0,0
10903,2,1,2000,0,0,0,0,0,0,0,0,0,0
10904,1,1,2000,11,11,11,11,11,11,11,11,11,11
10904,2,1,2000,0,0,0,0,0,0,0,0,0,0
10905,1,1,2000,27,0,15,0,9,0,4,14,8,14
10905,2,1,2000,0,0,0,0,0,0,0,0,0,0
10906,1,1,2000,0,0,0,0,0,0,0,0,0,0
10907,0,1,2000,0,0,0,0,0,0,0,0,0,0
10907,1,1,2000,0,0,0,0,0,0,0,0,0,0
10908,1,1,2000,3,15,0,24,11,22,0,9,14,24
10909,1,1,2000,17,7,17,0,10,0,13,15,7,26
10910,1,1,2000,4,5,4,6,10,13,13,28,22,2
10911,0,1,2000,0,0,0,0,0,0,0,0,0,0
10911,1,1,2000,0,0,10,0,0,15,10,0,0,0
10912,1,1,2000,17,28,19,12,28,21,15,18,36,22
10912,2,1,2000,0,11,0,0,0,0,0,0,0,0
10913,1,1,2000,26,0,0,7,0,0,5,13,22,24
10914,0,1,2000,0,0,0,0,0,0,0,0,0,0
10914,1,1,2000,0,0,0,0,0,0,0,0,0,0
20001,1,1,2000,0,0,0,0,0,0,0,0,0,0
20002,1,1,2000,0,0,0,0,0,0,0,0,0,0
20003,1,1,2000,0,0,0,0,0,0,0,0,0,0
20003,2,1,2000,0,0,0,0,0,0,0,0,0,0
20004,1,1,2000,24,24,24,24,24,24,24,24,24,24
20005,1,1,2000,0,0,0,0,0,0,0,0,0,0
20005,2,1,2000,0,0,0,0,0,0,0,0,0,0
20006,1,1,2000,0,0,0,0,0,0,0,0,0,0
20006,2,1,2000,0,0,0,0,0,0,0,0,0,0
20007,1,1,2000,20,28,23,0,21,0,15,0,0,0
20008,1,1,2000,10,10,10,10,10,10,10,10,10,10
20008,2,1,2000,30,30,30,30,30,30,30,30,30,30
20009,0,1,2000,0,0,0,0,0,0,0,0,0,0
20009,1,1,2000,0,0,0,0,0,0,0,0,0,0
20010,1,1,2000,0,0,0,0,0,0,12,29,0,0
20011,1,1,2000,23,23,23,23,23,23,23,23,23,23
20012,1,1,2000,27,27,27,27,27,27,27,27,27,27
20012,2,1,2000,0,0,0,0,0,0,0,0,0,0
20013,1,1,2000,0,0,0,0,0,0,0,0,0,0
20013,2,1,2000,0,0,0,0,0,0,0,0,0,0
20014,1,1,2000,0,0,0,0,0,0,0,0,0,0
20015,1,1,2000,10,9,16,0,13,22,7,0,13,0
20016,1,1,2000,15,15,15,15,15,15,15,15,15,15
20016,2,1,2000,14,14,14,14,14,14,14,14,14,14
20017,0,1,2000,0,0,0,0,0,0,0,0,0,0
20017,1,1,2000,0,0,0,0,0,0,0,0,0,0
20018,1,1,2000,0,0,0,0,0,0,0,0,0,0
20018,2,1,2000,0,0,0,0,0,0,0,0,0,0
20019,0,1,2000,0,0,0,0,0,0,0,0,0,0
20019,1,1,2000,0,0,0,0,0,0,0,0,0,0
20020,1,1,2000,25,25,25,25,25,25,25,25,25,25
20020,2,1,2000,0,0,0,0,0,0,0,0,2,0
20021,1,1,2000,20,20,20,20,20,20,20,20,20,20
20022,1,1,2000,23,24,27,20,27,18,33,12,29,29
20023,1,1,2000,10,13,12,6,0,0,12,22,11,37
20024,1,1,2000,0,0,0,0,0,0,0,0,0,0
20024,2,1,2000,0,0,0,0,0,0,0,0,0,0
20025,1,1,2000,0,0,0,0,0,0,0,0,0,0
20025,2,1,2000,0,0,0,0,0,0,0,0,0,0
20025,3,1,2000,0,0,0,0,0,0,0,0,0,0
20026,1,1,2000,19,19,19,19,19,19,19,19,19,19
20027,0,1,2000,0,0,0,0,0,0,0,0,0,0
20027,1,1,2000,0,0,0,0,0,0,0,0,0,0
20028,1,1,2000,8,8,8,8,8,8,8,8,8,8
20029,1,1,2000,0,0,0,0,0,0,0,0,0,0
20029,2,1,2000,0,0,0,0,0,0,0,0,0,0
20030,1,1,2000,0,0,0,0,0,0,0,0,0,0
20031,0,1,2000,0,0,0,0,0,0,0,0,0,0
20031,0,2,2000,0,0,0,0,0,0,0,37,0,0
20031,1,1,2000,0,0,0,0,0,0,0,0,0,0
20032,1,1,2000,0,0,0,0,0,0,0,0,0,22
20033,1,1,2000,19,19,19,19,19,19,19,19,19,19
20034,1,1,2000,13,13,13,13,13,13,13,13,13,13
20035,1,1,2000,0,0,0,0,0,0,0,0,0,16
20036,1,1,2000,0,0,12,0,0,17,0,0,0,13
20037,1,1,2000,0,0,0,0,0,0,0,0,0,0
20038,1,1,2000,11,11,11,11,11,11,11,11,11,11
20039,1,1,2000,21,24,14,25,7,15,33,20,0,19
20040,1,1,2000,7,44,14,8,26,12,4,0,0,7
20041,1,1,2000,27,27,27,27,27,27,27,27,27,27
20041,2,1,2000,11,0,0,0,0,0,0,15,21,17
20041,3,1,2000,2,2,2,2,2,2,2,2,2,2
20042,0,1,2000,0,0,0,0,0,0,0,0,0,0
20042,1,1,2000,24,24,24,24,24,24,24,24,24,24
20042,2,1,2000,0,0,12,0,0,0,0,0,0,0
20043,0,1,2000,20,39,20,8,15,17,20,14,22,23
20043,1,1,2000,0,21,0,14,16,22,23,24,9,9
20044,1,1,2000,0,0,0,0,0,0,0,0,12,0
20045,1,1,2000,20,0,0,0,29,20,0,0,0,14
20046,1,1,2000,0,0,0,0,0,0,0,0,0,0
20047,1,1,2000,17,17,17,17,17,17,17,17,17,17
20047,2,1,2000,0,0,0,0,0,0,0,0,0,0
20048,1,1,2000,13,13,13,13,13,13,13,13,13,13
20048,2,1,2000,0,0,0,0,0,0,0,0,0,0
20048,3,1,2000,23,8,0,22,0,0,0,0,19,12
20049,1,1,2000,0,0,0,0,0,0,0,0,0,0
20049,2,1,2000,0,0,0,0,0,0,0,0,0,0
20050,1,1,2000,0,0,0,0,0,24,16,21,0,0
20051,1,1,2000,0,0,0,0,0,0,0,0,0,0
20051,2,1,2000,8,8,8,8,8,8,8,8,8,8
20052,1,1,2000,5,5,5,5,5,5,5,5,5,5
20053,1,1,2000,6,6,6,6,6,6,6,6,6,6
20054,1,1,2000,23,23,23,23,23,23,23,23,23,23
20055,1,1,2000,0,0,0,14,0,0,0,0,0,10
20056,1,1,2000,0,0,17,0,11,0,0,0,0,0
20057,1,1,2000,14,14,14,14,14,14,14,14,14,14
20058,1,1,2000,0,0,0,0,0,0,0,0,19,0
20058,2,1,2000,0,0,0,0,0,0,0,0,0,0
20059,1,1,2000,0,23,13,33,18,0,15,11,5,13
20060,1,1,2000,14,14,14,14,14,14,14,14,14,14
20061,1,1,2000,29,29,29,29,29,29,29,29,29,29
20061,2,1,2000,0,0,0,0,0,0,0,0,0,0
20062,1,1,2000,0,0,0,0,0,11,18,13,0,0
20063,0,1,2000,0,0,0,0,0,0,0,0,0,0
20063,1,1,2000,0,0,0,0,0,0,0,0,0,0
20064,0,1,2000,22,25,0,23,45,0,0,0,0,28
20064,1,1,2000,0,0,15,0,0,0,0,0,4,0
20065,1,1,2000,11,11,11,11,11,11,11,11,11,11
20066,1,1,2000,11,11,11,11,11,11,11,11,11,11
20067,1,1,2000,7,7,7,7,7,7,7,7,7,7
20067,2,1,2000,0,0,0,0,0,0,0,0,0,0
20068,0,1,2000,22,22,22,22,22,22,22,22,22,22
20068,1,1,2000,0,0,0,0,0,0,0,0,0,0
20069,1,1,2000,16,16,16,16,16,16,16,16,16,16
20070,1,1,2000,0,0,0,0,0,0,0,0,0,0
20071,0,1,2000,0,0,0,0,0,0,0,0,0,0
20071,1,1,2000,0,0,0,0,0,0,0,0,0,0
20072,1,1,2000,0,0,0,0,0,0,11,0,0,17
20072,2,1,2000,0,0,0,0,0,0,0,0,0,0
20073,1,1,2000,0,0,0,0,0,0,0,0,0,0
20073,2,1,2000,0,19,0,6,16,0,14,0,0,10
20074,0,1,2000,0,0,0,0,0,0,0,0,0,0
20074,1,1,2000,0,0,0,0,28,0,0,0,11,0
20075,1,1,2000,0,0,0,0,0,0,0,0,0,0
20076,1,1,2000,28,0,0,18,15,0,22,0,0,0
20076,2,1,2000,0,0,0,0,0,0,0,0,0,0
20077,1,1,2000,14,29,29,0,28,32,25,19,11,19
20078,1,1,2000,0,0,0,0,0,0,0,0,0,0
20079,1,1,2000,19,19,19,19,19,19,19,19,19,19
20080,1,1,2000,0,0,0,0,0,0,0,0,0,0
20081,1,1,2000,13,0,0,14,9,33,0,0,0,0
20082,1,1,2000,0,0,0,0,0,0,0,0,0,0
20082,2,1,2000,0,0,0,0,11,0,0,0,0,0
20083,1,1,2000,0,0,0,0,0,0,0,0,0,0
20083,2,1,2000,0,0,0,0,0,0,0,0,0,0
20084,1,1,2000,0,0,0,0,0,0,0,0,0,0
20084,2,1,2000,0,0,0,0,0,0,0,0,0,0
20085,1,1,2000,21,7,0,0,12,5,19,22,14,0
20086,1,1,2000,0,9,0,18,0,0,0,0,0,8
20087,1,1,2000,14,14,14,14,14,14,14,14,14,14
20088,1,1,2000,18,18,18,18,18,18,18,18,18,18
20089,1,1,2000,0,0,0,7,0,0,0,0,0,22
20089,2,1,2000,0,0,31,13,0,0,0,14,0,0
20090,1,1,2000,0,0,0,0,0,0,0,0,0,0
20091,1,1,2000,7,6,0,12,0,11,0,0,0,0
20091,2,1,2000,0,0,0,0,0,0,0,0,0,0
20092,0,1,2000,0,0,0,0,0,0,0,0,0,0
20092,1,1,2000,0,0,0,27,0,0,0,0,0,0
20093,0,1,2000,24,24,24,24,24,24,24,24,24,24
20093,1,1,2000,2,2,2,2,2,2,2,2,2,2
40001,1,1,2000,31,14,6,10,24,7,0,15,0,11
40002,1,1,2000,10,10,10,10,10,10,10,10,10,10
40003,1,1,2000,0,0,0,0,0,0,0,0,0,0
40003,2,1,2000,0,0,0,0,0,0,0,0,0,0
40003,3,1,2000,0,0,0,0,0,15,0,0,0,0
40004,1,1,2000,0,0,0,0,0,0,0,0,0,0
40005,1,1,2000,22,22,22,22,22,22,22,22,22,22
40006,1,1,2000,0,0,0,0,0,0,0,0,0,0
40006,2,1,2000,0,0,0,0,0,0,14,0,0,0
40006,3,1,2000,0,0,0,0,0,0,0,0,0,0
40007,1,1,2000,21,21,21,21,21,21,21,21,21,21
40008,1,1,2000,0,19,0,0,10,0,0,8,0,0
40008,2,1,2000,0,0,0,0,0,0,0,16,0,0
40009,0,1,2000,25,25,25,25,25,25,25,25,25,25
40009,1,1,2000,0,0,0,7,0,0,0,0,0,0
40010,1,1,2000,33,23,29,23,24,20,15,8,39,18
40011,0,1,2000,0,0,0,18,0,0,12,0,0,0
40011,1,1,2000,0,0,0,0,0,0,0,0,0,0
40012,0,1,2000,19,19,19,19,19,19,19,19,19,19
40012,1,1,2000,0,0,0,0,0,0,0,0,0,0
40013,1,1,2000,0,0,0,0,19,17,0,0,0,0
40013,2,1,2000,0,0,0,0,0,0,0,0,0,0
40014,1,1,2000,17,30,31,0,0,0,7,0,9,7
40014,2,1,2000,0,0,0,0,0,0,0,0,0,0
40015,0,1,2000,0,0,0,0,0,0,12,0,0,0
40015,1,1,2000,0,0,0,0,0,0,0,0,0,0
40016,1,1,2000,0,0,0,0,0,0,0,0,0,0
40017,1,1,2000,0,0,0,0,0,0,0,0,0,0
40018,1,1,2000,14,14,14,14,14,14,14,14,14,14
40018,2,1,2000,0,0,0,0,0,0,0,0,0,0
40019,1,1,2000,0,0,0,0,0,0,0,0,0,0
40020,1,1,2000,26,26,26,26,26,26,26,26,26,26
40021,1,1,2000,0,0,12,8,0,0,0,0,0,16
40021,2,1,2000,0,0,0,12,0,6,0,0,0,0
40022,1,1,2000,0,0,0,0,7,0,0,0,0,0
40023,1,1,2000,0,0,0,0,0,0,9,0,0,0
40023,2,1,2000,0,0,0,0,0,0,0,0,0,0
40024,1,1,2000,21,21,21,21,21,21,21,21,21,21
40025,1,1,2000,0,10,20,18,33,10,7,10,8,8
40026,1,1,2000,0,23,25,9,10,11,22,0,11,0
40027,0,1,2000,0,0,0,0,0,0,0,0,0,0
40027,1,1,2000,0,0,0,0,0,0,0,0,0,0
40028,1,1,2000,0,0,0,0,0,0,0,0,0,0
40028,2,1,2000,13,12,5,23,19,17,5,0,0,18
40029,0,1,2000,9,9,9,9,9,9,9,9,9,9
40029,1,1,2000,0,0,0,0,0,0,0,8,0,0
40030,1,1,2000,20,20,20,20,20,20,20,20,20,20
40030,2,1,2000,0,0,0,0,0,0,0,0,0,0
40031,1,1,2000,0,0,0,0,0,0,0,0,0,0
40031,2,1,2000,0,0,0,0,0,0,0,0,0,0
40032,1,1,2000,0,0,0,0,0,0,0,0,0,0
40032,2,1,2000,0,0,0,0,0,16,0,0,0,0
40033,1,1,2000,18,18,18,18,18,18,18,18,18,18
40034,1,1,2000,0,0,0,0,0,0,0,0,0,0
40034,2,1,2000,0,0,0,0,0,0,0,0,0,0
40035,1,1,2000,0,0,0,0,0,0,0,0,0,0
40035,2,1,2000,0,0,0,0,0,0,0,0,0,0
40036,1,1,2000,0,0,0,0,0,0,0,0,0,0
40036,2,1,2000,0,0,0,0,0,0,0,0,0,0
40037,1,1,2000,0,0,0,16,0,0,0,0,0,0
40037,2,1,2000,0,0,0,0,0,0,0,0,0,0
40038,1,1,2000,0,0,0,0,0,0,0,0,0,0
40038,2,1,2000,0,0,0,0,0,0,0,0,0,0
40039,1,1,2000,30,30,15,26,13,22,29,22,20,23
40040,1,1,2000,0,0,0,0,0,0,0,0,0,0
40040,2,1,2000,0,0,0,0,0,0,0,0,0,0
40041,1,1,2000,19,19,19,19,19,19,19,19,19,19
40042,1,1,2000,0,0,0,0,0,0,0,0,6,0
40043,0,1,2000,0,0,0,0,0,0,0,0,0,0
40043,1,1,2000,0,0,0,0,0,0,0,0,0,0
40044,1,1,2000,15,12,0,0,27,16,28,0,9,0
40045,1,1,2000,0,0,0,0,0,0,0,0,0,0
40046,1,1,2000,0,0,0,0,12,0,0,0,0,0
40047,1,1,2000,28,28,28,28,28,28,28,28,28,28
40048,1,1,2000,0,0,0,0,0,20,0,0,0,0
40049,1,1,2000,0,32,0,0,0,12,8,0,0,0
40050,0,1,2000,0,0,16,0,0,0,0,0,0,0
40050,1,1,2000,0,0,0,0,0,0,0,0,0,0
40051,1,1,2000,15,11,0,7,14,0,17,0,14,16
40052,1,1,2000,0,0,0,0,0,0,0,0,0,0
40053,0,1,2000,0,0,0,0,0,0,0,0,0,0
40053,1,1,2000,4,0,0,0,0,0,0,0,4,0
40054,1,1,2000,26,25,26,17,20,3,17,28,16,25
40054,2,1,2000,3,20,15,13,19,12,10,18,5,9
40055,1,1,2000,0,0,0,0,0,0,0,0,0,0
40055,2,1,2000,0,0,0,0,0,0,0,0,0,0
40056,1,1,2000,7,0,0,6,8,7,0,0,15,0
40057,1,1,2000,17,27,24,27,22,18,21,19,16,22
40058,1,1,2000,0,0,0,0,0,0,0,0,0,0
40058,2,1,2000,0,0,0,0,0,0,0,0,0,0
40058,3,1,2000,0,0,0,0,0,0,0,0,0,0
40059,1,1,2000,22,6,0,35,12,0,40,0,23,0
40059,2,1,2000,0,0,0,0,0,0,0,0,0,0
40060,1,1,2000,3,3,3,4,24,31,0,17,6,5
40060,2,1,2000,0,0,0,0,0,0,0,0,0,0
40061,1,1,2000,0,0,0,0,0,0,0,0,0,0
40061,2,1,2000,0,10,0,0,0,0,0,0,0,0
40062,1,1,2000,9,9,9,9,9,9,9,9,9,9
40062,2,1,2000,0,0,0,0,0,0,0,0,0,0
40063,0,1,2000,19,21,20,21,20,21,22,35,16,22
40063,1,1,2000,0,0,0,0,0,0,0,0,0,0
40064,1,1,2000,13,0,12,13,6,18,16,0,24,13
40064,2,1,2000,0,0,0,0,0,0,0,0,0,0
40065,1,1,2000,0,0,0,0,0,0,0,0,0,0
40066,1,1,2000,0,0,0,0,0,0,0,0,0,0
40066,2,1,2000,0,0,0,0,0,0,0,0,0,0
40067,1,1,2000,0,0,0,0,0,0,0,0,0,0
40068,1,1,2000,5,0,0,0,0,0,0,0,0,0
40068,2,1,2000,0,0,0,0,0,0,0,0,0,0
40069,1,1,2000,1,1,1,1,1,1,1,1,1,1
40070,1,1,2000,0,0,0,0,0,0,0,0,0,0
40070,2,1,2000,0,0,0,0,0,0,0,0,0,0
40071,1,1,2000,0,0,0,0,0,0,0,0,0,0
40071,2,1,2000,0,0,0,0,0,0,0,0,0,0
40072,0,1,2000,0,0,0,0,0,0,0,0,0,0
40072,1,1,2000,0,0,0,0,0,15,0,0,13,13
40073,1,1,2000,25,25,25,25,25,25,25,25,25,25
40073,2,1,2000,0,0,0,0,0,0,0,0,0,0
40074,0,1,2000,28,28,28,28,28,28,28,28,28,28
40074,1,1,2000,0,6,0,0,0,0,0,0,0,0
40075,1,1,2000,15,14,12,15,16,14,11,6,0,25
40075,2,1,2000,0,8,0,0,0,0,0,0,0,0
40076,1,1,2000,0,0,0,0,0,0,0,0,0,0
40077,1,1,2000,0,0,0,0,0,0,0,0,13,0
40077,2,1,2000,0,0,0,0,0,0,0,0,0,0
40078,0,1,2000,0,0,0,5,0,0,0,0,0,0
40079,0,1,2000,0,0,0,0,0,0,0,0,0,0
40079,1,1,2000,18,0,0,0,21,0,0,0,0,0
40080,1,1,2000,14,14,14,14,14,14,14,14,14,14
40081,1,1,2000,15,9,17,26,20,12,9,20,19,14
40082,0,1,2000,17,17,17,17,17,17,17,17,17,17
40082,1,1,2000,0,0,0,0,0,0,0,21,0,0
40083,1,1,2000,13,13,13,13,13,13,13,13,13,13
40084,1,1,2000,0,0,0,0,0,0,0,0,0,0
40085,1,1,2000,0,0,0,0,0,0,0,0,0,0
40085,2,1,2000,0,0,0,0,0,0,0,0,0,0
40086,0,1,2000,0,0,0,0,0,0,0,0,0,0
40086,1,1,2000,0,0,0,0,0,0,0,0,17,0
40087,1,1,2000,20,20,20,20,20,20,20,20,20,20
40088,1,1,2000,16,32,21,24,25,20,0,33,9,3
40089,0,1,2000,0,0,10,16,26,25,17,0,0,13
40089,1,1,2000,0,0,0,0,0,0,0,0,3,0
40090,1,1,2000,19,18,0,18,18,14,23,9,13,22
40091,1,1,2000,21,0,0,5,0,16,2,2,0,0
40092,1,1,2000,24,26,23,25,24,29,24,26,34,26
40093,0,1,2000,9,0,0,0,0,15,6,0,34,0
40093,0,2,2000,0,0,0,0,0,32,0,16,0,0
40093,0,3,2000,0,0,0,0,0,30,0,0,0,0
40093,1,1,2000,14,4,26,30,0,27,10,29,2,0
40094,0,1,2000,32,32,32,32,32,32,32,32,32,32
40094,1,1,2000,6,0,19,6,8,9,13,2,3,0
40095,1,1,2000,0,0,0,0,0,0,0,0,0,0
40096,1,1,2000,0,0,19,0,17,0,0,0,13,10
40097,1,1,2000,0,0,10,0,17,0,0,11,0,0
40098,1,1,2000,0,0,0,0,0,0,0,0,0,0
40098,2,1,2000,0,0,0,0,0,0,0,0,0,0
40099,1,1,2000,0,0,0,0,0,0,0,0,0,0
40100,1,1,2000,0,0,0,0,0,0,0,0,0,0
40100,2,1,2000,0,0,0,0,0,0,0,0,0,0
40101,1,1,2000,0,0,0,0,0,0,0,0,0,0
40101,2,1,2000,0,0,0,0,0,0,0,0,0,0
40102,1,1,2000,12,12,12,12,12,12,12,12,12,12
40103,1,1,2000,0,0,0,0,0,0,0,0,0,0
40103,2,1,2000,4,4,4,4,4,4,4,4,4,4
40104,1,1,2000,15,10,12,25,10,15,29,27,16,11
40104,2,1,2000,9,0,0,9,0,0,0,0,0,5
40105,1,1,2000,15,15,15,15,15,15,15,15,15,15
40105,2,1,2000,0,0,0,0,0,0,0,0,0,0
40106,1,1,2000,25,0,0,0,0,0,0,8,0,0
40106,2,1,2000,0,20,9,0,0,0,0,0,0,0
40107,0,1,2000,26,26,26,26,26,26,26,26,26,26
40107,1,1,2000,0,0,0,0,0,0,0,0,0,0
40108,1,1,2000,0,0,12,0,0,0,0,0,0,0
40108,2,1,2000,0,0,0,0,0,0,0,0,0,0
40109,1,1,2000,0,0,0,0,0,0,0,0,0,0
40109,2,1,2000,0,0,0,0,0,0,0,0,0,0
40110,1,1,2000,0,0,0,0,0,0,0,0,12,0
40110,2,1,2000,0,0,0,0,0,0,0,0,0,0
40111,0,1,2000,0,0,0,0,0,0,0,0,0,0
40111,1,1,2000,0,0,0,0,0,8,0,0,0,0
40112,0,1,2000,0,6,2,10,15,12,22,4,0,0
40112,1,1,2000,0,0,0,0,0,0,0,0,0,0
40113,1,1,2000,0,0,20,0,0,0,0,0,0,0
40113,2,1,2000,16,0,0,0,0,0,13,0,0,0
40113,3,1,2000,0,0,0,0,0,0,0,0,0,0
40114,1,1,2000,0,0,0,0,0,0,0,0,0,0
40114,2,1,2000,0,0,0,0,0,0,0,0,0,0
40115,1,1,2000,0,0,0,0,0,0,11,0,0,0
40115,2,1,2000,0,11,0,0,19,16,10,0,9,12
40116,1,1,2000,0,0,0,0,0,0,0,0,0,0
40117,1,1,2000,0,0,0,0,0,0,0,0,0,0
40117,2,1,2000,0,0,0,0,0,0,0,0,0,0
40118,1,1,2000,13,11,26,18,34,21,29,0,12,31
40119,1,1,2000,0,0,20,0,0,0,0,0,0,0
40120,1,1,2000,0,0,0,0,0,0,0,0,0,0
40121,1,1,2000,0,0,0,0,0,0,0,0,0,0
40121,2,1,2000,0,0,0,0,0,0,0,0,0,0
40122,1,1,2000,0,0,0,0,0,0,0,0,0,0
40123,1,1,2000,23,11,13,8,11,22,20,25,6,13
40123,2,1,2000,0,0,0,0,0,0,0,0,0,0
40124,1,1,2000,23,23,23,23,23,23,23,23,23,23
40124,2,1,2000,0,0,0,0,0,0,0,0,0,0
40125,1,1,2000,27,27,27,27,27,27,27,27,27,27
40125,2,1,2000,0,0,0,0,0,0,0,0,0,0
40126,1,1,2000,0,0,17,3,16,0,0,30,14,0
40127,1,1,2000,28,19,9,30,5,13,7,9,17,5
40128,0,1,2000,0,0,0,0,0,0,0,0,0,0
40128,1,1,2000,0,0,0,0,0,0,0,0,0,0
40129,1,1,2000,0,0,0,0,0,0,0,0,0,0
40129,2,1,2000,0,0,0,0,0,0,0,0,0,6
40130,1,1,2000,0,0,0,0,0,0,0,0,0,0
40130,2,1,2000,0,0,0,0,0,0,0,0,0,0
40131,1,1,2000,0,0,0,0,0,0,0,0,0,0
40132,1,1,2000,0,0,0,0,0,0,0,0,0,0
40132,2,1,2000,0,0,0,0,0,2,0,13,0,0
40133,1,1,2000,0,0,0,0,0,0,0,0,0,0
40133,2,1,2000,0,0,0,0,0,0,0,0,0,0
40133,3,1,2000,5,24,0,0,0,0,0,0,8,0
40134,1,1,2000,0,0,11,0,0,0,0,0,0,0
40134,2,1,2000,0,0,0,0,0,0,0,0,0,0
40134,3,1,2000,0,9,0,10,0,0,16,0,0,9
40135,0,1,2000,0,12,0,0,20,0,24,0,0,0
40135,1,1,2000,0,0,0,0,0,0,0,0,0,0
40136,1,1,2000,26,0,0,16,25,14,18,21,15,17
40136,2,1,2000,12,2,0,25,10,4,6,10,12,14
40137,1,1,2000,0,0,0,0,0,0,0,0,0,0
40138,1,1,2000,0,0,0,0,0,0,0,0,0,0
40139,1,1,2000,0,0,0,0,0,0,0,0,0,0
40140,1,1,2000,0,0,0,0,0,0,0,0,0,0
40140,2,1,2000,0,0,0,0,0,20,0,0,0,0
40140,3,1,2000,0,0,0,0,0,0,0,0,0,0
40141,0,1,2000,31,31,31,31,31,31,31,31,31,31
40141,1,1,2000,0,0,0,0,0,0,0,0,0,0
40142,0,1,2000,0,0,0,0,0,0,0,0,0,0
40142,1,1,2000,0,0,0,0,0,0,0,0,0,0
40143,1,1,2000,17,5,21,0,12,25,5,0,12,24
40143,2,1,2000,2,2,2,2,2,2,2,2,2,2
40144,1,1,2000,25,25,25,25,25,25,25,25,25,25
40144,2,1,2000,0,0,0,0,0,0,0,0,0,0
40145,1,1,2000,0,0,0,0,0,0,0,0,0,0
40145,2,1,2000,0,0,0,0,0,0,11,0,0,0
40145,3,1,2000,0,0,0,0,0,0,0,0,0,0
40146,1,1,2000,28,9,0,0,0,0,6,18,19,19
40146,2,1,2000,0,0,0,0,0,0,0,0,0,0
40147,1,1,2000,0,0,0,0,0,0,0,0,0,0
40147,2,1,2000,0,0,0,0,0,0,0,0,0,5
40148,1,1,2000,0,0,0,0,0,0,0,0,0,0
40149,1,1,2000,16,0,22,8,17,0,19,9,13,0
40150,1,1,2000,0,0,0,0,0,0,0,0,0,0
40150,2,1,2000,0,0,0,0,0,0,0,0,0,0
40151,0,1,2000,12,12,12,12,12,12,12,12,12,12
40151,1,1,2000,0,0,0,0,0,0,0,0,0,0
40152,1,2,2000,20,35,32,0,0,6,0,28,0,14
40153,1,1,2000,0,0,0,0,0,0,11,0,0,0
40153,2,1,2000,0,0,0,0,0,0,0,0,0,0
40154,1,1,2000,13,14,13,10,17,0,17,8,26,17
40155,0,1,2000,26,26,26,26,26,26,26,26,26,26
40155,1,1,2000,0,0,0,0,0,0,0,0,0,0
40156,0,1,2000,26,26,26,26,26,26,26,26,26,26
40156,1,1,2000,0,0,0,0,0,30,0,0,9,21
40157,1,1,2000,0,0,0,0,0,0,0,0,0,0
40157,2,1,2000,11,11,11,11,11,11,11,11,11,11
40158,0,1,2000,30,30,30,30,30,30,30,30,30,30
40158,1,1,2000,0,0,0,0,0,0,0,0,0,0
40159,1,1,2000,0,0,0,0,7,0,0,8,0,6
40159,2,1,2000,0,0,0,0,0,7,0,0,0,0
40160,1,1,2000,0,0,0,0,0,0,0,0,0,0
40160,2,1,2000,0,0,0,0,0,0,0,0,0,0
40161,1,1,2000,0,0,0,0,0,0,0,0,0,0
40161,2,1,2000,0,0,0,0,0,0,0,0,0,0
40162,0,1,2000,26,26,26,26,26,26,26,26,26,26
40162,1,1,2000,0,0,0,0,0,0,0,0,0,0
40163,1,1,2000,0,0,0,0,0,0,0,0,0,0
40163,2,1,2000,0,0,0,0,0,0,0,0,0,0
40164,1,1,2000,0,0,0,0,0,0,0,0,0,0
40164,2,1,2000,0,0,0,0,0,0,0,0,0,0
40165,1,1,2000,0,0,0,0,0,0,0,0,0,0
40165,2,1,2000,19,0,0,0,0,0,0,0,0,0
40166,1,1,2000,28,28,28,28,28,28,28,28,28,28
40166,2,1,2000,0,0,0,0,0,0,0,0,0,0
40167,1,1,2000,0,0,0,16,35,11,0,21,0,0
40167,2,1,2000,0,0,0,0,6,0,0,0,0,0
40168,1,1,2000,0,28,18,0,0,0,25,0,0,0
40169,1,1,2000,0,0,0,0,0,0,0,0,0,0
40169,2,1,2000,0,0,0,0,0,0,0,0,0,0
40169,3,1,2000,0,0,0,0,0,0,0,0,0,0
40170,1,1,2000,0,0,0,0,0,0,0,0,0,0
40170,2,1,2000,0,0,0,0,0,0,0,0,0,0
40171,1,1,2000,18,0,21,11,7,0,25,29,7,21
40171,2,1,2000,0,0,0,0,0,0,0,0,0,0
40171,3,1,2000,2,0,6,0,0,10,0,4,0,0
40172,0,1,2000,0,0,0,0,0,0,0,0,0,0
40172,1,1,2000,0,0,0,0,0,0,0,0,0,0
40173,1,1,2000,16,8,15,7,26,12,22,26,13,22
40173,2,1,2000,0,0,0,22,17,0,21,21,12,21
40173,3,1,2000,0,0,0,0,0,0,0,0,0,0
40174,1,1,2000,36,8,17,16,15,29,18,0,11,10
40175,0,1,2000,24,0,33,31,15,14,21,36,19,13
40175,1,1,2000,0,0,0,8,0,0,0,0,0,12
40176,0,1,2000,0,0,0,0,0,0,0,0,0,0
40176,1,1,2000,0,0,0,0,0,0,0,0,0,0
40177,1,1,2000,17,0,23,0,15,23,22,0,26,18
40177,2,1,2000,0,0,0,0,0,0,0,0,0,0