ST_CASE,VEH_NO,PER_NO,YEAR,P1,P2,P3,P4,P5,P6,P7,P8,P9,P10
40731,3,1,2000,0,0,0,0,0,0,0,0,0,0
40732,1,1,2000,24,24,24,24,24,24,24,24,24,24
40733,1,1,2000,26,14,12,19,17,11,28,10,6,12
40734,1,1,2000,0,0,0,0,0,0,0,0,0,0
40734,2,1,2000,15,21,15,22,14,27,19,16,34,18
40735,0,1,2000,21,13,0,0,5,0,0,0,0,0
40735,1,1,2000,0,0,0,0,0,0,0,0,0,0
40736,1,1,2000,0,0,0,0,17,0,9,0,0,0
40737,1,1,2000,0,0,0,0,0,0,0,0,0,0
40737,2,1,2000,0,0,0,0,0,0,0,0,0,10
40738,1,1,2000,19,19,19,19,19,19,19,19,19,19
40739,1,1,2000,3,3,3,3,3,3,3,3,3,3
40740,1,1,2000,0,0,28,0,0,0,25,0,0,0
40740,2,1,2000,14,12,9,19,0,16,17,18,24,14
40741,1,1,2000,0,0,0,0,0,0,0,0,0,0
40741,2,1,2000,0,0,0,0,0,0,0,0,0,0
40742,0,1,2000,0,0,0,0,0,0,0,0,0,0
40742,1,1,2000,0,0,0,0,0,0,0,0,0,0
40743,1,1,2000,25,25,25,25,25,25,25,25,25,25
40744,1,1,2000,11,0,10,0,0,0,0,0,0,12
40744,2,1,2000,0,0,0,0,0,0,0,0,0,0
40744,3,1,2000,0,0,0,0,0,0,0,0,0,0
40745,1,1,2000,0,11,15,0,0,0,27,0,0,0
40745,2,1,2000,0,0,8,17,11,23,23,0,27,0
40746,1,1,2000,0,0,0,0,0,0,0,0,0,0
40746,2,1,2000,0,0,0,0,0,0,0,0,0,0
40747,1,1,2000,0,0,0,0,0,0,0,0,0,0
40747,2,1,2000,0,0,0,0,0,0,0,0,0,0
40748,1,1,2000,0,0,0,0,0,0,0,0,0,0
40748,2,1,2000,0,0,0,0,0,0,0,0,0,0
40749,1,1,2000,0,0,0,0,0,0,0,0,0,0
40749,2,1,2000,18,18,18,18,18,18,18,18,18,18
40749,3,1,2000,0,0,0,0,0,0,0,0,0,0
40750,1,1,2000,23,7,20,17,10,8,0,2,0,5
40751,1,1,2000,25,25,25,25,25,25,25,25,25,25
40752,1,1,2000,18,18,18,18,18,18,18,18,18,18
40753,2,1,2000,22,9,13,0,11,16,0,14,9,18
40754,1,1,2000,10,10,10,10,10,10,10,10,10,10
40756,0,1,2000,0,3,23,0,0,0,0,0,15,11
40756,1,1,2000,0,14,13,16,0,8,0,0,6,0
40757,0,1,2000,2,2,2,2,2,2,2,2,2,2
40757,1,1,2000,0,0,0,0,0,0,0,0,0,0
40758,1,1,2000,0,0,0,0,0,0,0,0,0,0
40759,1,1,2000,0,0,0,0,0,0,0,0,0,0
40759,2,1,2000,0,0,0,0,0,0,0,0,0,0
40760,1,1,2000,0,0,0,0,0,0,0,0,0,4
40761,0,1,2000,0,0,0,0,0,0,0,0,0,0
40761,1,1,2000,11,7,0,12,0,0,10,0,0,0
40762,0,1,2000,0,16,0,0,12,0,0,0,0,0
40762,2,1,2000,0,0,0,0,0,0,0,0,0,0
40762,3,1,2000,0,0,0,0,0,0,0,0,0,7
40763,1,1,2000,0,0,0,0,0,0,0,0,0,0
40763,2,1,2000,0,0,0,0,0,0,0,0,0,0
40764,1,1,2000,14,14,14,14,14,14,14,14,14,14
40764,2,1,2000,9,9,9,9,9,9,9,9,9,9
40765,1,1,2000,0,0,6,0,0,0,0,0,15,0
40766,1,1,2000,0,0,0,0,0,0,0,0,0,0
40766,2,1,2000,0,0,0,0,0,0,0,0,0,0
40766,3,1,2000,9,17,21,31,20,9,17,8,11,27
40767,1,1,2000,1,1,1,1,1,1,1,1,1,1
40768,1,1,2000,0,0,0,0,0,0,0,0,0,0
40768,2,1,2000,0,0,0,0,0,0,0,0,0,0
40769,1,1,2000,0,0,0,0,0,0,0,0,0,0
40769,2,1,2000,23,26,7,13,8,4,16,18,18,14
40769,3,1,2000,0,0,0,0,0,0,29,0,0,0
40770,1,1,2000,0,0,0,0,0,0,0,0,21,0
40771,1,1,2000,0,0,0,0,0,0,0,0,0,8
40772,1,1,2000,0,0,0,0,0,0,0,0,0,0
40772,2,1,2000,0,0,0,0,0,0,0,0,0,0
40773,1,1,2000,0,0,0,0,0,0,0,0,0,0
40773,2,1,2000,0,0,0,0,0,0,0,0,0,0
40774,1,1,2000,0,0,8,0,0,0,0,0,0,16
40775,1,1,2000,0,0,0,0,0,0,0,0,0,0
40775,2,1,2000,0,0,0,0,0,0,0,0,0,0
40775,3,1,2000,0,0,0,13,0,0,0,0,0,0
40776,1,1,2000,0,0,0,0,21,0,0,0,15,0
40777,0,1,2000,7,9,21,0,14,20,37,30,13,8
40777,1,1,2000,0,0,0,5,0,0,0,0,0,0
40778,1,1,2000,11,16,14,28,19,22,25,10,21,20
40779,1,1,2000,0,0,0,0,0,0,0,0,0,0
40780,1,1,2000,0,0,0,23,0,25,0,0,4,7
40780,2,1,2000,0,0,0,0,0,0,0,0,0,0
40781,1,1,2000,0,0,0,0,0,0,0,0,0,0
40781,2,1,2000,0,0,0,0,0,0,0,0,0,0
40782,0,1,2000,0,0,0,0,0,0,0,0,0,0
40782,1,1,2000,0,0,0,0,0,0,0,0,0,0
40783,0,1,2000,32,32,32,32,32,32,32,32,32,32
40783,1,1,2000,0,0,0,0,0,0,0,0,0,0
40784,1,1,2000,0,0,0,0,0,0,0,0,0,0
40784,2,1,2000,0,0,0,0,0,0,0,0,0,0
40785,1,1,2000,22,6,15,23,38,14,15,18,16,11
40785,2,1,2000,0,0,0,0,0,0,0,0,7,0
40786,0,1,2000,24,31,27,13,26,25,29,19,13,21
40786,1,1,2000,27,14,29,12,7,10,9,16,14,24
40786,2,1,2000,0,0,0,0,0,0,0,0,0,0
40787,0,1,2000,11,0,20,24,33,0,17,24,0,0
40787,1,1,2000,0,0,0,0,0,0,0,0,0,0
40788,0,1,2000,0,0,0,12,0,32,0,0,0,0
40788,1,1,2000,0,0,0,0,0,0,0,0,0,0
40789,1,1,2000,0,0,0,0,0,0,0,0,0,0
40789,2,1,2000,0,0,0,0,0,0,0,0,0,0
40789,3,1,2000,0,0,0,0,0,0,0,0,0,0
40790,1,1,2000,0,0,0,0,0,0,0,0,0,0
40790,2,1,2000,6,4,15,0,0,17,0,0,0,30
40791,0,1,2000,0,0,0,0,0,0,0,0,0,0
40791,1,1,2000,0,0,0,0,0,0,0,0,0,0
40792,1,1,2000,11,14,23,25,13,0,10,12,13,6
40792,2,1,2000,0,0,0,0,0,0,0,0,0,0
40793,1,1,2000,16,16,16,16,16,16,16,16,16,16
40794,1,1,2000,0,15,0,0,0,0,0,0,0,0
40794,2,1,2000,0,0,0,0,0,0,0,0,0,0
40795,1,1,2000,23,23,23,23,23,23,23,23,23,23
40795,2,1,2000,0,0,0,0,0,0,0,0,0,0
40796,1,1,2000,20,16,16,17,8,20,22,0,26,19
40797,1,1,2000,0,0,0,0,0,0,0,0,0,0
40797,2,1,2000,0,0,0,0,0,0,0,0,0,0
40798,0,1,2000,1,1,1,1,1,1,1,1,1,1
40798,1,1,2000,0,0,0,0,0,0,0,0,0,0
40799,1,1,2000,28,28,28,28,28,28,28,28,28,28
40800,1,1,2000,13,17,14,20,4,25,14,16,29,15
40801,1,1,2000,0,0,0,0,0,0,0,0,0,0
40802,1,1,2000,19,25,31,28,9,27,17,22,0,0
40803,0,1,2000,0,0,0,0,0,0,0,0,0,0
40803,1,1,2000,0,0,0,0,0,0,0,0,0,0
40804,1,1,2000,0,0,0,0,0,0,0,0,0,0
40805,1,1,2000,26,19,14,31,16,23,19,27,24,14
40806,0,1,2000,0,0,0,0,0,0,0,0,0,0
40806,1,1,2000,0,0,0,0,0,0,0,0,0,0
40807,1,1,2000,13,12,19,0,0,7,8,12,0,17
40808,1,1,2000,0,0,0,0,0,0,0,0,0,0
40809,1,1,2000,0,0,0,0,0,0,0,0,0,0
40809,2,1,2000,0,31,0,0,0,0,0,0,0,0
40810,0,1,2000,0,0,0,0,0,0,0,0,0,0
40810,1,1,2000,0,0,0,0,0,0,0,0,0,0
40811,1,1,2000,0,0,0,0,0,0,0,0,0,0
40811,2,1,2000,0,8,0,0,0,0,0,0,0,0
40812,0,1,2000,0,0,0,0,13,0,2,0,0,0
40812,0,2,2000,0,0,0,0,0,0,0,0,0,0
40812,0,3,2000,0,0,0,0,8,0,0,0,0,0
40812,1,1,2000,0,0,0,0,0,0,0,0,0,0
40813,1,1,2000,0,18,0,0,0,0,13,0,0,0
40813,2,1,2000,0,0,0,0,0,0,0,0,0,0
40814,1,1,2000,0,0,0,0,0,0,0,0,0,0
40815,0,1,2000,22,22,22,22,22,22,22,22,22,22
40815,1,1,2000,0,0,0,0,0,0,0,0,0,0
40816,1,1,2000,0,0,0,17,0,0,0,0,0,0
40817,1,1,2000,0,0,0,0,0,0,0,0,0,0
40817,2,1,2000,0,0,9,0,0,0,0,0,0,0
40817,3,1,2000,0,0,0,0,0,0,0,0,0,0
40817,4,1,2000,0,0,0,0,0,0,0,3,0,0
40817,5,1,2000,0,0,0,0,0,0,0,0,0,0
40818,1,1,2000,0,0,19,0,11,0,0,9,0,0
40818,2,1,2000,0,0,0,0,12,0,0,0,0,0
40818,3,1,2000,0,0,0,0,0,0,0,0,0,0
40819,0,1,2000,12,12,12,12,12,12,12,12,12,12
40819,1,1,2000,0,0,0,0,0,0,0,0,0,0
40820,1,1,2000,2,2,2,2,2,2,2,2,2,2
40821,0,1,2000,22,22,22,22,22,22,22,22,22,22
40821,1,1,2000,22,0,14,11,0,0,0,0,0,9
40822,1,1,2000,0,0,0,0,0,0,0,0,0,0
40822,2,1,2000,0,0,0,0,0,0,0,0,0,0
40822,3,1,2000,0,0,0,0,0,0,23,0,0,0
40822,4,1,2000,0,0,0,0,0,0,0,0,0,0
40822,5,1,2000,0,0,0,0,0,0,0,0,0,0
40823,1,1,2000,23,23,23,23,23,23,23,23,23,23
40823,2,1,2000,0,0,0,0,0,0,0,0,0,0
40824,1,1,2000,29,8,27,25,8,41,24,24,17,0
40825,0,1,2000,0,0,0,0,0,0,0,0,0,0
40825,0,2,2000,15,0,20,16,31,0,25,0,5,9
40825,0,3,2000,0,29,25,0,0,0,0,0,0,15
40825,0,4,2000,0,0,8,0,32,0,0,0,10,0
40825,2,1,2000,0,0,0,0,0,0,0,0,0,0
40825,3,1,2000,0,0,15,0,0,0,0,0,0,0
40825,4,1,2000,0,0,0,0,0,0,9,0,0,0
40826,1,1,2000,0,0,0,0,0,0,0,0,0,0
40826,2,1,2000,0,0,0,0,0,0,0,0,0,0
40827,0,1,2000,0,0,0,0,0,0,0,0,0,0
40827,1,1,2000,0,0,0,0,0,0,10,0,0,7
40827,2,1,2000,0,0,0,0,25,12,10,0,0,13
40828,1,1,2000,0,0,0,0,0,0,0,0,0,0
40829,1,1,2000,0,0,0,0,0,0,0,0,0,0
40829,2,2,2000,11,9,12,0,22,14,8,4,8,0
40830,1,1,2000,5,0,7,0,13,0,0,14,0,13
40831,0,1,2000,27,27,27,27,27,27,27,27,27,27
40831,1,1,2000,26,0,5,0,15,9,23,17,0,24
40832,0,1,2000,0,0,0,0,0,0,0,0,0,0
40832,1,1,2000,0,0,0,0,0,0,0,0,0,0
40833,1,1,2000,0,0,0,0,0,0,0,0,0,0
40833,2,1,2000,0,0,0,0,0,0,0,0,0,0
40834,1,2,2000,27,23,0,0,0,0,0,0,0,2
40835,1,1,2000,0,0,0,0,0,0,0,0,0,0
40836,1,1,2000,26,20,8,17,11,24,10,16,34,12
40837,1,1,2000,0,0,0,0,0,0,0,0,0,0
40837,2,1,2000,20,21,31,15,20,11,0,16,15,12
40838,0,1,2000,25,25,25,25,25,25,25,25,25,25
40838,1,1,2000,0,0,0,0,0,36,0,0,0,0
40839,1,1,2000,0,0,0,0,0,0,0,0,0,0
40839,2,1,2000,0,0,0,15,0,24,17,13,0,0
40840,0,1,2000,12,12,12,12,12,12,12,12,12,12
40840,1,1,2000,0,0,0,0,0,0,0,0,0,0
40842,1,1,2000,0,0,0,0,0,0,0,0,0,0
40843,1,1,2000,19,19,19,19,19,19,19,19,19,19
40843,2,1,2000,13,13,13,13,13,13,13,13,13,13
40844,0,1,2000,0,0,0,0,0,0,0,0,0,0
40844,1,1,2000,0,0,0,0,0,0,0,0,0,0
40845,0,1,2000,0,0,0,0,0,0,0,0,0,0
40845,1,1,2000,0,0,0,0,0,0,0,0,0,0
40846,1,1,2000,0,0,0,0,0,0,0,0,0,0
40846,2,1,2000,0,0,0,0,10,0,0,0,0,0
40848,0,1,2000,0,0,0,0,0,0,0,0,0,0
40848,1,1,2000,6,0,0,0,9,11,0,15,21,0
40849,1,1,2000,0,0,20,17,0,0,0,0,9,0
40849,2,1,2000,0,17,0,0,0,12,0,0,0,21
40850,0,1,2000,0,0,0,0,0,0,0,0,0,0
40850,1,1,2000,0,0,0,0,0,0,0,0,0,0
40851,1,1,2000,0,15,0,0,0,0,0,11,0,0
40851,2,1,2000,0,0,0,0,0,0,0,0,0,0
40852,0,1,2000,0,0,0,0,0,0,0,0,0,0
40852,1,1,2000,9,0,0,12,0,0,0,12,15,0
40853,0,1,2000,0,0,0,0,0,0,0,0,0,0
40853,1,1,2000,12,16,15,9,0,0,0,24,0,16
40854,0,1,2000,38,38,38,38,38,38,38,38,38,38
40854,1,1,2000,0,0,0,0,0,0,0,0,0,0
40855,1,1,2000,0,0,0,0,0,20,0,0,0,0
40855,2,1,2000,0,0,0,0,0,0,0,0,0,0
40856,1,1,2000,23,0,23,0,0,2,0,0,14,17
40857,1,2,2000,9,11,11,14,24,28,17,0,16,7
40858,1,1,2000,31,0,11,0,0,14,0,0,0,15
40859,1,1,2000,0,0,0,0,0,0,0,0,0,0
40862,1,1,2000,18,18,18,18,18,18,18,18,18,18
40863,1,1,2000,0,0,0,0,0,0,0,0,0,0
40863,2,1,2000,0,0,0,0,0,0,0,0,0,0
40864,1,1,2000,0,14,21,0,4,7,0,31,18,10
40865,1,1,2000,0,0,0,0,0,0,0,0,0,0
40866,1,1,2000,0,12,0,0,16,0,0,0,13,0
40867,1,1,2000,13,18,0,0,15,30,16,0,20,9
40867,2,1,2000,0,21,0,0,0,19,26,16,0,13
40868,1,1,2000,17,17,17,17,17,17,17,17,17,17
40869,0,1,2000,0,0,0,0,0,0,0,0,0,0
40869,1,1,2000,0,0,0,0,0,0,0,0,0,0
40870,1,1,2000,26,0,0,5,0,0,0,20,23,9
40872,1,1,2000,0,0,0,0,0,0,0,22,0,0
40872,2,1,2000,0,0,0,0,0,0,0,0,0,0
40873,1,1,2000,0,23,0,0,18,0,0,0,0,0
40874,1,2,2000,0,32,0,34,17,16,7,16,18,0
40876,1,1,2000,0,20,25,4,15,29,0,0,22,0
40877,1,1,2000,19,0,5,0,0,0,0,0,0,8
40880,1,2,2000,0,0,0,0,0,0,0,0,0,6
40881,1,1,2000,0,0,0,0,0,0,11,0,0,13
40882,0,1,2000,0,0,0,0,0,0,0,12,11,0
40882,1,1,2000,0,0,0,0,16,0,0,0,0,0
40883,1,1,2000,0,23,40,0,0,0,10,0,12,0
40884,1,1,2000,30,16,14,15,0,24,0,0,0,0
40885,1,1,2000,19,0,0,5,13,0,19,24,13,0
40886,1,1,2000,0,0,0,0,13,0,0,0,0,0
40886,2,1,2000,0,5,0,0,0,0,0,0,10,0
40888,1,1,2000,25,0,0,21,0,0,8,0,0,0
40889,0,1,2000,0,6,0,0,0,0,0,0,0,0
40889,1,1,2000,0,0,0,0,0,0,0,0,0,0
40890,0,1,2000,0,0,0,0,0,10,0,0,0,0
40890,1,1,2000,0,0,0,0,0,0,0,0,0,0
40891,1,1,2000,13,13,13,13,13,13,13,13,13,13
40891,2,1,2000,0,0,0,0,0,0,0,0,0,0
40892,1,1,2000,39,9,24,20,23,0,13,19,14,18
40892,2,1,2000,0,0,0,0,0,0,0,0,0,0
40892,3,1,2000,0,0,0,0,0,0,0,0,0,0
40893,1,1,2000,0,0,0,0,0,0,0,0,0,0
40893,2,1,2000,0,0,0,0,0,0,0,0,0,0
40894,0,1,2000,31,31,31,31,31,31,31,31,31,31
40894,1,1,2000,0,0,0,0,0,0,0,0,0,0
40894,2,1,2000,0,0,0,0,0,0,0,0,14,0
40895,1,1,2000,0,0,0,0,0,0,0,0,0,0
40895,2,1,2000,0,0,0,4,0,0,0,0,0,0
40896,1,1,2000,0,0,0,0,0,0,0,11,0,0
40896,2,1,2000,0,0,0,0,0,0,0,0,0,0
40896,3,1,2000,0,0,0,0,0,0,0,0,0,0
40897,1,1,2000,19,18,21,0,14,10,10,19,6,9
40897,2,1,2000,0,0,0,0,0,0,0,0,0,0
40898,1,1,2000,28,13,29,8,26,16,16,26,27,14
40899,1,2,2000,0,34,13,18,0,13,15,0,18,0
40900,1,1,2000,24,28,15,14,31,19,24,16,4,19
40901,1,1,2000,0,0,8,41,0,0,0,0,0,0
50001,1,1,2000,0,0,0,0,0,0,0,0,0,0
50002,1,1,2000,19,19,19,19,19,19,19,19,19,19
50003,1,1,2000,15,15,15,15,15,15,15,15,15,15
50004,1,1,2000,0,0,0,0,0,0,0,0,0,0
50005,1,1,2000,0,0,0,0,0,0,0,0,0,0
50005,2,1,2000,0,0,0,0,0,0,0,0,0,0
50005,3,1,2000,0,0,0,0,0,0,0,0,0,0
50006,1,1,2000,0,0,0,0,0,0,0,0,0,0
50007,1,1,2000,0,0,0,0,0,17,0,0,0,0
50008,0,1,2000,17,17,17,17,17,17,17,17,17,17
50008,1,1,2000,7,0,0,0,0,0,10,0,4,0
50009,1,1,2000,0,0,0,0,0,0,0,0,0,0
50010,1,1,2000,0,0,0,0,0,0,0,0,0,0
50011,1,1,2000,18,18,18,18,18,18,18,18,18,18
50012,1,1,2000,8,8,8,8,8,8,8,8,8,8
50013,1,1,2000,18,18,18,18,18,18,18,18,18,18
50014,1,1,2000,11,11,11,11,11,11,11,11,11,11
50015,1,1,2000,0,0,0,0,0,0,0,0,0,0
50015,2,1,2000,0,0,0,0,0,0,0,0,0,0
50016,1,1,2000,0,0,0,0,0,0,0,0,0,0
50017,1,1,2000,32,0,0,4,0,0,0,10,8,0
50018,1,1,2000,0,0,0,0,0,0,0,0,0,0
50019,1,1,2000,0,0,0,0,0,0,0,0,0,0
50019,2,1,2000,0,0,0,0,0,0,0,0,0,0
50020,1,1,2000,0,0,0,0,0,0,0,0,0,4
50021,1,1,2000,2,2,2,2,2,2,2,2,2,2
50021,2,1,2000,8,8,8,8,8,8,8,8,8,8
50022,1,1,2000,6,0,0,0,0,0,0,0,0,0
50022,2,1,2000,0,0,0,0,0,0,0,0,0,0
50023,1,1,2000,0,0,7,0,0,0,0,0,0,0
50024,1,1,2000,0,0,0,0,0,0,0,0,0,0
50025,1,1,2000,16,0,0,0,18,0,15,9,0,0
50026,1,1,2000,0,0,0,0,0,0,0,0,0,0
50027,1,1,2000,19,19,19,19,19,19,19,19,19,19
50028,1,1,2000,21,21,21,21,21,21,21,21,21,21
50028,2,1,2000,0,0,0,0,0,0,0,0,0,0
50029,1,1,2000,0,0,0,0,0,0,0,0,0,0
50029,2,1,2000,0,0,0,0,0,0,0,0,0,0
50030,1,1,2000,4,4,4,4,4,4,4,4,4,4
50031,1,1,2000,0,0,0,0,0,0,0,0,0,0
50032,0,1,2000,0,23,15,0,0,0,0,0,5,0
50032,1,1,2000,0,0,0,0,0,0,0,0,0,0
50033,1,1,2000,0,0,0,0,0,0,0,0,0,0
50033,2,1,2000,0,0,0,0,0,0,0,0,0,0
50034,1,1,2000,13,13,13,13,13,13,13,13,13,13
50035,1,1,2000,0,0,0,0,0,0,0,0,0,0
50036,1,1,2000,28,28,28,28,28,28,28,28,28,28
50037,1,1,2000,13,13,13,13,13,13,13,13,13,13
50037,2,1,2000,0,0,0,0,0,0,0,0,0,0
50038,1,1,2000,17,17,17,17,17,17,17,17,17,17
50039,1,1,2000,0,0,0,0,0,0,0,0,0,0
50039,2,1,2000,0,0,0,0,0,0,0,0,0,0
50039,3,1,2000,0,0,0,0,0,0,0,0,0,0
50039,4,1,2000,0,0,0,0,0,0,0,0,0,0
50040,1,1,2000,0,0,0,0,0,0,0,0,0,0
50040,2,1,2000,0,0,0,0,0,0,0,0,0,0
50041,1,1,2000,0,0,0,0,0,0,0,0,0,0
50041,2,1,2000,0,0,0,0,0,0,0,0,0,0
50042,0,1,2000,26,26,26,26,26,26,26,26,26,26
50042,1,1,2000,0,0,0,0,0,0,0,0,0,0
50043,0,1,2000,0,0,0,0,0,0,0,0,0,0
50043,1,1,2000,0,0,0,25,0,0,0,0,0,0
50044,0,1,2000,0,0,0,0,25,0,0,0,21,0
50044,1,1,2000,0,0,0,0,0,0,0,0,0,0
50044,2,1,2000,0,0,0,0,0,0,0,0,0,0
50045,1,1,2000,0,0,0,0,0,0,0,0,22,0
50046,1,1,2000,19,19,19,19,19,19,19,19,19,19
50047,1,1,2000,0,0,0,0,0,0,0,0,0,0
50048,1,1,2000,2,2,2,2,2,2,2,2,2,2
50048,2,1,2000,0,0,0,9,10,0,0,0,0,22
50049,1,1,2000,0,0,0,0,0,0,0,0,0,0
50049,2,1,2000,0,0,0,0,0,0,0,0,0,0
50049,3,1,2000,0,0,0,0,0,0,0,0,0,0
50049,4,1,2000,0,0,0,0,0,0,0,0,0,0
50050,0,1,2000,17,17,17,17,17,17,17,17,17,17
50050,1,1,2000,0,0,0,0,0,0,0,0,0,0
50051,1,1,2000,0,0,0,0,0,0,0,0,0,0
50051,2,1,2000,18,18,18,18,18,18,18,18,18,18
50052,1,1,2000,0,0,0,0,0,0,0,0,0,0
50052,2,1,2000,0,0,0,0,0,0,0,0,0,0
50053,1,1,2000,0,0,0,0,0,0,0,0,0,0
50053,2,1,2000,18,18,18,18,18,18,18,18,18,18
50054,1,1,2000,0,0,0,0,0,0,0,0,0,0
50055,1,1,2000,0,0,0,0,0,0,0,0,0,0
50055,2,1,2000,0,0,0,0,0,0,0,0,0,0
50055,3,1,2000,0,0,0,0,0,0,0,0,0,0
50056,1,1,2000,0,0,0,0,0,0,0,0,0,0
50057,1,1,2000,0,0,0,0,0,0,0,0,0,0
50057,2,1,2000,0,0,0,0,0,0,0,0,0,0
50058,0,1,2000,0,0,0,0,0,0,0,0,21,0
50058,1,1,2000,0,0,0,0,0,0,0,0,0,0
50059,1,1,2000,0,16,0,0,0,0,0,0,0,0
50059,2,1,2000,0,0,0,0,0,0,0,0,0,0
50060,1,1,2000,12,12,12,12,12,12,12,12,12,12
50060,2,1,2000,0,0,0,0,0,0,0,0,0,0
50061,1,1,2000,20,20,20,20,20,20,20,20,20,20
50062,1,1,2000,0,0,0,0,0,0,0,0,0,0
50062,2,1,2000,0,0,0,0,0,0,0,0,0,0
50063,1,1,2000,0,0,0,0,0,0,0,0,0,0
50064,1,1,2000,0,0,0,0,0,0,0,0,0,0
50064,2,1,2000,0,0,0,0,0,0,0,0,0,0
50065,1,1,2000,0,0,0,0,0,0,0,0,0,0
50065,2,1,2000,0,0,0,0,0,0,0,0,0,0
50066,1,1,2000,0,0,0,0,0,0,0,0,0,0
50067,1,1,2000,0,0,0,0,0,0,0,0,0,0
50068,0,1,2000,10,10,10,10,10,10,10,10,10,10
50068,1,1,2000,0,0,0,0,0,0,0,0,0,0
50069,1,1,2000,0,0,0,0,0,0,0,0,0,0
50070,1,1,2000,0,0,0,0,0,0,0,0,0,0
50071,1,1,2000,0,0,0,0,0,0,0,0,0,0
50071,2,1,2000,0,0,0,0,0,0,0,0,0,0
50072,1,1,2000,0,0,0,0,0,0,0,0,0,0
50072,2,1,2000,0,0,0,0,0,0,0,0,0,0
50073,1,1,2000,0,0,0,0,0,0,0,0,0,7
50073,2,1,2000,0,0,0,0,0,0,0,0,0,0
50074,0,1,2000,0,0,0,0,0,0,0,0,0,0
50074,1,1,2000,0,0,0,0,0,0,0,0,0,0
50075,1,1,2000,14,14,14,14,14,14,14,14,14,14
50076,1,1,2000,0,0,13,0,0,0,0,16,0,0
50076,2,1,2000,0,0,0,0,0,0,0,0,0,0
50077,0,1,2000,0,0,0,0,0,0,0,0,0,0
50077,1,1,2000,0,0,0,0,0,0,0,0,0,0
50078,1,1,2000,0,13,0,0,0,0,0,0,0,0
50078,2,1,2000,0,0,0,0,0,0,0,0,0,0
50079,0,1,2000,0,0,0,19,0,0,0,0,0,0
50079,1,1,2000,0,0,0,0,0,0,0,0,0,0
50080,1,1,2000,0,0,0,0,0,0,0,0,0,0
50080,2,1,2000,19,19,19,19,19,19,19,19,19,19
50081,1,1,2000,0,0,0,0,0,0,0,0,0,0
50081,2,1,2000,0,0,0,0,0,0,0,0,0,0
50082,0,1,2000,14,0,0,0,27,14,0,0,44,0
50082,1,1,2000,0,0,0,0,0,0,0,0,0,0
50083,1,1,2000,0,0,0,0,0,0,0,0,0,0
50084,1,1,2000,0,0,0,0,0,0,0,0,0,0
50084,2,1,2000,0,0,0,0,0,0,0,0,0,0
50084,3,1,2000,0,0,0,0,0,0,0,0,0,0
50085,1,1,2000,0,0,0,0,0,0,0,0,0,0
50086,1,1,2000,0,0,0,0,0,0,0,0,0,0
50086,2,1,2000,0,0,0,0,0,0,0,0,0,0
50087,1,1,2000,29,29,29,29,29,29,29,29,29,29
50088,1,1,2000,14,11,19,0,13,0,12,0,0,0
50089,0,1,2000,0,0,11,0,0,0,0,0,0,0
50089,1,1,2000,0,0,0,0,0,0,0,0,0,0
50090,0,1,2000,0,0,0,0,0,0,0,0,0,0
50090,1,1,2000,0,0,0,0,0,0,0,0,0,0
50091,1,1,2000,23,0,13,0,21,0,0,0,0,0
50092,1,1,2000,0,0,0,0,0,0,0,0,0,0
50092,2,1,2000,0,0,0,0,0,0,0,0,0,0
50093,1,1,2000,0,0,0,0,0,0,0,0,0,0
50094,1,1,2000,16,0,0,0,0,0,0,0,0,0
50095,1,1,2000,22,22,22,22,22,22,22,22,22,22
50095,2,1,2000,0,0,0,0,0,0,0,0,0,0
50095,3,1,2000,0,0,0,0,0,0,0,0,0,0
50096,1,1,2000,0,0,0,0,0,0,0,0,0,5
50096,2,1,2000,0,0,0,0,0,0,0,0,0,0
50097,1,1,2000,0,0,0,0,0,0,0,0,0,0
50098,1,1,2000,0,0,0,0,0,0,0,0,0,0
50098,2,1,2000,0,0,0,0,0,0,0,0,0,0
50099,1,1,2000,0,0,0,0,0,0,0,0,0,0
50099,2,1,2000,0,0,0,0,0,0,0,0,0,0
50100,0,1,2000,0,0,0,0,0,0,0,14,0,0
50100,1,1,2000,0,0,0,0,0,0,0,0,0,0
50101,1,1,2000,0,0,0,0,0,0,0,0,0,0
50101,2,1,2000,0,0,0,0,0,0,0,0,0,0
50102,1,1,2000,0,0,0,0,0,0,0,12,5,0
50103,1,1,2000,0,0,0,0,0,0,0,0,0,0
50103,2,1,2000,0,0,0,0,0,0,0,0,0,0
50104,1,1,2000,16,16,16,16,16,16,16,16,16,16
50105,1,1,2000,0,0,0,0,0,0,0,0,0,0
50106,1,1,2000,0,0,0,0,0,0,0,0,0,0
50106,2,1,2000,0,0,0,0,0,0,0,0,0,0
50107,1,1,2000,0,0,0,0,0,0,0,0,0,0
50107,2,1,2000,0,0,0,0,0,0,0,0,0,0
50108,1,1,2000,0,0,0,0,0,0,0,0,0,0
50108,2,1,2000,0,0,0,0,0,0,0,0,0,0
50109,1,1,2000,0,0,0,0,0,0,0,0,0,0
50109,2,2,2000,0,0,0,0,0,0,0,0,0,0
50110,0,1,2000,0,0,0,0,0,0,0,0,0,0
50110,1,1,2000,0,0,0,0,0,0,0,0,0,0
50111,1,1,2000,13,13,13,13,13,13,13,13,13,13
50112,1,1,2000,0,0,0,0,0,0,0,0,0,0
50113,0,1,2000,0,0,0,0,0,0,0,0,0,0
50113,1,1,2000,0,0,0,0,0,0,0,0,0,0
50114,0,1,2000,1,1,1,1,1,1,1,1,1,1
50114,0,2,2000,13,0,16,10,0,26,0,0,0,0
50114,1,1,2000,0,0,0,0,0,0,0,0,0,0
50115,1,1,2000,4,4,4,4,4,4,4,4,4,4
50116,1,1,2000,0,0,0,0,0,0,0,0,0,0
50116,2,1,2000,0,0,0,0,0,0,0,0,0,0
50116,3,1,2000,0,0,0,0,0,0,0,0,0,0
50117,1,1,2000,0,0,0,0,0,0,0,0,0,0
50118,1,1,2000,0,0,0,0,0,0,0,0,0,0
50118,2,1,2000,0,0,0,0,0,0,0,0,0,0