ST_CASE,VEH_NO,PER_NO,YEAR,P1,P2,P3,P4,P5,P6,P7,P8,P9,P10
50432,1,1,2000,0,0,0,0,0,0,0,0,0,0
50432,2,1,2000,0,0,0,0,0,0,0,0,0,0
50433,1,1,2000,0,0,17,0,15,21,0,11,23,10
50434,1,1,2000,0,0,0,0,0,0,0,0,0,0
50434,2,1,2000,3,3,3,3,3,3,3,3,3,3
50435,1,1,2000,0,0,0,0,0,0,0,0,0,0
50436,1,1,2000,0,0,0,0,0,0,0,0,0,0
50436,2,1,2000,5,5,5,5,5,5,5,5,5,5
50437,1,1,2000,0,0,0,0,0,0,0,0,0,0
50438,1,1,2000,0,0,0,0,0,24,0,10,0,0
50439,1,1,2000,0,0,0,0,0,0,0,0,0,0
50440,1,1,2000,0,0,0,0,0,0,0,0,0,0
50441,0,1,2000,14,0,0,17,0,19,0,0,0,11
50441,0,2,2000,0,0,0,0,0,0,0,0,0,0
50441,1,1,2000,0,0,0,0,0,0,0,0,0,0
50441,2,1,2000,0,0,0,0,0,0,0,0,0,0
50442,1,1,2000,24,24,24,24,24,24,24,24,24,24
50443,1,1,2000,0,0,0,0,0,0,0,0,0,0
50444,1,1,2000,0,0,0,0,0,0,0,0,0,0
50445,1,1,2000,24,24,24,24,24,24,24,24,24,24
50446,1,1,2000,0,0,0,0,0,0,0,0,0,0
50446,2,1,2000,0,0,0,0,0,0,0,0,0,0
50447,1,1,2000,0,0,0,0,0,0,0,0,0,0
50447,2,1,2000,0,0,0,0,0,0,0,0,0,0
50449,1,1,2000,0,0,0,0,0,0,0,0,0,0
50449,2,1,2000,0,0,0,0,0,0,0,0,0,0
50450,1,1,2000,13,13,13,13,13,13,13,13,13,13
50451,1,1,2000,14,14,14,14,14,14,14,14,14,14
50452,0,1,2000,25,25,25,25,25,25,25,25,25,25
50452,1,1,2000,0,0,0,0,0,0,0,0,0,0
50453,1,1,2000,0,0,0,0,0,0,0,0,0,0
50454,1,1,2000,0,15,15,9,9,17,5,27,0,15
50455,1,1,2000,0,0,0,0,0,0,0,0,0,0
50456,1,1,2000,0,0,0,0,0,0,0,0,0,0
50457,0,1,2000,0,0,0,3,0,0,0,0,0,0
50457,1,1,2000,0,0,0,0,0,0,0,0,0,0
50458,1,1,2000,4,4,4,4,4,4,4,4,4,4
50458,2,1,2000,0,0,0,0,0,0,0,0,0,0
50459,1,1,2000,22,22,22,22,22,22,22,22,22,22
50460,1,1,2000,0,0,0,0,0,0,0,0,0,0
50460,2,1,2000,0,0,9,0,0,0,0,21,0,0
50461,1,1,2000,0,0,0,0,0,0,0,0,0,0
50461,2,1,2000,0,0,0,0,0,0,0,0,0,0
50461,3,1,2000,0,0,0,0,0,0,0,0,0,0
50462,1,1,2000,0,0,0,0,0,0,0,0,0,0
50463,0,2,2000,0,0,0,21,0,0,8,22,0,8
50463,1,1,2000,21,21,21,21,21,21,21,21,21,21
50464,1,1,2000,0,0,0,0,0,0,0,0,0,0
50464,2,1,2000,0,0,0,0,0,0,0,0,0,13
50465,1,1,2000,5,5,5,5,5,5,5,5,5,5
50466,1,1,2000,14,30,0,20,0,0,0,18,0,0
50467,1,1,2000,6,6,6,6,6,6,6,6,6,6
50468,1,1,2000,0,0,0,0,0,0,0,0,0,0
50469,1,1,2000,22,0,0,0,0,0,0,0,0,6
50470,0,1,2000,0,0,0,26,0,0,0,11,10,0
50470,1,1,2000,0,0,0,0,0,0,0,0,0,0
50471,1,1,2000,0,0,0,0,0,0,0,0,0,0
50472,1,1,2000,0,0,0,0,0,0,0,0,0,21
50473,1,1,2000,0,0,0,0,0,0,0,0,0,0
50473,2,1,2000,0,0,0,0,0,0,0,0,0,0
50474,1,1,2000,0,0,0,0,0,0,0,0,0,0
50475,1,1,2000,0,0,0,7,0,0,15,0,0,0
50476,1,1,2000,4,4,4,4,4,4,4,4,4,4
50477,1,1,2000,0,0,0,13,0,0,0,9,0,11
50478,1,1,2000,0,0,0,0,0,0,0,0,0,0
50478,2,1,2000,0,0,0,0,0,0,0,0,0,0
50479,0,1,2000,16,16,16,16,16,16,16,16,16,16
50479,1,1,2000,0,0,0,0,0,0,0,0,0,0
50480,1,1,2000,0,0,0,0,0,0,0,0,0,0
50481,1,1,2000,0,0,0,0,0,0,0,0,21,0
50482,1,1,2000,18,18,18,18,18,18,18,18,18,18
50483,1,1,2000,0,0,0,0,0,0,0,0,0,0
50483,2,1,2000,0,0,0,0,0,0,0,0,0,0
50484,1,1,2000,0,0,0,0,0,0,0,0,0,0
50485,1,1,2000,0,0,0,0,0,0,0,0,0,0
50486,1,1,2000,0,0,0,0,0,0,0,0,0,17
50487,1,1,2000,19,19,19,19,19,19,19,19,19,19
50488,1,1,2000,0,0,0,0,0,0,0,0,0,0
50489,1,1,2000,0,0,0,0,0,0,0,0,0,0
50489,2,1,2000,0,0,0,0,0,0,0,0,0,0
50490,1,1,2000,0,0,0,0,0,0,0,0,0,0
50490,2,1,2000,0,0,0,0,0,0,0,0,0,0
50491,1,1,2000,0,0,0,0,26,0,21,0,0,0
50492,1,1,2000,0,0,0,0,0,0,0,0,0,0
50493,1,1,2000,0,0,0,0,0,0,0,0,0,0
50493,2,1,2000,0,0,0,0,0,0,0,0,0,0
50494,1,1,2000,25,25,25,25,25,25,25,25,25,25
50494,2,1,2000,21,0,14,22,17,21,21,19,23,9
50495,1,1,2000,19,19,19,19,19,19,19,19,19,19
50496,1,1,2000,8,8,8,8,8,8,8,8,8,8
50497,1,1,2000,27,27,27,27,27,27,27,27,27,27
50498,1,1,2000,6,6,6,6,6,6,6,6,6,6
50499,1,1,2000,0,0,0,0,0,0,0,0,0,0
50499,2,1,2000,22,0,0,16,0,0,11,0,11,0
50500,1,1,2000,8,8,8,8,8,8,8,8,8,8
50501,1,1,2000,0,0,0,0,0,0,0,0,0,0
50501,2,1,2000,0,0,0,0,0,0,0,0,0,0
50502,1,1,2000,0,0,0,0,0,0,0,0,0,0
50502,2,1,2000,0,0,0,0,0,0,0,0,0,0
50503,1,1,2000,0,0,0,0,0,0,0,0,0,0
50504,1,1,2000,0,0,0,0,0,3,0,0,0,0
50504,2,1,2000,0,0,0,0,0,0,0,0,0,0
50504,3,1,2000,0,0,0,0,0,0,0,0,0,0
50505,0,1,2000,0,0,0,0,0,0,0,0,0,0
50505,1,1,2000,0,0,0,0,0,0,0,0,0,0
50506,1,1,2000,0,0,0,0,0,0,0,0,0,0
50506,2,1,2000,0,0,0,0,0,0,0,0,0,0
50507,1,1,2000,10,10,10,10,10,10,10,10,10,10
50508,1,1,2000,0,0,0,0,0,0,0,0,0,0
50508,2,1,2000,0,0,0,0,0,0,0,0,0,0
50508,3,1,2000,0,0,0,0,0,0,4,0,0,0
50509,1,1,2000,19,19,19,19,19,19,19,19,19,19
50510,1,1,2000,16,16,16,16,16,16,16,16,16,16
50511,1,1,2000,0,0,0,0,0,0,0,0,0,0
50511,2,1,2000,0,0,0,0,0,0,0,0,0,0
50512,1,1,2000,0,0,0,0,0,0,0,0,0,0
50512,2,1,2000,0,0,0,0,0,0,0,0,0,0
50513,1,1,2000,0,0,0,0,0,0,0,0,0,0
50513,2,1,2000,0,0,0,0,0,0,0,0,0,0
50514,1,1,2000,19,19,19,19,19,19,19,19,19,19
50515,1,1,2000,26,26,26,26,26,26,26,26,26,26
50516,1,1,2000,0,0,0,16,0,12,0,0,0,0
50517,1,1,2000,0,0,0,0,0,0,0,0,0,0
50517,2,1,2000,0,0,0,0,0,0,0,0,0,0
50518,1,1,2000,19,19,19,19,19,19,19,19,19,19
50519,1,1,2000,0,0,0,0,0,0,0,0,0,0
50520,1,1,2000,0,0,0,0,0,0,0,0,0,0
50521,1,1,2000,0,0,0,0,0,0,0,0,0,0
50522,1,1,2000,16,16,16,16,16,16,16,16,16,16
50523,1,1,2000,0,0,0,0,0,0,0,0,0,0
50524,1,1,2000,0,0,0,0,0,0,0,0,0,0
50525,1,1,2000,0,0,0,0,0,0,0,0,0,0
50525,2,1,2000,17,17,17,17,17,17,17,17,17,17
50525,3,1,2000,0,0,17,0,0,0,0,0,0,0
50526,1,1,2000,0,0,0,0,0,0,0,0,0,0
50526,2,1,2000,0,0,0,0,0,0,0,0,0,0
50527,1,1,2000,0,0,0,0,0,0,0,0,0,0
50528,1,1,2000,0,0,0,0,0,0,0,0,0,0
50528,2,1,2000,0,0,0,13,0,0,0,0,0,0
50529,1,1,2000,1,1,1,1,1,1,1,1,1,1
50530,1,1,2000,0,0,0,0,0,0,0,0,0,18
50530,2,1,2000,0,0,0,0,0,0,0,0,0,0
50531,1,1,2000,0,0,0,0,0,0,0,0,0,0
50531,2,1,2000,0,0,0,0,0,0,0,0,0,0
50532,1,1,2000,0,0,0,0,0,0,0,0,0,0
50533,0,1,2000,0,0,0,0,0,0,0,0,0,0
50533,1,1,2000,0,0,0,0,0,0,0,0,0,0
50534,0,1,2000,0,0,0,0,0,37,0,0,0,0
50534,1,1,2000,0,0,0,0,0,0,0,0,0,0
50535,0,1,2000,29,29,29,29,29,29,29,29,29,29
50535,1,1,2000,0,0,0,0,0,0,0,0,0,0
50536,1,1,2000,0,0,0,0,0,0,0,0,0,0
50536,2,1,2000,0,0,0,0,0,0,0,0,0,0
50537,1,1,2000,0,0,0,0,0,0,0,0,0,0
50538,1,1,2000,0,0,0,0,0,0,0,0,0,0
50538,2,1,2000,0,0,0,0,0,0,0,0,0,0
50539,0,1,2000,0,0,0,0,0,0,0,0,0,0
50539,1,1,2000,0,0,0,0,0,0,0,0,0,0
50540,1,1,2000,0,0,0,0,0,0,0,0,0,0
50540,2,1,2000,0,0,0,0,0,0,0,0,0,0
50541,1,1,2000,0,0,0,0,0,0,0,0,0,0
50542,1,1,2000,0,0,0,0,0,0,0,0,0,0
50542,2,1,2000,0,0,0,0,0,0,0,0,0,0
50543,1,1,2000,0,0,0,0,0,0,0,0,0,0
50543,2,1,2000,0,0,0,0,0,0,0,0,0,16
50544,1,1,2000,0,0,0,0,0,0,0,0,0,0
50545,1,1,2000,13,13,13,13,13,13,13,13,13,13
50546,1,1,2000,0,0,0,0,0,0,0,0,0,0
50547,1,1,2000,0,0,0,0,0,0,0,0,0,0
50547,2,1,2000,0,0,0,0,0,0,0,0,0,0
50548,1,1,2000,0,0,0,0,0,0,0,20,0,0
50548,2,1,2000,0,0,0,0,0,0,0,9,0,0
50549,0,1,2000,0,0,0,0,0,0,0,0,0,0
50549,0,2,2000,0,0,0,0,0,0,0,0,0,0
50549,1,1,2000,0,0,0,0,0,0,0,0,0,0
50550,1,1,2000,0,0,0,0,0,0,0,0,0,0
50551,1,1,2000,19,19,19,19,19,19,19,19,19,19
50552,1,1,2000,0,0,0,0,0,0,0,0,0,0
50552,2,1,2000,0,0,0,0,0,0,0,0,0,0
50553,1,1,2000,0,0,0,0,0,0,0,0,0,0
50553,2,1,2000,0,0,0,0,0,0,0,0,0,0
50554,1,1,2000,0,0,0,0,0,0,0,0,0,0
50554,2,1,2000,0,0,0,0,0,0,0,0,0,0
50554,3,1,2000,0,0,0,0,0,0,0,0,0,0
50555,1,1,2000,0,0,0,0,0,0,0,0,0,0
50555,2,1,2000,0,0,0,0,0,0,0,0,0,0
50555,3,1,2000,0,0,0,0,0,0,0,0,0,0
50555,4,1,2000,0,0,0,0,0,0,0,0,0,0
50555,5,1,2000,0,0,0,0,0,0,0,0,0,0
50556,1,1,2000,12,12,12,12,12,12,12,12,12,12
50557,1,1,2000,0,5,0,0,0,0,0,0,0,0
50558,1,1,2000,0,0,0,0,0,0,0,0,0,0
50559,1,1,2000,0,0,0,0,0,0,0,0,0,0
50560,0,1,2000,3,3,3,3,3,3,3,3,3,3
50560,1,1,2000,0,0,0,0,0,0,0,0,0,0
50561,1,1,2000,0,0,0,0,0,0,0,0,0,0
50562,1,1,2000,1,1,1,1,1,1,1,1,1,1
50563,1,1,2000,7,7,7,7,7,7,7,7,7,7
50563,2,1,2000,0,0,0,17,0,0,29,0,15,0
50564,1,1,2000,0,0,0,0,0,0,0,0,0,0
50564,2,1,2000,0,0,0,0,0,0,0,0,0,0
50564,3,1,2000,0,0,0,0,0,0,0,0,0,0
50565,1,1,2000,0,0,0,0,0,0,0,0,0,0
50566,1,1,2000,0,0,0,20,0,0,0,10,0,0
50567,1,1,2000,25,25,25,25,25,25,25,25,25,25
50568,1,1,2000,0,0,0,0,0,0,0,0,0,0
50569,1,1,2000,21,21,21,21,21,21,21,21,21,21
50570,1,1,2000,0,0,0,0,0,0,0,0,0,0
50571,1,1,2000,13,13,13,13,13,13,13,13,13,13
50572,1,1,2000,0,0,0,0,0,0,0,0,0,0
50572,2,1,2000,0,0,0,0,0,0,0,0,0,0
50573,1,1,2000,0,0,0,0,0,0,0,0,0,0
50573,2,1,2000,0,0,0,0,10,0,0,0,0,0
50574,1,1,2000,0,0,0,0,0,0,0,0,0,0
50574,2,1,2000,0,0,0,0,0,0,0,0,0,0
50575,1,1,2000,0,0,19,0,0,0,0,0,0,12
50576,1,1,2000,16,16,16,16,16,16,16,16,16,16
50576,2,1,2000,1,1,1,1,1,1,1,1,1,1
50577,1,1,2000,9,9,9,9,9,9,9,9,9,9
50578,1,1,2000,0,0,0,0,0,0,0,0,0,0
50578,2,1,2000,0,0,0,0,0,0,0,0,0,0
50578,3,1,2000,0,0,0,0,0,0,0,0,0,0
50579,1,1,2000,0,0,17,0,7,0,0,0,0,0
50580,1,1,2000,0,0,0,0,0,0,0,0,0,0
50580,2,1,2000,9,9,9,9,9,9,9,9,9,9
50581,1,1,2000,13,13,13,13,13,13,13,13,13,13
80001,1,1,2000,0,0,0,0,0,0,0,0,0,0
80001,2,1,2000,0,0,0,0,0,0,0,0,0,0
80002,1,1,2000,0,0,0,0,0,20,0,0,0,0
80003,0,1,2000,0,0,0,0,0,0,0,0,0,0
80003,0,2,2000,0,0,0,3,0,0,0,0,0,0
80003,1,1,2000,14,14,14,14,14,14,14,14,14,14
80004,1,1,2000,0,0,0,0,0,0,0,0,0,0
80004,2,1,2000,0,0,0,0,0,0,0,0,0,0
80005,0,1,2000,0,0,0,0,0,0,0,0,0,0
80005,0,2,2000,0,0,0,0,0,0,0,0,0,0
80005,1,1,2000,0,0,0,0,0,0,0,0,0,0
80006,1,1,2000,22,22,22,22,22,22,22,22,22,22
80007,1,1,2000,0,0,0,0,0,0,0,0,0,0
80008,1,1,2000,0,0,0,0,0,0,0,0,0,0
80008,2,1,2000,0,0,0,0,0,0,0,0,0,0
80009,1,1,2000,0,0,0,0,0,0,0,0,0,0
80009,2,1,2000,0,0,0,0,0,0,0,0,0,0
80010,1,1,2000,0,0,0,0,0,0,0,0,0,0
80010,2,1,2000,0,0,0,0,0,0,0,0,0,0
80010,3,1,2000,0,0,0,0,0,0,0,0,0,0
80011,1,1,2000,0,0,0,0,0,0,0,0,0,0
80011,2,1,2000,0,0,0,0,0,0,0,0,0,0
80012,1,1,2000,0,0,0,0,0,0,0,0,0,0
80013,1,1,2000,11,11,11,11,11,11,11,11,11,11
80013,2,1,2000,0,0,0,0,0,0,0,0,0,0
80014,1,1,2000,0,0,0,0,0,0,0,0,0,0
80015,1,1,2000,26,26,26,26,26,26,26,26,26,26
80015,2,1,2000,0,0,0,4,0,0,0,0,0,0
80015,3,1,2000,0,0,0,0,0,0,0,0,0,0
80015,4,1,2000,0,0,0,0,0,0,2,0,0,0
80016,0,1,2000,24,24,24,24,24,24,24,24,24,24
80016,1,1,2000,0,0,0,0,0,0,0,0,0,0
80017,0,1,2000,26,26,26,26,26,26,26,26,26,26
80017,1,1,2000,0,0,0,0,0,0,0,0,0,0
80018,1,1,2000,0,0,0,0,0,0,0,0,0,0
80019,0,1,2000,29,29,29,29,29,29,29,29,29,29
80019,1,1,2000,0,0,0,0,0,0,0,0,0,0
80020,1,1,2000,0,0,0,0,0,0,0,16,0,0
80020,2,1,2000,0,15,0,0,0,0,0,0,0,15
80020,3,1,2000,0,0,0,0,0,0,0,0,0,0
80021,1,1,2000,0,14,0,0,0,17,0,0,0,0
80021,2,1,2000,0,0,0,0,0,0,0,0,0,0
80022,1,1,2000,14,14,14,14,14,14,14,14,14,14
80023,0,1,2000,0,0,0,0,0,0,0,0,0,0
80023,1,1,2000,0,0,0,0,0,0,0,0,0,0
80024,1,1,2000,0,0,0,0,0,0,0,0,0,0
80024,2,1,2000,0,0,0,0,0,0,0,0,0,0
80025,1,1,2000,0,0,0,0,0,0,0,0,0,0
80026,1,1,2000,0,0,0,0,0,0,0,0,0,0
80026,2,1,2000,0,0,0,0,0,0,0,0,0,0
80027,1,1,2000,0,0,0,0,0,0,0,0,0,0
80027,2,1,2000,0,0,0,0,0,0,0,0,0,0
80028,1,1,2000,15,15,15,15,15,15,15,15,15,15
80029,0,1,2000,0,0,0,0,0,0,0,0,0,0
80029,1,1,2000,0,0,0,0,0,0,0,0,0,0
80030,1,1,2000,0,0,0,0,0,0,0,0,0,0
80030,2,1,2000,0,0,0,0,0,0,0,0,0,0
80031,1,1,2000,0,0,0,0,0,0,0,0,0,0
80032,1,1,2000,0,0,0,0,0,0,0,0,0,0
80033,0,1,2000,16,16,16,16,16,16,16,16,16,16
80033,1,1,2000,0,0,0,0,0,0,0,0,0,0
80034,1,1,2000,15,15,15,15,15,15,15,15,15,15
80035,1,1,2000,0,0,0,0,0,0,0,0,0,0
80036,1,1,2000,0,0,0,0,0,0,0,0,0,0
80036,2,1,2000,0,0,0,0,0,0,0,0,0,0
80036,3,1,2000,0,5,0,0,0,0,18,0,0,0
80037,1,1,2000,10,10,10,10,10,10,10,10,10,10
80038,1,1,2000,0,0,0,0,0,0,0,0,0,0
80038,2,1,2000,0,0,0,0,0,0,0,0,0,0
80039,1,1,2000,0,0,0,0,0,0,0,0,0,0
80039,2,1,2000,0,0,0,0,0,0,0,0,0,0
80040,1,1,2000,13,0,56,21,0,0,0,0,0,11
80040,2,1,2000,0,0,0,0,0,0,0,0,0,0
80041,1,1,2000,0,0,0,0,0,0,0,0,0,0
80041,2,1,2000,0,0,0,0,0,9,0,0,0,0
80042,1,1,2000,0,0,0,0,0,0,0,0,0,0
80042,2,1,2000,0,0,0,0,0,0,0,0,0,0
80043,1,1,2000,0,0,0,0,0,0,0,0,0,0
80043,2,1,2000,0,0,0,0,0,0,0,0,0,0
80044,1,1,2000,0,0,0,0,0,0,0,0,0,0
80044,2,1,2000,0,0,0,0,0,0,0,0,0,0
80045,1,1,2000,13,13,13,13,13,13,13,13,13,13
80046,1,1,2000,4,4,4,4,4,4,4,4,4,4
80047,1,1,2000,0,0,0,0,0,0,0,0,0,0
80048,1,1,2000,5,5,5,5,5,5,5,5,5,5
80049,1,1,2000,0,0,0,0,0,0,0,0,0,0
80050,1,1,2000,0,0,0,0,0,0,0,0,0,0
80050,2,1,2000,0,0,0,0,0,0,0,0,0,0
80051,1,1,2000,13,13,13,13,13,13,13,13,13,13
80052,1,1,2000,18,18,18,18,18,18,18,18,18,18
80053,1,1,2000,0,0,0,0,0,0,0,0,0,0
80053,2,1,2000,0,0,0,0,0,0,0,0,0,0
80054,0,1,2000,0,0,0,0,0,0,0,0,0,0
80054,1,1,2000,0,0,0,0,0,13,0,0,0,0
80055,1,1,2000,28,28,28,28,28,28,28,28,28,28
80056,1,1,2000,0,0,0,0,0,0,0,0,0,0
80057,1,1,2000,2,2,2,2,2,2,2,2,2,2
80058,1,1,2000,18,18,18,18,18,18,18,18,18,18
80059,0,1,2000,0,0,0,0,0,0,0,0,0,0
80059,1,1,2000,0,0,0,0,0,0,0,0,0,0
80060,1,1,2000,0,0,0,0,0,0,0,0,0,0
80060,2,1,2000,0,0,0,0,0,0,0,0,0,0
80061,1,1,2000,0,0,0,0,0,0,0,0,0,0
80061,2,1,2000,0,0,0,0,0,0,0,0,0,0
80062,1,1,2000,0,0,0,0,0,0,0,0,0,0
80063,1,1,2000,0,0,0,0,0,0,0,0,0,0
80064,0,1,2000,0,0,0,0,0,0,0,0,0,0
80064,1,1,2000,4,4,4,4,4,4,4,4,4,4
80065,1,1,2000,29,29,29,29,29,29,29,29,29,29
80066,1,1,2000,39,39,39,39,39,39,39,39,39,39
80067,0,1,2000,0,0,0,0,0,0,0,0,0,0
80067,1,1,2000,0,0,0,0,0,0,0,0,0,0
80068,1,1,2000,0,0,0,0,0,0,0,0,0,0
80069,1,1,2000,0,0,0,0,0,0,0,0,0,0
80069,2,1,2000,0,0,0,0,0,0,0,0,0,0
80069,3,1,2000,0,0,0,0,0,0,0,0,0,0
80070,1,1,2000,0,0,0,0,0,0,0,0,0,0
80070,2,1,2000,0,17,0,0,0,0,0,0,0,0
80071,1,1,2000,0,0,0,0,0,0,0,0,0,0
80072,0,1,2000,22,22,22,22,22,22,22,22,22,22
80072,1,1,2000,0,0,0,0,0,0,0,0,0,0
80073,1,1,2000,0,0,0,0,0,0,0,0,0,0
80073,2,1,2000,0,0,0,0,0,0,0,0,0,0
80074,1,1,2000,0,0,0,0,0,0,0,0,0,0
80075,1,1,2000,0,0,0,0,0,0,0,0,0,0
80076,1,1,2000,0,0,0,0,0,0,0,0,0,0
80076,2,1,2000,0,0,0,0,0,0,0,0,0,0
80077,1,1,2000,0,0,0,0,0,0,0,0,0,0
80078,1,1,2000,0,0,0,0,0,0,0,0,0,0
80079,1,1,2000,0,0,0,0,0,0,0,0,0,0
80080,1,1,2000,0,0,0,0,0,0,0,0,0,0
80080,2,1,2000,0,0,0,0,0,0,0,0,0,0
80081,0,1,2000,0,0,0,0,0,0,0,0,0,0
80081,1,1,2000,4,4,4,4,4,4,4,4,4,4
80082,1,1,2000,0,0,0,0,0,0,0,0,0,0
80082,2,1,2000,0,0,0,0,0,0,0,0,0,0
80083,1,1,2000,0,0,0,0,0,0,0,0,0,0
80084,1,1,2000,0,0,0,0,0,0,0,0,0,0
80084,2,1,2000,0,0,0,0,0,0,0,0,0,0
80085,1,1,2000,0,0,0,0,0,0,0,0,0,0
80085,2,1,2000,0,0,0,0,0,11,0,13,0,0
80086,1,1,2000,0,0,0,0,0,0,0,0,0,0
80087,1,1,2000,0,0,0,0,0,0,0,0,0,0
80088,1,1,2000,26,26,26,26,26,26,26,26,26,26
80088,2,1,2000,0,0,0,0,0,3,0,0,0,0
80088,3,1,2000,0,0,0,0,0,0,0,0,0,0
80089,1,1,2000,0,0,0,0,0,0,0,0,0,0
80090,1,1,2000,0,0,0,0,0,0,0,0,0,0
80090,2,1,2000,0,0,0,0,0,0,0,0,0,0
80091,1,1,2000,0,0,0,0,0,0,0,0,0,0
80092,1,1,2000,19,19,19,19,19,19,19,19,19,19
80093,1,1,2000,0,0,0,0,0,0,0,0,0,0
80093,2,1,2000,0,0,0,0,0,0,0,0,0,0
80093,3,1,2000,0,0,0,0,0,0,0,0,0,0
80093,4,1,2000,0,0,0,0,0,0,0,0,0,0
80093,5,1,2000,0,0,0,0,10,0,0,0,0,0
80094,1,1,2000,0,0,0,0,0,0,0,0,0,0
80094,2,1,2000,0,0,0,0,0,0,0,0,0,14
80095,1,1,2000,0,0,0,0,0,0,0,0,0,0
80095,2,1,2000,0,0,0,0,0,0,0,0,0,0
80096,0,1,2000,0,0,0,0,0,0,0,0,0,0
80096,1,1,2000,0,0,0,0,0,0,0,0,0,0
80097,1,1,2000,0,0,0,0,0,0,0,0,0,0
80098,1,1,2000,0,0,0,0,0,0,0,0,0,0
80099,1,1,2000,23,23,23,23,23,23,23,23,23,23
80100,0,1,2000,19,19,19,19,19,19,19,19,19,19
80100,1,1,2000,0,0,0,0,0,0,0,0,0,0
80101,0,1,2000,0,0,0,0,0,0,0,0,0,0
80101,1,1,2000,0,0,0,0,0,0,0,0,0,0
80102,0,1,2000,0,0,0,0,0,0,0,0,0,0
80102,1,1,2000,0,0,0,0,0,0,0,0,0,0
80103,1,1,2000,19,19,19,19,19,19,19,19,19,19
80104,1,1,2000,0,0,0,0,0,0,0,0,0,0
80105,1,1,2000,0,0,0,0,0,0,0,0,0,0
80106,0,1,2000,30,29,31,10,30,22,29,10,33,27
80106,1,1,2000,0,0,0,0,0,0,0,0,0,0
80107,0,1,2000,0,0,0,0,0,0,0,0,0,0
80107,1,1,2000,0,0,0,0,0,0,0,0,0,0
80107,2,1,2000,0,0,0,0,0,0,0,0,0,0
80108,1,1,2000,0,0,0,0,0,0,0,0,0,0
80108,2,1,2000,0,0,0,0,0,0,0,0,0,0
80108,3,1,2000,0,0,0,0,0,0,0,0,0,23
80109,1,1,2000,25,25,25,25,25,25,25,25,25,25
80110,1,1,2000,0,0,0,0,0,0,0,0,0,0
80110,2,1,2000,0,22,0,0,0,0,0,0,0,0
80111,1,1,2000,26,26,26,26,26,26,26,26,26,26
80111,2,1,2000,0,0,0,0,0,0,0,0,0,0
80111,3,1,2000,0,0,0,0,0,0,0,0,0,0
80111,4,1,2000,0,0,0,0,0,0,0,0,0,0
80111,5,1,2000,0,0,0,0,0,0,0,0,0,0
80112,0,1,2000,0,0,0,0,0,0,0,0,0,0
80112,1,1,2000,0,0,0,0,0,0,0,0,0,0
80113,0,1,2000,0,0,0,0,0,0,0,0,0,0
80113,1,1,2000,0,0,0,0,0,0,0,0,0,0
80114,0,1,2000,24,24,24,24,24,24,24,24,24,24
80114,1,1,2000,0,0,0,0,0,0,0,0,0,0
80115,0,1,2000,0,0,0,0,0,0,0,0,0,0
80115,1,1,2000,0,0,0,0,0,0,0,0,0,0
80116,1,1,2000,33,33,33,33,33,33,33,33,33,33
80117,0,1,2000,0,0,0,0,0,0,0,0,0,0
80117,1,1,2000,0,0,0,0,0,0,0,0,0,0
80118,1,1,2000,0,0,0,0,0,0,0,0,0,0
80118,2,1,2000,0,0,0,0,0,0,0,0,0,0
80118,3,1,2000,0,0,0,0,0,0,0,0,0,0
80119,1,1,2000,0,0,0,0,0,0,0,0,0,0
80119,2,1,2000,0,0,0,0,0,0,0,0,0,0
80120,1,1,2000,4,4,4,4,4,4,4,4,4,4
80120,2,1,2000,0,0,0,0,0,0,0,0,0,0
80121,1,1,2000,0,0,0,0,0,0,0,0,0,0
80121,2,1,2000,0,0,0,0,0,0,0,0,0,0
80121,3,1,2000,0,0,0,0,0,0,10,0,0,0
80122,1,1,2000,35,35,35,35,35,35,35,35,35,35
80123,1,1,2000,0,0,0,0,0,0,0,0,0,0
80124,1,1,2000,0,0,0,0,0,0,0,0,0,0
80124,2,1,2000,0,0,0,0,0,0,0,0,0,0
80125,1,1,2000,0,19,0,0,0,0,0,0,0,0
80125,2,1,2000,0,0,0,0,0,0,0,0,0,0
80126,1,1,2000,0,0,0,0,0,0,0,0,0,0
80127,1,1,2000,0,0,0,0,0,0,0,0,0,0
80128,1,1,2000,0,0,0,0,0,0,0,0,0,0
80128,2,1,2000,0,0,0,0,0,0,0,0,0,0
80129,1,1,2000,0,0,0,0,0,0,0,0,0,0
80130,1,1,2000,12,12,12,12,12,12,12,12,12,12
80130,2,1,2000,0,0,18,0,0,0,0,0,0,0
80131,1,1,2000,10,10,10,10,10,10,10,10,10,10
80131,2,1,2000,7,7,7,7,7,7,7,7,7,7
80132,1,1,2000,0,0,0,0,0,0,0,0,0,0
80133,1,1,2000,21,21,21,21,21,21,21,21,21,21
80133,2,1,2000,0,0,0,0,0,0,0,0,0,0
80134,0,1,2000,0,0,0,0,0,0,0,0,0,0
80134,1,1,2000,0,0,0,0,0,0,0,0,0,0
80135,1,1,2000,27,27,27,27,27,27,27,27,27,27
80135,2,1,2000,0,0,0,0,0,0,0,0,0,0
80136,1,1,2000,0,0,0,0,0,0,0,0,0,0
80137,0,1,2000,0,0,0,0,0,0,0,0,0,0
80137,0,2,2000,0,17,21,0,12,0,23,0,0,7
80137,0,3,2000,7,18,0,14,0,0,22,0,23,0
80137,1,1,2000,0,0,0,0,7,0,0,0,0,0
80138,1,1,2000,0,0,0,0,0,0,0,0,0,0
80139,1,1,2000,0,0,0,0,0,0,0,0,0,0
80140,1,1,2000,0,0,0,0,0,0,0,0,0,0
80140,2,1,2000,0,0,0,0,0,0,0,0,0,0
80141,1,1,2000,0,0,0,0,0,0,0,0,0,0
80141,2,1,2000,0,0,0,0,0,0,0,0,0,0
80142,0,1,2000,31,31,31,31,31,31,31,31,31,31
80142,1,1,2000,0,0,0,0,0,0,0,0,0,0
80143,1,1,2000,10,10,10,10,10,10,10,10,10,10
80144,1,1,2000,0,0,0,0,0,0,0,0,0,0
80145,1,1,2000,23,23,23,23,23,23,23,23,23,23
80146,1,1,2000,0,0,0,0,0,0,0,0,0,0
80146,2,1,2000,0,0,0,0,0,0,0,0,0,0
80146,3,1,2000,0,0,0,0,0,0,0,0,0,0
80147,1,1,2000,24,24,24,24,24,24,24,24,24,24
80148,1,1,2000,0,0,0,0,0,0,0,0,0,0