ST_CASE,VEH_NO,PER_NO,YEAR,P1,P2,P3,P4,P5,P6,P7,P8,P9,P10
90100,0,1,2000,25,25,25,25,25,25,25,25,25,25
90100,1,1,2000,44,26,0,0,0,10,20,0,0,0
90100,2,1,2000,8,0,0,22,0,0,0,11,0,0
90101,1,1,2000,0,0,7,0,0,0,0,0,0,0
90101,2,1,2000,14,14,14,14,14,14,14,14,14,14
90102,1,1,2000,0,0,0,0,0,0,0,0,0,0
90103,1,1,2000,0,0,0,0,0,0,0,0,0,0
90104,1,1,2000,8,8,8,8,8,8,8,8,8,8
90104,2,1,2000,6,0,0,0,0,0,0,0,0,0
90105,1,1,2000,0,0,0,0,13,0,0,0,0,0
90106,1,1,2000,9,0,0,0,0,14,35,27,0,7
90106,2,1,2000,0,0,0,0,0,0,0,23,0,0
90106,3,1,2000,12,12,12,12,12,12,12,12,12,12
90107,1,1,2000,9,9,9,9,9,9,9,9,9,9
90107,2,1,2000,6,15,23,37,19,7,0,20,11,15
90108,1,1,2000,0,0,0,0,0,0,0,0,0,0
90109,1,1,2000,0,0,0,0,0,0,0,0,0,0
90109,2,1,2000,0,0,0,0,0,0,0,0,0,0
90110,1,1,2000,1,1,1,1,1,1,1,1,1,1
90110,2,1,2000,0,0,0,32,0,0,18,0,0,6
90111,1,1,2000,35,0,0,0,0,0,7,0,0,0
90111,2,1,2000,0,0,0,0,0,0,0,0,0,0
90111,3,1,2000,0,0,0,0,15,0,10,0,0,0
90112,1,1,2000,0,0,0,0,0,0,0,0,0,0
90112,2,1,2000,0,0,0,0,0,0,0,0,0,0
90113,0,1,2000,0,0,0,0,0,0,0,0,0,0
90113,1,1,2000,0,0,0,0,0,0,0,0,0,0
90114,1,1,2000,18,18,18,18,18,18,18,18,18,18
90115,0,1,2000,0,0,0,0,0,0,0,0,0,0
90115,1,1,2000,0,0,0,0,0,0,0,0,0,0
90116,1,1,2000,18,18,18,18,18,18,18,18,18,18
90117,1,1,2000,0,12,0,7,19,16,0,0,14,15
90117,2,1,2000,12,0,0,0,0,0,0,0,23,6
90118,0,1,2000,37,37,37,37,37,37,37,37,37,37
90118,1,1,2000,0,0,0,0,0,0,0,0,0,0
90119,1,1,2000,16,16,16,16,16,16,16,16,16,16
90120,1,1,2000,0,0,0,0,0,0,0,0,0,0
90121,1,1,2000,0,0,0,0,0,0,0,0,0,0
90121,2,1,2000,0,0,0,0,0,0,0,0,0,0
90122,1,1,2000,19,19,19,19,19,19,19,19,19,19
90123,1,1,2000,0,0,0,0,0,0,0,0,0,0
90124,1,1,2000,23,23,23,23,23,23,23,23,23,23
90125,1,1,2000,0,0,0,17,0,0,0,0,0,0
90125,2,1,2000,0,0,0,0,0,0,0,0,0,0
90126,1,1,2000,0,0,0,0,0,0,0,0,0,0
90126,2,1,2000,50,2,3,8,0,12,3,0,17,0
90127,1,1,2000,8,8,8,8,8,8,8,8,8,8
90128,1,1,2000,10,10,10,10,10,10,10,10,10,10
90129,1,1,2000,24,24,24,24,24,24,24,24,24,24
90130,1,1,2000,6,6,6,6,6,6,6,6,6,6
90131,1,1,2000,26,30,11,6,6,8,10,0,19,0
90131,2,1,2000,0,0,0,0,0,0,0,0,0,0
90132,1,1,2000,0,0,0,0,0,0,0,0,0,0
90132,2,1,2000,0,0,0,0,0,0,0,0,0,0
90133,1,1,2000,0,10,0,0,18,0,0,21,0,0
90133,2,1,2000,0,0,0,0,0,0,0,0,0,0
90134,0,1,2000,0,0,0,17,0,0,0,0,0,0
90134,1,1,2000,0,0,0,0,0,0,0,0,0,0
90135,1,1,2000,14,14,14,14,14,14,14,14,14,14
90136,0,1,2000,0,0,0,0,0,0,0,0,0,0
90136,1,1,2000,0,0,0,0,0,0,0,0,0,0
90137,1,1,2000,22,7,17,14,30,0,12,0,12,0
90137,2,1,2000,0,0,0,0,0,0,0,0,0,0
90138,1,1,2000,0,0,10,0,0,0,0,0,0,0
90138,2,1,2000,0,0,0,0,0,0,0,0,0,0
90139,1,1,2000,0,0,0,0,0,0,0,0,0,0
90139,2,1,2000,0,0,13,0,28,0,0,22,0,2
90140,1,1,2000,11,0,0,0,0,5,0,0,0,0
90141,1,1,2000,0,0,0,0,0,0,0,0,0,0
90142,1,1,2000,6,6,6,6,6,6,6,6,6,6
90143,1,1,2000,0,0,0,21,0,0,0,11,0,0
90143,2,1,2000,0,0,0,0,0,0,0,0,0,0
90144,1,1,2000,0,0,0,0,0,0,0,0,0,0
90145,1,1,2000,0,0,0,0,0,0,0,0,0,0
90145,2,1,2000,7,0,22,6,9,0,9,17,0,6
90146,1,1,2000,12,12,12,12,12,12,12,12,12,12
90147,1,1,2000,23,23,23,23,23,23,23,23,23,23
90148,0,1,2000,0,0,0,0,0,0,0,0,0,0
90148,1,1,2000,0,0,0,0,0,0,0,0,0,0
90149,1,1,2000,25,25,25,25,25,25,25,25,25,25
90150,0,1,2000,0,0,0,0,0,0,0,0,0,0
90150,1,1,2000,0,0,0,0,0,0,0,0,0,0
90151,1,1,2000,14,14,14,14,14,14,14,14,14,14
90152,1,1,2000,0,0,0,0,0,0,0,0,0,0
90152,2,1,2000,0,0,0,0,0,0,0,0,0,5
90153,0,1,2000,19,19,19,19,19,19,19,19,19,19
90153,1,1,2000,0,0,0,0,0,0,0,0,0,0
90154,1,1,2000,14,0,0,0,0,0,0,0,0,0
90155,1,1,2000,0,0,0,0,0,0,0,0,0,0
90156,1,1,2000,0,0,0,0,0,0,0,0,0,0
90157,1,1,2000,0,0,0,0,0,0,0,0,0,0
90157,2,1,2000,0,0,11,0,0,0,0,0,0,0
90158,1,1,2000,3,3,3,3,3,3,3,3,3,3
90159,1,1,2000,27,27,27,27,27,27,27,27,27,27
90160,1,1,2000,0,0,0,0,0,0,0,0,0,0
90160,2,1,2000,0,0,0,0,0,0,0,0,0,0
90161,1,1,2000,0,0,0,0,0,0,0,0,0,0
90162,1,1,2000,24,24,24,24,24,24,24,24,24,24
90163,1,1,2000,0,0,0,0,0,0,0,0,0,0
90164,1,1,2000,13,27,0,14,0,0,17,0,0,12
90165,1,1,2000,0,0,0,0,0,0,0,0,0,0
90165,2,1,2000,10,10,10,10,10,10,10,10,10,10
90166,0,1,2000,0,0,0,0,0,0,0,0,0,0
90166,1,1,2000,0,0,0,0,0,0,0,0,0,0
90167,0,1,2000,0,17,21,16,0,18,33,28,22,0
90167,1,1,2000,0,0,0,0,0,0,0,0,0,0
90168,1,1,2000,0,0,0,0,0,0,0,0,0,0
90169,1,1,2000,0,0,0,0,0,0,0,0,0,0
90169,2,1,2000,0,0,0,0,0,0,0,0,0,0
90170,1,1,2000,10,10,10,10,10,10,10,10,10,10
90171,1,1,2000,0,0,0,0,0,0,0,0,6,0
90171,2,1,2000,0,0,0,0,0,0,0,0,0,0
90172,1,1,2000,32,32,32,32,32,32,32,32,32,32
90173,1,1,2000,0,0,0,0,0,0,5,0,0,0
90173,2,1,2000,15,15,15,15,15,15,15,15,15,15
90174,1,1,2000,0,0,0,0,0,0,0,0,0,0
90175,1,1,2000,0,0,0,0,0,0,0,0,0,0
90176,1,1,2000,16,16,16,16,16,16,16,16,16,16
90177,1,1,2000,0,0,0,0,0,0,0,0,0,0
90178,1,1,2000,0,0,0,0,0,0,0,0,0,0
90179,0,1,2000,0,0,0,0,0,0,0,0,0,0
90179,1,1,2000,21,0,9,24,23,25,19,6,23,15
90180,0,1,2000,0,0,0,29,0,0,0,0,0,0
90180,1,1,2000,0,0,29,0,17,0,6,0,0,0
90181,1,1,2000,20,20,20,20,20,20,20,20,20,20
90182,1,1,2000,22,22,22,22,22,22,22,22,22,22
90183,1,1,2000,0,0,0,0,0,0,0,0,0,0
90183,2,1,2000,7,13,0,0,16,0,17,0,2,0
90184,1,1,2000,12,0,0,12,0,0,0,0,0,0
90184,2,1,2000,11,0,0,0,0,0,0,0,0,4
90185,1,1,2000,0,0,0,0,0,0,0,0,0,0
90186,1,1,2000,0,0,0,0,0,0,0,0,0,0
90187,1,1,2000,11,22,0,0,0,0,21,0,0,27
90188,0,1,2000,0,0,0,0,0,0,0,0,0,0
90188,0,2,2000,0,0,0,0,0,0,0,0,0,0
90188,1,1,2000,0,0,0,0,0,0,0,0,0,0
90189,0,1,2000,0,0,0,0,0,0,0,0,0,0
90189,1,1,2000,0,0,0,0,0,0,0,0,0,0
90190,1,1,2000,0,0,0,0,0,3,0,0,0,0
90190,2,1,2000,0,0,0,0,0,0,0,0,0,0
90191,1,1,2000,0,0,0,0,0,0,0,0,0,0
90191,2,1,2000,0,0,0,0,0,0,0,0,0,0
90192,1,1,2000,0,0,0,0,0,0,0,0,0,0
90192,2,1,2000,0,0,0,11,0,0,11,0,0,0
90193,1,1,2000,16,16,16,16,16,16,16,16,16,16
90194,0,1,2000,0,0,0,0,0,0,0,0,0,0
90194,1,1,2000,0,0,6,0,0,0,0,0,0,0
90195,1,1,2000,0,0,0,0,0,0,0,0,0,0
90196,0,1,2000,0,0,0,0,0,0,0,0,0,0
90196,1,1,2000,22,0,0,0,0,0,0,0,0,0
90197,1,1,2000,0,0,0,0,0,0,0,0,0,0
90197,2,1,2000,35,35,35,35,35,35,35,35,35,35
90198,1,1,2000,0,0,0,0,0,0,0,0,0,0
90198,2,1,2000,0,0,0,0,0,0,0,0,0,0
90199,1,1,2000,0,0,0,0,0,0,0,0,0,0
90199,2,1,2000,0,0,0,0,0,0,0,0,0,0
90200,1,1,2000,0,0,0,0,0,0,0,0,0,0
90201,0,1,2000,0,0,7,0,19,0,0,0,0,3
90201,1,1,2000,0,0,0,0,0,0,0,17,0,0
90202,1,1,2000,0,0,0,0,0,0,0,0,0,0
90203,1,1,2000,20,20,20,20,20,20,20,20,20,20
90204,1,1,2000,15,0,3,0,0,0,0,0,0,0
90204,2,1,2000,0,18,0,0,0,0,26,0,0,0
90205,1,1,2000,0,0,0,0,0,0,0,0,0,0
90206,1,1,2000,0,0,0,0,3,0,0,0,0,0
90207,0,1,2000,0,0,0,0,0,0,0,0,0,0
90207,1,1,2000,0,0,11,0,0,0,12,0,5,0
90208,0,1,2000,0,0,0,0,0,0,0,0,0,0
90208,1,1,2000,18,18,18,18,18,18,18,18,18,18
90208,2,1,2000,0,0,0,0,0,0,0,0,0,7
90209,1,1,2000,26,26,26,26,26,26,26,26,26,26
90210,1,1,2000,0,0,0,0,0,0,0,0,0,0
90210,2,1,2000,0,0,0,0,0,0,0,0,0,0
90211,1,1,2000,0,0,0,0,0,0,0,0,0,0
90211,2,1,2000,0,0,0,0,0,0,0,0,0,0
90212,1,1,2000,0,0,0,0,0,0,0,0,0,0
90212,2,1,2000,0,0,0,0,0,0,0,0,0,0
90213,1,1,2000,0,0,11,0,25,12,5,5,4,0
90214,1,1,2000,0,0,0,0,0,0,0,0,0,0
90214,2,1,2000,0,0,0,0,0,0,0,0,0,0
90215,1,1,2000,27,27,27,27,27,27,27,27,27,27
90216,1,1,2000,13,30,9,0,11,15,15,42,0,10
90216,2,1,2000,0,0,0,0,0,0,0,0,0,0
90216,3,1,2000,0,0,0,11,0,8,21,26,8,23
90216,4,1,2000,22,0,19,0,0,0,7,24,0,9
90217,1,1,2000,22,0,7,0,12,45,0,0,0,0
90217,2,1,2000,8,8,8,8,8,8,8,8,8,8
90218,1,1,2000,0,0,0,0,0,0,0,0,0,0
90218,2,1,2000,0,0,0,0,0,0,0,0,0,0
90219,1,1,2000,20,20,20,20,20,20,20,20,20,20
90220,1,1,2000,0,0,0,0,0,0,0,0,0,0
90221,1,1,2000,0,0,0,0,0,0,0,0,0,0
90222,0,1,2000,0,0,0,0,0,0,0,0,0,0
90222,1,1,2000,12,12,12,12,12,12,12,12,12,12
90223,1,1,2000,0,0,0,0,0,0,0,0,0,0
90223,2,1,2000,0,0,0,0,0,0,0,0,0,0
90224,1,1,2000,10,7,15,0,0,0,16,0,16,37
90225,1,1,2000,0,0,0,0,0,0,0,0,0,0
90225,2,1,2000,0,0,0,0,0,0,0,0,0,0
90225,3,1,2000,0,0,0,0,0,0,0,0,0,0
90225,4,1,2000,0,0,0,0,0,0,0,0,0,0
90226,1,1,2000,0,0,0,0,0,0,0,0,0,0
90226,2,1,2000,0,0,0,0,0,0,0,0,9,0
90227,1,1,2000,15,15,14,23,17,22,0,13,21,22
90228,1,1,2000,24,24,24,24,24,24,24,24,24,24
90229,1,1,2000,0,0,0,0,0,0,0,0,15,0
90230,1,1,2000,0,0,0,0,0,13,0,0,0,0
90230,2,1,2000,18,18,18,18,18,18,18,18,18,18
90231,0,1,2000,0,0,0,0,0,0,0,0,3,0
90231,0,2,2000,0,0,0,0,0,0,0,0,0,0
90231,0,3,2000,7,0,0,0,0,0,0,0,8,42
90231,0,4,2000,0,0,0,0,0,22,0,0,0,4
90231,0,5,2000,14,0,16,0,0,0,0,0,0,19
90231,1,1,2000,19,19,19,19,19,19,19,19,19,19
90232,1,1,2000,0,0,0,0,0,0,0,0,0,0
90233,0,1,2000,13,13,13,13,13,13,13,13,13,13
90233,0,2,2000,33,0,37,0,0,44,0,8,8,0
90233,1,1,2000,0,0,0,0,0,0,0,0,0,0
90234,1,1,2000,0,0,0,0,0,0,0,0,0,0
90235,1,1,2000,0,0,0,0,0,0,0,0,0,0
90235,2,1,2000,0,0,0,0,0,0,0,0,0,0
90236,1,1,2000,0,0,0,0,0,0,0,0,0,0
90237,1,1,2000,8,8,8,8,8,8,8,8,8,8
90238,1,1,2000,21,21,21,21,21,21,21,21,21,21
90239,2,1,2000,0,0,0,0,5,0,0,16,0,0
90239,3,1,2000,0,0,7,0,0,0,0,0,0,0
90239,4,1,2000,0,0,0,0,0,0,0,0,0,0
90240,1,1,2000,0,0,0,0,0,0,0,0,0,0
90240,2,1,2000,0,0,0,0,0,0,0,0,0,0
90240,3,1,2000,0,0,0,0,0,0,0,0,0,0
90241,1,1,2000,0,0,0,0,0,0,0,0,0,0
90241,2,1,2000,0,0,33,0,0,15,0,0,0,0
90242,1,1,2000,19,19,19,19,19,19,19,19,19,19
90243,1,1,2000,19,11,18,22,20,16,7,19,28,18
90244,1,1,2000,0,0,0,0,0,0,0,0,0,0
90244,2,1,2000,0,0,0,0,0,8,0,0,0,0
90245,1,1,2000,21,21,21,21,21,21,21,21,21,21
90246,1,1,2000,0,0,0,0,0,0,0,0,0,0
90247,1,1,2000,17,17,17,17,17,17,17,17,17,17
90248,1,1,2000,0,0,0,0,0,0,0,0,0,0
90248,2,1,2000,0,0,10,0,0,0,0,0,0,0
90249,1,1,2000,0,0,0,0,0,0,0,0,0,0
90250,1,1,2000,0,0,0,0,0,0,0,0,0,0
90251,1,1,2000,0,0,0,0,0,0,0,0,0,0
90251,2,1,2000,8,8,8,8,8,8,8,8,8,8
90251,3,1,2000,15,0,0,8,0,0,0,0,0,0
90252,1,1,2000,0,0,0,0,16,7,12,0,0,0
90253,1,1,2000,4,4,4,4,4,4,4,4,4,4
90254,1,1,2000,26,26,26,26,26,26,26,26,26,26
90255,1,1,2000,0,0,0,0,0,0,0,0,0,0
90256,1,1,2000,19,19,19,19,19,19,19,19,19,19
90257,0,1,2000,0,0,0,0,0,0,0,0,0,0
90257,1,1,2000,0,0,0,0,0,0,0,0,0,0
90258,1,1,2000,0,0,0,0,0,4,0,7,0,0
90259,1,1,2000,0,0,0,0,0,0,0,0,0,21
90259,2,1,2000,0,0,0,0,0,0,0,0,0,0
90260,1,1,2000,0,0,0,0,0,0,0,0,0,0
90260,2,1,2000,0,0,0,0,0,0,0,0,0,0
90261,1,1,2000,0,0,0,0,0,0,0,0,0,0
90261,2,1,2000,0,0,0,0,0,0,0,0,0,0
90262,1,1,2000,30,30,30,30,30,30,30,30,30,30
90263,1,1,2000,34,34,34,34,34,34,34,34,34,34
90264,1,1,2000,0,0,0,0,0,0,0,0,0,0
90265,1,1,2000,0,0,0,0,0,0,0,0,0,0
90266,0,1,2000,0,0,0,0,0,0,0,0,0,0
90266,1,1,2000,0,0,0,0,0,0,0,0,0,0
90267,1,1,2000,0,0,0,0,0,0,4,0,0,0
90267,2,1,2000,0,0,0,0,0,0,0,0,0,0
90268,1,1,2000,2,10,17,9,11,29,22,13,15,18
90269,1,1,2000,8,8,8,8,8,8,8,8,8,8
90270,0,1,2000,0,0,0,0,12,0,0,0,0,0
90270,1,1,2000,0,0,0,0,0,0,0,0,0,0
90271,1,1,2000,15,0,0,0,0,0,0,0,0,0
90271,2,1,2000,0,0,0,0,0,0,0,0,0,0
90272,1,1,2000,0,0,0,0,0,0,0,0,0,0
90273,1,1,2000,13,11,8,15,36,9,0,20,16,17
90273,2,1,2000,0,0,17,0,0,0,12,0,8,0
90273,3,1,2000,0,0,0,0,0,17,0,0,0,0
90274,1,1,2000,23,23,23,23,23,23,23,23,23,23
90274,2,1,2000,24,35,19,20,0,13,6,0,28,10
90275,0,1,2000,0,0,0,0,0,0,0,0,0,0
90275,1,1,2000,0,0,0,0,0,0,0,0,0,0
90276,0,1,2000,21,14,19,24,24,35,14,61,19,16
90276,1,1,2000,0,0,0,3,0,0,0,0,0,0
90277,1,1,2000,29,29,29,29,29,29,29,29,29,29
90278,1,1,2000,0,0,0,0,0,0,0,0,0,0
90278,2,1,2000,0,0,0,0,0,0,0,0,0,0
90278,3,1,2000,0,0,0,0,0,0,0,0,0,0
90279,0,1,2000,0,0,0,0,0,0,0,0,0,0
90279,1,1,2000,0,0,0,0,0,21,0,0,10,0
90280,1,1,2000,0,0,0,0,12,0,0,15,0,0
90281,1,1,2000,0,0,0,0,0,0,0,0,0,0
90281,2,1,2000,0,0,0,0,0,0,0,0,0,0
90282,1,1,2000,10,10,10,10,10,10,10,10,10,10
90283,1,1,2000,0,0,0,0,2,0,20,21,12,27
90284,0,1,2000,0,0,0,0,0,0,0,0,0,0
90284,1,1,2000,0,0,0,0,0,0,0,0,0,7
90285,1,1,2000,0,0,0,0,5,0,0,6,0,0
90285,2,1,2000,16,26,0,25,0,11,10,0,7,0
90286,0,1,2000,22,22,22,22,22,22,22,22,22,22
90286,1,1,2000,0,0,0,0,0,0,0,0,0,0
90287,1,1,2000,23,23,23,23,23,23,23,23,23,23
90288,1,1,2000,16,16,16,16,16,16,16,16,16,16
90289,1,1,2000,6,6,6,6,6,6,6,6,6,6
90290,1,1,2000,0,0,0,0,0,0,0,0,0,0
90290,2,1,2000,0,0,0,0,0,0,0,0,0,0
90291,0,1,2000,15,15,15,15,15,15,15,15,15,15
90291,1,1,2000,0,0,0,0,0,0,0,0,0,0
90292,0,1,2000,0,0,0,0,0,0,0,0,0,0
90292,1,1,2000,0,0,0,0,0,0,15,12,20,8
90293,1,1,2000,0,0,0,0,0,0,0,0,0,0
90293,2,1,2000,0,0,0,0,0,0,14,0,0,0
90293,3,1,2000,0,0,0,0,0,0,0,0,0,0
90294,1,1,2000,30,30,30,30,30,30,30,30,30,30
90295,0,1,2000,0,0,0,0,32,0,0,0,7,1
90295,1,1,2000,0,0,0,0,0,0,0,0,0,0
90296,1,1,2000,0,0,0,0,0,0,0,0,0,0
90296,2,1,2000,0,0,0,0,0,0,0,0,0,0
90297,1,1,2000,17,17,17,17,17,17,17,17,17,17
90297,2,1,2000,0,0,0,0,0,0,0,0,0,0
90298,0,1,2000,0,14,0,0,0,0,0,0,0,0
90298,1,1,2000,0,0,0,0,0,0,0,0,0,0
90299,1,1,2000,0,0,0,0,0,0,0,0,0,0
90300,1,1,2000,0,0,0,0,0,0,0,0,0,0
90300,2,1,2000,0,0,0,0,0,0,0,0,0,0
90301,0,1,2000,23,23,23,23,23,23,23,23,23,23
90301,1,1,2000,18,0,0,10,0,0,0,0,0,0
90302,0,1,2000,11,11,11,11,11,11,11,11,11,11
90302,1,1,2000,0,0,0,0,0,0,0,0,0,0
90303,0,1,2000,0,0,0,0,0,0,0,0,0,0
90303,1,1,2000,0,0,0,0,0,0,0,0,0,0
90304,1,1,2000,23,23,23,23,23,23,23,23,23,23
90304,2,1,2000,18,18,18,18,18,18,18,18,18,18
90305,1,1,2000,0,0,0,0,0,0,0,0,0,0
90306,1,1,2000,11,11,11,11,11,11,11,11,11,11
90307,1,1,2000,0,0,0,0,0,0,0,0,0,0
90308,1,1,2000,0,0,0,0,0,0,0,0,0,0
90308,2,1,2000,0,0,0,0,0,0,0,0,0,0
90309,1,1,2000,0,0,0,0,0,0,0,0,0,0
90310,1,1,2000,0,0,0,0,0,0,0,0,0,0
90311,0,1,2000,0,0,0,0,0,0,0,0,0,0
90311,1,1,2000,0,0,0,0,0,12,0,0,0,0
90312,1,1,2000,0,0,0,0,0,0,0,0,0,0
90313,1,1,2000,2,2,2,2,2,2,2,2,2,2
90315,1,1,2000,40,40,40,40,40,40,40,40,40,40
90316,0,1,2000,0,0,0,0,0,0,0,0,0,0
90316,1,1,2000,29,0,0,8,0,14,6,0,19,0
90317,0,1,2000,0,0,0,0,0,0,0,0,0,0
90317,1,1,2000,0,0,0,0,0,0,0,13,13,0
90318,1,1,2000,0,0,0,0,0,0,0,0,0,0
90318,2,1,2000,0,0,0,0,0,0,0,0,0,0
100001,1,1,2000,28,28,28,28,28,28,28,28,28,28
100002,1,1,2000,0,0,0,0,0,0,0,0,0,0
100003,1,1,2000,24,24,24,24,24,24,24,24,24,24
100004,1,1,2000,9,9,9,9,9,9,9,9,9,9
100005,1,1,2000,0,0,0,0,0,0,0,0,0,0
100005,2,1,2000,0,0,0,0,0,0,0,0,0,0
100006,0,1,2000,0,0,0,0,0,0,0,0,0,0
100006,1,1,2000,0,0,0,0,0,0,0,0,0,0
100007,1,1,2000,0,0,0,0,0,0,0,0,0,0
100007,2,1,2000,0,0,0,0,0,0,5,0,0,0
100007,3,1,2000,0,0,0,0,0,0,0,0,0,0
100007,4,1,2000,0,0,0,0,0,0,0,0,0,0
100008,1,1,2000,10,10,10,10,10,10,10,10,10,10
100008,2,1,2000,0,0,0,0,0,0,0,0,0,0
100009,1,1,2000,0,0,0,0,0,0,0,0,0,0
100009,2,1,2000,0,0,0,0,0,0,0,0,0,0
100010,1,1,2000,0,0,0,0,0,0,0,0,0,0
100010,2,1,2000,0,0,0,0,0,0,0,0,0,0
100011,1,1,2000,0,0,0,0,0,0,0,0,0,0
100011,2,1,2000,0,0,0,0,0,0,0,0,0,0
100012,1,1,2000,0,0,0,0,0,0,0,0,0,0
100012,2,1,2000,0,0,14,0,19,0,0,0,0,10
100013,0,1,2000,7,34,0,25,0,10,0,0,19,15
100013,1,1,2000,0,0,0,0,0,0,0,0,0,0
100014,1,1,2000,17,17,17,17,17,17,17,17,17,17
100015,1,1,2000,0,0,0,0,0,0,0,0,0,0
100016,1,1,2000,13,13,13,13,13,13,13,13,13,13
100017,1,1,2000,10,10,10,10,10,10,10,10,10,10
100018,0,1,2000,0,0,0,0,0,0,0,0,0,0
100018,1,1,2000,0,0,0,0,0,0,0,0,0,0
100019,0,1,2000,23,23,23,23,23,23,23,23,23,23
100019,1,1,2000,4,4,4,4,4,4,4,4,4,4
100020,1,1,2000,0,0,0,0,0,0,0,0,0,0
100020,2,1,2000,12,12,12,12,12,12,12,12,12,12
100020,3,1,2000,3,0,0,0,0,0,21,0,0,0
100021,1,1,2000,15,15,15,15,15,15,15,15,15,15
100022,1,1,2000,0,0,0,0,0,0,0,0,0,0
100023,1,1,2000,7,7,7,7,7,7,7,7,7,7
100023,2,1,2000,0,0,0,0,0,0,0,0,0,0
100024,1,1,2000,0,0,0,0,0,0,0,0,0,0
100024,2,1,2000,16,16,16,16,16,16,16,16,16,16
100025,1,1,2000,0,0,0,0,0,0,0,0,0,0
100026,0,1,2000,22,22,22,22,22,22,22,22,22,22
100026,1,1,2000,0,0,0,17,0,16,0,0,0,0
100027,1,1,2000,21,21,21,21,21,21,21,21,21,21
100028,1,1,2000,12,12,12,12,12,12,12,12,12,12
100028,2,1,2000,0,0,0,0,0,0,0,0,0,0
100030,1,1,2000,0,0,0,0,0,0,0,0,0,0
100030,2,1,2000,2,2,2,2,2,2,2,2,2,2
100031,1,1,2000,15,15,15,15,15,15,15,15,15,15
100032,1,1,2000,9,21,16,20,11,8,25,18,6,5
100033,1,1,2000,0,0,0,0,0,0,0,0,0,0
100033,2,1,2000,0,0,0,0,0,0,0,0,0,0
100034,1,1,2000,12,12,12,12,12,12,12,12,12,12
100035,1,1,2000,0,0,0,0,0,0,0,0,0,0
100035,2,1,2000,0,0,0,0,0,0,0,0,0,0
100036,1,1,2000,0,0,0,0,0,0,0,0,0,0
100037,1,1,2000,6,6,6,6,6,6,6,6,6,6
100038,1,1,2000,11,11,11,11,11,11,11,11,11,11
100039,1,1,2000,0,0,10,0,0,0,0,0,0,0
100039,2,1,2000,0,0,0,0,0,0,0,0,0,0
100040,1,1,2000,0,0,0,0,0,0,0,0,0,0
100040,2,1,2000,0,13,0,0,10,14,6,27,0,5
100040,3,1,2000,12,12,12,12,12,12,12,12,12,12
100041,1,1,2000,0,0,0,0,0,0,0,0,0,0
100041,2,1,2000,0,0,0,0,0,0,0,0,0,0
100042,1,1,2000,0,0,0,0,0,0,0,0,0,0
100042,2,1,2000,0,0,0,0,0,0,0,0,0,0
100043,0,1,2000,0,0,0,0,0,0,0,0,0,0
100043,1,1,2000,0,0,0,0,0,0,0,0,0,0
100044,0,1,2000,0,0,0,0,0,0,0,0,0,0
100044,1,1,2000,0,0,0,0,0,0,0,0,0,0
100045,1,1,2000,0,0,0,0,0,0,0,0,0,0
100045,2,1,2000,0,0,0,0,0,0,0,0,0,0
100046,1,1,2000,22,22,22,22,22,22,22,22,22,22
100046,2,1,2000,0,15,0,3,0,0,0,0,16,0
100046,3,1,2000,4,4,4,4,4,4,4,4,4,4
100047,1,1,2000,0,0,0,0,0,0,0,0,0,0
100048,1,1,2000,12,12,12,12,12,12,12,12,12,12
100049,1,1,2000,0,0,0,0,0,0,0,17,11,0
100049,2,1,2000,0,0,0,0,0,0,20,0,2,23
100049,3,1,2000,0,0,0,0,0,4,0,11,0,20
100049,4,1,2000,25,0,16,0,35,0,16,0,0,0
100050,1,1,2000,0,0,0,0,0,0,0,0,0,0
100051,1,1,2000,21,21,21,21,21,21,21,21,21,21
100052,1,1,2000,0,0,0,0,0,6,0,0,0,0
100052,2,1,2000,0,0,0,0,0,0,0,0,0,0
100053,1,1,2000,0,0,0,0,0,0,0,0,0,0
100053,2,1,2000,17,17,17,17,17,17,17,17,17,17
100054,0,1,2000,17,17,17,17,17,17,17,17,17,17
100054,1,1,2000,0,0,0,0,0,0,0,0,0,0
100055,1,1,2000,18,18,18,18,18,18,18,18,18,18
100056,0,1,2000,0,0,0,0,0,0,0,0,0,0
100056,1,1,2000,0,6,15,0,21,5,16,15,0,0
100057,1,1,2000,4,4,4,4,4,4,4,4,4,4
100058,1,1,2000,0,0,0,0,0,0,0,0,0,0
100058,2,1,2000,0,0,0,0,0,0,0,0,0,0
100058,3,1,2000,0,0,0,0,0,0,0,0,0,0
100059,1,1,2000,0,0,0,0,0,0,0,0,0,0
100059,2,1,2000,0,0,0,0,0,0,0,15,0,0
100060,1,1,2000,10,10,10,10,10,10,10,10,10,10
100061,1,1,2000,12,12,12,12,12,12,12,12,12,12
100061,2,1,2000,5,5,5,5,5,5,5,5,5,5
100062,1,1,2000,0,0,0,0,0,0,0,0,0,0
100062,2,1,2000,0,0,0,0,0,0,11,0,0,0
100063,1,1,2000,11,11,11,11,11,11,11,11,11,11
100064,1,1,2000,0,0,0,0,0,0,0,0,0,0
100065,0,1,2000,28,28,28,28,28,28,28,28,28,28
100065,1,1,2000,0,0,0,0,0,0,0,0,0,0
100065,2,1,2000,0,0,0,0,0,0,0,0,11,0
100066,1,1,2000,0,0,0,0,0,0,0,0,0,0
100066,2,1,2000,0,0,0,0,0,0,0,0,0,0
100067,1,1,2000,0,0,0,0,0,0,0,0,0,0
100067,2,1,2000,0,0,0,0,0,0,0,0,0,0
100067,3,1,2000,0,0,0,0,0,0,0,0,0,0
100068,1,1,2000,19,19,19,19,19,19,19,19,19,19