ST_CASE,VEH_NO,PER_NO,YEAR,P1,P2,P3,P4,P5,P6,P7,P8,P9,P10
100069,1,1,2000,7,7,7,7,7,7,7,7,7,7
100070,0,1,2000,20,20,20,20,20,20,20,20,20,20
100070,1,1,2000,0,0,0,25,0,0,0,0,0,0
100071,1,1,2000,0,0,0,0,0,0,0,0,0,0
100072,1,1,2000,25,25,25,25,25,25,25,25,25,25
100073,0,1,2000,0,0,0,0,0,0,0,0,0,0
100073,1,1,2000,0,0,0,0,0,0,0,29,0,0
100074,1,1,2000,0,0,0,0,0,0,0,0,0,0
100074,2,1,2000,0,0,0,0,0,0,0,0,0,0
100075,1,1,2000,0,0,0,0,0,0,0,0,0,0
100075,2,1,2000,0,0,0,0,0,0,0,0,0,0
100076,1,1,2000,15,15,15,15,15,15,15,15,15,15
100076,2,1,2000,0,0,0,0,0,0,0,0,0,0
100077,0,1,2000,0,0,0,0,0,0,0,0,0,0
100077,1,1,2000,0,0,0,12,0,0,0,0,0,0
100078,0,1,2000,0,0,0,0,0,0,0,0,0,0
100078,1,1,2000,8,17,8,8,10,8,9,11,34,20
100079,0,1,2000,26,26,26,26,26,26,26,26,26,26
100079,1,1,2000,0,0,0,0,0,0,0,0,0,0
100080,1,1,2000,0,0,0,0,0,0,0,0,0,0
100081,0,1,2000,28,28,28,28,28,28,28,28,28,28
100081,1,1,2000,3,3,3,3,3,3,3,3,3,3
100082,1,1,2000,0,0,0,0,0,0,0,0,0,0
100082,2,1,2000,0,0,0,8,0,0,0,0,0,13
100083,1,1,2000,25,25,25,25,25,25,25,25,25,25
100084,0,1,2000,0,0,0,0,0,0,0,0,0,0
100084,1,1,2000,0,0,0,0,0,0,0,0,0,0
100085,1,1,2000,0,0,0,0,0,0,0,0,0,0
100086,0,1,2000,0,0,0,0,0,0,0,0,0,0
100086,1,1,2000,0,0,0,19,0,0,0,0,0,0
100087,0,1,2000,0,0,0,0,0,0,0,0,0,8
100087,1,1,2000,0,0,0,0,0,0,0,0,0,0
100088,0,1,2000,0,0,0,0,0,0,0,0,0,0
100088,1,1,2000,0,0,0,0,0,0,0,0,0,0
100088,2,1,2000,0,0,0,0,0,0,0,0,0,0
100088,3,1,2000,0,16,0,0,0,0,0,0,0,0
100089,1,1,2000,8,8,8,8,8,8,8,8,8,8
100090,1,1,2000,0,0,0,0,0,0,0,0,0,0
100090,2,1,2000,0,0,0,0,0,0,0,0,0,0
100091,1,1,2000,0,0,0,0,0,0,0,0,0,0
100092,1,1,2000,0,0,0,0,0,0,0,0,0,0
100092,2,1,2000,0,0,0,0,0,0,0,0,0,0
100092,3,1,2000,0,0,0,0,0,0,0,0,0,0
100093,1,1,2000,0,0,0,0,0,0,0,0,0,0
100093,2,1,2000,0,0,0,0,0,0,0,0,0,0
100093,3,1,2000,4,4,4,4,4,4,4,4,4,4
100094,1,1,2000,0,0,0,0,0,0,0,0,0,0
100095,0,1,2000,0,0,0,0,0,0,0,0,0,0
100095,1,1,2000,0,0,0,0,0,0,0,0,0,0
100096,1,1,2000,12,12,12,12,12,12,12,12,12,12
100097,1,1,2000,0,0,0,0,0,0,0,0,0,0
100098,0,1,2000,12,12,12,12,12,12,12,12,12,12
100098,1,1,2000,0,0,0,0,0,0,0,0,0,0
100099,1,1,2000,0,0,0,0,0,0,0,0,0,0
100099,2,1,2000,0,0,0,0,0,0,0,0,0,0
100100,0,1,2000,22,22,22,22,22,22,22,22,22,22
100100,1,1,2000,0,0,0,0,0,0,0,0,0,0
100101,0,1,2000,0,0,0,0,0,0,0,0,0,0
100101,1,1,2000,0,0,0,0,0,0,0,0,0,0
100102,1,1,2000,22,22,22,22,22,22,22,22,22,22
100102,2,1,2000,0,0,0,0,0,0,0,0,0,0
100103,1,1,2000,0,0,0,0,0,0,0,0,0,0
100103,2,1,2000,0,0,0,0,0,0,0,0,0,0
100104,1,1,2000,0,0,0,0,0,0,0,0,0,0
100104,2,1,2000,0,0,0,0,0,0,0,0,0,0
100105,1,1,2000,13,13,13,13,13,13,13,13,13,13
100106,1,1,2000,18,18,18,18,18,18,18,18,18,18
100107,1,1,2000,0,0,0,0,0,0,0,0,0,0
100107,2,1,2000,0,0,0,0,0,0,0,0,0,0
100108,0,1,2000,0,0,0,0,0,0,0,0,0,0
100108,1,1,2000,0,0,0,0,0,0,0,0,0,0
100109,1,1,2000,0,0,0,0,0,0,0,0,0,0
100109,2,1,2000,0,0,0,0,0,0,0,0,0,4
100110,1,1,2000,0,0,0,0,0,0,0,0,0,0
100110,2,1,2000,0,0,0,0,0,0,0,0,0,0
100111,1,1,2000,0,0,0,0,0,0,0,0,0,0
100111,2,1,2000,0,0,0,0,0,0,0,0,0,0
100112,1,1,2000,0,0,0,0,0,0,0,0,0,0
100112,2,1,2000,0,0,0,0,0,0,0,0,0,0
100113,1,1,2000,0,0,0,0,0,0,0,0,0,0
100113,2,1,2000,23,23,23,23,23,23,23,23,23,23
100114,1,1,2000,14,14,14,14,14,14,14,14,14,14
100114,2,1,2000,0,0,0,0,0,0,0,0,0,0
100114,3,1,2000,0,0,0,0,0,0,0,0,0,0
100115,1,1,2000,0,0,0,0,0,0,0,0,0,0
100115,2,1,2000,16,16,16,16,16,16,16,16,16,16
100116,1,1,2000,26,26,26,26,26,26,26,26,26,26
100117,1,1,2000,0,0,0,0,0,13,0,0,0,0
110001,1,1,2000,15,9,8,11,15,11,0,19,9,19
110002,1,1,2000,0,12,0,0,0,24,0,0,0,0
110002,2,1,2000,0,0,0,3,9,0,5,3,16,13
110003,1,1,2000,0,0,0,8,0,0,0,27,0,0
110003,2,1,2000,0,0,0,0,0,0,29,25,30,10
110004,0,1,2000,0,0,0,0,0,0,0,0,0,0
110004,1,1,2000,0,0,0,0,0,0,0,0,0,0
110005,1,1,2000,0,0,0,0,0,0,0,0,0,0
110005,2,1,2000,0,0,0,0,0,6,18,14,2,12
110006,0,1,2000,0,0,0,0,0,0,0,0,21,0
110006,1,1,2000,21,16,17,0,0,15,0,12,0,12
110007,1,1,2000,0,0,0,0,0,0,0,0,0,10
110008,0,1,2000,27,0,34,36,0,43,0,0,0,10
110008,1,1,2000,12,14,21,13,34,6,12,9,33,33
110009,1,1,2000,10,0,0,15,18,0,0,2,9,14
110009,2,1,2000,0,0,8,0,0,0,10,0,0,0
110010,1,1,2000,18,0,16,12,0,18,20,9,9,14
110012,0,1,2000,0,0,0,0,0,0,0,0,0,0
110012,1,1,2000,0,0,34,0,0,19,10,8,0,26
110013,1,1,2000,8,17,16,18,21,15,34,18,12,27
110014,1,1,2000,0,0,0,36,17,8,0,14,0,14
110016,0,1,2000,0,0,0,0,0,0,7,0,0,10
110016,1,1,2000,0,0,0,0,0,0,0,0,0,14
110016,3,1,2000,0,15,33,16,0,28,0,0,0,11
110016,4,1,2000,14,0,19,0,10,0,0,0,0,0
110017,1,1,2000,0,0,0,0,0,0,0,0,0,0
110017,2,1,2000,0,0,0,0,0,0,0,7,0,0
110018,0,1,2000,15,0,0,0,0,9,0,14,0,0
110018,1,1,2000,0,0,0,0,0,0,0,0,0,0
110019,0,1,2000,0,0,0,0,0,0,0,0,0,0
110019,1,1,2000,0,16,5,0,0,0,0,0,0,0
110020,0,1,2000,0,0,0,0,0,0,0,0,0,0
110020,1,4,2000,0,0,0,0,0,0,0,0,0,0
110021,0,1,2000,0,0,0,6,0,0,0,0,0,0
110021,1,1,2000,0,0,0,0,0,0,0,0,0,0
110022,0,1,2000,0,0,0,0,0,0,0,0,0,0
110022,0,2,2000,0,3,0,11,0,0,0,0,0,0
110022,0,3,2000,0,0,0,0,0,0,0,0,17,0
110022,0,4,2000,0,0,0,0,0,0,0,0,0,0
110022,1,1,2000,0,0,0,0,0,0,0,0,0,0
110023,1,1,2000,36,0,27,6,12,0,0,0,0,26
110024,1,1,2000,0,0,0,0,0,0,0,0,2,0
110024,2,1,2000,0,0,0,0,0,0,0,0,0,0
110025,1,1,2000,0,24,5,0,13,0,0,15,7,29
110027,0,1,2000,0,0,0,0,0,0,0,0,0,0
110027,1,1,2000,0,0,0,0,0,0,0,0,0,0
110027,2,1,2000,0,0,0,0,0,0,0,0,0,0
110028,1,1,2000,0,28,21,0,0,0,0,23,13,0
110029,1,1,2000,16,27,22,32,14,15,22,21,28,36
110030,1,1,2000,0,0,9,14,0,19,0,0,0,0
110030,2,1,2000,0,0,0,0,0,0,0,0,0,0
110030,3,1,2000,0,0,0,0,11,0,0,0,0,0
110031,1,3,2000,0,4,0,8,0,0,0,0,29,0
110032,1,1,2000,24,14,34,26,30,8,23,19,10,25
110033,0,1,2000,12,19,0,15,0,0,0,8,0,0
110033,1,2,2000,0,0,0,0,0,0,0,0,0,0
110034,0,1,2000,23,0,15,32,0,6,18,0,25,43
110035,1,1,2000,8,0,21,0,4,0,0,20,5,12
110035,2,1,2000,0,0,0,0,0,0,0,0,0,11
110036,1,1,2000,0,0,0,7,0,12,0,0,23,0
110036,2,1,2000,0,0,0,0,0,0,0,0,0,0
110037,1,1,2000,0,0,0,0,0,0,0,0,0,0
110038,1,1,2000,0,0,0,0,0,0,0,0,0,0
110038,2,1,2000,0,0,0,0,0,0,6,0,0,0
110039,0,1,2000,0,0,0,0,0,0,0,0,0,0
110039,1,1,2000,0,0,0,0,0,0,0,0,0,0
110040,1,1,2000,0,0,0,0,0,0,0,0,0,0
110040,2,1,2000,0,0,15,18,33,12,0,1,0,10
110040,3,1,2000,0,0,0,0,0,0,0,18,0,0
110041,0,1,2000,16,24,37,0,0,0,13,0,4,20
110041,1,1,2000,0,11,0,10,0,0,0,0,8,0
110042,1,1,2000,0,29,19,26,15,14,6,12,20,16
110043,1,1,2000,0,0,0,0,0,0,0,0,0,0
110043,2,1,2000,0,0,0,0,0,0,0,0,0,0
110044,0,1,2000,0,0,0,0,0,12,0,29,0,0
110044,1,1,2000,0,0,0,0,0,0,0,0,0,0
110044,2,1,2000,0,0,0,0,0,0,0,0,0,0
110045,0,1,2000,8,12,29,0,26,0,0,13,0,0
110045,1,1,2000,0,0,0,0,0,0,0,0,0,0
110046,0,1,2000,0,0,0,0,0,0,0,0,0,0
110047,1,1,2000,0,0,0,0,0,0,0,0,0,0
110047,2,1,2000,0,0,0,0,0,0,0,0,0,0
110048,0,1,2000,0,0,0,0,0,0,0,0,0,0
110048,1,1,2000,0,0,0,0,0,0,0,0,0,0
120001,0,1,2000,7,7,7,7,7,7,7,7,7,7
120001,1,1,2000,0,0,0,0,0,11,0,0,0,0
120002,0,1,2000,19,19,19,19,19,19,19,19,19,19
120002,1,1,2000,0,0,0,0,0,0,0,0,0,0
120003,1,1,2000,0,0,0,6,0,0,0,0,0,0
120004,1,1,2000,0,0,0,0,0,0,0,0,0,0
120005,1,1,2000,20,20,20,20,20,20,20,20,20,20
120006,1,1,2000,4,4,4,4,4,4,4,4,4,4
120007,0,1,2000,29,29,29,29,29,29,29,29,29,29
120007,1,1,2000,0,0,0,0,0,0,0,0,0,0
120008,1,1,2000,36,36,36,36,36,36,36,36,36,36
120008,2,1,2000,0,0,3,0,0,0,0,0,0,0
120009,0,1,2000,13,13,13,13,13,13,13,13,13,13
120009,1,1,2000,0,0,0,0,0,0,0,0,0,0
120010,1,1,2000,0,0,0,0,0,0,0,0,0,0
120010,2,1,2000,0,0,0,0,0,0,0,0,0,0
120011,1,1,2000,0,0,0,0,0,0,0,0,0,0
120011,2,1,2000,0,0,0,0,0,0,0,0,0,0
120012,1,1,2000,15,15,15,15,15,15,15,15,15,15
120012,2,1,2000,2,2,2,2,2,2,2,2,2,2
120012,3,1,2000,0,0,0,0,0,7,0,0,0,0
120013,1,1,2000,22,22,22,22,22,22,22,22,22,22
120014,0,1,2000,0,0,0,0,0,0,0,0,0,0
120014,1,1,2000,0,0,0,0,0,0,0,0,0,0
120015,0,1,2000,15,15,15,15,15,15,15,15,15,15
120015,1,1,2000,0,0,0,0,0,0,0,0,11,0
120016,1,1,2000,0,0,0,14,0,0,0,0,0,0
120017,1,1,2000,11,11,11,11,11,11,11,11,11,11
120017,2,1,2000,0,0,0,0,0,0,0,0,0,0
120018,1,1,2000,0,0,0,0,0,0,0,0,0,0
120019,0,1,2000,0,0,0,0,0,0,0,0,0,0
120019,1,1,2000,2,2,2,2,2,2,2,2,2,2
120020,1,1,2000,0,0,0,0,0,0,0,0,0,0
120021,1,1,2000,0,0,0,0,0,0,0,0,0,0
120021,2,1,2000,9,0,0,0,0,0,0,0,0,0
120022,1,1,2000,0,0,0,0,0,0,0,0,0,0
120022,2,1,2000,0,0,0,0,0,0,0,0,0,0
120023,0,1,2000,34,34,34,34,34,34,34,34,34,34
120023,1,1,2000,0,0,0,0,0,0,0,0,0,0
120024,1,1,2000,0,0,0,0,0,0,0,0,0,0
120024,2,1,2000,0,0,0,0,0,0,0,0,0,0
120025,1,1,2000,14,14,14,14,14,14,14,14,14,14
120026,1,1,2000,0,0,0,0,0,0,0,0,0,0
120026,2,1,2000,0,0,0,0,0,0,0,0,0,0
120027,1,1,2000,14,14,14,14,14,14,14,14,14,14
120028,1,1,2000,0,0,0,0,0,0,0,0,0,0
120029,1,1,2000,0,0,0,0,0,0,0,0,11,0
120029,2,1,2000,0,0,0,0,0,0,0,0,0,0
120030,0,1,2000,27,27,27,27,27,27,27,27,27,27
120030,1,1,2000,0,0,0,0,0,0,0,0,0,0
120030,2,1,2000,0,0,0,0,0,0,0,0,7,0
120031,0,1,2000,0,0,0,0,0,0,0,0,0,0
120031,1,1,2000,0,0,0,0,0,13,0,0,0,12
120032,1,1,2000,0,0,0,0,0,0,0,0,0,0
120032,2,1,2000,0,0,14,0,0,0,0,0,0,0
120033,1,1,2000,0,0,0,0,0,0,0,0,0,0
120034,1,1,2000,0,0,0,0,0,0,3,0,0,0
120034,2,1,2000,0,0,0,0,0,0,0,0,0,0
120035,1,1,2000,0,0,0,0,0,0,0,0,0,0
120035,2,1,2000,0,0,0,0,0,0,0,0,0,0
120036,1,1,2000,0,0,0,0,0,0,0,0,0,0
120036,2,1,2000,0,0,0,0,0,0,0,0,0,0
120037,1,1,2000,0,0,0,0,0,0,0,0,0,0
120037,2,1,2000,0,0,0,0,0,0,0,0,0,0
120038,1,1,2000,0,13,16,19,36,22,22,12,0,17
120039,0,1,2000,0,0,0,0,0,0,0,0,0,0
120039,1,1,2000,0,0,0,0,0,0,0,0,0,0
120040,1,1,2000,7,7,7,7,7,7,7,7,7,7
120040,2,1,2000,7,7,7,7,7,7,7,7,7,7
120041,0,1,2000,0,0,0,0,0,13,0,0,0,16
120041,1,1,2000,16,16,16,16,16,16,16,16,16,16
120043,1,1,2000,0,0,0,0,0,0,0,0,0,0
120043,2,1,2000,0,0,0,0,0,0,0,0,0,0
120044,1,1,2000,18,18,18,18,18,18,18,18,18,18
120045,1,1,2000,12,12,12,12,12,12,12,12,12,12
120045,2,1,2000,9,9,9,9,9,9,9,9,9,9
120046,0,1,2000,24,24,24,24,24,24,24,24,24,24
120046,1,1,2000,0,0,0,0,0,0,0,0,0,0
120047,1,1,2000,0,0,0,0,0,0,0,0,0,0
120048,0,1,2000,0,0,0,0,0,0,0,0,23,0
120048,1,1,2000,0,0,0,0,0,0,0,0,0,0
120049,1,1,2000,0,0,0,0,0,0,0,0,0,0
120050,0,1,2000,17,17,17,17,17,17,17,17,17,17
120050,1,1,2000,0,0,0,15,0,0,0,0,0,0
120051,1,1,2000,0,0,0,0,0,0,0,0,0,0
120051,2,1,2000,0,0,0,0,0,0,0,0,0,0
120052,1,1,2000,6,6,6,6,6,6,6,6,6,6
120052,2,1,2000,0,6,0,0,0,0,0,0,0,0
120053,1,1,2000,27,27,27,27,27,27,27,27,27,27
120054,1,1,2000,14,14,14,14,14,14,14,14,14,14
120054,2,1,2000,0,0,0,0,0,0,0,0,0,0
120055,1,1,2000,0,0,0,0,0,0,0,0,0,0
120055,2,1,2000,0,0,0,0,0,0,0,0,0,0
120056,1,1,2000,0,0,0,0,0,0,0,0,0,0
120056,2,1,2000,0,5,0,0,0,0,0,0,0,0
120057,1,1,2000,0,0,0,0,0,0,0,0,0,0
120057,2,1,2000,0,0,0,0,0,0,0,0,0,15
120058,1,1,2000,24,24,24,24,24,24,24,24,24,24
120059,1,1,2000,0,0,0,0,0,0,0,6,0,15
120060,0,1,2000,0,0,0,0,0,0,0,0,0,0
120060,1,1,2000,0,0,0,0,0,0,0,0,0,0
120061,1,1,2000,0,0,0,0,0,0,0,0,0,0
120061,2,1,2000,0,0,0,0,0,0,0,0,0,0
120062,0,1,2000,24,24,24,24,24,24,24,24,24,24
120062,1,1,2000,0,33,0,0,13,0,0,0,0,0
120062,2,1,2000,0,0,0,0,0,7,0,0,0,13
120063,1,1,2000,1,1,1,1,1,1,1,1,1,1
120063,2,1,2000,0,0,0,0,0,0,0,0,0,0
120064,1,1,2000,9,0,0,0,4,0,0,14,0,0
120064,2,1,2000,0,0,0,0,0,0,0,0,0,0
120065,0,1,2000,0,0,0,0,0,0,0,0,0,0
120065,0,2,2000,0,0,0,0,0,0,0,0,0,0
120065,1,1,2000,0,0,0,0,0,0,0,0,0,0
120066,1,1,2000,0,0,0,0,0,0,0,0,0,0
120066,2,1,2000,0,17,0,0,0,0,0,0,0,0
120066,3,1,2000,0,0,0,0,0,0,0,0,0,0
120066,4,1,2000,0,7,0,0,0,0,0,0,0,0
120066,5,1,2000,0,0,0,0,0,0,0,0,0,0
120067,1,1,2000,0,0,0,0,0,0,0,0,0,0
120068,1,1,2000,7,7,7,7,7,7,7,7,7,7
120068,2,1,2000,0,0,0,0,0,0,0,0,0,0
120069,1,1,2000,0,0,0,0,0,0,0,0,0,0
120069,2,1,2000,0,0,0,0,0,0,0,0,0,0
120070,1,1,2000,0,0,0,0,0,0,0,0,0,0
120070,2,1,2000,0,0,0,0,0,0,0,0,0,0
120071,0,1,2000,5,5,5,5,5,5,5,5,5,5
120071,1,1,2000,10,0,0,0,0,0,0,0,0,0
120072,1,1,2000,0,0,22,0,0,0,0,0,0,0
120072,2,1,2000,0,0,0,0,0,0,0,0,0,0
120072,3,1,2000,0,0,0,0,0,0,13,0,0,0
120072,4,1,2000,0,0,0,0,0,0,0,0,0,0
120072,5,1,2000,0,0,0,0,0,0,0,0,0,0
120073,0,1,2000,0,0,0,0,0,0,0,0,0,0
120073,1,1,2000,0,0,0,0,0,0,0,0,0,0
120074,1,1,2000,14,14,14,14,14,14,14,14,14,14
120075,1,1,2000,0,0,0,0,0,0,0,0,0,0
120075,2,1,2000,0,0,0,0,0,0,0,0,0,0
120075,3,1,2000,0,0,0,0,0,0,0,0,0,0
120076,1,1,2000,0,21,0,0,15,0,0,0,0,0
120077,1,1,2000,0,0,0,0,0,0,0,0,0,0
120077,2,1,2000,0,0,0,0,0,0,0,0,0,0
120077,3,1,2000,0,0,0,16,0,0,0,0,0,10
120078,0,1,2000,13,13,13,13,13,13,13,13,13,13
120078,1,1,2000,0,0,0,0,0,0,0,0,0,35
120079,1,1,2000,0,0,0,0,0,0,0,0,0,0
120080,1,1,2000,0,0,0,0,0,0,0,0,0,0
120080,2,1,2000,0,0,0,0,0,0,0,0,0,0
120081,1,1,2000,20,20,20,20,20,20,20,20,20,20
120082,0,1,2000,29,29,29,29,29,29,29,29,29,29
120082,1,1,2000,0,0,0,0,0,0,0,0,0,0
120083,1,1,2000,21,21,21,21,21,21,21,21,21,21
120083,2,1,2000,0,0,0,0,0,0,0,0,0,0
120084,0,1,2000,13,13,13,13,13,13,13,13,13,13
120084,1,1,2000,0,20,0,0,0,0,0,0,0,0
120085,1,1,2000,4,4,4,4,4,4,4,4,4,4
120085,2,1,2000,6,0,0,0,0,0,0,0,0,0
120086,1,1,2000,19,19,19,19,19,19,19,19,19,19
120087,1,1,2000,0,0,0,0,0,0,0,0,0,0
120087,2,1,2000,0,0,0,0,0,0,0,0,0,0
120088,1,1,2000,27,27,27,27,27,27,27,27,27,27
120089,1,1,2000,21,21,21,21,21,21,21,21,21,21
120090,1,1,2000,0,0,0,0,0,0,0,0,0,0
120090,2,1,2000,0,0,0,0,0,0,0,0,0,0
120090,3,1,2000,0,0,0,0,0,0,0,0,0,0
120091,1,1,2000,21,21,21,21,21,21,21,21,21,21
120092,1,1,2000,15,15,15,15,15,15,15,15,15,15
120093,1,1,2000,0,0,0,0,0,0,0,0,0,0
120094,1,1,2000,0,0,0,0,0,0,0,0,0,0
120094,2,1,2000,9,9,9,9,9,9,9,9,9,9
120094,3,1,2000,0,0,0,0,0,0,0,0,0,0
120095,1,1,2000,0,0,0,0,10,0,0,0,0,10
120096,1,1,2000,0,0,0,0,0,0,0,0,0,0
120097,1,1,2000,0,0,0,0,0,0,0,0,0,0
120097,2,1,2000,0,0,0,0,0,0,0,0,0,0
120098,1,1,2000,0,0,0,0,0,0,0,0,0,0
120098,2,1,2000,0,0,0,0,0,0,0,0,0,0
120098,3,1,2000,0,0,0,0,0,0,0,0,0,0
120099,1,1,2000,0,0,0,0,0,0,0,0,0,0
120099,2,1,2000,0,0,0,0,0,0,0,0,0,0
120099,3,1,2000,0,0,0,0,0,0,0,0,0,0
120099,4,1,2000,0,0,0,0,0,0,0,0,0,0
120099,5,1,2000,0,0,0,0,0,0,10,0,0,0
120100,1,1,2000,10,10,10,10,10,10,10,10,10,10
120101,1,1,2000,0,0,0,0,0,0,0,0,0,0
120102,0,1,2000,29,29,29,29,29,29,29,29,29,29
120102,1,1,2000,0,0,0,0,0,0,0,0,0,0
120103,0,1,2000,0,0,0,0,0,0,0,0,0,0
120103,1,1,2000,0,0,0,0,0,0,0,0,0,0
120104,0,1,2000,0,0,0,0,0,0,0,0,0,0
120104,1,1,2000,0,0,0,0,0,0,0,0,0,0
120104,2,1,2000,0,0,0,0,0,0,0,0,0,0
120105,0,1,2000,0,0,0,0,0,0,0,0,0,0
120105,1,1,2000,2,0,0,0,0,0,14,0,0,0
120106,0,1,2000,0,0,0,0,0,0,0,0,0,0
120106,1,1,2000,0,0,0,0,0,0,0,0,0,0
120106,2,1,2000,4,4,4,4,4,4,4,4,4,4
120107,1,1,2000,0,0,0,0,0,0,0,0,0,0
120107,2,1,2000,0,0,0,0,0,0,0,0,0,0
120108,1,1,2000,0,0,0,0,0,0,0,0,0,0
120108,2,1,2000,0,0,0,0,0,0,0,0,0,0
120109,1,1,2000,0,0,0,0,0,0,0,0,0,0
120109,2,1,2000,0,0,0,0,0,0,0,0,0,0
120110,1,1,2000,0,0,0,0,0,0,0,0,0,0
120110,2,1,2000,0,7,0,0,0,0,0,0,0,16
120111,0,1,2000,21,21,21,21,21,21,21,21,21,21
120111,1,1,2000,0,0,0,0,0,0,0,0,0,0
120111,2,1,2000,0,0,0,0,0,0,0,0,0,0
120112,0,1,2000,0,0,0,0,0,0,27,0,0,0
120112,1,1,2000,13,13,13,13,13,13,13,13,13,13
120113,1,1,2000,0,0,0,0,0,0,0,0,0,0
120113,2,1,2000,0,0,0,0,0,0,0,0,0,0
120114,1,1,2000,0,0,0,0,0,0,0,0,0,0
120115,0,1,2000,0,0,0,0,0,0,0,0,0,0
120115,1,1,2000,0,0,0,0,0,0,0,0,0,0
120116,1,1,2000,0,0,0,0,0,0,0,0,0,0
120117,1,1,2000,0,0,0,0,0,0,0,0,0,0
120118,0,1,2000,0,0,0,0,0,0,0,0,0,0
120118,0,2,2000,0,17,0,0,0,0,0,7,0,0
120118,1,1,2000,14,0,28,7,0,0,14,0,28,8
120119,1,1,2000,0,0,0,0,0,0,0,0,0,0
120120,1,1,2000,16,16,16,16,16,16,16,16,16,16
120121,1,1,2000,0,0,0,0,0,0,0,0,0,0
120121,2,1,2000,0,0,0,0,0,0,0,0,0,0
120122,1,1,2000,18,18,18,18,18,18,18,18,18,18
120122,2,1,2000,16,9,0,6,0,25,14,4,0,21
120123,1,1,2000,0,0,0,0,0,0,0,0,0,0
120123,2,1,2000,0,0,0,0,0,0,0,0,0,0
120124,1,1,2000,0,0,0,0,0,0,0,0,0,0
120124,2,1,2000,9,9,9,9,9,9,9,9,9,9
120125,1,1,2000,17,17,17,17,17,17,17,17,17,17
120126,1,1,2000,17,17,17,17,17,17,17,17,17,17
120126,2,1,2000,0,0,0,0,0,0,0,0,0,0
120126,3,1,2000,0,0,0,0,0,0,0,0,0,0
120127,1,1,2000,0,0,0,0,0,0,0,0,0,0
120127,2,1,2000,0,0,0,0,0,0,0,0,0,0
120128,1,1,2000,10,10,10,10,10,10,10,10,10,10
120129,0,1,2000,16,16,16,16,16,16,16,16,16,16
120129,1,1,2000,0,0,0,0,0,0,0,0,0,0
120130,1,1,2000,0,0,0,0,0,0,0,0,0,0
120130,2,1,2000,5,5,5,5,5,5,5,5,5,5
120131,0,1,2000,22,22,22,22,22,22,22,22,22,22
120131,1,1,2000,0,15,0,8,0,0,0,0,0,0
120132,0,1,2000,0,0,0,0,0,0,0,0,0,0
120132,1,1,2000,0,0,0,0,2,0,0,0,0,0
120133,1,1,2000,17,17,17,17,17,17,17,17,17,17
120134,1,1,2000,0,0,0,0,0,0,0,0,0,0
120134,2,1,2000,0,0,0,0,0,0,0,0,0,0
120135,0,1,2000,0,0,0,0,0,0,0,0,0,0
120135,1,1,2000,0,0,0,0,0,0,0,0,0,0
120136,1,1,2000,0,0,0,0,0,6,0,0,0,0
120136,2,1,2000,0,0,0,0,0,0,0,0,0,0
120136,3,1,2000,0,0,0,0,0,0,0,0,0,0
120137,1,1,2000,16,10,9,14,4,4,0,31,16,31
120138,1,1,2000,0,0,0,0,12,0,0,36,0,0
120139,1,1,2000,13,13,13,13,13,13,13,13,13,13
120139,2,1,2000,18,18,18,18,18,18,18,18,18,18
120140,0,1,2000,22,22,22,22,22,22,22,22,22,22
120140,1,1,2000,0,0,0,0,25,0,0,0,11,0
120141,1,1,2000,14,0,0,0,0,0,0,0,0,0
120141,2,1,2000,0,0,0,0,0,0,0,0,0,0
120141,3,1,2000,0,0,0,0,0,0,0,0,0,0
120142,1,2,2000,0,0,0,0,0,16,0,0,0,0
120143,0,1,2000,0,25,0,0,0,0,0,0,0,0
120143,1,1,2000,0,0,0,0,0,0,0,0,0,0
120144,1,1,2000,0,0,18,0,0,0,0,11,0,0
120145,0,1,2000,9,9,9,9,9,9,9,9,9,9
120145,1,1,2000,0,0,0,0,0,0,0,0,0,0
120146,1,1,2000,9,9,9,9,9,9,9,9,9,9
120147,1,1,2000,0,0,0,0,0,0,0,0,0,0
120148,1,1,2000,0,0,0,0,0,0,0,0,0,0
120149,1,1,2000,0,0,0,0,0,0,0,0,0,0
120149,2,1,2000,0,0,0,0,0,0,0,0,0,0
120150,1,1,2000,0,0,0,0,0,0,0,0,0,0
120150,2,1,2000,0,0,0,0,0,0,0,0,0,0
120151,1,1,2000,0,6,0,0,0,0,0,6,0,0
120151,2,1,2000,0,0,0,0,0,0,0,0,0,0
120152,1,1,2000,0,0,0,0,15,0,0,0,0,0
120153,1,1,2000,0,0,0,0,0,0,0,0,0,0
120154,0,1,2000,0,0,0,0,0,0,0,0,0,0
120154,1,1,2000,0,0,0,19,0,0,9,0,0,0
120155,1,1,2000,0,0,0,0,0,0,0,0,0,0
120155,2,1,2000,0,0,0,0,0,0,0,0,0,0
120155,3,1,2000,0,0,0,0,0,0,0,0,0,0
120155,4,1,2000,0,0,0,0,0,0,0,0,0,0
120155,5,1,2000,0,0,0,0,0,0,0,0,0,0
120156,1,1,2000,21,21,21,21,21,21,21,21,21,21
120157,1,1,2000,25,25,25,25,25,25,25,25,25,25
120158,1,1,2000,5,5,5,5,5,5,5,5,5,5
120158,2,1,2000,0,0,0,0,0,0,0,0,0,0
120159,1,1,2000,0,3,17,0,7,0,0,0,0,0
120159,2,1,2000,8,15,0,0,0,16,0,6,0,0