ST_CASE,VEH_NO,PER_NO,YEAR,P1,P2,P3,P4,P5,P6,P7,P8,P9,P10
120160,1,1,2000,0,0,0,0,0,0,0,0,0,0
120160,2,1,2000,0,0,0,0,0,0,0,0,0,0
120161,0,1,2000,26,26,26,26,26,26,26,26,26,26
120161,1,2,2000,0,0,0,0,0,0,0,0,0,0
120162,1,1,2000,14,14,14,14,14,14,14,14,14,14
120162,2,1,2000,0,0,0,0,0,0,0,0,0,0
120163,1,1,2000,0,0,0,0,0,0,0,0,0,0
120163,2,1,2000,0,0,0,0,0,0,0,0,0,0
120164,1,1,2000,9,0,0,0,0,0,0,0,0,0
120164,2,1,2000,0,0,0,0,0,0,0,0,0,0
120165,1,1,2000,0,0,0,0,0,0,0,0,0,0
120165,2,1,2000,0,0,0,0,0,0,0,0,0,0
120166,1,1,2000,0,0,0,0,0,0,0,0,0,0
120167,1,1,2000,19,19,19,19,19,19,19,19,19,19
120168,1,1,2000,9,9,9,9,9,9,9,9,9,9
120168,2,1,2000,0,0,0,0,0,0,0,0,0,0
120169,1,1,2000,15,15,15,15,15,15,15,15,15,15
120170,1,1,2000,0,0,0,0,0,0,0,0,0,0
120170,2,1,2000,0,0,0,0,0,0,0,0,0,0
120171,1,1,2000,0,0,0,0,0,0,0,0,0,0
120172,1,1,2000,24,24,24,24,24,24,24,24,24,24
120173,1,1,2000,0,0,0,0,0,0,0,0,0,0
120173,2,1,2000,0,0,0,0,0,0,0,0,0,0
120174,1,1,2000,17,17,17,17,17,17,17,17,17,17
120175,1,1,2000,0,0,0,0,0,0,0,0,0,0
120176,1,1,2000,41,41,41,41,41,41,41,41,41,41
120176,2,1,2000,0,0,0,0,11,0,13,0,0,21
120177,1,1,2000,16,16,16,16,16,16,16,16,16,16
120177,2,1,2000,0,0,0,0,7,0,0,0,0,10
120178,0,1,2000,36,36,36,36,36,36,36,36,36,36
120178,1,1,2000,0,0,0,0,0,0,5,0,0,0
120178,2,1,2000,0,0,0,0,0,0,0,0,0,0
120179,1,1,2000,0,0,0,0,0,0,0,0,0,0
120179,2,1,2000,0,0,13,0,0,0,0,0,0,0
120179,3,1,2000,0,0,0,0,0,10,0,0,0,0
120180,1,1,2000,0,0,0,0,0,0,0,0,0,0
120180,2,1,2000,0,0,0,0,0,0,0,0,0,0
120181,1,1,2000,19,19,19,19,19,19,19,19,19,19
120181,2,1,2000,0,0,0,0,0,0,0,0,0,0
120182,1,1,2000,31,31,31,31,31,31,31,31,31,31
120183,1,1,2000,24,24,24,24,24,24,24,24,24,24
120183,2,1,2000,0,0,0,0,0,0,0,0,0,0
120184,1,1,2000,0,0,0,0,0,0,0,0,0,0
120184,2,1,2000,0,0,0,0,0,0,0,0,0,0
120185,1,1,2000,6,6,6,6,6,6,6,6,6,6
120185,2,1,2000,5,5,5,5,5,5,5,5,5,5
120186,1,1,2000,0,0,0,0,0,0,0,0,0,0
120186,2,1,2000,0,0,0,0,0,0,0,0,0,0
120187,1,1,2000,22,22,22,22,22,22,22,22,22,22
120188,1,1,2000,0,0,0,0,0,0,0,0,0,0
120189,0,1,2000,0,0,0,3,0,0,0,0,0,0
120189,1,1,2000,0,0,0,0,0,0,0,0,0,0
120190,1,1,2000,0,0,0,0,0,0,0,0,0,0
120190,2,1,2000,0,0,0,0,0,0,9,0,0,0
120191,1,1,2000,0,0,0,0,0,0,0,17,0,0
120191,2,1,2000,15,15,15,15,15,15,15,15,15,15
120192,1,1,2000,0,0,0,0,0,0,0,0,0,0
120192,2,1,2000,26,26,26,26,26,26,26,26,26,26
120193,1,1,2000,12,12,12,12,12,12,12,12,12,12
120194,1,1,2000,0,0,0,0,8,0,0,0,0,0
120194,2,1,2000,5,21,0,14,0,0,0,0,0,0
120195,1,1,2000,0,0,0,0,0,0,0,0,0,0
120196,1,1,2000,0,0,0,0,0,0,0,0,0,0
120196,2,1,2000,0,0,0,0,0,0,0,0,0,0
120197,1,1,2000,0,0,0,0,0,0,0,0,0,0
120197,2,1,2000,0,0,0,0,0,0,0,0,0,0
120198,0,1,2000,0,0,0,0,0,0,0,0,0,0
120198,1,1,2000,0,0,0,0,0,0,0,0,0,0
120199,1,1,2000,11,11,11,11,11,11,11,11,11,11
120200,1,1,2000,0,0,0,0,0,0,8,0,17,0
120201,1,1,2000,27,27,27,27,27,27,27,27,27,27
120201,2,1,2000,0,0,0,0,0,0,0,0,0,0
120202,1,1,2000,0,0,0,0,0,0,0,0,0,0
120202,2,1,2000,0,0,0,0,0,0,0,0,0,0
120203,1,1,2000,0,0,0,0,0,0,0,0,0,0
120203,2,1,2000,0,0,0,0,0,0,0,0,0,0
120204,1,1,2000,0,0,0,0,0,0,0,0,0,0
120205,1,1,2000,0,0,0,0,0,0,0,0,0,0
120205,2,1,2000,0,0,0,0,0,0,0,0,0,0
120206,1,1,2000,21,21,21,21,21,21,21,21,21,21
120207,1,1,2000,0,0,0,0,0,0,0,0,0,0
120207,2,1,2000,0,0,0,0,0,0,0,0,0,0
120208,1,1,2000,0,0,0,0,0,0,0,0,0,0
120208,2,1,2000,0,0,0,0,0,0,0,0,0,0
120209,1,1,2000,0,0,0,0,0,0,0,0,0,0
120209,2,1,2000,0,0,0,0,0,0,0,0,0,0
120210,1,1,2000,0,0,0,0,0,0,0,0,0,0
120211,1,1,2000,0,0,0,0,0,0,0,0,0,0
120211,2,1,2000,0,0,0,0,0,0,0,0,0,0
120212,0,1,2000,0,0,0,0,0,0,0,0,0,0
120212,1,1,2000,0,0,0,0,0,0,0,7,0,0
120212,2,1,2000,0,0,0,29,0,17,0,0,0,7
120213,1,1,2000,0,0,0,0,0,0,0,0,0,0
120213,2,1,2000,0,0,31,0,0,8,29,0,0,0
120214,0,1,2000,0,0,0,0,0,0,0,0,0,0
120214,1,1,2000,0,0,0,0,0,0,0,0,0,0
120215,0,1,2000,0,21,17,42,0,0,0,0,0,0
120215,0,2,2000,0,0,0,0,0,0,0,0,0,0
120215,0,3,2000,0,0,0,0,0,0,0,0,0,0
120215,1,1,2000,25,25,25,25,25,25,25,25,25,25
120215,2,1,2000,0,0,0,0,0,0,0,0,0,0
120216,1,1,2000,0,0,0,0,0,0,0,0,11,23
120217,0,1,2000,0,0,0,0,0,0,0,0,0,0
120217,1,1,2000,0,0,0,0,0,0,0,0,0,0
120218,0,1,2000,0,0,0,28,0,0,0,0,0,0
120218,1,1,2000,0,0,0,0,0,0,8,0,0,0
120219,1,1,2000,0,0,0,0,0,0,0,0,0,0
120219,2,1,2000,0,0,0,0,0,0,0,0,0,0
120220,1,1,2000,0,0,0,0,0,0,0,0,0,0
120220,2,1,2000,0,0,0,0,0,0,0,0,0,0
120220,3,1,2000,0,0,0,0,0,0,0,0,0,0
120220,4,1,2000,0,0,0,0,0,0,0,0,0,0
120221,1,1,2000,0,21,0,0,14,0,0,14,22,0
120222,1,1,2000,0,0,0,0,0,0,0,0,0,0
120222,2,1,2000,0,0,0,0,0,0,0,0,0,0
120223,0,1,2000,10,10,10,10,10,10,10,10,10,10
120223,1,1,2000,0,0,0,0,0,0,0,0,0,0
120224,1,1,2000,0,0,0,0,0,0,0,0,0,0
120224,2,1,2000,0,0,0,0,0,0,0,0,0,0
120225,1,1,2000,0,0,0,0,0,0,0,0,0,0
120226,0,1,2000,16,15,11,40,10,37,27,23,25,31
120226,1,1,2000,0,0,0,0,0,0,0,0,0,0
120227,1,1,2000,0,0,0,0,0,0,0,0,0,0
120227,2,1,2000,8,0,0,0,0,0,0,0,0,0
120228,1,1,2000,0,0,0,0,0,0,0,0,0,0
120228,2,1,2000,0,0,0,0,0,24,0,0,0,0
120229,1,1,2000,0,0,0,0,0,0,0,0,0,0
120229,2,1,2000,0,0,0,0,0,0,0,0,0,0
120230,1,1,2000,12,12,12,12,12,12,12,12,12,12
120230,2,1,2000,0,0,0,0,0,0,0,0,0,10
120231,1,1,2000,15,15,15,15,15,15,15,15,15,15
120231,2,1,2000,24,0,20,0,0,0,6,24,0,0
120232,1,1,2000,7,7,7,7,7,7,7,7,7,7
120232,2,1,2000,0,0,0,0,0,0,0,0,0,0
120233,1,1,2000,21,0,13,16,0,14,0,0,0,0
120234,1,1,2000,0,0,0,25,0,0,0,0,0,0
120235,1,1,2000,8,8,8,8,8,8,8,8,8,8
120236,1,1,2000,0,0,0,0,0,0,0,0,0,0
120236,2,1,2000,0,0,0,0,0,0,0,0,0,0
120237,1,1,2000,11,11,11,11,11,11,11,11,11,11
120238,1,1,2000,8,8,8,8,8,8,8,8,8,8
120238,2,1,2000,0,0,0,0,0,0,0,0,0,0
120238,3,1,2000,0,0,0,0,0,0,0,0,0,0
120239,1,1,2000,8,8,8,8,8,8,8,8,8,8
120240,0,1,2000,26,26,26,26,26,26,26,26,26,26
120240,1,1,2000,0,0,0,0,0,0,0,0,0,0
120241,1,1,2000,21,21,21,21,21,21,21,21,21,21
120241,2,1,2000,0,0,0,0,0,0,0,0,0,0
120242,1,1,2000,0,0,0,0,0,10,0,0,0,0
120242,2,1,2000,29,0,0,0,0,0,0,0,0,0
120243,1,1,2000,0,0,0,0,0,0,0,0,0,0
120244,1,1,2000,0,0,0,0,0,0,0,0,0,0
120244,2,1,2000,0,0,0,0,0,0,0,0,0,0
120245,0,1,2000,0,0,0,0,0,0,0,0,0,0
120245,1,1,2000,9,24,15,10,15,19,29,0,0,14
120246,1,1,2000,21,21,21,21,21,21,21,21,21,21
120247,1,1,2000,28,20,0,17,13,0,12,13,28,25
120248,1,1,2000,0,0,0,0,0,0,0,0,0,0
120249,1,1,2000,0,0,0,0,0,0,0,0,0,0
120249,2,1,2000,0,0,0,0,0,0,0,0,0,0
120250,1,1,2000,0,0,0,0,0,0,0,0,0,0
120250,2,1,2000,19,19,19,19,19,19,19,19,19,19
120251,1,1,2000,0,0,0,0,0,0,0,0,0,0
120251,2,1,2000,10,10,10,10,10,10,10,10,10,10
120252,1,1,2000,27,27,27,27,27,27,27,27,27,27
120253,1,1,2000,0,0,0,0,0,0,0,0,0,0
120253,2,1,2000,0,0,0,0,0,0,0,0,0,0
120254,1,1,2000,35,35,35,35,35,35,35,35,35,35
120255,0,1,2000,0,0,0,0,0,0,0,0,0,0
120255,1,1,2000,0,0,0,0,0,0,0,0,0,0
120256,1,1,2000,0,0,0,0,0,0,0,0,0,0
120256,2,1,2000,0,0,0,0,0,0,0,0,0,0
120257,1,1,2000,0,0,0,0,0,0,0,0,0,0
120257,2,1,2000,0,0,0,0,0,0,0,0,0,0
120258,1,1,2000,0,0,0,0,0,0,0,0,0,0
120259,0,1,2000,0,18,0,0,0,0,0,0,15,0
120259,1,1,2000,0,0,0,0,0,0,0,0,0,0
120260,1,1,2000,0,0,0,0,0,0,0,0,0,0
120260,2,1,2000,0,0,0,0,0,0,0,0,0,0
120261,0,1,2000,0,0,0,0,0,0,0,0,0,0
120261,1,1,2000,0,0,0,0,0,0,0,0,0,0
120262,0,1,2000,0,0,0,0,0,0,0,0,0,0
120262,1,1,2000,0,0,0,0,18,0,0,0,0,0
120263,1,1,2000,0,0,0,0,0,0,0,12,0,0
120263,2,1,2000,0,0,0,0,0,0,0,0,0,0
120264,1,1,2000,21,21,21,21,21,21,21,21,21,21
120265,0,1,2000,18,18,18,18,18,18,18,18,18,18
120265,1,1,2000,17,0,0,0,0,0,0,0,0,0
120265,2,1,2000,0,0,0,0,19,0,0,0,0,0
120266,1,1,2000,0,0,0,0,0,0,0,15,0,0
120266,2,1,2000,18,0,12,12,0,0,0,5,20,0
120266,3,1,2000,0,0,0,0,0,0,0,0,0,0
120267,1,1,2000,0,0,0,0,0,0,0,0,0,0
120268,1,1,2000,14,14,14,14,14,14,14,14,14,14
120268,2,1,2000,0,0,0,0,0,0,0,0,0,0
120269,1,1,2000,1,1,1,1,1,1,1,1,1,1
120269,2,1,2000,0,0,0,0,0,0,0,0,0,0
120270,0,1,2000,0,0,0,0,0,0,0,0,0,0
120270,1,1,2000,2,0,13,0,0,0,0,0,0,0
120271,0,1,2000,0,0,0,0,0,0,0,0,0,0
120271,1,1,2000,0,0,0,0,0,0,0,0,0,0
120272,1,1,2000,14,0,0,0,0,11,24,0,0,14
120272,2,1,2000,0,0,0,0,0,0,0,0,0,0
120273,1,1,2000,0,0,0,0,0,0,0,0,0,0
120274,1,1,2000,0,11,32,9,14,0,6,0,17,0
120275,1,1,2000,0,0,0,0,0,0,0,0,0,0
120275,2,1,2000,0,0,0,0,0,0,0,0,0,0
120275,3,1,2000,0,0,0,0,0,0,0,0,0,0
120276,1,1,2000,0,0,0,0,0,0,0,0,0,0
120277,1,1,2000,6,6,6,6,6,6,6,6,6,6
120278,1,1,2000,6,6,6,6,6,6,6,6,6,6
120279,1,1,2000,0,0,0,0,0,0,0,0,0,0
120279,2,1,2000,0,0,0,0,0,0,0,0,0,0
120280,1,1,2000,0,0,0,0,0,0,0,0,0,0
120280,2,1,2000,14,0,0,0,12,0,0,0,0,0
120281,1,1,2000,0,0,0,0,0,0,0,0,0,0
120281,2,1,2000,0,0,0,0,6,0,0,0,4,6
120282,0,1,2000,32,32,32,32,32,32,32,32,32,32
120282,1,1,2000,18,16,0,10,31,0,13,0,21,0
120283,1,1,2000,0,0,0,0,0,0,0,0,0,0
120283,2,1,2000,0,12,0,0,0,7,0,0,0,0
120283,3,1,2000,9,0,0,0,0,17,0,0,0,0
120284,1,1,2000,15,15,15,15,15,15,15,15,15,15
120285,1,1,2000,0,0,0,0,3,0,0,0,0,0
120286,1,1,2000,22,22,22,22,22,22,22,22,22,22
120286,2,1,2000,0,0,0,0,0,0,0,0,0,0
120287,0,1,2000,0,0,0,0,0,0,0,0,0,0
120287,1,1,2000,0,0,0,0,0,0,0,0,0,0
120288,1,1,2000,0,0,0,0,0,0,0,0,0,0
120288,2,1,2000,0,0,0,0,0,0,4,0,0,0
120289,1,1,2000,0,0,0,0,0,0,0,0,0,0
120289,2,1,2000,0,0,0,0,0,0,0,0,0,0
120290,0,1,2000,0,0,0,0,0,0,0,0,0,0
120290,0,2,2000,0,0,0,0,0,0,11,0,0,9
120290,1,1,2000,0,0,0,0,0,0,0,0,0,0
120291,1,1,2000,0,0,0,0,0,0,0,0,0,0
120291,2,1,2000,0,0,0,0,0,0,0,0,0,0
120292,1,1,2000,0,0,0,0,0,0,0,0,0,0
120292,2,1,2000,0,0,0,0,0,0,0,0,0,0
120293,1,1,2000,22,22,22,22,22,22,22,22,22,22
120294,1,1,2000,0,0,0,0,0,0,0,0,0,0
120295,1,1,2000,16,0,0,0,0,0,0,0,0,0
120295,2,1,2000,0,0,0,0,0,0,0,0,0,0
120296,1,1,2000,0,0,0,0,0,0,0,0,0,0
120296,2,1,2000,0,0,0,0,0,0,0,0,0,0
120297,0,1,2000,0,0,0,0,0,0,0,0,0,0
120297,1,1,2000,0,0,0,0,0,0,0,0,0,0
120298,0,1,2000,0,0,0,0,0,0,0,0,0,0
120298,1,1,2000,0,0,0,0,0,0,0,0,0,0
120299,1,1,2000,1,1,1,1,1,1,1,1,1,1
120300,1,1,2000,0,0,0,0,0,0,0,0,0,0
120300,2,1,2000,0,0,0,0,0,0,0,0,0,0
120301,1,1,2000,20,20,20,20,20,20,20,20,20,20
120301,2,1,2000,8,8,8,8,8,8,8,8,8,8
120302,1,1,2000,0,0,0,0,0,0,0,0,0,0
120302,2,1,2000,0,0,0,0,0,0,0,0,0,0
120303,1,1,2000,0,0,0,0,0,0,0,0,0,0
120303,2,1,2000,0,0,0,0,0,0,0,0,0,0
120304,0,1,2000,20,20,20,20,20,20,20,20,20,20
120304,1,1,2000,0,0,0,0,0,0,0,0,0,0
120305,1,1,2000,0,0,0,0,0,0,0,0,0,0
120305,2,1,2000,0,0,0,0,0,0,0,0,0,0
120306,1,1,2000,0,0,0,0,0,0,0,0,0,0
120307,0,1,2000,0,40,0,16,0,0,22,21,0,21
120307,1,1,2000,0,0,0,0,0,0,0,0,0,0
120308,1,1,2000,31,31,31,31,31,31,31,31,31,31
120308,2,1,2000,0,0,0,0,0,0,0,0,0,0
120309,1,1,2000,0,0,0,0,0,0,0,0,0,0
120310,1,1,2000,0,0,0,0,0,0,0,0,0,0
120310,2,1,2000,0,0,0,0,0,0,0,0,0,0
120310,3,1,2000,0,0,0,0,0,0,0,0,0,0
120311,1,1,2000,24,24,24,24,24,24,24,24,24,24
120312,1,1,2000,18,18,18,18,18,18,18,18,18,18
120313,1,1,2000,32,32,32,32,32,32,32,32,32,32
120314,1,1,2000,9,9,9,9,9,9,9,9,9,9
120314,2,1,2000,0,0,0,0,0,0,0,0,0,0
120315,0,1,2000,26,26,26,26,26,26,26,26,26,26
120315,1,1,2000,1,1,1,1,1,1,1,1,1,1
120316,1,1,2000,0,0,0,0,0,0,0,0,0,0
120317,1,1,2000,17,17,17,17,17,17,17,17,17,17
120317,2,1,2000,0,0,0,0,0,0,0,0,0,0
120318,1,1,2000,0,0,0,0,0,0,0,0,0,0
120318,2,1,2000,0,0,0,0,0,0,0,0,0,0
120319,1,1,2000,0,0,0,0,0,0,0,0,0,0
120320,0,1,2000,0,0,0,0,0,0,0,0,0,0
120320,1,1,2000,0,0,0,0,0,0,0,0,0,0
120321,1,1,2000,0,0,0,0,0,0,0,0,0,0
120321,2,1,2000,0,0,0,0,0,0,0,0,0,0
120322,1,1,2000,18,18,18,18,18,18,18,18,18,18
120323,1,1,2000,28,28,28,28,28,28,28,28,28,28
120324,1,1,2000,0,0,0,0,0,0,0,0,0,0
120325,1,1,2000,0,18,0,0,0,0,0,12,0,0
120326,1,1,2000,0,0,0,0,0,0,0,0,0,0
120327,1,1,2000,31,31,31,31,31,31,31,31,31,31
120328,1,1,2000,0,0,0,0,0,0,0,0,0,0
120329,1,1,2000,20,20,20,20,20,20,20,20,20,20
120330,1,1,2000,9,9,9,9,9,9,9,9,9,9
120331,0,1,2000,0,0,0,0,0,0,0,0,0,0
120331,1,1,2000,0,0,0,0,0,7,0,0,0,0
120332,1,1,2000,0,0,0,0,0,0,0,0,0,0
120332,2,1,2000,0,0,0,0,0,0,0,0,0,0
120333,1,1,2000,23,0,0,0,0,0,0,0,0,0
120333,2,1,2000,0,0,0,0,0,0,0,0,0,0
120334,1,1,2000,0,0,0,0,0,0,0,0,0,0
120334,2,1,2000,0,0,0,0,0,0,0,0,0,0
120335,0,1,2000,34,34,34,34,34,34,34,34,34,34
120335,1,1,2000,0,0,0,0,0,0,0,0,0,0
120336,1,1,2000,0,0,0,0,0,0,0,0,20,0
120337,1,1,2000,30,30,30,30,30,30,30,30,30,30
120337,2,1,2000,0,0,0,0,0,0,0,0,0,0
120338,1,1,2000,0,0,0,0,0,0,0,0,0,0
120338,2,1,2000,0,0,0,0,0,0,0,0,0,0
120339,1,1,2000,0,0,0,0,0,0,0,0,0,0
120339,2,1,2000,0,0,0,0,0,0,0,0,0,0
120340,1,1,2000,0,0,0,0,0,0,0,0,0,0
120340,2,1,2000,0,0,0,0,0,0,0,0,0,0
120341,0,1,2000,0,0,0,0,0,0,0,0,0,0
120341,1,1,2000,0,0,0,0,0,0,0,0,0,0
120342,1,1,2000,0,5,23,0,0,20,0,8,0,14
120342,2,1,2000,0,0,27,0,0,0,0,5,0,0
120343,0,1,2000,0,0,0,0,0,0,0,0,0,0
120343,1,1,2000,0,0,0,0,0,0,0,0,0,0
120344,1,1,2000,21,21,21,21,21,21,21,21,21,21
120344,2,1,2000,0,0,0,0,0,0,0,0,0,0
120344,3,1,2000,0,0,0,0,0,0,0,0,0,0
120345,1,1,2000,6,6,6,6,6,6,6,6,6,6
120346,1,1,2000,0,0,0,0,0,0,0,0,0,0
120346,2,1,2000,0,0,0,0,0,0,0,0,0,0
120346,3,1,2000,0,0,0,0,0,0,0,0,0,0
120347,1,1,2000,0,0,6,0,0,0,0,0,0,0
120347,2,1,2000,0,0,0,0,0,0,0,0,0,0
120348,1,1,2000,0,12,9,0,0,0,0,12,0,0
120348,2,1,2000,0,0,0,0,0,0,0,0,0,0
120349,1,1,2000,25,25,25,25,25,25,25,25,25,25
120349,2,1,2000,0,0,0,0,0,0,0,0,0,0
120350,1,1,2000,0,0,0,0,0,0,0,0,0,0
120351,1,1,2000,19,19,19,19,19,19,19,19,19,19
120351,2,1,2000,0,0,0,0,0,0,0,0,0,0
120351,3,1,2000,0,0,0,0,0,0,0,7,0,0
120352,1,1,2000,0,11,16,30,13,35,0,0,0,0
120352,2,1,2000,9,9,9,9,9,9,9,9,9,9
120353,0,1,2000,0,0,0,0,0,0,0,0,0,0
120353,1,1,2000,0,0,0,0,0,0,0,0,0,0
120354,0,1,2000,0,0,20,0,0,0,0,0,0,0
120354,1,1,2000,0,0,0,0,0,0,0,0,0,0
120355,1,1,2000,10,19,15,4,20,19,12,0,12,5
120355,2,1,2000,23,0,5,0,11,16,12,14,22,0
120356,1,1,2000,0,0,0,0,0,0,0,0,0,0
120356,2,1,2000,0,0,0,0,0,0,0,0,0,0
120357,1,1,2000,0,0,0,0,0,0,0,0,0,0
120357,2,1,2000,0,0,0,0,0,0,0,0,0,0
120358,1,1,2000,17,17,17,17,17,17,17,17,17,17
120358,2,1,2000,0,0,0,0,0,0,0,0,0,0
120359,0,1,2000,33,33,33,33,33,33,33,33,33,33
120359,1,1,2000,0,0,0,0,0,0,0,0,0,0
120360,1,1,2000,0,18,20,0,12,0,20,0,0,9
120361,1,1,2000,0,0,0,0,0,0,0,0,0,0
120362,1,1,2000,0,0,13,0,0,15,0,0,0,0
120362,2,1,2000,4,4,4,4,4,4,4,4,4,4
120363,0,1,2000,17,17,17,17,17,17,17,17,17,17
120363,1,1,2000,0,0,0,0,0,0,0,0,0,0
120364,1,1,2000,0,0,0,0,0,0,0,0,0,0
120364,2,1,2000,0,0,0,0,0,0,0,0,0,0
120365,1,1,2000,20,20,20,20,20,20,20,20,20,20
120365,2,1,2000,0,0,0,0,0,0,0,0,0,0
120366,0,1,2000,0,0,0,0,0,0,0,0,0,0
120366,1,1,2000,0,0,0,0,0,0,0,0,0,0
120367,0,1,2000,0,0,0,0,0,0,0,20,0,0
120367,1,1,2000,11,0,0,0,0,14,0,0,0,0
120368,1,1,2000,0,0,0,0,0,0,0,0,0,0
120368,2,1,2000,0,0,0,0,0,0,0,0,0,0
120369,0,1,2000,17,17,17,17,17,17,17,17,17,17
120369,1,1,2000,0,0,0,0,0,0,0,0,0,0
120370,1,1,2000,35,35,35,35,35,35,35,35,35,35
120371,1,1,2000,0,0,0,0,0,0,0,0,0,0
120371,2,1,2000,0,0,0,0,0,0,0,0,0,0
120372,0,1,2000,0,0,0,0,0,0,0,0,0,0
120372,1,1,2000,0,0,0,0,0,0,0,0,0,0
120373,1,1,2000,0,0,0,0,0,0,0,0,0,0
120373,2,1,2000,0,0,0,0,0,0,0,0,0,0
120374,1,1,2000,0,0,0,0,0,0,0,0,0,0
120374,2,1,2000,0,0,0,0,0,0,0,0,0,0
120375,0,1,2000,24,24,24,24,24,24,24,24,24,24
120375,1,1,2000,16,0,0,0,0,11,0,0,0,0
120376,0,1,2000,0,0,0,10,0,0,0,0,0,0
120376,1,1,2000,0,0,0,0,0,0,0,0,0,0
120377,1,1,2000,0,0,0,0,0,0,0,9,0,0
120378,1,1,2000,0,0,0,0,0,0,0,0,0,0
120378,2,1,2000,0,0,0,0,0,0,0,0,0,0
120379,1,1,2000,0,13,0,0,0,0,0,0,0,0
120379,2,1,2000,0,0,0,0,0,0,0,0,0,0
120380,1,1,2000,0,0,0,0,0,0,0,0,0,0
120380,2,1,2000,0,0,0,0,0,0,0,0,0,0
120381,0,1,2000,28,28,28,28,28,28,28,28,28,28
120381,1,1,2000,0,0,0,0,0,0,0,0,0,0
120382,0,1,2000,0,0,0,0,0,0,0,0,0,0
120382,1,1,2000,0,0,0,0,0,20,0,0,0,0
120383,0,1,2000,0,0,0,0,0,0,0,0,0,0
120383,1,1,2000,0,0,0,0,0,0,0,0,0,0
120384,0,1,2000,3,3,3,3,3,3,3,3,3,3
120384,1,1,2000,0,10,0,0,0,0,0,0,6,0
120385,1,1,2000,4,4,4,4,4,4,4,4,4,4
120385,2,1,2000,0,26,19,17,10,0,0,12,9,0
120386,1,1,2000,0,0,0,0,0,0,7,8,0,0
120386,2,1,2000,0,0,0,0,0,0,0,0,0,0
120387,1,1,2000,0,0,0,0,0,0,0,0,0,0
120387,2,1,2000,0,19,0,0,0,0,0,0,0,21
120388,0,1,2000,0,0,0,0,0,0,12,0,0,0
120388,1,1,2000,8,8,8,8,8,8,8,8,8,8
120389,0,1,2000,0,0,0,0,7,0,0,0,0,0
120389,1,1,2000,0,11,0,0,0,5,12,5,24,21
120390,1,1,2000,0,0,0,0,0,0,0,0,0,0
120390,2,1,2000,0,0,0,0,0,0,0,0,0,0
120391,0,1,2000,0,0,24,0,0,0,0,0,0,33
120391,1,1,2000,0,0,0,0,0,0,0,0,0,0
120392,1,1,2000,0,0,0,0,0,0,0,0,0,0
120392,2,1,2000,0,0,0,0,0,0,0,0,0,0
120392,3,1,2000,0,0,0,0,0,0,0,0,0,0
120392,4,1,2000,0,0,0,0,0,0,0,0,0,0
120393,0,1,2000,0,0,0,0,0,0,0,0,0,0
120393,1,1,2000,0,0,0,0,0,0,0,0,17,0
120394,1,1,2000,0,0,0,0,0,0,0,0,0,0
120394,2,1,2000,0,0,0,0,0,0,0,0,0,3
120395,1,1,2000,0,0,0,0,0,0,0,0,0,0
120396,1,1,2000,0,0,0,0,0,0,0,0,0,0
120397,1,1,2000,20,20,20,20,20,20,20,20,20,20
120398,1,1,2000,0,0,0,0,0,0,0,0,0,0
120398,2,1,2000,0,0,0,0,0,0,0,0,0,0
120399,1,1,2000,16,16,16,16,16,16,16,16,16,16
120399,2,1,2000,0,0,0,0,0,0,0,0,0,0
120400,0,1,2000,0,0,0,0,0,0,0,0,0,0
120400,1,1,2000,0,0,0,0,0,0,0,0,0,0
120401,1,1,2000,0,0,0,0,0,0,0,0,0,0
120402,0,1,2000,0,0,0,0,0,0,0,0,0,0
120402,1,1,2000,0,0,0,0,0,0,0,0,0,0
120403,1,1,2000,5,5,5,5,5,5,5,5,5,5
120404,1,1,2000,0,0,0,0,0,0,0,0,0,0
120404,2,1,2000,0,0,0,0,0,0,0,0,0,0
120405,1,1,2000,0,0,0,0,0,0,0,0,0,0
120405,2,1,2000,0,0,0,0,0,0,0,0,0,0
120406,1,1,2000,0,0,0,0,0,0,0,0,0,0
120406,2,1,2000,0,0,0,0,0,0,0,0,0,0
120407,1,1,2000,0,0,0,0,0,0,0,0,0,0
120407,2,1,2000,26,26,26,26,26,26,26,26,26,26
120407,3,1,2000,0,0,0,0,0,0,0,0,0,0
120408,1,1,2000,0,0,0,0,0,0,0,0,0,0
120408,2,1,2000,0,0,0,0,0,0,0,0,0,0
120409,1,1,2000,19,19,19,19,19,19,19,19,19,19
120410,0,1,2000,7,7,7,7,7,7,7,7,7,7
120410,1,1,2000,0,0,0,0,0,0,0,0,0,0
120410,2,1,2000,0,0,0,25,0,0,0,0,0,0
120411,1,1,2000,0,0,0,0,0,0,0,0,0,0
120411,2,1,2000,0,0,0,0,0,0,0,0,0,0
120412,1,1,2000,15,15,15,15,15,15,15,15,15,15
120412,2,1,2000,0,0,0,0,0,0,0,0,0,0
120413,0,1,2000,26,26,26,26,26,26,26,26,26,26
120413,1,1,2000,0,0,0,0,0,0,0,0,0,0
120414,1,1,2000,0,0,0,0,0,0,0,0,0,0
120414,2,1,2000,0,0,0,0,0,0,0,0,0,0
120415,1,1,2000,28,28,28,28,28,28,28,28,28,28
120416,1,1,2000,0,3,0,0,0,0,0,0,14,0
120416,2,1,2000,0,0,0,0,0,0,0,0,0,0
120416,3,1,2000,0,0,0,0,0,5,21,0,0,0
120417,1,1,2000,0,0,0,0,0,0,0,0,0,0
120417,2,1,2000,0,0,0,0,0,0,0,0,0,0