ST_CASE,VEH_NO,PER_NO,YEAR,P1,P2,P3,P4,P5,P6,P7,P8,P9,P10
120418,0,1,2000,0,0,0,0,0,0,0,0,0,0
120418,1,1,2000,3,3,3,3,3,3,3,3,3,3
120419,0,1,2000,0,0,0,0,0,0,0,0,0,0
120419,1,1,2000,0,0,0,0,0,0,0,0,0,0
120420,1,1,2000,0,0,0,0,0,0,0,0,0,0
120421,1,1,2000,0,0,0,9,0,0,0,0,0,0
120421,2,1,2000,0,0,0,0,0,0,0,0,0,0
120422,0,1,2000,18,0,12,0,0,11,0,0,0,53
120422,1,1,2000,0,0,0,0,0,0,0,0,0,0
120423,1,1,2000,0,0,0,0,0,0,0,0,0,0
120423,2,1,2000,0,0,0,0,0,0,0,0,0,0
120424,1,1,2000,0,40,20,11,10,0,33,0,0,0
120424,2,1,2000,19,0,0,0,0,0,0,0,0,0
120425,1,1,2000,0,0,0,0,0,0,0,0,0,0
120425,2,1,2000,32,32,32,32,32,32,32,32,32,32
120426,1,1,2000,5,5,5,5,5,5,5,5,5,5
120427,1,1,2000,14,14,14,14,14,14,14,14,14,14
120428,0,1,2000,0,0,0,0,0,0,0,0,0,0
120428,1,1,2000,0,0,0,0,0,0,0,0,0,0
120429,1,1,2000,0,0,0,0,0,0,0,0,0,0
120429,2,1,2000,0,0,0,0,0,0,0,0,0,0
120429,3,1,2000,0,0,0,0,0,0,0,0,0,0
120430,1,1,2000,0,0,0,11,0,0,0,8,3,0
120430,2,1,2000,0,0,0,0,0,0,25,12,18,32
120431,1,1,2000,9,9,9,9,9,9,9,9,9,9
120431,2,1,2000,0,0,0,0,0,0,0,0,0,0
120432,0,1,2000,0,0,0,0,0,0,0,0,0,0
120432,1,1,2000,0,0,0,0,0,0,0,0,0,0
120433,1,1,2000,0,0,0,0,0,0,0,0,0,0
120433,2,1,2000,0,0,0,0,0,0,0,0,0,0
120434,1,1,2000,12,12,12,12,12,12,12,12,12,12
120434,2,1,2000,0,0,0,0,0,0,0,0,0,0
120435,1,1,2000,0,0,0,0,0,0,0,0,0,0
120435,2,1,2000,0,0,0,0,0,0,0,0,0,0
120436,1,1,2000,0,0,0,0,0,0,0,0,0,0
120436,2,1,2000,0,0,0,0,0,0,0,0,0,0
120436,3,1,2000,0,0,0,0,0,0,16,0,0,0
120437,1,1,2000,0,0,0,0,0,0,0,0,0,0
120437,2,1,2000,0,0,0,0,0,0,0,0,0,0
120438,0,1,2000,0,0,0,0,0,0,0,0,0,0
120438,1,1,2000,0,0,0,0,0,0,0,0,0,0
120438,2,1,2000,0,0,0,0,0,0,0,0,0,0
120439,0,1,2000,0,0,0,0,0,0,0,0,0,0
120439,1,1,2000,0,0,0,0,0,0,0,0,0,0
120440,1,1,2000,0,0,0,0,0,0,0,0,0,0
120440,2,1,2000,0,0,0,0,0,0,0,0,0,0
120441,0,1,2000,0,0,0,0,0,0,0,0,0,0
120441,1,1,2000,0,0,0,0,0,0,0,0,0,0
120442,0,1,2000,34,34,34,34,34,34,34,34,34,34
120442,1,1,2000,0,0,0,0,0,0,6,0,0,0
120443,1,1,2000,17,17,17,17,17,17,17,17,17,17
120444,1,1,2000,0,0,0,0,0,0,0,0,0,0
120444,2,1,2000,0,0,0,0,0,0,0,0,0,0
120445,1,1,2000,0,0,0,0,0,0,0,0,0,0
120445,2,1,2000,14,14,14,14,14,14,14,14,14,14
120446,1,1,2000,0,0,0,0,0,0,0,0,0,0
120447,0,1,2000,0,0,0,0,0,0,0,0,0,0
120447,1,1,2000,0,0,0,0,0,0,0,0,0,0
120448,1,1,2000,0,0,0,0,0,0,0,0,0,0
120448,2,1,2000,0,0,0,0,0,0,0,0,0,0
120448,3,1,2000,0,0,0,0,0,0,0,0,0,0
120448,4,1,2000,0,0,0,0,0,0,0,0,0,0
120449,1,1,2000,0,0,0,0,0,0,0,0,0,0
120449,2,1,2000,0,0,0,0,0,0,0,0,0,0
120450,1,1,2000,0,0,0,0,0,0,0,0,0,0
120450,2,1,2000,0,0,0,0,0,0,0,0,0,0
120450,3,1,2000,0,0,0,0,0,0,0,0,0,0
120451,1,1,2000,0,0,0,0,0,0,0,0,0,0
120451,2,1,2000,0,0,0,0,0,0,0,0,0,0
120452,1,1,2000,0,0,0,0,0,0,0,0,0,0
120452,2,1,2000,0,0,0,0,0,0,0,0,0,0
120453,0,1,2000,0,31,0,11,0,22,0,29,8,0
120453,1,1,2000,0,0,0,0,0,0,0,0,0,0
120454,1,1,2000,0,0,0,0,0,0,0,0,0,0
120454,2,1,2000,0,0,0,0,0,0,0,0,0,0
120455,1,1,2000,4,4,4,4,4,4,4,4,4,4
120456,1,1,2000,0,0,0,0,0,0,0,0,0,0
120456,2,1,2000,0,0,0,0,0,0,0,0,0,0
120457,1,1,2000,0,0,0,0,0,0,0,0,0,0
120458,1,1,2000,0,0,0,0,0,0,0,0,0,0
120458,2,1,2000,0,0,0,0,0,0,0,0,0,0
120459,0,1,2000,36,36,36,36,36,36,36,36,36,36
120459,1,1,2000,0,0,0,0,0,0,0,0,0,0
120460,1,1,2000,0,0,0,0,0,0,0,0,0,0
120461,1,1,2000,0,0,0,0,0,3,0,0,0,0
120461,2,1,2000,0,0,0,0,0,0,0,0,0,0
120462,1,1,2000,0,16,27,23,20,23,7,0,0,5
120463,1,1,2000,9,9,9,9,9,9,9,9,9,9
120463,2,1,2000,22,22,22,22,22,22,22,22,22,22
120464,0,1,2000,0,0,0,0,0,0,0,0,0,0
120464,1,1,2000,0,0,0,0,0,0,0,0,0,0
120465,0,1,2000,0,0,35,0,12,0,0,0,0,0
120465,1,1,2000,0,0,23,0,0,0,0,0,0,0
120466,1,1,2000,3,3,3,3,3,3,3,3,3,3
120466,2,1,2000,20,20,20,20,20,20,20,20,20,20
120467,1,1,2000,0,0,0,0,0,0,0,0,0,0
120467,2,1,2000,0,0,0,0,0,0,0,0,0,0
120468,1,1,2000,0,0,0,0,0,0,0,0,0,0
120469,0,1,2000,0,0,0,0,0,0,0,0,0,0
120469,1,1,2000,0,0,0,0,0,0,0,0,0,0
120470,0,1,2000,0,0,0,0,0,0,0,0,0,0
120470,0,2,2000,0,0,0,0,0,0,0,0,0,0
120470,1,1,2000,10,10,10,10,10,10,10,10,10,10
120471,1,1,2000,3,3,3,3,3,3,3,3,3,3
120472,1,1,2000,0,0,0,0,0,0,0,0,0,0
120472,2,1,2000,0,0,0,0,0,0,0,0,0,0
120473,1,1,2000,10,10,10,10,10,10,10,10,10,10
120473,2,1,2000,0,0,0,0,0,0,0,0,0,0
120473,3,1,2000,0,0,0,0,0,0,0,0,0,0
120474,0,1,2000,0,0,0,0,0,0,0,0,0,0
120474,1,1,2000,0,0,0,0,0,0,0,0,0,0
120475,1,1,2000,0,0,0,0,0,0,0,0,0,0
120475,2,1,2000,0,0,0,0,0,0,0,0,0,0
120475,3,1,2000,0,0,0,0,0,0,0,0,0,0
120476,0,1,2000,9,9,9,9,9,9,9,9,9,9
120476,1,1,2000,0,0,0,0,0,0,0,0,0,0
120477,0,1,2000,0,0,0,0,0,0,0,0,0,0
120477,1,1,2000,0,0,0,0,0,0,0,0,0,0
120478,1,1,2000,10,10,10,10,10,10,10,10,10,10
120479,1,1,2000,0,0,0,0,0,0,0,0,0,0
120480,1,1,2000,0,0,0,0,0,0,0,0,0,0
120480,2,1,2000,0,0,0,0,0,0,0,0,0,0
120481,0,1,2000,0,0,0,0,0,0,0,0,0,0
120481,1,1,2000,0,0,0,0,0,12,0,9,0,14
120482,1,1,2000,21,21,21,21,21,21,21,21,21,21
120483,1,1,2000,0,0,0,0,0,0,0,0,0,0
120483,2,1,2000,9,9,9,9,9,9,9,9,9,9
120484,0,1,2000,23,0,0,0,0,0,0,30,0,0
120484,1,1,2000,0,0,0,0,0,0,0,0,0,0
120485,1,1,2000,0,0,0,0,0,0,0,0,0,0
120485,2,1,2000,0,0,0,0,0,0,0,0,0,0
120485,3,1,2000,0,0,0,0,0,0,0,0,0,0
120485,4,1,2000,0,0,0,0,0,0,0,0,0,0
120486,1,1,2000,0,0,0,0,0,0,0,0,0,0
120487,0,1,2000,22,22,22,22,22,22,22,22,22,22
120487,1,1,2000,0,0,0,0,0,0,0,0,0,0
120488,0,1,2000,0,0,0,0,0,0,0,0,0,0
120488,1,1,2000,0,0,0,0,0,0,0,0,0,0
120489,0,1,2000,0,0,0,0,0,0,0,0,0,0
120489,1,1,2000,0,0,0,0,0,0,0,0,0,0
120490,1,1,2000,17,17,17,17,17,17,17,17,17,17
120491,0,1,2000,0,0,0,0,0,0,0,0,0,0
120491,0,2,2000,0,0,0,0,0,0,0,0,0,0
120491,0,3,2000,0,0,0,0,0,0,0,0,0,0
120491,1,1,2000,0,0,0,0,0,0,0,0,0,0
120492,0,1,2000,0,0,0,0,0,0,0,0,0,0
120492,1,1,2000,0,0,0,0,0,0,0,0,0,0
120493,1,1,2000,9,9,9,9,9,9,9,9,9,9
120493,2,1,2000,0,0,0,0,0,0,0,0,0,0
120494,0,1,2000,0,0,0,0,0,0,0,0,0,0
120494,1,1,2000,0,0,0,0,0,0,0,0,0,0
120495,1,1,2000,0,0,0,0,0,0,0,0,0,0
120495,2,1,2000,0,0,0,0,0,0,0,0,0,0
120496,1,1,2000,0,0,0,0,0,0,0,0,0,0
120496,2,1,2000,0,0,0,0,0,0,0,0,0,0
120497,1,1,2000,16,16,16,16,16,16,16,16,16,16
120498,1,1,2000,0,0,0,0,0,0,0,0,0,0
120498,2,1,2000,0,7,0,0,0,0,0,0,0,0
120499,1,1,2000,0,0,0,0,0,0,0,0,0,0
120499,2,1,2000,0,0,0,0,0,0,0,0,0,0
120500,0,1,2000,24,24,24,24,24,24,24,24,24,24
120500,1,1,2000,13,13,13,13,13,13,13,13,13,13
120501,2,1,2000,5,5,5,5,5,5,5,5,5,5
120501,3,1,2000,3,3,3,3,3,3,3,3,3,3
120502,0,1,2000,0,0,0,0,0,0,0,0,0,0
120502,0,2,2000,0,0,0,0,0,0,0,0,0,0
120502,1,1,2000,0,0,0,0,0,0,0,0,0,0
120502,2,1,2000,0,0,0,0,0,0,0,7,0,0
120502,3,1,2000,0,0,0,0,0,0,0,0,0,0
120502,4,1,2000,0,0,0,0,0,0,0,0,0,0
120502,5,1,2000,0,0,0,0,0,0,0,0,0,17
120502,6,1,2000,0,0,0,0,0,0,0,0,0,0
120502,7,1,2000,0,0,0,0,0,0,0,0,0,0
120503,1,1,2000,0,0,0,0,0,0,0,0,0,0
120503,2,1,2000,0,0,0,0,0,0,0,0,0,0
120504,0,1,2000,0,0,0,0,0,0,0,0,0,0
120504,1,1,2000,0,0,0,0,25,0,0,0,0,5
120505,0,1,2000,10,10,10,10,10,10,10,10,10,10
120505,1,1,2000,0,0,0,0,0,0,0,0,0,0
120506,1,1,2000,0,0,0,0,0,0,0,0,0,0
120506,2,1,2000,0,0,0,0,0,0,0,0,0,0
120507,0,1,2000,0,0,0,0,0,0,0,0,0,0
120507,1,1,2000,0,0,0,0,0,0,0,0,0,0
120508,1,1,2000,0,0,0,0,0,0,0,0,0,0
120508,2,1,2000,0,0,0,0,0,0,0,0,0,0
120509,1,1,2000,12,12,12,12,12,12,12,12,12,12
120510,1,1,2000,13,13,13,13,13,13,13,13,13,13
120510,2,1,2000,27,27,27,27,27,27,27,27,27,27
120511,1,1,2000,0,0,0,0,0,0,0,0,0,0
120511,2,1,2000,0,0,0,0,0,0,0,0,0,0
120512,1,1,2000,0,0,0,0,0,0,0,0,0,0
120513,1,1,2000,0,0,2,0,0,0,0,0,0,0
120513,2,1,2000,0,0,0,0,0,0,0,0,0,0
120514,1,1,2000,28,28,28,28,28,28,28,28,28,28
120514,2,1,2000,0,0,0,0,0,0,0,0,0,0
120515,0,1,2000,13,13,13,13,13,13,13,13,13,13
120515,1,1,2000,16,16,16,16,16,16,16,16,16,16
120516,1,1,2000,21,21,21,21,21,21,21,21,21,21
120516,2,1,2000,0,0,0,0,0,0,0,0,0,0
120517,1,1,2000,11,11,11,11,11,11,11,11,11,11
120518,1,1,2000,22,22,22,22,22,22,22,22,22,22
120519,1,1,2000,22,22,22,22,22,22,22,22,22,22
120519,2,1,2000,0,0,0,0,0,0,0,0,0,0
120520,1,1,2000,1,1,1,1,1,1,1,1,1,1
120520,2,1,2000,0,0,0,0,0,0,0,0,0,0
120521,1,1,2000,21,21,21,21,21,21,21,21,21,21
120522,1,1,2000,0,0,0,0,0,0,0,0,11,0
120522,2,1,2000,0,0,0,0,0,0,0,0,0,0
120523,1,1,2000,0,0,0,0,0,12,0,11,0,17
120523,2,1,2000,0,0,0,12,0,0,0,0,0,0
120524,1,1,2000,18,18,18,18,18,18,18,18,18,18
120525,1,1,2000,11,11,11,11,11,11,11,11,11,11
120525,2,1,2000,0,0,0,0,0,0,0,0,0,0
120526,1,1,2000,0,0,0,0,0,0,0,0,0,0
120526,2,1,2000,0,0,0,0,0,0,0,0,0,0
120526,3,1,2000,0,0,0,22,0,0,0,0,0,0
120526,4,1,2000,0,0,0,0,0,0,0,0,0,0
120526,5,1,2000,0,0,0,0,0,0,0,0,0,0
120526,6,1,2000,0,0,0,0,0,0,0,0,0,0
120526,7,1,2000,0,0,0,0,0,0,0,0,0,0
120526,8,1,2000,0,0,0,0,0,0,0,0,0,0
120526,9,1,2000,0,0,0,0,0,0,0,0,0,0
120526,10,1,2000,0,0,0,0,0,0,0,0,0,0
120526,11,1,2000,0,0,0,0,0,0,0,0,0,0
120526,12,1,2000,0,0,0,0,0,0,0,0,0,0
120526,13,1,2000,0,0,0,0,0,0,0,0,0,0
120526,14,1,2000,0,0,12,0,0,0,0,0,0,0
120526,15,1,2000,0,0,0,0,0,0,0,0,0,0
120527,1,1,2000,0,0,0,0,0,0,0,0,0,0
120527,2,1,2000,0,0,0,0,0,0,0,0,0,0
120528,1,1,2000,18,18,18,18,18,18,18,18,18,18
120528,2,1,2000,0,14,0,5,14,9,0,0,0,23
120529,1,1,2000,18,18,18,18,18,18,18,18,18,18
120530,1,1,2000,6,0,0,0,0,20,0,0,4,0
120530,2,1,2000,0,0,0,0,0,0,0,0,0,0
120531,0,1,2000,11,8,0,0,0,9,0,0,0,17
120531,1,1,2000,0,0,0,0,0,0,0,0,0,0
120532,1,1,2000,0,0,0,0,0,0,0,0,0,0
120532,2,1,2000,0,0,0,0,0,0,0,0,0,0
120532,3,1,2000,0,0,0,0,0,0,0,0,0,0
120533,0,1,2000,0,0,2,13,35,0,0,0,0,23
120533,1,1,2000,0,0,0,0,0,0,0,0,0,0
120534,0,1,2000,0,0,19,0,0,0,22,0,0,0
120534,1,1,2000,0,0,0,0,0,0,0,0,0,0
120535,1,1,2000,0,6,0,0,0,0,0,0,0,0
120535,2,1,2000,0,0,0,0,0,0,0,0,0,0
120535,3,1,2000,0,0,0,0,0,0,0,0,0,0
120536,0,1,2000,0,0,0,0,0,0,0,0,0,0
120536,1,1,2000,0,0,0,0,0,0,0,0,0,0
120537,1,1,2000,0,0,0,0,0,0,0,0,0,0
120538,1,1,2000,7,7,7,7,7,7,7,7,7,7
120538,2,1,2000,2,2,2,2,2,2,2,2,2,2
120538,3,1,2000,0,0,0,0,0,0,0,0,0,0
120539,0,1,2000,25,25,25,25,25,25,25,25,25,25
120539,1,1,2000,0,0,0,0,0,0,0,0,0,0
120540,1,1,2000,0,0,0,0,0,0,0,0,0,0
120540,2,1,2000,0,0,0,0,0,0,0,0,0,0
120541,1,1,2000,0,0,0,0,0,0,0,0,0,0
120542,0,1,2000,10,0,0,0,0,0,0,0,0,0
120542,1,1,2000,0,0,0,0,0,0,0,0,0,0
120542,2,1,2000,0,0,0,0,0,17,0,0,0,0
120543,1,1,2000,0,0,0,0,3,0,0,0,0,0
120543,2,1,2000,0,0,0,0,0,0,0,0,0,0
120544,1,1,2000,9,9,9,9,9,9,9,9,9,9
120545,1,1,2000,0,0,0,0,0,0,0,0,0,0
120545,2,1,2000,0,0,0,3,0,0,0,0,0,0
120545,3,1,2000,0,0,0,0,0,0,0,0,11,0
120546,1,1,2000,0,0,0,0,0,0,0,0,0,0
120547,1,1,2000,18,18,18,18,18,18,18,18,18,18
120548,0,1,2000,18,18,18,18,18,18,18,18,18,18
120548,1,1,2000,0,0,0,0,0,0,13,0,0,0
120549,0,1,2000,22,22,22,22,22,22,22,22,22,22
120549,1,1,2000,0,0,9,0,0,0,0,0,0,0
120550,1,1,2000,0,0,18,0,0,0,0,0,0,0
120550,2,1,2000,0,0,0,26,0,0,0,0,0,0
120551,1,1,2000,0,0,0,0,0,0,0,0,0,0
120551,2,1,2000,0,0,0,0,0,0,0,0,0,0
120552,1,1,2000,0,0,0,0,0,0,0,0,0,0
120552,2,1,2000,0,0,0,0,0,0,0,0,0,0
120553,1,1,2000,0,0,0,0,0,0,0,0,0,0
120553,2,1,2000,0,0,0,0,0,0,0,0,0,0
120554,1,1,2000,0,0,0,0,0,0,0,0,0,0
120555,0,1,2000,47,47,47,47,47,47,47,47,47,47
120555,1,1,2000,0,0,0,0,0,0,0,0,0,0
120556,1,1,2000,0,0,0,0,0,0,0,0,0,0
120556,2,1,2000,0,0,0,0,0,0,0,0,0,0
120557,0,1,2000,0,15,0,0,0,0,26,6,0,5
120557,1,1,2000,0,13,19,0,0,21,0,12,19,0
120558,1,1,2000,9,9,9,9,9,9,9,9,9,9
120558,2,1,2000,0,0,0,0,0,0,0,0,0,0
120559,1,1,2000,0,0,0,0,8,0,0,0,0,0
120559,2,1,2000,0,0,0,0,0,0,0,0,0,0
120560,0,1,2000,0,0,0,0,0,0,0,0,0,0
120560,1,1,2000,0,0,0,0,0,0,0,0,0,0
120561,1,1,2000,0,0,0,0,0,0,0,0,0,0
120561,2,1,2000,0,0,0,0,0,0,0,0,0,0
120562,1,1,2000,0,0,0,0,0,0,0,0,0,0
120562,2,1,2000,0,0,0,0,0,0,0,0,0,0
120562,3,1,2000,0,0,0,0,0,0,0,0,0,0
120563,1,1,2000,0,0,0,0,0,0,0,0,0,0
120563,2,1,2000,0,0,0,0,0,0,0,0,0,0
120564,1,1,2000,0,0,0,0,0,0,0,0,0,0
120564,2,1,2000,0,0,0,0,0,0,0,0,0,0
120565,1,1,2000,0,0,0,0,0,0,0,0,0,0
120565,2,1,2000,0,0,0,0,0,0,0,0,0,0
120565,3,1,2000,0,0,0,0,0,0,0,0,0,0
120565,4,1,2000,0,0,31,0,0,0,0,0,0,0
120565,5,1,2000,0,0,0,0,0,16,0,0,0,0
120565,6,1,2000,0,0,0,0,0,0,0,0,0,0
120566,0,1,2000,0,0,0,0,0,0,0,0,0,0
120566,1,1,2000,0,0,0,0,0,0,0,0,0,0
120567,1,1,2000,20,20,20,20,20,20,20,20,20,20
120567,2,1,2000,0,0,0,0,0,0,0,0,0,0
120568,0,1,2000,0,0,0,0,0,0,0,0,0,0
120568,1,1,2000,0,0,0,14,0,0,0,0,0,0
120568,2,1,2000,0,0,0,0,0,0,0,0,0,0
120569,1,1,2000,0,0,0,0,0,0,0,0,0,0
120570,1,1,2000,0,0,0,0,0,0,0,0,0,0
120570,2,1,2000,0,0,0,0,0,0,0,0,0,0
120571,1,1,2000,20,20,20,20,20,20,20,20,20,20
120572,1,1,2000,0,0,0,0,0,0,0,0,0,0
120573,1,1,2000,3,3,3,3,3,3,3,3,3,3
120574,1,1,2000,16,16,16,16,16,16,16,16,16,16
120574,2,1,2000,11,0,0,0,0,0,0,0,0,0
120575,1,1,2000,0,0,0,0,0,0,0,0,0,0
120575,2,1,2000,0,0,0,0,0,0,0,0,0,0
120576,1,1,2000,0,19,20,0,0,0,0,0,0,0
120577,1,1,2000,0,0,15,0,0,0,0,0,0,0
120577,2,1,2000,0,0,0,0,0,0,0,0,0,0
120578,0,1,2000,15,15,15,15,15,15,15,15,15,15
120578,0,2,2000,8,18,13,11,0,2,0,36,0,29
120578,1,1,2000,15,15,15,15,15,15,15,15,15,15
120579,1,1,2000,11,11,11,11,11,11,11,11,11,11
120580,1,1,2000,0,0,0,0,0,0,0,0,0,0
120580,2,1,2000,0,0,0,0,0,0,0,0,0,0
120581,0,1,2000,13,0,0,0,0,0,0,0,10,0
120581,1,1,2000,0,0,0,0,19,0,8,0,0,0
120582,1,1,2000,10,10,10,10,10,10,10,10,10,10
120583,0,1,2000,23,23,23,23,23,23,23,23,23,23
120583,1,1,2000,0,0,0,0,0,0,0,0,0,0
120584,0,1,2000,0,0,31,0,26,23,27,0,0,14
120584,1,1,2000,7,7,7,7,7,7,7,7,7,7
120584,2,1,2000,0,0,19,22,0,21,0,23,11,14
120585,1,1,2000,0,0,0,0,0,0,0,0,0,0
120586,1,1,2000,21,21,21,21,21,21,21,21,21,21
120586,2,1,2000,0,0,0,0,0,0,0,0,0,0
120587,1,1,2000,0,0,0,0,0,0,0,0,0,0
120588,1,1,2000,0,0,0,0,0,0,0,0,0,0
120588,2,1,2000,0,0,0,0,0,0,0,0,0,0
120588,3,1,2000,0,0,0,0,0,0,0,0,0,0
120589,0,1,2000,17,17,17,17,17,17,17,17,17,17
120589,1,1,2000,0,0,0,0,0,0,0,0,0,0
120589,2,1,2000,0,0,0,0,0,0,0,0,0,0
120589,3,1,2000,0,0,0,0,0,0,0,0,0,0
120589,4,1,2000,0,0,0,0,0,0,0,0,0,0
120590,0,1,2000,24,24,24,24,24,24,24,24,24,24
120590,1,1,2000,4,0,0,0,0,0,0,0,17,0
120590,2,1,2000,9,9,9,9,9,9,9,9,9,9
120590,3,1,2000,0,0,0,0,0,0,0,0,0,0
120591,1,1,2000,0,0,0,0,9,0,0,0,0,0
120591,2,1,2000,0,0,0,0,0,0,0,0,0,0
120592,1,1,2000,0,0,0,0,0,0,0,0,0,0
120592,2,1,2000,0,0,0,0,0,0,0,0,0,0
120593,1,1,2000,0,0,0,0,0,0,0,0,0,0
120593,2,1,2000,0,0,0,0,0,0,0,0,0,0
120594,0,1,2000,19,19,19,19,19,19,19,19,19,19
120594,1,1,2000,19,19,19,19,19,19,19,19,19,19
120595,1,1,2000,0,0,0,0,0,0,0,0,0,0
120596,0,1,2000,0,0,0,0,0,0,0,0,0,0
120596,1,1,2000,0,0,0,0,0,0,0,0,0,0
120597,1,1,2000,5,5,5,5,5,5,5,5,5,5
120598,1,1,2000,0,5,0,0,0,0,0,0,0,0
120599,0,1,2000,16,16,16,16,16,16,16,16,16,16
120599,1,1,2000,0,0,0,0,0,0,0,0,0,0
120600,0,1,2000,0,0,0,0,0,0,0,0,0,0
120600,1,1,2000,0,0,0,0,0,0,0,0,0,0
120601,1,1,2000,6,6,6,6,6,6,6,6,6,6
120601,2,1,2000,0,0,11,0,0,0,0,0,0,13
120602,1,1,2000,0,0,0,0,0,0,0,0,0,0
120602,2,1,2000,0,0,0,0,0,0,0,0,0,0
120603,0,1,2000,21,21,21,21,21,21,21,21,21,21
120603,1,1,2000,0,0,0,0,0,0,0,0,0,0
120604,1,1,2000,0,0,0,0,0,0,0,0,0,0
120604,2,1,2000,0,0,0,0,0,0,0,0,0,0
120605,1,1,2000,0,0,0,0,0,0,0,0,0,0
120605,2,1,2000,0,0,0,0,0,0,0,0,0,0
120606,1,1,2000,0,0,0,0,0,0,0,10,0,0
120607,1,1,2000,13,13,13,13,13,13,13,13,13,13
120607,2,1,2000,0,0,0,0,0,0,0,0,0,0
120608,0,1,2000,28,28,28,28,28,28,28,28,28,28
120608,1,1,2000,0,0,0,0,12,0,0,0,0,20
120609,1,1,2000,0,0,0,0,0,0,0,0,0,0
120610,0,1,2000,0,0,0,0,0,0,0,0,0,0
120610,1,1,2000,0,0,0,0,0,3,0,0,0,0
120611,1,1,2000,20,20,20,20,20,20,20,20,20,20
120612,1,1,2000,4,4,4,4,4,4,4,4,4,4
120612,2,1,2000,12,12,12,12,12,12,12,12,12,12
120613,1,1,2000,6,6,6,6,6,6,6,6,6,6
120614,1,1,2000,0,0,0,0,0,13,9,0,0,0
120614,2,1,2000,24,0,0,0,0,0,0,0,11,0
120615,1,1,2000,0,0,0,0,0,0,0,0,0,0
120615,2,1,2000,0,0,0,0,0,0,0,0,0,0
120615,3,1,2000,0,0,0,0,0,0,0,0,0,0
120616,0,1,2000,0,0,0,0,0,0,0,0,0,0
120616,1,1,2000,0,0,0,0,0,0,0,0,0,0
120617,1,1,2000,9,9,9,9,9,9,9,9,9,9
120617,2,1,2000,0,0,0,0,0,0,0,0,0,0
120617,3,1,2000,0,0,0,0,0,0,0,0,0,0
120618,1,1,2000,19,19,19,19,19,19,19,19,19,19
120619,0,1,2000,0,0,0,0,0,0,0,0,0,0
120619,1,1,2000,12,12,12,12,12,12,12,12,12,12
120620,1,1,2000,0,0,0,0,0,0,0,0,0,0
120621,1,1,2000,0,0,0,0,0,0,0,0,0,0
120621,2,1,2000,0,0,0,0,0,0,0,0,0,0
120622,1,1,2000,0,0,0,0,0,0,0,0,0,0
120622,2,1,2000,0,0,0,0,0,0,0,0,0,0
120623,1,1,2000,0,0,0,0,0,0,16,0,0,5
120623,2,1,2000,0,0,0,0,0,0,0,0,0,0
120623,3,1,2000,0,0,0,0,0,0,0,0,0,0
120624,0,1,2000,0,0,0,0,0,0,0,0,0,0
120624,1,1,2000,0,0,0,0,0,0,0,0,0,0
120625,1,1,2000,0,0,0,0,0,0,0,0,0,0
120625,2,1,2000,0,0,0,0,0,0,0,0,0,0
120625,3,1,2000,0,0,0,0,0,0,0,0,0,0
120626,0,1,2000,14,14,14,14,14,14,14,14,14,14
120626,1,1,2000,0,0,0,0,0,0,0,0,0,0
120627,0,1,2000,0,0,0,0,0,0,0,0,0,0
120627,1,1,2000,45,45,45,45,45,45,45,45,45,45
120628,1,1,2000,30,30,30,30,30,30,30,30,30,30
120630,1,1,2000,0,0,0,0,0,0,0,0,0,0
120630,2,1,2000,0,0,0,0,0,0,16,0,0,0
120631,1,1,2000,0,0,0,0,0,0,0,0,0,0
120632,1,1,2000,0,0,0,0,0,0,0,0,0,0
120633,1,1,2000,26,26,26,26,26,26,26,26,26,26
120634,1,1,2000,22,16,0,5,0,25,0,0,16,11
120634,2,1,2000,0,24,0,0,0,0,0,0,0,0
120635,1,1,2000,23,23,23,23,23,23,23,23,23,23
120635,2,1,2000,7,7,7,7,7,7,7,7,7,7
120636,1,1,2000,0,0,0,0,0,0,0,0,0,0
120637,1,1,2000,22,22,22,22,22,22,22,22,22,22
120637,2,1,2000,26,6,0,0,2,18,0,0,9,0
120638,1,1,2000,0,0,0,0,0,0,0,0,0,0
120639,0,1,2000,0,0,0,0,0,23,0,0,0,0
120639,1,1,2000,0,0,0,0,0,0,0,0,0,0
120640,1,1,2000,22,22,22,22,22,22,22,22,22,22
120641,1,1,2000,20,20,20,20,20,20,20,20,20,20
120642,1,1,2000,24,24,24,24,24,24,24,24,24,24
120643,0,1,2000,0,0,0,0,0,0,0,0,0,0
120643,1,1,2000,0,0,0,0,0,0,0,0,0,0
120644,0,1,2000,13,19,16,12,8,29,18,17,11,20
120644,1,1,2000,0,0,16,0,0,0,0,0,0,0
120645,1,1,2000,7,7,7,7,7,7,7,7,7,7
120646,1,1,2000,21,21,21,21,21,21,21,21,21,21
120646,2,1,2000,0,0,0,0,7,0,0,0,0,0
120647,1,1,2000,27,27,27,27,27,27,27,27,27,27
120647,2,1,2000,0,0,0,0,0,0,0,0,0,0
120648,1,1,2000,0,0,0,0,0,0,0,0,0,0
120649,1,1,2000,16,16,16,16,16,16,16,16,16,16
120650,0,1,2000,20,20,20,20,20,20,20,20,20,20
120650,1,1,2000,0,0,0,0,0,0,0,11,0,0
120651,1,1,2000,23,23,23,23,23,23,23,23,23,23
120651,2,1,2000,0,0,0,0,0,0,0,0,0,0
120652,0,1,2000,30,30,30,30,30,30,30,30,30,30
120652,1,1,2000,0,0,0,12,0,11,14,13,0,5