ST_CASE,VEH_NO,PER_NO,YEAR,P1,P2,P3,P4,P5,P6,P7,P8,P9,P10
120652,2,1,2000,0,0,0,0,0,0,0,0,0,0
120653,1,1,2000,0,0,0,0,0,0,0,0,0,0
120653,2,1,2000,0,0,0,0,0,0,0,0,0,0
120654,1,1,2000,11,0,0,0,8,0,0,0,0,0
120655,1,1,2000,37,37,37,37,37,37,37,37,37,37
120656,1,1,2000,5,5,5,5,5,5,5,5,5,5
120657,1,1,2000,19,19,19,19,19,19,19,19,19,19
120658,1,1,2000,0,0,0,0,0,0,0,0,0,0
120658,2,1,2000,0,0,0,0,0,0,0,0,0,0
120659,1,1,2000,20,20,20,20,20,20,20,20,20,20
120660,1,1,2000,22,22,22,22,22,22,22,22,22,22
120661,1,1,2000,0,0,0,0,0,0,0,0,0,0
120662,1,1,2000,23,23,23,23,23,23,23,23,23,23
120663,1,1,2000,37,37,37,37,37,37,37,37,37,37
120663,2,1,2000,0,15,0,0,0,0,0,0,0,0
120664,1,1,2000,6,6,6,6,6,6,6,6,6,6
120665,1,1,2000,38,38,38,38,38,38,38,38,38,38
120665,2,1,2000,0,0,0,0,0,0,0,0,0,0
120666,1,1,2000,2,0,0,0,0,0,0,0,0,0
120666,2,1,2000,15,15,15,15,15,15,15,15,15,15
120667,1,1,2000,0,0,0,0,0,0,0,0,0,0
120668,0,1,2000,0,0,0,0,0,0,0,0,0,0
120668,1,1,2000,0,0,0,0,0,0,0,0,0,0
120669,1,1,2000,0,0,0,0,0,0,0,0,0,0
120669,2,1,2000,0,0,0,0,0,0,0,0,0,0
120670,1,1,2000,0,0,0,0,0,0,0,0,0,0
120670,2,1,2000,0,0,0,0,0,0,0,0,0,0
120671,1,1,2000,0,0,0,0,0,0,0,0,0,0
120672,1,1,2000,13,13,13,13,13,13,13,13,13,13
120672,2,1,2000,3,3,3,3,3,3,3,3,3,3
120673,1,1,2000,0,0,0,0,0,0,0,0,0,0
120674,1,1,2000,0,0,0,0,0,0,0,0,0,0
120674,2,1,2000,0,0,0,0,0,0,0,0,0,0
120675,1,1,2000,20,20,20,20,20,20,20,20,20,20
120676,1,1,2000,0,0,0,0,0,0,0,0,0,0
120677,1,1,2000,0,0,0,0,0,0,0,0,0,0
120677,2,1,2000,0,12,0,0,0,0,26,0,0,0
120678,1,1,2000,0,0,0,0,0,0,0,0,0,0
120678,2,1,2000,0,0,0,0,0,0,0,0,0,0
120679,1,1,2000,12,12,12,12,12,12,12,12,12,12
120679,2,1,2000,11,11,11,11,11,11,11,11,11,11
120680,1,1,2000,18,18,18,18,18,18,18,18,18,18
120681,0,1,2000,0,0,0,0,0,0,0,0,0,0
120681,1,1,2000,0,0,0,0,0,5,0,0,0,0
120682,1,1,2000,0,0,0,0,0,0,0,0,0,0
120683,0,1,2000,0,0,0,0,0,0,0,0,0,0
120683,1,1,2000,0,20,5,0,14,8,12,0,0,0
120684,1,1,2000,21,21,21,21,21,21,21,21,21,21
120685,1,1,2000,1,1,1,1,1,1,1,1,1,1
120685,2,1,2000,0,0,0,0,0,0,0,0,0,0
120686,1,1,2000,18,18,18,18,18,18,18,18,18,18
120686,2,1,2000,20,20,20,20,20,20,20,20,20,20
120687,0,1,2000,0,0,0,0,0,0,0,0,0,0
120687,1,1,2000,16,0,0,11,0,0,0,0,0,0
120688,1,1,2000,0,0,0,0,0,0,0,0,0,0
120688,2,1,2000,0,0,0,0,0,0,0,0,0,0
120689,1,1,2000,0,0,0,0,0,0,0,0,0,0
120689,2,1,2000,0,0,0,0,0,0,0,0,0,0
120690,0,1,2000,24,24,24,24,24,24,24,24,24,24
120690,1,1,2000,0,0,0,0,0,0,0,0,0,0
120691,1,1,2000,0,0,0,0,0,0,0,0,0,0
120691,2,1,2000,0,0,0,0,0,0,0,0,0,0
120691,3,1,2000,0,0,0,0,0,0,0,0,0,0
120692,1,1,2000,0,0,13,0,0,0,0,0,0,0
120693,1,1,2000,32,32,32,32,32,32,32,32,32,32
120694,1,1,2000,0,0,0,0,0,0,0,0,0,0
120694,2,1,2000,0,0,0,0,0,0,0,28,0,0
120695,1,1,2000,0,0,0,0,0,0,0,0,0,0
120695,2,1,2000,0,0,0,0,0,0,0,0,0,0
120696,1,1,2000,0,0,0,0,0,0,0,0,0,0
120696,2,1,2000,0,18,0,0,0,0,8,0,0,0
120697,1,1,2000,14,14,14,14,14,14,14,14,14,14
120698,1,1,2000,21,0,0,0,0,0,16,0,0,0
120699,0,1,2000,0,0,0,0,0,0,0,0,0,0
120699,1,1,2000,0,0,0,0,0,0,0,0,0,0
120700,1,1,2000,0,0,0,0,0,0,0,0,0,0
120700,2,1,2000,0,0,0,0,0,0,0,0,0,0
120700,3,1,2000,0,0,0,0,4,0,0,14,0,0
120701,1,1,2000,0,0,0,0,0,0,0,0,0,0
120702,1,1,2000,13,0,0,0,0,0,0,0,0,0
120702,2,1,2000,0,0,0,0,0,0,7,0,0,0
120702,3,1,2000,0,0,0,0,0,0,0,0,0,0
120703,1,1,2000,0,0,0,0,0,0,0,0,0,0
120704,1,1,2000,0,0,0,0,0,0,0,0,0,0
120704,2,1,2000,0,2,0,0,0,0,0,0,0,0
120705,1,1,2000,0,0,0,0,0,0,0,0,0,0
120705,2,1,2000,0,0,0,25,0,0,0,0,0,0
120706,1,1,2000,0,0,0,0,0,0,0,0,0,0
120706,2,1,2000,0,0,0,0,0,0,0,0,0,10
120706,3,1,2000,0,0,0,0,0,0,0,0,0,0
120707,1,1,2000,0,0,0,0,0,0,0,0,0,0
120707,2,1,2000,0,0,0,0,0,0,0,0,0,0
120707,3,1,2000,0,0,0,0,0,0,0,0,3,0
120708,1,1,2000,0,0,0,0,0,0,0,0,0,0
120708,2,1,2000,0,0,0,0,0,0,0,0,0,0
120708,3,1,2000,0,0,0,0,0,0,0,23,0,0
120709,1,1,2000,0,0,0,0,0,0,0,0,0,0
120709,2,1,2000,0,0,0,0,0,0,0,0,0,0
120710,1,1,2000,0,0,0,0,0,0,0,0,0,0
120710,2,1,2000,0,0,5,0,0,0,0,0,0,0
120711,1,1,2000,3,3,3,3,3,3,3,3,3,3
120712,1,1,2000,0,0,0,0,0,0,0,0,0,0
120713,1,1,2000,0,0,0,0,0,0,0,0,0,0
120714,1,1,2000,25,25,25,25,25,25,25,25,25,25
120714,2,1,2000,0,0,0,0,0,0,0,0,0,0
120715,1,1,2000,0,0,0,0,0,0,0,0,0,0
120715,2,1,2000,0,0,0,0,0,0,0,0,0,0
120716,1,1,2000,0,0,0,0,0,0,0,0,0,0
120716,2,1,2000,0,0,0,0,0,0,0,0,22,0
120717,1,1,2000,0,0,0,0,0,0,0,0,0,0
120718,0,1,2000,0,0,13,0,10,0,26,0,0,0
120718,1,1,2000,6,0,18,0,0,0,0,0,0,0
120719,1,1,2000,27,27,27,27,27,27,27,27,27,27
120719,2,1,2000,0,0,0,0,0,0,0,0,0,0
120720,1,1,2000,0,0,0,0,0,0,0,0,0,0
120720,2,1,2000,0,0,0,0,0,0,0,0,0,0
120721,1,1,2000,0,0,0,0,0,0,0,0,0,13
120721,2,1,2000,0,0,0,0,0,0,0,0,0,0
120722,0,1,2000,0,0,0,14,0,21,29,0,0,0
120722,1,1,2000,0,0,0,0,0,0,0,0,0,0
120723,1,1,2000,10,10,10,10,10,10,10,10,10,10
120723,2,1,2000,16,0,0,0,0,0,0,0,0,0
120724,1,1,2000,0,0,0,0,0,0,0,0,0,0
120725,1,1,2000,0,0,0,0,0,0,0,0,0,0
120726,0,1,2000,0,0,0,0,0,0,0,0,0,0
120726,1,1,2000,0,0,0,0,7,0,5,0,10,0
120727,1,1,2000,24,24,24,24,24,24,24,24,24,24
120728,1,1,2000,0,0,0,0,0,0,0,0,0,0
120728,2,1,2000,1,1,1,1,1,1,1,1,1,1
120729,1,1,2000,14,14,14,14,14,14,14,14,14,14
120729,2,1,2000,0,0,19,0,0,0,0,0,0,0
120730,1,1,2000,0,0,0,0,0,0,0,0,0,0
120730,2,1,2000,0,5,0,0,0,0,0,0,0,0
120731,1,1,2000,0,0,0,0,0,0,0,0,0,0
120731,2,1,2000,0,0,0,0,0,0,0,0,0,0
120732,1,1,2000,0,0,0,0,0,0,0,0,0,0
120732,2,1,2000,0,0,0,0,0,0,0,0,0,0
120733,0,1,2000,0,0,0,0,0,0,0,0,0,0
120733,1,1,2000,0,0,0,0,0,0,0,0,0,0
120734,1,1,2000,0,0,0,0,0,0,0,0,0,0
120735,1,1,2000,0,0,0,0,0,0,0,0,0,0
120735,2,1,2000,0,0,0,0,0,0,0,0,0,0
120736,1,1,2000,2,2,2,2,2,2,2,2,2,2
120737,1,1,2000,24,24,24,24,24,24,24,24,24,24
120737,2,1,2000,0,0,0,0,0,0,0,0,0,0
120738,1,1,2000,26,26,26,26,26,26,26,26,26,26
120739,1,1,2000,7,7,7,7,7,7,7,7,7,7
120740,1,1,2000,0,0,0,0,0,0,0,0,0,0
120740,2,1,2000,0,0,0,0,0,0,0,0,7,0
120741,0,1,2000,0,0,0,0,0,0,0,0,0,0
120741,1,1,2000,22,22,22,22,22,22,22,22,22,22
120741,2,1,2000,0,16,0,0,0,10,0,0,23,13
120742,1,1,2000,14,14,14,14,14,14,14,14,14,14
120743,1,1,2000,14,14,14,14,14,14,14,14,14,14
120743,2,1,2000,0,0,0,0,0,0,0,0,0,0
120743,3,1,2000,0,0,0,0,0,0,0,0,0,0
120744,1,1,2000,0,0,0,0,0,0,0,0,0,0
120744,2,1,2000,0,0,0,0,0,0,0,0,0,0
120745,1,1,2000,9,18,24,12,22,24,15,9,18,33
120746,1,1,2000,0,0,0,0,0,0,0,0,0,0
120746,2,1,2000,0,0,0,0,0,0,0,0,0,0
120747,1,1,2000,0,0,0,0,0,0,0,0,0,0
120748,1,1,2000,0,0,0,0,0,0,0,0,0,0
120749,0,1,2000,0,0,0,0,0,0,0,0,0,0
120749,1,1,2000,0,0,0,0,0,0,0,0,0,0
120750,1,1,2000,0,0,0,0,0,0,0,12,11,0
120751,1,1,2000,0,0,0,0,0,0,0,0,0,0
120751,2,1,2000,0,0,0,0,0,0,0,0,0,0
120752,1,1,2000,0,0,0,0,0,0,0,0,0,0
120753,1,1,2000,23,23,23,23,23,23,23,23,23,23
120754,1,1,2000,8,8,8,8,8,8,8,8,8,8
120754,2,1,2000,0,0,7,0,0,0,9,7,13,0
120754,3,1,2000,0,0,0,0,8,0,0,23,7,0
120755,1,1,2000,0,0,0,0,0,0,0,0,0,0
120755,2,1,2000,0,0,0,0,7,0,0,0,0,0
120756,1,1,2000,9,9,9,9,9,9,9,9,9,9
120756,2,1,2000,0,3,0,10,0,0,6,0,10,1
120757,1,1,2000,1,1,1,1,1,1,1,1,1,1
120758,1,1,2000,0,0,0,0,0,0,0,0,0,0
120759,1,1,2000,36,36,36,36,36,36,36,36,36,36
120759,2,1,2000,11,0,0,0,0,0,0,0,0,0
120759,3,1,2000,6,0,12,0,0,0,0,8,0,0
120760,1,1,2000,35,35,35,35,35,35,35,35,35,35
120761,1,1,2000,0,0,0,0,0,0,0,0,0,0
120762,0,1,2000,23,23,23,23,23,23,23,23,23,23
120762,1,1,2000,0,0,0,0,0,0,0,0,0,0
120763,0,1,2000,0,0,0,0,0,0,0,0,0,0
120763,1,1,2000,0,0,0,0,0,0,0,0,0,0
120764,1,1,2000,0,0,0,7,0,0,0,0,0,0
120764,2,1,2000,0,0,0,0,0,0,0,0,0,14
120765,1,1,2000,0,0,0,0,0,0,0,0,0,0
120765,2,1,2000,0,0,14,0,0,0,0,0,0,0
120765,3,1,2000,0,0,0,0,0,0,0,0,0,0
120766,1,1,2000,0,0,0,0,0,0,0,0,0,0
120767,1,1,2000,2,2,2,2,2,2,2,2,2,2
120767,2,1,2000,0,0,0,0,0,0,0,0,0,0
120768,1,1,2000,0,0,0,0,0,0,0,0,0,0
120768,2,1,2000,0,0,0,0,0,0,0,0,0,0
120769,0,1,2000,0,0,0,0,0,0,0,0,0,0
120769,1,1,2000,0,0,0,0,0,0,0,0,0,0
120770,1,1,2000,0,0,0,0,0,0,0,0,0,0
120771,1,1,2000,17,0,0,17,0,0,0,0,0,0
120772,0,1,2000,31,31,31,31,31,31,31,31,31,31
120772,1,1,2000,0,0,10,0,0,0,0,0,16,0
120772,2,1,2000,0,0,0,0,0,0,0,0,0,0
120772,3,1,2000,0,0,0,0,0,0,0,0,0,0
120773,1,1,2000,0,0,0,0,0,0,0,0,0,0
120773,2,1,2000,0,0,0,0,0,0,0,0,0,0
120774,1,1,2000,5,5,5,5,5,5,5,5,5,5
120774,2,1,2000,3,3,3,3,3,3,3,3,3,3
120774,3,1,2000,0,0,0,0,0,0,0,0,0,0
120775,0,1,2000,44,44,44,44,44,44,44,44,44,44
120775,1,1,2000,0,0,0,0,0,0,0,0,0,0
120776,1,1,2000,27,27,27,27,27,27,27,27,27,27
120777,1,1,2000,0,0,0,0,0,0,0,0,0,0
120777,2,1,2000,0,0,0,0,0,0,0,0,0,0
120778,1,1,2000,0,7,17,0,16,0,0,0,0,0
120779,1,1,2000,0,0,5,0,0,0,0,0,0,0
120779,2,1,2000,0,0,0,0,0,0,0,0,0,0
120780,1,1,2000,0,0,3,0,0,0,0,0,0,0
120780,2,1,2000,17,0,0,29,0,0,0,0,0,0
120780,3,1,2000,0,0,0,0,0,0,0,0,0,0
120780,4,1,2000,0,0,0,0,0,0,0,0,0,0
120781,1,1,2000,0,0,0,0,0,0,0,0,0,0
120781,2,1,2000,0,0,0,0,0,0,0,0,0,0
120782,1,1,2000,0,0,0,0,0,0,0,0,0,0
120782,2,1,2000,0,0,0,0,0,0,0,0,0,0
120783,1,1,2000,0,0,0,0,0,0,0,3,0,0
120783,2,1,2000,0,0,0,0,0,0,8,0,0,0
120784,1,1,2000,15,0,23,0,0,0,0,0,5,0
120785,1,1,2000,0,0,0,0,0,0,0,0,0,0
120785,2,1,2000,0,0,0,0,0,0,0,0,0,0
120785,3,1,2000,0,0,0,0,0,0,0,0,0,0
120786,0,1,2000,0,0,0,0,7,0,25,0,0,0
120786,1,1,2000,0,0,0,0,0,0,9,0,0,0
120787,1,1,2000,18,18,18,18,18,18,18,18,18,18
120788,0,1,2000,0,0,0,0,0,0,0,0,0,0
120788,1,1,2000,0,0,0,0,0,0,0,0,0,0
120789,1,1,2000,18,0,0,0,0,0,0,0,0,0
120790,0,1,2000,0,0,0,8,0,0,0,0,0,0
120790,0,2,2000,0,0,0,0,0,0,0,0,0,0
120790,1,1,2000,0,0,0,0,0,0,0,0,0,0
120791,1,1,2000,0,0,0,0,0,0,0,0,0,0
120791,2,1,2000,0,0,0,0,0,0,0,0,0,0
120792,1,1,2000,0,0,0,0,0,0,0,0,0,0
120792,2,1,2000,0,0,0,0,0,0,0,0,0,0
120793,1,1,2000,0,0,0,0,0,0,0,0,0,0
120793,2,1,2000,0,0,0,0,0,0,0,0,0,0
120794,1,1,2000,13,13,13,13,13,13,13,13,13,13
120795,0,1,2000,0,25,10,29,16,34,0,0,11,0
120795,1,1,2000,0,0,0,0,0,0,0,0,0,0
120796,1,1,2000,0,0,0,0,0,0,0,0,0,0
120796,2,1,2000,0,0,0,0,0,6,0,0,0,0
120797,1,1,2000,0,0,0,0,0,0,0,0,0,0
120798,1,1,2000,0,0,0,0,0,0,0,0,0,0
120798,2,1,2000,0,0,0,0,0,0,0,0,0,0
120799,1,1,2000,0,0,0,23,0,0,0,0,0,0
120799,2,1,2000,0,0,0,0,0,0,0,0,0,0
120800,0,1,2000,31,0,0,0,10,12,0,26,0,11
120800,1,1,2000,24,5,19,11,13,17,4,7,0,0
120801,1,2,2000,0,0,24,12,15,14,18,10,20,15
120802,1,1,2000,0,0,0,0,0,0,0,0,0,0
120802,2,1,2000,0,0,0,0,0,0,0,0,9,0
120803,1,1,2000,0,0,0,0,0,0,0,0,0,0
120803,2,1,2000,0,0,0,0,0,0,0,0,0,0
120803,3,1,2000,0,0,0,0,0,0,0,0,0,0
120803,4,1,2000,0,6,0,0,0,0,0,0,0,0
120804,1,1,2000,0,0,0,0,0,0,0,0,0,0
120805,1,1,2000,8,37,10,34,9,16,0,11,14,12
120806,1,1,2000,0,0,0,0,0,0,0,0,0,0
120806,2,1,2000,0,0,15,0,0,0,0,0,0,0
120806,3,1,2000,0,0,0,8,0,11,0,0,0,0
120807,0,1,2000,0,0,0,0,0,0,0,0,0,0
120807,0,2,2000,0,0,0,0,0,0,0,0,0,0
120807,1,1,2000,0,0,0,0,0,0,0,0,0,0
120808,1,1,2000,0,0,0,0,0,0,0,0,0,0
120808,2,1,2000,0,0,0,0,0,0,0,0,0,0
120809,1,1,2000,16,16,16,16,16,16,16,16,16,16
120809,2,1,2000,0,0,0,0,0,0,0,0,0,0
120810,1,1,2000,0,0,0,0,0,0,0,0,0,0
120810,2,1,2000,0,0,0,0,0,0,0,0,0,0
120810,3,1,2000,0,0,0,0,0,0,0,0,0,0
120811,0,1,2000,18,18,18,18,18,18,18,18,18,18
120811,1,1,2000,0,0,0,0,0,0,0,0,0,0
120812,1,1,2000,0,0,0,0,0,0,0,0,0,0
120812,2,1,2000,0,0,0,0,0,0,0,0,0,0
120813,1,1,2000,0,0,0,0,0,0,0,0,0,0
120814,1,1,2000,0,0,0,0,0,0,0,0,14,0
120814,2,1,2000,0,0,0,0,0,0,0,0,0,0
120815,1,1,2000,25,25,25,25,25,25,25,25,25,25
120816,1,1,2000,3,3,3,3,3,3,3,3,3,3
120816,2,1,2000,0,0,0,0,0,0,0,0,0,0
120817,1,1,2000,13,13,13,13,13,13,13,13,13,13
120818,1,1,2000,0,0,0,0,0,0,0,0,0,0
120818,2,1,2000,0,0,0,5,0,0,0,0,0,0
120819,1,1,2000,9,9,9,9,9,9,9,9,9,9
120819,2,1,2000,0,0,0,0,0,0,0,0,0,0
120820,1,1,2000,0,0,0,0,0,0,0,0,0,0
120820,2,1,2000,0,0,0,0,0,0,0,0,0,0
120821,1,1,2000,0,0,0,0,0,0,0,0,0,0
120822,1,1,2000,17,17,17,17,17,17,17,17,17,17
120822,2,1,2000,0,0,0,0,0,0,0,0,0,0
120823,1,1,2000,0,0,0,0,0,0,0,0,0,0
120823,2,1,2000,0,0,0,0,0,0,0,0,0,0
120823,3,1,2000,0,0,0,0,0,0,0,0,0,0
120824,1,1,2000,0,0,0,0,0,0,0,0,0,0
120824,2,1,2000,0,0,0,0,0,0,0,0,0,0
120825,0,1,2000,5,0,12,22,0,7,0,0,18,9
120825,0,2,2000,22,22,22,22,22,22,22,22,22,22
120825,2,1,2000,0,0,0,0,0,0,0,0,0,0
120826,0,1,2000,0,0,0,0,0,0,0,0,0,0
120826,0,2,2000,19,25,26,13,0,27,0,25,27,0
120826,1,1,2000,0,0,0,0,0,0,0,7,0,0
120827,1,1,2000,6,6,6,6,6,6,6,6,6,6
120828,0,1,2000,0,0,0,0,0,0,0,0,0,0
120828,1,1,2000,0,0,0,0,0,13,0,0,0,0
120829,0,1,2000,0,0,0,0,0,0,0,0,0,0
120829,1,1,2000,0,0,0,0,0,0,0,0,0,0
120830,1,1,2000,22,22,22,22,22,22,22,22,22,22
120831,0,1,2000,21,21,21,21,21,21,21,21,21,21
120831,1,1,2000,0,0,16,0,0,18,0,0,0,0
120832,1,1,2000,0,0,0,0,0,0,0,0,0,0
120833,1,1,2000,0,0,0,0,0,0,0,0,0,0
120834,0,1,2000,32,0,0,5,0,0,27,0,24,0
120834,1,1,2000,0,0,0,0,0,0,0,30,0,0
120835,1,1,2000,0,0,0,0,0,0,0,0,0,0
120835,2,2,2000,0,0,0,0,0,0,0,0,0,0
120836,1,1,2000,0,0,0,0,0,0,0,0,0,0
120836,2,1,2000,0,0,0,0,0,0,0,0,0,0
120837,1,1,2000,0,0,0,0,0,0,0,0,0,0
120837,2,1,2000,4,0,0,0,9,0,0,0,0,0
120838,0,1,2000,0,0,0,0,0,27,0,21,0,0
120838,1,1,2000,0,0,0,0,0,0,0,0,0,0
120839,1,1,2000,0,0,0,0,0,0,0,0,0,0
120839,2,1,2000,0,0,0,0,0,0,0,0,0,0
120840,1,1,2000,4,4,4,4,4,4,4,4,4,4
120840,2,1,2000,0,0,0,0,0,0,0,0,0,0
120841,1,1,2000,0,0,0,0,0,0,0,0,0,0
120842,0,1,2000,23,24,0,0,8,0,0,28,0,0
120842,1,1,2000,0,16,0,0,0,0,0,0,0,0
120843,1,1,2000,21,21,21,21,21,21,21,21,21,21
120844,1,1,2000,4,0,0,0,0,0,0,0,0,0
120845,1,1,2000,0,0,0,0,0,4,0,0,0,0
120845,2,1,2000,0,0,0,0,0,0,0,0,0,0
120846,1,1,2000,0,0,0,0,0,0,0,0,0,0
120846,2,1,2000,0,0,0,0,0,0,0,0,0,0
120847,1,1,2000,0,0,0,0,3,0,0,0,11,0
120848,1,1,2000,0,0,0,0,0,0,0,0,0,0
120848,2,1,2000,0,0,0,0,0,0,0,0,0,0
120849,1,1,2000,0,0,0,0,0,0,0,0,0,0
120849,2,1,2000,0,0,0,0,0,0,0,0,0,0
120850,1,1,2000,0,0,0,0,0,0,0,0,0,0
120850,2,1,2000,0,0,0,0,0,0,0,0,0,0
120851,0,1,2000,0,37,0,0,0,0,0,0,0,0
120851,1,1,2000,0,0,0,0,0,0,0,0,0,0
120852,1,1,2000,0,0,0,0,0,0,0,0,0,0
120853,1,1,2000,0,0,0,0,0,0,0,0,0,0
120853,2,1,2000,0,0,0,0,0,0,0,0,0,0
120853,3,1,2000,0,0,0,0,0,0,0,0,0,0
120854,1,1,2000,0,0,0,0,0,0,0,0,0,0
120854,2,1,2000,0,0,0,0,0,0,0,0,0,0
120855,1,1,2000,13,13,13,13,13,13,13,13,13,13
120856,1,1,2000,0,0,0,0,0,0,0,0,0,0
120856,2,1,2000,0,0,0,0,0,0,0,0,0,0
120856,3,1,2000,0,0,0,0,0,0,0,0,0,0
120856,4,1,2000,0,0,0,0,0,0,0,0,0,0
120856,5,1,2000,0,0,0,0,0,0,0,0,0,0
120857,1,1,2000,0,0,0,0,0,0,9,0,0,0
120857,2,1,2000,0,0,0,0,0,0,0,0,0,0
120858,1,1,2000,17,17,17,17,17,17,17,17,17,17
120859,1,1,2000,0,0,0,0,0,0,0,0,0,0
120859,2,1,2000,0,0,0,0,0,0,0,0,0,0
120860,1,1,2000,0,0,0,0,0,7,0,2,0,0
120860,2,1,2000,0,0,0,0,0,0,0,0,0,0
120861,1,1,2000,24,24,24,24,24,24,24,24,24,24
120862,0,1,2000,0,0,0,0,0,0,0,0,0,0
120862,1,1,2000,0,0,0,0,0,0,0,0,0,0
120863,1,1,2000,0,0,0,0,0,0,0,0,0,0
120863,2,1,2000,0,0,0,0,0,0,0,0,0,0
120864,1,1,2000,0,0,0,0,0,0,0,0,0,0
120864,2,1,2000,0,0,0,0,0,0,0,0,0,0
120865,1,1,2000,0,0,0,0,0,0,0,0,0,0
120865,2,1,2000,0,0,0,0,0,0,0,0,0,0
120866,1,1,2000,0,0,0,0,0,0,0,0,0,0
120867,0,1,2000,31,31,31,31,31,31,31,31,31,31
120867,1,1,2000,0,0,0,0,0,0,0,0,0,0
120868,1,1,2000,0,0,0,0,0,0,0,0,0,0
120868,2,1,2000,10,10,10,10,10,10,10,10,10,10
120869,1,1,2000,0,0,0,0,0,0,0,0,0,0
120869,2,1,2000,19,19,19,19,19,19,19,19,19,19
120870,1,1,2000,0,0,0,0,0,0,0,0,0,0
120871,1,1,2000,0,0,0,0,0,0,0,0,0,0
120871,2,1,2000,0,0,13,0,0,0,0,0,0,0
120872,1,1,2000,0,0,0,0,0,0,0,0,0,0
120873,1,1,2000,0,0,0,0,0,0,15,0,0,0
120873,2,1,2000,0,0,0,0,0,0,0,0,0,0
120874,0,1,2000,0,0,0,0,0,0,0,0,0,0
120874,1,1,2000,0,0,0,0,0,0,0,0,0,0
120875,1,1,2000,0,0,0,0,0,0,0,0,0,0
120875,2,1,2000,0,0,0,0,0,0,0,0,0,0
120876,1,1,2000,5,5,5,5,5,5,5,5,5,5
120877,1,1,2000,10,10,10,10,10,10,10,10,10,10
120878,1,1,2000,0,0,0,0,0,0,0,0,0,0
120878,2,1,2000,0,0,0,0,0,0,6,0,0,0
120879,1,1,2000,0,0,0,0,0,0,0,0,0,0
120879,2,1,2000,0,0,0,0,0,0,0,0,0,0
120880,1,1,2000,0,0,0,0,10,0,0,12,0,0
120881,0,1,2000,0,0,0,0,0,0,0,0,0,0
120881,1,1,2000,16,0,0,0,0,0,0,0,0,0
120882,1,1,2000,0,0,0,0,0,0,0,0,0,0
120882,2,1,2000,0,0,0,0,0,0,0,0,0,0
120883,1,1,2000,21,21,21,21,21,21,21,21,21,21
120884,1,1,2000,0,0,0,0,0,31,20,0,0,0
120885,1,1,2000,0,0,0,0,0,0,0,0,0,0
120885,2,1,2000,0,0,0,0,0,0,0,0,0,0
120886,0,1,2000,0,0,0,0,0,0,0,0,0,0
120886,0,2,2000,10,28,31,0,0,0,9,0,15,0
120886,1,1,2000,18,18,18,18,18,18,18,18,18,18
120887,0,1,2000,29,29,29,29,29,29,29,29,29,29
120887,1,1,2000,0,0,0,17,0,0,0,0,0,0
120888,1,1,2000,6,6,6,6,6,6,6,6,6,6
120889,1,1,2000,0,0,0,0,0,0,0,0,0,0
120889,2,1,2000,0,0,0,0,0,0,20,0,0,0
120890,0,1,2000,0,0,0,0,0,0,0,0,0,0
120890,1,1,2000,0,0,0,0,0,0,0,0,0,0
120891,1,1,2000,22,22,22,22,22,22,22,22,22,22
120892,1,1,2000,27,35,0,36,0,21,21,26,14,0
120893,1,1,2000,0,0,0,0,0,0,0,0,0,0
120893,2,1,2000,0,0,0,0,0,0,0,0,0,0
120894,1,1,2000,0,0,0,0,0,0,0,0,0,0
120894,2,1,2000,14,0,0,8,6,15,13,0,2,0
120895,1,1,2000,8,8,8,8,8,8,8,8,8,8
120895,2,1,2000,22,22,22,22,22,22,22,22,22,22
120896,0,1,2000,0,0,0,0,0,0,0,0,0,0
120896,1,1,2000,23,23,23,23,23,23,23,23,23,23
120897,1,1,2000,0,0,0,0,0,0,0,0,0,0
120897,2,1,2000,0,0,0,0,0,0,0,0,0,0
120898,1,1,2000,0,0,0,0,0,0,0,0,0,0
120898,2,1,2000,0,0,0,0,0,0,0,0,0,0
120899,1,1,2000,0,0,0,0,0,0,0,0,0,0
120899,2,1,2000,0,0,0,0,0,0,0,0,0,0
120900,1,1,2000,23,23,23,23,23,23,23,23,23,23
120900,2,1,2000,0,0,12,0,0,0,0,25,0,0
120901,1,1,2000,0,0,0,0,0,11,0,0,0,0
120902,1,1,2000,0,0,0,0,0,0,0,0,0,0
120903,0,1,2000,0,0,0,0,0,0,0,0,0,0
120903,1,1,2000,0,0,0,0,0,0,0,0,0,0
120904,1,1,2000,0,0,0,0,0,0,0,0,0,0
120904,2,1,2000,0,0,0,0,0,0,0,0,0,0
120905,1,1,2000,0,0,0,0,0,0,0,0,0,0
120905,2,1,2000,0,0,0,0,0,0,0,0,0,0
120906,1,1,2000,0,0,0,0,0,0,0,0,0,0
120906,2,1,2000,0,0,0,0,0,0,0,0,0,0
120906,3,1,2000,0,0,0,0,0,0,0,0,0,0
120907,0,1,2000,0,0,15,0,0,0,0,0,0,13
120907,1,1,2000,0,0,0,0,0,0,0,0,0,0
120908,1,1,2000,25,25,25,25,25,25,25,25,25,25
120909,1,1,2000,0,0,0,0,0,0,0,0,0,0
120909,2,1,2000,0,0,0,0,0,6,0,0,0,0
120910,1,1,2000,0,0,0,0,0,0,0,0,0,0
120910,2,1,2000,0,0,0,0,6,0,0,0,0,0
120911,1,1,2000,0,0,0,0,0,0,0,0,0,0
120912,1,1,2000,25,25,25,25,25,25,25,25,25,25
120913,1,1,2000,0,0,0,0,0,0,0,0,0,0
120913,2,1,2000,0,0,0,0,0,0,0,0,0,0
120914,0,1,2000,0,0,0,0,0,0,0,0,0,0
120914,1,1,2000,0,0,0,0,0,0,13,0,0,42