ST_CASE,VEH_NO,PER_NO,YEAR,P1,P2,P3,P4,P5,P6,P7,P8,P9,P10
120914,2,1,2000,0,0,0,0,0,0,0,0,0,0
120915,0,1,2000,0,0,0,0,0,0,0,0,0,0
120915,1,1,2000,0,0,0,0,0,0,0,0,0,0
120916,1,1,2000,21,21,21,21,21,21,21,21,21,21
120917,1,1,2000,3,3,3,3,3,3,3,3,3,3
120918,1,1,2000,0,0,0,0,0,0,0,0,0,0
120918,2,1,2000,0,0,0,0,0,16,0,0,0,0
120919,1,1,2000,0,0,0,0,0,0,0,0,0,0
120919,2,1,2000,0,0,0,0,0,0,0,0,0,0
120920,1,1,2000,0,0,0,0,0,0,0,0,0,0
120920,2,1,2000,0,0,0,0,0,0,0,0,0,0
120921,1,1,2000,0,0,0,0,0,0,0,0,0,0
120922,0,1,2000,0,0,0,7,25,12,4,7,0,11
120922,1,1,2000,18,18,18,18,18,18,18,18,18,18
120923,0,1,2000,0,15,0,34,9,11,0,0,0,15
120923,1,1,2000,0,0,0,0,0,0,0,0,0,0
120924,0,1,2000,0,0,0,0,0,0,0,0,0,0
120924,1,1,2000,0,15,0,0,0,0,0,0,4,0
120925,0,1,2000,0,0,0,23,10,24,34,27,34,31
120925,1,1,2000,0,0,0,0,4,0,0,0,0,0
120926,1,1,2000,0,0,0,5,0,0,0,0,0,0
120926,2,1,2000,0,0,0,0,0,0,0,0,0,0
120926,3,1,2000,20,20,20,20,20,20,20,20,20,20
120927,1,1,2000,30,30,30,30,30,30,30,30,30,30
120927,2,1,2000,0,0,0,0,0,0,0,0,0,0
120928,1,1,2000,0,0,0,0,0,0,0,0,0,0
120928,2,1,2000,0,0,0,0,0,0,0,0,0,0
120929,0,1,2000,0,0,0,0,0,0,0,0,0,0
120929,1,1,2000,12,12,12,12,12,12,12,12,12,12
120930,1,1,2000,0,0,0,0,0,0,0,0,0,0
120930,2,1,2000,0,0,0,0,0,0,0,0,0,0
120931,1,1,2000,11,11,11,11,11,11,11,11,11,11
120932,1,1,2000,0,0,0,0,0,0,0,0,0,0
120932,2,1,2000,0,0,0,0,0,0,0,0,0,0
120933,1,1,2000,12,0,0,0,0,0,0,0,0,0
120933,2,1,2000,0,0,0,0,0,0,0,0,0,0
120933,3,1,2000,0,0,0,0,0,0,0,0,0,0
120934,1,1,2000,0,0,0,0,0,0,0,0,0,0
120935,1,1,2000,0,0,0,0,0,0,0,0,0,0
120935,2,1,2000,0,0,0,0,0,0,0,0,0,0
120936,1,1,2000,0,0,0,0,0,0,0,0,0,0
120936,2,1,2000,26,26,26,26,26,26,26,26,26,26
120937,1,1,2000,0,0,0,0,0,0,0,0,0,0
120937,2,1,2000,0,0,0,0,0,0,0,0,0,3
120938,1,1,2000,0,0,19,0,0,0,0,12,12,0
120939,1,1,2000,22,22,22,22,22,22,22,22,22,22
120939,2,1,2000,0,0,0,0,0,0,0,0,0,0
120940,1,1,2000,0,0,0,0,0,29,0,0,0,0
120940,2,1,2000,0,0,0,19,0,9,0,0,17,0
120941,1,1,2000,15,15,15,15,15,15,15,15,15,15
120942,0,1,2000,28,28,28,28,28,28,28,28,28,28
120942,1,1,2000,0,0,0,0,0,0,0,0,0,0
120943,0,1,2000,0,0,0,0,0,0,0,6,0,0
120943,1,1,2000,0,0,0,0,0,0,0,0,0,0
120944,1,1,2000,22,22,22,22,22,22,22,22,22,22
120944,2,1,2000,0,0,0,0,0,0,0,0,0,0
120945,1,1,2000,0,0,0,0,0,0,0,0,0,0
120946,1,1,2000,0,0,0,0,0,0,0,0,0,0
120946,2,1,2000,0,0,0,0,0,0,0,0,0,0
120947,1,1,2000,0,0,0,0,0,0,0,0,0,0
120947,2,1,2000,0,0,0,0,0,0,0,0,0,0
120948,1,1,2000,0,0,0,0,0,0,0,0,0,0
120948,2,1,2000,0,0,0,0,0,0,0,0,0,0
120949,1,1,2000,0,0,0,0,0,0,0,0,0,0
120949,2,1,2000,0,0,0,0,0,0,0,0,0,0
120950,1,1,2000,0,0,0,0,0,0,0,0,0,6
120950,2,1,2000,0,0,0,0,0,0,0,0,0,0
120951,1,1,2000,19,19,19,19,19,19,19,19,19,19
120952,1,1,2000,14,14,14,14,14,14,14,14,14,14
120952,2,1,2000,0,0,0,0,0,0,0,0,0,0
120953,1,1,2000,0,0,14,0,0,0,0,0,0,0
120953,2,1,2000,0,0,0,0,0,0,0,0,0,0
120954,1,1,2000,24,24,24,24,24,24,24,24,24,24
120955,1,1,2000,0,0,0,0,0,0,0,0,0,0
120956,1,1,2000,24,24,24,24,24,24,24,24,24,24
120957,0,1,2000,17,17,17,17,17,17,17,17,17,17
120957,1,1,2000,8,0,0,0,0,0,0,20,0,0
120958,1,1,2000,18,18,18,18,18,18,18,18,18,18
120959,1,1,2000,21,21,21,21,21,21,21,21,21,21
120959,2,1,2000,0,0,0,0,0,6,0,0,0,0
120960,1,1,2000,0,0,0,0,0,0,0,0,0,0
120961,0,1,2000,21,21,21,21,21,21,21,21,21,21
120961,0,2,2000,0,0,27,28,0,25,19,0,41,33
120961,1,1,2000,0,0,0,0,0,0,0,0,0,0
120962,0,1,2000,0,0,0,0,0,0,0,0,0,0
120962,1,1,2000,0,0,0,0,0,0,0,0,0,0
120963,1,1,2000,23,23,23,23,23,23,23,23,23,23
120963,2,1,2000,0,0,0,0,0,0,0,0,0,0
120964,0,1,2000,0,0,0,0,0,0,0,0,0,7
120964,1,1,2000,0,0,0,0,0,0,0,0,0,0
120965,0,1,2000,1,1,1,1,1,1,1,1,1,1
120965,1,1,2000,0,0,0,0,0,0,0,0,0,0
120966,1,1,2000,10,10,10,10,10,10,10,10,10,10
120966,2,1,2000,0,0,0,0,0,0,0,0,0,0
120967,1,1,2000,18,18,18,18,18,18,18,18,18,18
120968,0,1,2000,15,27,0,0,12,0,0,0,28,25
120968,1,1,2000,0,0,34,0,0,0,0,0,0,0
120969,1,1,2000,23,23,23,23,23,23,23,23,23,23
120969,2,1,2000,12,12,12,12,12,12,12,12,12,12
120970,1,1,2000,0,0,0,0,0,0,0,0,0,0
120970,2,1,2000,0,0,0,0,0,0,0,0,0,0
120971,1,1,2000,28,28,28,28,28,28,28,28,28,28
120972,1,1,2000,22,22,22,22,22,22,22,22,22,22
120973,0,1,2000,14,14,14,14,14,14,14,14,14,14
120973,1,1,2000,0,0,0,0,0,0,0,0,0,0
120974,1,1,2000,7,7,7,7,7,7,7,7,7,7
120974,2,1,2000,0,0,0,0,0,0,0,0,0,0
120975,0,1,2000,0,0,0,0,0,0,0,0,0,0
120975,1,1,2000,0,0,20,0,0,0,0,0,0,0
120976,1,1,2000,28,28,28,28,28,28,28,28,28,28
120977,0,1,2000,0,0,0,0,0,0,0,0,0,11
120977,1,1,2000,0,0,0,0,0,0,0,0,0,0
120978,1,1,2000,6,6,6,6,6,6,6,6,6,6
120979,1,1,2000,8,8,8,8,8,8,8,8,8,8
120979,2,1,2000,0,0,0,0,0,0,0,0,0,0
120980,0,1,2000,0,20,0,0,0,0,0,0,0,0
120980,1,1,2000,0,0,0,0,0,0,0,0,6,5
120981,0,1,2000,0,0,0,0,0,0,0,0,0,0
120981,2,1,2000,0,0,0,0,0,0,0,0,0,0
120981,3,1,2000,0,0,0,0,0,0,0,0,0,0
120982,0,1,2000,11,11,11,11,11,11,11,11,11,11
120982,1,1,2000,0,0,0,15,0,0,0,0,0,0
120983,0,1,2000,5,5,5,5,5,5,5,5,5,5
120983,1,1,2000,0,0,0,0,0,0,0,5,0,5
120984,1,1,2000,0,0,0,0,0,0,0,0,0,0
120985,1,1,2000,0,0,0,0,0,0,0,0,0,0
120985,2,1,2000,4,4,4,4,4,4,4,4,4,4
120986,1,1,2000,3,0,0,0,0,0,0,0,0,0
120986,2,1,2000,0,0,0,0,0,0,0,0,0,0
120987,1,1,2000,0,0,11,0,0,0,0,0,0,0
120988,1,1,2000,16,16,16,16,16,16,16,16,16,16
120988,2,1,2000,0,0,17,0,0,0,0,0,0,0
120989,1,1,2000,0,0,0,0,0,0,0,0,0,0
120989,2,1,2000,18,18,18,18,18,18,18,18,18,18
120990,1,1,2000,0,0,0,0,0,0,0,0,0,0
120990,2,1,2000,0,0,19,10,0,0,0,0,0,7
120991,0,1,2000,0,13,38,23,0,0,0,11,9,38
120991,1,1,2000,0,0,0,0,11,21,0,0,0,12
120992,0,1,2000,40,40,40,40,40,40,40,40,40,40
120992,1,1,2000,13,13,13,13,13,13,13,13,13,13
120993,1,1,2000,17,17,17,17,17,17,17,17,17,17
120994,1,1,2000,12,12,12,12,12,12,12,12,12,12
120995,1,1,2000,25,25,25,25,25,25,25,25,25,25
120995,2,1,2000,0,0,0,7,0,0,0,0,0,0
120996,1,1,2000,28,28,28,28,28,28,28,28,28,28
120997,1,1,2000,0,0,0,0,0,0,0,0,0,0
120997,2,1,2000,0,0,0,0,0,0,0,0,0,0
120998,1,1,2000,0,0,0,0,0,0,0,0,0,0
120998,2,1,2000,28,0,0,0,0,0,0,0,0,0
120999,1,1,2000,0,0,0,0,0,0,0,0,0,0
120999,2,1,2000,14,14,14,14,14,14,14,14,14,14
121000,1,1,2000,0,0,0,0,0,0,0,0,0,0
121001,1,1,2000,13,13,13,13,13,13,13,13,13,13
121002,1,1,2000,0,0,24,16,0,0,11,0,0,0
121002,2,1,2000,0,0,0,0,0,0,0,0,0,0
121003,1,1,2000,17,17,17,17,17,17,17,17,17,17
121004,1,1,2000,0,14,0,3,0,0,0,0,0,4
121005,1,1,2000,19,19,19,19,19,19,19,19,19,19
121006,1,1,2000,0,0,0,0,0,0,0,0,0,0
121006,2,1,2000,0,0,0,0,0,0,0,0,0,0
121007,1,1,2000,0,0,0,0,0,0,0,0,5,0
121007,2,1,2000,0,0,0,0,14,0,0,0,0,0
121008,1,1,2000,0,0,0,0,0,0,0,0,0,0
121009,1,1,2000,10,21,0,0,0,11,15,0,4,0
121010,1,1,2000,0,0,0,0,0,0,0,0,0,0
121010,2,1,2000,0,0,0,0,0,0,0,0,0,0
121011,1,1,2000,24,24,24,24,24,24,24,24,24,24
121012,0,1,2000,0,0,0,0,0,0,0,0,0,0
121012,1,1,2000,0,0,0,0,0,0,0,0,0,0
121013,1,1,2000,0,0,0,0,0,0,0,0,0,0
121014,0,1,2000,0,0,0,0,0,0,0,0,0,0
121014,1,1,2000,0,0,0,0,0,0,0,0,0,0
121015,1,1,2000,14,14,14,14,14,14,14,14,14,14
121016,1,1,2000,0,0,0,0,0,0,0,0,0,0
121016,2,1,2000,0,0,0,0,0,0,0,0,0,0
121017,1,1,2000,0,0,0,0,0,0,0,0,0,0
121017,2,1,2000,0,0,0,0,0,0,0,0,0,0
121018,1,1,2000,0,0,0,0,0,0,0,0,0,0
121019,1,1,2000,11,0,0,0,0,0,0,0,0,0
121020,1,1,2000,0,0,0,0,0,0,25,0,0,0
121020,2,1,2000,0,0,0,17,0,0,13,0,0,0
121021,1,1,2000,0,0,0,0,0,0,0,0,0,0
121022,1,1,2000,0,0,0,0,0,0,0,0,0,0
121022,2,1,2000,0,0,0,0,0,0,0,0,0,0
121023,1,1,2000,0,0,0,0,0,0,0,0,0,0
121024,1,1,2000,31,31,31,31,31,31,31,31,31,31
121024,2,1,2000,0,0,16,0,0,0,0,0,0,0
121025,1,1,2000,0,0,0,0,0,0,0,0,0,0
121025,2,1,2000,0,0,0,0,0,0,0,0,0,0
121026,1,1,2000,0,0,0,0,0,0,0,0,0,0
121027,0,1,2000,0,24,0,0,0,0,0,0,0,0
121027,1,1,2000,0,0,0,0,0,0,0,0,0,0
121028,1,1,2000,20,20,20,20,20,20,20,20,20,20
121029,1,1,2000,0,0,0,0,0,0,0,0,0,0
121030,0,1,2000,0,0,0,0,0,0,0,0,0,0
121030,0,2,2000,0,25,0,0,0,0,0,0,0,0
121030,1,1,2000,0,0,0,0,0,14,20,0,0,0
121031,1,1,2000,0,0,0,0,0,0,0,0,0,0
121032,1,1,2000,0,0,0,0,0,0,0,0,0,0
121032,2,1,2000,0,0,0,0,0,16,0,0,0,0
121033,1,1,2000,0,0,0,0,0,0,0,0,0,0
121034,1,1,2000,0,0,0,0,0,0,0,0,0,20
121034,2,1,2000,0,0,0,0,0,0,0,0,0,0
121035,1,1,2000,0,0,0,0,0,0,0,0,0,0
121035,2,1,2000,0,0,0,0,0,0,0,0,0,0
121036,1,1,2000,0,0,0,0,0,0,0,0,0,0
121036,2,1,2000,10,10,10,10,10,10,10,10,10,10
121037,1,1,2000,0,0,0,0,0,0,0,0,0,0
121038,1,1,2000,0,0,0,0,0,0,0,0,0,0
121038,2,1,2000,0,0,0,0,0,0,0,0,0,0
121039,1,1,2000,5,5,5,5,5,5,5,5,5,5
121039,2,1,2000,0,0,0,0,0,0,0,0,0,0
121040,1,1,2000,0,0,0,0,0,0,0,0,0,10
121041,1,1,2000,0,0,0,0,0,0,0,0,0,0
121041,2,1,2000,0,0,0,0,0,0,0,0,0,0
121042,1,1,2000,0,0,0,0,0,0,0,0,0,0
121042,2,1,2000,0,0,0,0,0,0,0,0,0,0
121043,1,1,2000,19,19,19,19,19,19,19,19,19,19
121043,2,1,2000,0,0,0,0,0,0,0,0,0,0
121044,1,1,2000,18,18,18,18,18,18,18,18,18,18
121044,2,1,2000,0,0,0,0,0,0,0,0,0,0
121045,1,1,2000,12,12,12,12,12,12,12,12,12,12
121045,2,1,2000,0,0,0,0,0,0,0,0,0,0
121046,0,1,2000,0,0,0,0,0,0,0,0,0,0
121046,1,1,2000,0,0,0,0,0,0,0,0,0,0
121047,1,1,2000,0,0,0,0,0,0,0,0,0,0
121048,0,1,2000,0,0,0,0,0,0,0,0,0,0
121048,1,1,2000,0,0,0,0,0,0,0,0,0,0
121049,0,1,2000,0,0,0,0,0,0,0,0,0,0
121049,1,1,2000,0,0,0,0,0,0,0,0,0,0
121050,1,1,2000,0,0,0,0,0,0,0,0,0,0
121051,1,1,2000,22,22,22,22,22,22,22,22,22,22
121052,1,1,2000,5,5,5,5,5,5,5,5,5,5
121052,2,1,2000,0,0,0,0,0,0,0,0,0,0
121053,1,1,2000,9,9,9,9,9,9,9,9,9,9
121053,2,1,2000,0,0,0,0,0,0,0,0,0,0
121054,1,1,2000,23,23,23,23,23,23,23,23,23,23
121055,1,1,2000,0,0,0,0,0,0,0,0,0,0
121056,1,1,2000,0,0,18,7,9,0,0,0,0,0
121057,1,1,2000,0,0,0,0,0,0,0,0,0,0
121057,2,1,2000,0,0,0,0,0,0,0,0,0,0
121058,1,1,2000,0,0,0,0,0,0,0,0,0,0
121058,2,1,2000,0,0,0,0,0,0,0,0,0,0
121059,1,2,2000,15,15,15,15,15,15,15,15,15,15
121059,2,1,2000,9,9,9,9,9,9,9,9,9,9
121060,1,1,2000,0,0,0,0,0,0,0,0,0,0
121061,0,1,2000,5,5,5,5,5,5,5,5,5,5
121061,1,1,2000,0,0,0,0,0,0,0,0,0,0
121062,0,1,2000,0,27,0,26,29,18,35,19,33,5
121062,0,2,2000,7,0,0,9,0,0,7,0,0,0
121062,1,1,2000,23,23,23,23,23,23,23,23,23,23
121062,2,1,2000,0,0,0,0,0,0,16,0,0,10
121062,3,1,2000,4,4,4,4,4,4,4,4,4,4
121063,1,1,2000,14,14,14,14,14,14,14,14,14,14
121063,2,1,2000,22,22,22,22,22,22,22,22,22,22
121064,1,1,2000,0,0,0,0,0,0,0,0,0,0
121065,1,1,2000,11,11,11,11,11,11,11,11,11,11
121066,1,1,2000,8,6,0,0,20,0,0,10,0,0
121067,1,1,2000,0,0,0,0,0,0,0,7,0,0
121068,1,1,2000,0,0,0,0,0,0,0,0,0,0
121069,1,1,2000,0,0,0,0,0,0,0,0,0,0
121070,1,1,2000,0,0,0,0,0,0,0,0,0,0
121071,0,1,2000,0,0,0,0,0,0,0,0,0,0
121071,1,1,2000,0,0,0,0,0,0,0,0,0,0
121072,1,1,2000,21,21,21,21,21,21,21,21,21,21
121073,1,1,2000,5,5,5,5,5,5,5,5,5,5
121074,0,1,2000,31,31,31,31,31,31,31,31,31,31
121074,1,1,2000,0,3,0,0,0,0,0,0,0,0
121075,0,1,2000,0,0,0,0,0,0,0,0,0,0
121075,1,1,2000,17,17,17,17,17,17,17,17,17,17
121076,0,1,2000,0,0,0,0,0,0,0,0,0,0
121076,1,1,2000,0,3,0,0,0,0,0,0,0,0
121077,1,1,2000,0,0,0,0,0,0,0,0,0,0
121077,2,1,2000,0,0,0,0,0,0,0,0,0,0
121078,1,1,2000,14,14,14,14,14,14,14,14,14,14
121079,0,1,2000,28,28,28,28,28,28,28,28,28,28
121079,1,1,2000,0,0,0,0,0,4,0,0,0,0
121080,1,1,2000,0,0,0,0,0,0,0,0,0,0
121080,2,1,2000,0,0,0,0,0,0,0,0,0,0
121081,1,1,2000,0,0,0,0,0,0,0,0,0,0
121081,2,1,2000,0,0,0,0,0,0,0,0,0,0
121082,1,1,2000,0,0,0,0,0,0,0,0,0,0
121082,2,1,2000,0,0,0,0,0,0,0,0,0,0
121083,1,1,2000,0,0,0,0,0,0,0,0,0,0
121084,1,1,2000,14,14,14,14,14,14,14,14,14,14
121084,2,1,2000,0,0,0,0,0,0,0,0,0,0
121085,1,1,2000,0,0,9,0,0,0,0,0,0,0
121085,2,1,2000,0,0,0,0,0,0,0,0,0,0
121086,1,1,2000,0,0,0,0,0,0,0,0,0,0
121087,1,1,2000,0,0,0,0,0,0,0,7,0,0
121088,1,1,2000,0,0,0,0,0,0,0,0,0,0
121088,2,1,2000,0,0,0,0,0,0,0,0,0,0
121089,0,1,2000,16,23,33,20,19,11,33,0,0,0
121089,1,1,2000,0,20,0,13,0,0,0,0,3,0
121089,2,1,2000,0,35,0,9,15,0,0,0,0,6
121089,3,1,2000,0,12,0,13,0,0,0,0,0,0
121090,1,1,2000,0,0,0,0,0,0,0,0,0,0
121090,2,1,2000,0,16,0,0,0,0,0,0,0,0
121091,1,1,2000,7,0,0,0,0,0,9,0,0,0
121091,2,1,2000,0,0,0,0,0,0,0,11,0,0
121092,1,1,2000,0,0,0,0,0,0,0,0,0,0
121093,1,1,2000,0,0,0,0,0,0,0,0,0,0
121093,2,1,2000,0,0,0,0,0,0,0,0,0,0
121094,0,1,2000,22,22,22,22,22,22,22,22,22,22
121094,1,1,2000,0,0,0,0,0,0,0,0,0,0
121095,1,1,2000,14,14,14,14,14,14,14,14,14,14
121096,1,1,2000,0,0,0,0,10,0,0,0,0,0
121096,2,1,2000,0,0,0,0,0,0,0,0,0,0
121097,1,1,2000,26,26,26,26,26,26,26,26,26,26
121097,2,1,2000,0,0,0,0,0,0,0,0,0,0
121098,1,1,2000,0,0,0,0,0,0,0,0,14,19
121099,1,1,2000,20,20,20,20,20,20,20,20,20,20
121099,2,1,2000,0,0,18,0,0,0,0,0,0,0
121099,3,1,2000,0,0,0,11,0,0,0,0,0,0
121100,1,1,2000,0,0,0,0,0,0,0,0,0,21
121100,2,1,2000,0,0,0,0,0,0,0,0,0,0
121101,1,1,2000,12,12,34,7,9,12,21,9,23,22
121101,2,1,2000,0,0,0,0,0,0,0,7,0,0
121102,0,1,2000,0,0,0,12,0,0,8,10,0,0
121102,1,1,2000,0,0,0,0,0,0,0,0,15,0
121103,0,1,2000,29,29,29,29,29,29,29,29,29,29
121103,1,1,2000,6,6,6,6,6,6,6,6,6,6
121104,1,1,2000,26,26,26,26,26,26,26,26,26,26
121105,1,1,2000,0,0,0,0,0,0,0,0,0,0
121106,0,1,2000,38,38,38,38,38,38,38,38,38,38
121106,1,1,2000,0,0,0,0,0,0,0,0,0,0
121107,1,1,2000,0,0,0,0,0,0,0,0,0,0
121108,1,1,2000,22,22,22,22,22,22,22,22,22,22
121109,1,1,2000,0,0,0,0,0,0,0,0,0,0
121110,0,1,2000,0,0,22,0,30,0,0,0,0,0
121110,0,2,2000,0,0,0,0,0,0,0,0,0,10
121110,1,1,2000,0,0,0,0,0,0,0,0,0,0
121111,1,1,2000,13,13,13,13,13,13,13,13,13,13
121112,1,1,2000,0,0,0,0,0,0,0,0,0,0
121112,2,1,2000,0,0,19,0,0,0,0,34,0,0
121113,1,1,2000,0,0,0,0,0,0,0,0,0,0
121114,0,1,2000,0,0,0,0,0,0,0,0,0,0
121114,1,1,2000,1,1,1,1,1,1,1,1,1,1
121115,1,1,2000,25,25,25,25,25,25,25,25,25,25
121115,2,1,2000,0,0,0,0,0,0,0,0,0,0
121116,1,1,2000,12,12,12,12,12,12,12,12,12,12
121116,2,1,2000,0,0,0,0,0,0,0,0,0,0
121117,1,1,2000,0,0,0,0,0,0,0,0,0,0
121117,2,1,2000,0,0,0,0,0,0,0,0,0,0
121118,1,1,2000,7,7,7,7,7,7,7,7,7,7
121119,1,1,2000,0,0,0,0,8,0,8,2,30,0
121120,1,1,2000,0,0,0,0,0,0,0,0,0,0
121120,2,1,2000,0,0,0,0,0,0,0,0,0,0
121120,3,1,2000,0,0,0,0,0,0,0,0,0,0
121120,4,1,2000,0,0,0,0,0,0,0,0,0,0
121120,5,1,2000,0,0,0,0,0,0,0,0,0,12
121120,6,1,2000,0,0,0,0,0,0,0,0,0,0
121121,1,1,2000,18,0,0,0,13,0,0,0,0,0
121121,2,1,2000,0,0,0,0,0,0,0,0,0,0
121122,1,1,2000,0,0,0,0,0,0,0,0,0,0
121122,2,1,2000,0,0,0,0,0,0,0,0,0,0
121123,1,1,2000,0,0,0,0,0,0,0,0,0,0
121123,2,1,2000,0,0,0,0,0,0,0,0,0,0
121123,3,1,2000,0,0,0,0,0,0,0,0,0,0
121124,1,1,2000,0,0,0,0,0,0,0,0,0,0
121124,2,1,2000,0,0,0,0,0,0,0,0,0,0
121124,3,1,2000,9,0,0,0,3,0,0,8,0,0
121125,1,1,2000,0,0,0,0,0,0,30,0,9,0
121126,1,1,2000,9,9,9,9,9,9,9,9,9,9
121126,2,1,2000,0,0,0,0,0,0,0,0,0,0
121127,1,1,2000,10,10,10,10,10,10,10,10,10,10
121128,1,1,2000,0,0,0,0,0,0,0,0,0,0
121129,1,1,2000,0,0,0,0,0,0,0,0,0,0
121130,0,1,2000,35,35,35,35,35,35,35,35,35,35
121130,1,1,2000,0,0,0,0,0,0,0,0,0,0
121131,1,1,2000,0,0,0,0,0,0,0,0,0,0
121131,2,1,2000,0,0,0,0,0,0,0,0,0,0
121132,1,1,2000,0,0,0,0,0,0,0,0,0,0
121132,2,1,2000,0,0,0,0,0,0,0,0,0,0
121133,1,1,2000,15,15,15,15,15,15,15,15,15,15
121134,1,1,2000,0,0,0,0,0,0,0,0,0,0
121135,1,1,2000,0,0,0,0,0,0,0,0,0,0
121135,2,1,2000,0,0,0,0,0,0,0,0,0,0
121135,3,1,2000,0,0,0,0,0,19,0,0,0,0
121135,4,1,2000,0,0,0,0,0,0,0,0,0,0
121136,0,1,2000,0,0,0,0,0,0,0,0,0,0
121136,1,1,2000,0,0,0,0,0,0,0,0,0,0
121137,1,1,2000,16,16,16,16,16,16,16,16,16,16
121137,2,1,2000,27,26,21,13,10,21,24,9,0,0
121138,1,1,2000,16,16,16,16,16,16,16,16,16,16
121139,1,1,2000,11,11,11,11,11,11,11,11,11,11
121139,2,1,2000,0,23,0,0,0,0,0,0,0,0
121140,1,1,2000,0,0,0,0,0,0,0,0,0,0
121141,1,1,2000,0,0,0,0,0,0,0,0,0,0
121141,2,1,2000,0,4,0,0,0,0,9,11,0,0
121141,3,1,2000,0,18,21,0,9,8,9,0,18,12
121141,4,1,2000,0,0,0,12,0,0,0,0,0,0
121142,1,1,2000,0,0,0,0,0,0,0,0,0,0
121143,1,1,2000,17,17,17,17,17,17,17,17,17,17
121144,1,1,2000,8,8,8,8,8,8,8,8,8,8
121145,0,1,2000,10,10,10,10,10,10,10,10,10,10
121145,1,1,2000,0,0,0,0,0,0,0,0,0,0
121146,1,1,2000,0,0,0,0,0,7,0,0,0,0
121146,2,1,2000,6,0,20,0,0,15,0,0,0,0
121147,0,1,2000,19,19,19,19,19,19,19,19,19,19
121147,1,1,2000,0,0,0,0,5,0,0,0,0,0
121148,1,1,2000,0,0,0,0,6,0,0,0,0,0
121149,1,1,2000,0,0,0,0,0,0,0,0,0,0
121150,1,1,2000,0,0,0,0,0,0,0,0,0,0
121151,1,1,2000,0,0,0,0,0,0,0,0,0,0
121151,2,1,2000,0,0,0,0,0,0,0,0,0,0
121152,0,1,2000,0,0,0,0,0,0,0,0,0,0
121152,1,1,2000,0,0,0,0,0,0,0,0,0,8
121153,1,1,2000,0,0,0,0,0,0,10,0,0,0
121154,0,1,2000,0,0,0,0,0,0,0,0,0,0
121154,1,1,2000,0,0,0,0,0,0,0,0,0,0
121155,0,1,2000,0,0,0,0,0,0,0,0,0,0
121155,1,1,2000,0,0,0,0,0,0,0,0,0,0
121156,0,1,2000,0,23,0,0,0,9,0,0,0,0
121156,1,1,2000,0,0,0,0,0,0,0,0,0,0
121157,1,1,2000,0,0,0,0,0,0,0,0,0,0
121158,1,1,2000,0,0,0,0,0,0,0,0,0,0
121159,1,1,2000,0,0,0,0,0,0,0,0,0,0
121160,1,1,2000,25,25,25,25,25,25,25,25,25,25
121161,1,1,2000,27,27,27,27,27,27,27,27,27,27
121161,2,1,2000,0,0,0,14,0,0,0,0,0,0
121162,1,1,2000,0,15,27,0,0,8,12,0,17,0
121163,1,1,2000,0,0,13,0,0,0,0,0,0,0
121164,1,1,2000,0,0,0,0,24,0,0,0,0,0
121164,2,1,2000,0,0,0,0,23,0,0,0,0,0
121165,1,1,2000,0,0,0,0,0,0,0,0,0,0
121165,2,1,2000,0,0,0,0,0,0,0,0,0,0
121166,0,1,2000,24,24,24,24,24,24,24,24,24,24
121166,1,1,2000,0,0,0,0,0,0,0,0,0,0
121167,0,1,2000,0,0,0,0,0,0,28,0,0,0
121167,1,1,2000,0,11,5,0,0,9,0,0,0,0
121168,1,1,2000,0,0,0,0,0,0,12,0,0,0
121168,2,1,2000,0,0,0,0,0,0,0,0,0,0
121169,1,1,2000,0,0,0,0,0,0,0,0,0,0
121169,2,1,2000,0,0,0,0,0,0,0,0,0,0
121169,3,1,2000,0,0,0,0,0,0,0,0,0,0
121169,4,1,2000,0,0,0,0,0,0,0,0,0,0
121170,1,1,2000,17,17,17,17,17,17,17,17,17,17
121171,1,1,2000,0,0,0,0,0,0,0,0,0,0
121172,1,1,2000,16,12,0,0,0,13,0,15,0,16
121173,0,1,2000,0,0,0,0,0,0,0,0,0,0
121173,1,1,2000,0,0,0,0,0,0,0,0,0,0
121174,1,1,2000,0,0,0,0,0,0,0,0,0,0
121175,1,1,2000,8,8,8,8,8,8,8,8,8,8
121176,1,1,2000,11,11,11,11,11,11,11,11,11,11
121177,0,1,2000,0,0,0,0,0,0,0,0,0,0
121177,0,2,2000,0,0,0,0,0,0,0,0,0,0
121177,1,1,2000,12,12,12,12,12,12,12,12,12,12
121178,0,1,2000,0,0,0,0,0,0,0,0,0,0
121178,1,1,2000,9,9,9,9,9,9,9,9,9,9
121179,1,1,2000,0,0,0,0,0,0,0,0,0,0
121180,1,1,2000,26,26,26,26,26,26,26,26,26,26
121181,0,1,2000,0,0,0,0,0,0,19,18,0,10
121181,1,1,2000,25,25,25,25,25,25,25,25,25,25
121182,1,1,2000,0,18,0,17,0,11,19,0,19,0
121182,2,1,2000,0,0,0,0,0,0,0,0,0,0
121183,1,1,2000,0,0,0,0,0,15,14,0,0,0
121183,2,1,2000,0,0,0,0,0,0,0,0,0,0
121184,1,1,2000,0,0,0,0,0,0,0,0,0,0