ST_CASE,VEH_NO,PER_NO,YEAR,P1,P2,P3,P4,P5,P6,P7,P8,P9,P10
121185,1,1,2000,0,0,0,0,0,0,0,0,0,0
121186,1,1,2000,0,0,0,0,0,0,0,0,0,0
121186,2,1,2000,0,7,0,0,0,0,0,0,0,13
121187,1,1,2000,0,0,0,0,0,0,0,0,0,0
121188,1,1,2000,5,5,5,5,5,5,5,5,5,5
121189,1,1,2000,0,0,0,0,0,0,0,0,0,0
121189,2,1,2000,0,0,0,0,0,20,0,0,0,0
121190,1,1,2000,30,30,30,30,30,30,30,30,30,30
121191,1,1,2000,0,0,0,0,0,0,0,0,0,0
121192,1,1,2000,0,0,0,0,0,12,8,0,0,0
121192,2,1,2000,0,0,0,0,0,0,0,0,0,0
121193,1,1,2000,0,0,0,0,0,0,0,0,0,0
121194,0,1,2000,13,0,0,15,20,18,24,0,3,0
121194,1,1,2000,19,11,0,0,0,8,0,0,0,17
121195,1,1,2000,0,0,0,0,0,0,0,0,0,0
121195,2,1,2000,0,0,0,0,0,0,0,0,0,0
121196,1,1,2000,0,0,0,0,0,0,0,0,0,0
121196,2,1,2000,0,0,0,0,0,0,0,0,0,0
121197,1,1,2000,0,0,0,0,0,0,0,0,0,0
121197,2,1,2000,0,0,0,0,0,0,0,0,0,0
121197,3,1,2000,0,0,0,0,0,0,0,6,0,0
121197,4,1,2000,0,0,0,0,0,0,0,0,0,0
121198,1,1,2000,24,24,24,24,24,24,24,24,24,24
121199,1,1,2000,19,19,19,19,19,19,19,19,19,19
121199,2,1,2000,0,0,0,0,0,0,0,0,27,0
121200,1,1,2000,10,10,10,10,10,10,10,10,10,10
121200,2,1,2000,0,0,0,0,0,0,0,0,0,0
121201,1,1,2000,26,26,26,26,26,26,26,26,26,26
121202,1,1,2000,0,0,10,0,0,0,0,0,0,0
121203,1,1,2000,0,0,0,0,0,0,0,0,0,0
121203,2,1,2000,0,0,0,0,0,0,0,0,0,0
121204,0,1,2000,0,0,0,0,0,0,0,0,0,0
121204,0,2,2000,0,0,0,0,0,0,0,0,0,0
121204,1,1,2000,0,0,0,0,14,0,0,0,0,0
121205,1,1,2000,0,0,0,0,0,0,0,0,0,0
121206,1,1,2000,0,0,0,0,0,0,0,0,0,0
121206,2,1,2000,0,0,0,0,0,0,0,0,0,0
121206,3,1,2000,0,0,0,0,0,0,0,0,0,0
121206,4,1,2000,0,0,0,0,0,0,0,0,0,0
121207,1,1,2000,0,0,0,0,0,0,0,0,0,0
121207,2,1,2000,0,0,0,0,0,0,0,0,0,0
121208,1,1,2000,4,4,4,4,4,4,4,4,4,4
121208,2,1,2000,0,0,0,0,0,0,0,0,0,0
121209,1,1,2000,0,0,7,0,0,0,0,0,0,0
121209,2,1,2000,9,9,9,9,9,9,9,9,9,9
121210,1,1,2000,0,0,0,0,0,0,0,0,0,0
121211,0,1,2000,0,0,0,0,0,0,0,0,0,0
121211,1,1,2000,0,0,0,0,0,0,0,0,0,0
121212,1,1,2000,0,0,0,0,0,0,0,0,0,19
121212,2,1,2000,0,0,0,0,0,0,0,0,0,0
121213,1,1,2000,21,21,21,21,21,21,21,21,21,21
121214,1,1,2000,0,0,0,0,0,0,0,0,0,0
121214,2,1,2000,0,0,0,0,0,0,0,0,0,0
121215,1,1,2000,17,17,17,17,17,17,17,17,17,17
121215,2,1,2000,0,0,0,4,0,0,0,0,0,0
121215,3,1,2000,0,0,0,0,0,0,0,0,0,0
121216,1,1,2000,0,0,0,0,0,0,0,0,0,0
121216,2,1,2000,0,0,0,0,0,0,0,0,0,0
121217,1,1,2000,0,0,0,0,0,0,0,0,0,0
121217,2,1,2000,0,0,0,0,0,0,0,0,0,0
121218,1,1,2000,12,12,12,12,12,12,12,12,12,12
121219,0,1,2000,0,0,0,0,0,0,0,0,0,0
121219,1,1,2000,0,0,0,0,0,0,0,0,0,0
121220,1,1,2000,0,0,0,0,0,0,0,0,0,0
121221,1,1,2000,0,0,0,0,0,0,0,0,0,0
121222,1,1,2000,0,0,0,0,0,0,0,0,0,0
121222,2,1,2000,0,0,0,0,0,0,0,0,0,0
121223,1,1,2000,0,0,0,0,0,0,0,0,0,0
121223,2,1,2000,0,0,0,0,0,0,0,0,0,0
121224,1,1,2000,0,0,0,0,0,0,0,0,0,0
121224,2,1,2000,0,0,0,18,3,8,0,13,0,15
121225,0,1,2000,24,24,24,24,24,24,24,24,24,24
121225,1,1,2000,0,0,0,0,0,0,0,0,0,0
121226,1,1,2000,0,0,0,0,0,0,0,0,0,0
121226,2,1,2000,23,23,23,23,23,23,23,23,23,23
121227,0,1,2000,0,0,0,0,0,0,0,0,0,0
121227,1,1,2000,0,0,0,0,0,0,0,0,0,0
121228,1,1,2000,0,0,0,0,0,0,0,0,0,0
121228,2,1,2000,0,0,0,0,0,0,0,0,0,0
121229,1,1,2000,0,0,0,0,0,0,0,0,0,0
121230,1,1,2000,0,0,0,0,0,0,3,0,0,0
121230,2,1,2000,0,0,0,0,0,0,0,0,0,0
121231,1,1,2000,0,0,0,0,0,0,0,0,0,0
121232,1,1,2000,0,0,0,0,0,0,0,0,0,0
121232,2,1,2000,0,0,0,0,0,0,0,0,0,0
121232,3,1,2000,0,0,0,0,0,0,0,0,0,0
121232,4,1,2000,0,0,0,0,0,0,0,0,0,0
121233,1,1,2000,0,0,0,0,0,0,0,0,0,0
121233,2,1,2000,0,0,0,0,0,0,0,0,0,0
121234,1,1,2000,19,19,19,19,19,19,19,19,19,19
121235,1,1,2000,9,9,9,9,9,9,9,9,9,9
121235,2,1,2000,0,0,0,0,0,0,0,0,0,18
121236,1,1,2000,0,0,0,0,0,0,0,0,0,0
121236,2,1,2000,0,0,0,0,0,0,0,0,0,0
121237,0,1,2000,0,0,0,0,0,0,0,0,0,0
121237,1,1,2000,0,0,0,0,0,0,0,0,0,0
121238,1,1,2000,0,0,0,0,0,0,0,0,0,0
121238,2,1,2000,0,0,0,0,0,0,0,0,0,0
121239,1,1,2000,0,0,0,0,0,0,0,0,0,0
121239,2,1,2000,0,0,0,0,0,0,0,0,0,0
121240,0,1,2000,0,0,0,0,0,0,20,0,0,0
121240,1,1,2000,0,21,16,0,6,0,0,23,0,0
121241,1,1,2000,0,0,0,0,0,0,0,0,0,0
121241,2,1,2000,0,0,0,0,0,0,0,0,0,0
121242,1,1,2000,0,0,0,0,0,0,0,0,0,0
121243,1,1,2000,0,0,0,18,0,0,0,0,0,0
121243,2,1,2000,0,0,0,0,0,0,0,0,0,0
121244,1,1,2000,0,0,0,0,0,0,0,0,0,0
121245,1,1,2000,0,0,0,0,0,0,0,0,0,0
121245,2,1,2000,0,0,16,0,0,0,0,0,0,0
121246,1,1,2000,0,0,0,0,0,0,0,0,0,0
121246,2,1,2000,0,15,0,0,0,0,0,0,0,0
121247,1,1,2000,16,16,16,16,16,16,16,16,16,16
121247,2,1,2000,0,0,0,0,0,0,0,0,0,0
121248,1,1,2000,0,0,0,0,0,0,0,0,0,0
121248,2,1,2000,0,0,0,19,0,0,0,0,0,0
121249,1,1,2000,0,6,0,7,0,16,19,0,0,0
121250,1,1,2000,16,16,16,16,16,16,16,16,16,16
121250,2,1,2000,0,0,7,0,0,0,0,0,0,0
121251,1,1,2000,12,12,12,12,12,12,12,12,12,12
121252,1,1,2000,0,0,0,15,0,5,33,26,0,0
121253,1,1,2000,0,0,0,0,0,0,0,0,0,0
121253,2,1,2000,0,0,0,0,0,0,0,0,0,0
121254,1,1,2000,21,0,0,7,29,0,18,0,0,0
121255,0,1,2000,0,0,0,0,0,0,0,0,0,0
121255,1,1,2000,0,0,0,0,0,0,0,0,0,0
121256,1,1,2000,0,0,0,0,0,0,0,0,0,0
121256,2,1,2000,0,5,0,0,23,18,0,0,0,0
121257,1,1,2000,17,17,17,17,17,17,17,17,17,17
121258,0,1,2000,41,41,41,41,41,41,41,41,41,41
121258,1,1,2000,10,10,10,10,10,10,10,10,10,10
121259,1,1,2000,0,0,0,0,0,0,0,0,0,0
121259,2,1,2000,0,0,0,0,0,0,0,0,0,0
121260,1,1,2000,0,0,0,0,0,0,0,0,0,0
121260,2,1,2000,15,15,15,15,15,15,15,15,15,15
121261,0,1,2000,0,12,42,22,16,26,36,36,2,0
121261,1,1,2000,28,0,0,0,0,0,0,0,12,0
121262,1,1,2000,9,9,9,9,9,9,9,9,9,9
121263,1,1,2000,0,0,0,0,0,0,0,0,0,0
121263,2,1,2000,0,0,0,0,0,0,0,0,0,0
121264,0,1,2000,0,0,0,0,0,0,0,0,0,0
121264,1,1,2000,0,0,0,0,0,0,0,0,0,0
121265,1,1,2000,0,0,0,0,0,0,0,0,0,0
121265,2,1,2000,0,0,0,0,0,0,0,0,0,0
121266,1,1,2000,0,0,0,0,0,0,0,0,0,0
121266,2,1,2000,0,0,0,0,0,0,0,0,0,0
121267,1,1,2000,6,6,6,6,6,6,6,6,6,6
121267,2,1,2000,0,0,0,0,0,0,0,0,0,0
121267,3,1,2000,0,0,0,0,0,0,0,0,9,0
121267,4,1,2000,0,0,0,0,0,0,0,0,0,0
121268,0,1,2000,0,0,0,0,0,0,0,0,0,0
121268,1,1,2000,8,0,0,0,0,0,0,0,0,0
121268,2,1,2000,0,0,0,0,17,0,0,0,0,0
121269,1,1,2000,0,0,0,0,0,0,0,0,0,0
121270,1,1,2000,0,0,0,0,0,0,0,0,0,0
121271,0,1,2000,27,15,12,0,22,31,0,0,10,16
121271,1,1,2000,13,13,13,13,13,13,13,13,13,13
121272,1,1,2000,0,0,0,0,0,0,0,0,0,0
121273,1,1,2000,0,0,0,0,0,0,0,0,0,0
121274,1,1,2000,0,0,0,0,0,0,0,0,0,0
121274,2,1,2000,0,0,0,0,0,0,0,0,0,0
121275,1,1,2000,0,0,0,0,0,0,0,0,0,0
121276,0,1,2000,30,30,30,30,30,30,30,30,30,30
121276,1,1,2000,0,0,0,0,0,0,0,0,0,0
121277,1,1,2000,27,27,27,27,27,27,27,27,27,27
121278,1,1,2000,0,0,0,0,0,0,0,0,0,0
121278,2,1,2000,0,0,0,0,0,0,0,0,0,0
121279,1,1,2000,1,1,1,1,1,1,1,1,1,1
121279,2,1,2000,0,0,0,0,0,0,0,0,0,0
121280,1,1,2000,0,0,0,0,0,0,0,0,0,0
121281,1,1,2000,21,21,21,21,21,21,21,21,21,21
121282,1,1,2000,20,20,20,20,20,20,20,20,20,20
121282,2,1,2000,0,0,0,0,6,0,0,0,19,0
121283,1,1,2000,0,0,0,0,0,0,0,0,0,0
121284,1,1,2000,0,0,0,0,0,0,0,0,0,0
121284,2,1,2000,0,0,0,0,9,0,0,0,0,0
121284,3,1,2000,0,0,13,0,0,0,0,0,0,0
121285,1,1,2000,0,0,0,0,0,0,0,0,0,0
121286,1,1,2000,0,0,20,0,0,10,0,0,0,0
121287,0,1,2000,20,20,20,20,20,20,20,20,20,20
121287,1,1,2000,8,8,8,8,8,8,8,8,8,8
121288,1,1,2000,0,0,0,0,0,0,0,0,0,0
121289,1,1,2000,9,9,9,9,9,9,9,9,9,9
121290,0,1,2000,17,17,17,17,17,17,17,17,17,17
121290,1,1,2000,12,12,12,12,12,12,12,12,12,12
121291,1,1,2000,16,16,16,16,16,16,16,16,16,16
121292,1,1,2000,20,20,20,20,20,20,20,20,20,20
121293,1,1,2000,9,9,9,9,9,9,9,9,9,9
121293,2,1,2000,0,0,0,0,0,0,0,0,0,0
121294,1,1,2000,0,0,0,0,0,0,0,0,0,0
121294,2,1,2000,0,0,0,0,0,0,0,0,0,0
121295,1,1,2000,0,0,0,0,0,30,11,0,0,0
121295,2,1,2000,0,0,0,0,0,17,0,0,0,0
121296,1,1,2000,0,0,0,0,0,0,0,0,0,0
121296,2,1,2000,5,5,5,5,5,5,5,5,5,5
121297,1,1,2000,0,0,0,0,0,0,0,0,0,0
121298,1,1,2000,16,16,16,16,16,16,16,16,16,16
121299,1,1,2000,0,0,0,0,7,0,6,0,0,0
121300,1,1,2000,0,0,0,0,2,0,0,18,0,0
121301,1,1,2000,0,0,0,0,0,0,0,0,0,0
121301,2,1,2000,0,0,0,0,0,0,0,0,0,0
121302,1,1,2000,0,0,0,0,0,0,0,0,0,0
121303,1,1,2000,27,27,27,27,27,27,27,27,27,27
121304,1,1,2000,0,0,0,0,0,0,0,0,0,0
121304,2,1,2000,0,0,0,0,0,0,0,0,0,0
121305,0,1,2000,0,0,0,0,0,0,0,0,47,0
121305,1,1,2000,0,0,0,0,0,0,0,0,0,0
121306,1,1,2000,0,0,0,0,0,0,0,0,40,0
121307,1,1,2000,0,0,0,0,0,0,0,0,0,0
121307,2,1,2000,0,0,0,0,0,0,0,0,0,0
121307,3,1,2000,0,0,0,0,0,0,0,0,0,0
121307,4,1,2000,0,0,0,0,0,0,0,0,0,0
121308,0,1,2000,0,0,0,0,0,0,0,0,0,0
121308,1,1,2000,0,0,0,0,0,0,0,0,0,0
121309,1,1,2000,29,0,0,0,0,0,0,21,0,0
121310,1,1,2000,21,21,21,21,21,21,21,21,21,21
121310,2,1,2000,0,0,0,0,0,0,0,0,0,0
121310,3,1,2000,0,0,0,0,0,0,0,0,0,0
121311,1,1,2000,0,0,0,0,0,0,0,0,0,0
121311,2,1,2000,0,0,0,0,0,0,0,0,0,0
121311,3,1,2000,0,0,0,0,0,0,0,0,0,0
121312,1,1,2000,0,0,0,0,0,0,0,0,0,0
121313,0,1,2000,11,0,0,0,0,0,0,0,0,12
121313,1,1,2000,0,0,0,0,0,0,0,0,0,0
121314,1,1,2000,24,24,24,24,24,24,24,24,24,24
121314,2,1,2000,0,0,0,0,0,0,0,0,0,0
121315,1,1,2000,19,19,19,19,19,19,19,19,19,19
121316,1,1,2000,15,15,15,15,15,15,15,15,15,15
121317,1,1,2000,16,35,16,0,0,24,8,0,11,19
121318,1,1,2000,15,26,11,17,30,15,0,22,25,0
121319,1,1,2000,0,0,0,0,0,0,0,0,0,0
121319,2,1,2000,0,0,0,0,0,0,0,0,0,0
121320,1,1,2000,0,0,0,0,0,0,0,0,0,0
121320,2,1,2000,0,0,0,0,0,0,0,0,0,0
121321,1,1,2000,16,16,16,16,16,16,16,16,16,16
121321,2,1,2000,0,0,0,0,0,0,0,0,0,0
121322,1,1,2000,0,0,0,0,0,0,0,0,0,0
121322,2,1,2000,0,20,0,0,0,0,0,0,0,0
121323,1,1,2000,3,3,3,3,3,3,3,3,3,3
121324,1,1,2000,0,0,0,0,0,0,0,0,0,0
121325,1,1,2000,0,0,0,0,0,0,0,0,0,0
121326,0,1,2000,0,0,0,0,0,0,0,0,0,0
121326,1,1,2000,0,0,0,0,0,0,0,0,0,0
121327,1,1,2000,12,24,0,0,11,18,23,22,14,0
121327,2,1,2000,0,0,0,20,0,0,0,0,0,0
121327,3,1,2000,0,0,0,0,0,0,0,0,0,0
121328,0,1,2000,12,0,0,0,0,17,0,0,0,0
121328,1,1,2000,0,0,0,0,0,0,0,0,0,0
121329,0,1,2000,0,0,0,0,0,0,0,0,0,0
121329,1,1,2000,0,0,0,0,0,0,0,0,0,0
121330,0,1,2000,7,7,7,7,7,7,7,7,7,7
121330,1,1,2000,0,0,0,0,0,0,0,14,15,5
121331,0,1,2000,23,0,14,14,0,0,0,0,16,8
121331,1,1,2000,10,0,10,0,0,0,13,0,12,0
121332,1,1,2000,0,0,0,0,0,0,0,0,0,0
121332,2,1,2000,1,1,1,1,1,1,1,1,1,1
121333,1,1,2000,0,0,0,0,0,0,0,0,0,0
121333,2,1,2000,0,0,0,0,0,0,0,0,0,0
121334,1,1,2000,20,20,20,20,20,20,20,20,20,20
121335,1,1,2000,0,0,0,0,0,0,0,0,0,0
121335,2,1,2000,0,0,0,0,0,0,0,0,0,0
121336,0,1,2000,0,0,0,0,0,0,0,0,0,0
121336,1,1,2000,0,0,0,0,0,0,0,0,0,0
121337,0,1,2000,26,26,26,26,26,26,26,26,26,26
121337,1,1,2000,12,0,0,0,0,0,0,0,0,0
121338,1,1,2000,9,9,9,9,9,9,9,9,9,9
121338,2,1,2000,0,0,0,0,0,0,0,0,0,0
121338,3,1,2000,0,0,0,0,0,0,0,0,0,0
121338,4,1,2000,0,0,0,0,0,0,0,0,0,0
121339,1,1,2000,0,0,0,0,0,0,0,0,0,0
121339,2,1,2000,0,0,0,0,0,0,0,0,0,0
121340,0,1,2000,0,0,0,0,0,0,0,0,18,0
121340,1,1,2000,0,0,0,0,0,0,0,0,0,0
121341,1,1,2000,0,12,0,0,0,0,10,0,0,0
121341,2,1,2000,0,0,0,0,0,0,0,0,0,0
121342,1,1,2000,0,0,0,0,0,0,0,0,0,0
121342,2,1,2000,0,0,0,0,0,0,0,0,0,0
121343,0,1,2000,12,12,12,12,12,12,12,12,12,12
121343,1,1,2000,0,0,0,0,0,0,0,0,0,0
121344,0,1,2000,0,0,0,0,0,0,0,0,0,0
121344,1,1,2000,0,0,0,0,0,0,0,0,0,0
121345,1,1,2000,0,0,0,0,0,0,0,0,0,0
121345,2,1,2000,0,0,0,0,0,0,0,0,0,0
121346,1,1,2000,0,0,0,0,0,0,0,0,0,0
121347,0,1,2000,0,0,0,0,0,0,0,0,0,0
121347,1,1,2000,0,0,0,0,6,0,0,0,0,0
121348,1,1,2000,0,0,0,0,0,0,0,0,0,0
121348,2,1,2000,0,0,0,0,0,0,0,0,0,0
121349,1,1,2000,0,0,0,0,0,0,0,0,0,0
121349,2,1,2000,0,0,0,0,0,0,0,0,0,0
121350,1,1,2000,0,0,0,0,0,0,0,0,0,31
121351,0,1,2000,0,0,0,0,0,0,0,0,0,0
121351,1,1,2000,0,0,0,0,0,0,0,0,0,0
121352,0,1,2000,0,0,0,0,0,0,0,0,0,0
121352,1,1,2000,0,0,0,0,0,0,0,0,0,0
121353,1,1,2000,0,0,8,0,15,0,12,0,0,0
121354,1,1,2000,0,0,0,0,0,0,0,0,0,0
121355,1,1,2000,11,26,0,0,0,0,0,0,0,0
121355,2,1,2000,0,0,0,0,0,0,0,0,0,0
121356,1,1,2000,16,16,16,16,16,16,16,16,16,16
121356,2,1,2000,0,0,0,0,0,0,0,0,0,0
121357,1,1,2000,0,0,0,0,0,0,0,0,0,0
121357,2,1,2000,0,0,0,0,0,0,0,0,0,0
121358,0,1,2000,34,0,0,0,0,0,0,0,0,0
121358,1,1,2000,0,0,0,0,0,0,0,0,0,0
121359,0,1,2000,41,41,41,41,41,41,41,41,41,41
121359,1,1,2000,0,0,0,0,0,0,24,0,0,0
121360,1,1,2000,0,0,0,0,0,0,0,0,0,0
121360,2,1,2000,0,0,0,0,0,0,0,0,0,0
121361,0,1,2000,26,26,26,26,26,26,26,26,26,26
121361,1,1,2000,0,0,0,20,0,0,3,0,0,0
121362,1,1,2000,0,0,0,0,0,0,0,0,0,0
121363,1,1,2000,0,0,0,0,0,0,0,0,0,0
121363,2,1,2000,5,5,5,5,5,5,5,5,5,5
121364,1,1,2000,0,0,0,0,0,0,0,0,0,0
121364,2,1,2000,0,0,0,0,0,0,0,0,0,0
121365,1,1,2000,18,18,18,18,18,18,18,18,18,18
121366,1,1,2000,0,0,0,0,0,0,0,0,0,0
121366,2,1,2000,0,0,0,0,0,0,0,0,0,0
121367,0,1,2000,0,18,0,0,0,0,0,0,0,0
121367,1,1,2000,0,0,0,0,0,0,0,0,0,0
121368,1,1,2000,0,0,0,0,0,0,25,0,0,0
121368,2,1,2000,0,0,0,0,0,0,0,0,0,0
121368,3,1,2000,0,0,0,0,0,8,0,0,0,0
121368,4,1,2000,0,0,0,0,0,0,0,0,0,0
121369,1,1,2000,4,4,4,4,4,4,4,4,4,4
121369,2,1,2000,0,0,0,0,0,0,0,0,0,0
121370,0,1,2000,0,0,0,0,0,0,0,0,0,0
121370,1,1,2000,0,0,0,0,0,0,0,0,0,0
121371,1,1,2000,12,12,12,12,12,12,12,12,12,12
121372,1,1,2000,0,0,0,0,0,0,0,0,0,0
121373,0,1,2000,23,23,23,23,23,23,23,23,23,23
121373,1,1,2000,0,0,0,0,0,0,0,0,0,0
121374,0,1,2000,18,0,0,0,0,0,0,0,0,0
121374,1,1,2000,15,0,0,0,0,0,0,0,0,13
121375,1,1,2000,0,0,0,0,0,0,0,0,0,0
121376,1,1,2000,0,0,0,0,0,0,0,0,0,0
121377,1,1,2000,0,0,0,0,0,0,0,0,0,0
121378,1,1,2000,0,0,0,0,0,0,0,0,0,0
121379,0,1,2000,26,26,26,26,26,26,26,26,26,26
121379,1,1,2000,0,0,0,0,0,0,0,0,0,0
121380,1,1,2000,21,21,21,21,21,21,21,21,21,21
121381,0,1,2000,7,7,7,7,7,7,7,7,7,7
121381,1,1,2000,0,0,0,0,0,0,0,0,0,0
121381,2,1,2000,0,0,0,4,0,10,0,0,0,0
121382,0,1,2000,28,28,28,28,28,28,28,28,28,28
121382,1,1,2000,0,0,0,0,0,0,0,0,0,0
121383,1,1,2000,9,9,9,9,9,9,9,9,9,9
121384,1,1,2000,13,13,13,13,13,13,13,13,13,13
121384,2,1,2000,0,0,0,0,0,0,0,0,0,0
121385,1,1,2000,0,0,0,0,0,0,0,0,0,0
121385,2,1,2000,0,0,0,0,0,0,0,0,0,0
121386,1,1,2000,25,25,25,25,25,25,25,25,25,25
121386,2,1,2000,0,0,0,0,0,0,0,0,0,0
121387,1,1,2000,24,24,24,24,24,24,24,24,24,24
121388,1,1,2000,0,0,0,0,0,0,0,0,0,0
121388,2,1,2000,0,0,0,0,0,0,0,0,0,0
121389,1,1,2000,0,0,0,0,0,14,0,0,0,9
121390,1,1,2000,13,13,13,13,13,13,13,13,13,13
121391,1,1,2000,0,0,0,0,0,0,0,0,0,0
121391,2,1,2000,0,9,0,0,0,0,0,0,0,0
121392,1,1,2000,0,0,0,0,0,0,0,0,0,0
121393,1,1,2000,17,17,17,17,17,17,17,17,17,17
121394,1,1,2000,0,0,0,0,0,0,0,0,0,0
121394,2,1,2000,0,0,0,0,0,0,0,0,0,0
121395,1,1,2000,26,26,26,26,26,26,26,26,26,26
121396,1,1,2000,0,0,0,15,0,0,0,0,13,0
121396,2,1,2000,0,0,0,0,0,0,0,0,0,0
121397,1,1,2000,0,0,0,0,0,0,0,0,0,0
121397,2,1,2000,0,0,0,0,0,0,0,0,0,0
121398,0,1,2000,34,34,34,34,34,34,34,34,34,34
121398,1,1,2000,13,13,13,13,13,13,13,13,13,13
121399,0,1,2000,0,0,0,0,28,0,0,0,0,3
121399,1,1,2000,23,23,23,23,23,23,23,23,23,23
121399,2,1,2000,0,0,0,0,0,0,0,0,0,0
121400,1,1,2000,7,7,7,7,7,7,7,7,7,7
121400,2,1,2000,48,17,0,11,0,0,0,9,0,15
121401,1,1,2000,14,14,14,14,14,14,14,14,14,14
121402,1,1,2000,20,20,20,20,20,20,20,20,20,20
121402,2,1,2000,0,0,13,0,0,0,0,0,0,0
121403,1,1,2000,0,15,0,0,0,0,0,0,0,0
121403,2,1,2000,0,0,0,0,0,0,0,0,10,0
121404,0,1,2000,0,0,0,0,0,0,0,0,0,0
121404,1,1,2000,0,0,0,0,0,0,0,0,0,0
121405,1,1,2000,0,0,0,0,0,0,0,0,0,0
121406,1,1,2000,9,9,9,9,9,9,9,9,9,9
121406,2,1,2000,3,3,3,3,3,3,3,3,3,3
121407,0,1,2000,21,21,21,21,21,21,21,21,21,21
121407,1,1,2000,4,0,0,0,6,0,0,0,4,26
121408,1,1,2000,0,0,0,0,0,0,0,0,0,0
121410,0,1,2000,0,0,0,0,0,0,0,0,0,0
121410,1,1,2000,0,0,0,0,0,0,0,0,0,0
121411,0,1,2000,0,0,0,0,0,0,0,0,2,0
121411,1,1,2000,0,0,0,0,0,0,0,0,0,0
121412,0,1,2000,0,0,0,0,0,0,0,0,0,0
121412,1,1,2000,0,0,0,0,0,0,0,0,0,0
121413,1,1,2000,8,0,1,0,0,0,7,0,0,0
121414,0,1,2000,0,11,22,0,0,0,0,0,0,0
121414,0,2,2000,9,21,22,39,31,3,0,0,0,0
121414,1,1,2000,0,0,0,0,0,0,0,0,0,0
121415,0,1,2000,17,17,17,17,17,17,17,17,17,17
121415,1,1,2000,10,0,15,0,7,16,0,0,0,7
121417,0,1,2000,35,35,35,35,35,35,35,35,35,35
121417,1,1,2000,0,0,0,0,0,0,0,0,0,0
121418,1,1,2000,0,20,0,0,0,0,12,0,0,0
121419,0,1,2000,22,22,22,22,22,22,22,22,22,22
121419,1,1,2000,0,0,0,0,0,0,0,0,0,0
121420,1,1,2000,0,0,0,0,0,0,0,0,0,0
121420,2,1,2000,0,0,0,0,0,0,0,0,0,0
121420,3,1,2000,0,0,0,0,0,0,0,0,0,0
121421,1,1,2000,8,0,0,0,0,0,8,0,0,0
121422,1,1,2000,16,16,16,16,16,16,16,16,16,16
121422,2,1,2000,23,23,23,23,23,23,23,23,23,23
121423,1,1,2000,0,0,5,0,0,7,0,10,0,0
121424,0,1,2000,15,0,0,34,0,32,10,0,0,0
121424,1,1,2000,0,0,0,0,0,0,0,0,0,0
121425,1,1,2000,0,0,0,7,0,0,0,0,0,0
121425,2,1,2000,0,0,0,0,0,0,0,0,9,0
121426,1,1,2000,0,0,0,0,0,0,0,0,0,0
121426,2,1,2000,0,0,0,0,0,0,0,0,0,0
121427,1,1,2000,0,0,0,0,0,0,0,0,0,0
121427,2,1,2000,0,0,0,0,0,0,0,0,0,0
121428,0,1,2000,0,0,0,0,0,0,0,0,0,0
121428,1,1,2000,0,0,0,0,0,0,0,0,0,0
121429,1,1,2000,0,0,0,0,0,0,0,0,0,0
121429,2,1,2000,27,27,27,27,27,27,27,27,27,27
121430,1,1,2000,0,0,0,0,0,0,0,0,0,0
121430,2,1,2000,0,0,0,0,0,0,0,0,0,0
121430,3,1,2000,0,0,0,0,0,0,0,0,0,0
121431,1,1,2000,0,0,0,12,8,0,0,0,0,0
121432,0,1,2000,0,0,0,0,0,0,0,0,0,0
121432,1,1,2000,0,0,0,0,0,0,0,0,0,0
121433,1,1,2000,0,0,0,0,0,0,0,0,0,0
121433,2,1,2000,0,0,0,0,0,0,0,0,0,0
121434,0,1,2000,0,0,0,0,0,0,0,0,0,0
121434,1,1,2000,0,0,0,0,0,0,0,0,14,0
121435,1,1,2000,0,0,0,0,0,0,0,0,0,0
121435,2,1,2000,0,0,0,0,0,0,0,0,0,0
121436,1,1,2000,0,0,0,0,0,0,0,0,0,0
121437,1,1,2000,0,0,0,0,0,5,0,0,0,0
121437,2,1,2000,0,0,0,0,0,0,0,0,0,0
121438,1,1,2000,0,0,0,0,0,0,0,0,0,0
121439,1,1,2000,0,0,0,0,0,0,0,0,0,0
121440,0,1,2000,0,8,28,25,3,0,16,7,9,25
121440,1,1,2000,0,0,0,0,0,0,0,0,0,0
121441,1,1,2000,17,17,17,17,17,17,17,17,17,17
121442,1,1,2000,0,0,0,0,0,0,0,0,0,0
121442,2,1,2000,9,16,0,7,0,0,18,0,13,25
121443,1,1,2000,23,23,23,23,23,23,23,23,23,23
121444,1,1,2000,0,0,0,0,0,0,0,0,0,0
121445,1,1,2000,10,0,0,16,0,0,0,13,0,0
121446,1,1,2000,0,0,0,0,0,0,0,0,0,0
121446,2,1,2000,0,0,0,0,0,0,13,0,0,0
121447,1,1,2000,0,0,0,0,0,0,0,0,0,0
121447,2,1,2000,0,0,0,0,0,0,0,0,0,0
121448,1,1,2000,0,0,0,0,0,0,18,0,0,0
121448,2,1,2000,0,0,0,0,0,0,0,0,0,0
121449,0,1,2000,0,0,0,0,0,0,0,0,0,0
121449,1,1,2000,0,0,0,0,0,9,0,0,0,0
121450,1,1,2000,0,0,0,0,0,0,0,0,0,0
121451,0,1,2000,0,0,0,0,0,0,0,0,0,0
121451,1,1,2000,0,0,0,0,0,0,0,0,0,0
121452,1,1,2000,0,0,0,0,0,0,0,0,0,0
121453,1,1,2000,0,0,0,0,0,0,0,0,0,0
121454,1,1,2000,0,0,0,0,0,0,0,0,0,0