ST_CASE,VEH_NO,PER_NO,YEAR,P1,P2,P3,P4,P5,P6,P7,P8,P9,P10
121455,1,1,2000,0,0,0,0,0,0,0,0,0,0
121456,1,1,2000,0,0,0,0,0,13,0,0,0,10
121456,2,1,2000,0,7,0,0,0,0,0,0,0,0
121457,0,1,2000,0,0,0,0,0,0,0,0,0,0
121457,1,1,2000,0,0,0,0,0,0,0,0,0,0
121458,1,1,2000,7,7,7,7,7,7,7,7,7,7
121458,2,1,2000,0,0,0,0,0,0,0,0,0,0
121459,1,1,2000,0,0,0,0,0,0,0,0,0,0
121459,2,1,2000,0,0,0,19,0,0,0,0,0,0
121460,1,1,2000,0,0,0,0,0,0,0,0,0,0
121460,2,1,2000,0,0,0,0,0,0,0,0,0,0
121461,1,1,2000,0,0,0,0,0,0,0,0,0,0
121461,2,1,2000,0,0,10,0,0,0,0,0,0,0
121462,1,1,2000,0,0,0,0,0,0,0,0,0,0
121462,2,1,2000,0,0,0,0,0,0,0,0,0,0
121463,0,1,2000,31,31,31,31,31,31,31,31,31,31
121463,1,1,2000,0,0,0,0,0,11,0,0,0,0
121464,1,1,2000,18,18,18,18,18,18,18,18,18,18
121465,1,1,2000,0,0,0,0,0,0,0,0,0,0
121466,1,1,2000,0,7,0,0,0,0,0,0,0,0
121467,1,1,2000,0,0,0,0,0,9,0,0,0,0
121468,1,1,2000,0,0,0,0,0,0,0,0,0,0
121468,2,1,2000,0,0,0,0,0,0,0,0,0,0
121469,1,1,2000,0,0,0,10,0,0,0,0,0,0
121469,2,1,2000,0,0,0,17,0,23,0,0,0,0
121470,1,1,2000,17,17,17,17,17,17,17,17,17,17
121471,1,1,2000,0,0,0,0,0,0,0,0,0,0
121471,2,1,2000,0,0,0,0,0,0,0,0,0,0
121472,1,1,2000,0,0,0,0,0,0,0,0,0,0
121473,0,1,2000,12,27,0,0,0,0,0,6,0,0
121473,1,1,2000,0,0,19,21,0,17,0,0,0,0
121474,1,1,2000,0,0,0,0,0,0,0,0,0,0
121475,1,1,2000,0,0,0,0,0,0,0,0,0,0
121475,2,1,2000,0,0,0,0,0,0,0,0,0,0
121476,1,1,2000,19,19,19,19,19,19,19,19,19,19
121477,0,1,2000,37,37,37,37,37,37,37,37,37,37
121477,1,1,2000,0,0,0,0,9,0,15,0,0,0
121477,2,1,2000,0,0,12,0,0,0,0,0,0,0
121477,3,1,2000,0,0,0,0,0,0,0,0,0,0
121478,1,1,2000,1,1,1,1,1,1,1,1,1,1
121478,2,1,2000,0,0,0,0,0,0,0,0,0,0
121480,1,1,2000,0,0,0,0,0,0,0,0,19,0
121480,2,1,2000,0,12,0,0,0,0,0,0,0,0
121480,3,1,2000,0,0,0,0,0,0,0,0,0,0
121481,1,1,2000,0,0,0,0,0,0,0,0,0,0
121481,2,1,2000,0,0,0,0,0,0,0,0,0,0
121482,0,1,2000,0,0,0,0,0,0,0,0,0,0
121482,1,1,2000,0,0,0,0,0,0,0,0,0,0
121483,1,1,2000,0,0,0,0,0,0,0,0,0,0
121483,2,1,2000,0,0,0,0,0,0,0,0,0,0
121483,3,1,2000,0,0,0,0,0,0,0,0,0,0
121484,0,1,2000,0,0,0,0,0,0,0,0,0,0
121484,1,1,2000,0,0,0,0,0,0,0,0,0,0
121485,1,1,2000,0,0,0,0,0,0,0,0,0,0
121485,2,1,2000,0,0,0,0,0,0,0,0,0,0
121486,1,1,2000,10,10,10,10,10,10,10,10,10,10
121486,2,1,2000,0,0,0,0,0,0,0,0,0,0
121487,1,1,2000,0,0,0,0,0,0,0,0,0,0
121487,2,1,2000,0,0,0,0,0,0,0,0,0,0
121488,1,1,2000,23,23,23,23,23,23,23,23,23,23
121489,1,1,2000,0,0,0,0,0,0,0,0,0,0
121489,2,1,2000,0,0,0,0,0,0,0,0,0,0
121490,1,1,2000,0,0,0,0,0,0,0,0,0,0
121490,2,1,2000,0,0,0,0,0,0,0,0,0,0
121491,1,1,2000,3,3,3,3,3,3,3,3,3,3
121491,2,1,2000,0,0,0,0,0,0,0,0,0,0
121492,0,1,2000,0,0,0,0,0,0,0,0,0,0
121492,1,1,2000,11,11,11,11,11,11,11,11,11,11
121493,1,1,2000,0,0,0,0,0,0,0,0,0,0
121494,1,1,2000,27,27,27,27,27,27,27,27,27,27
121495,1,1,2000,7,7,7,7,7,7,7,7,7,7
121495,2,1,2000,0,0,25,0,0,0,0,0,0,0
121496,1,1,2000,0,0,0,0,0,0,0,0,0,0
121497,1,1,2000,0,0,0,0,0,0,0,0,0,0
121498,0,1,2000,0,0,0,0,0,0,0,0,0,0
121498,1,1,2000,0,0,0,0,0,0,0,0,0,0
121499,1,1,2000,0,0,0,0,0,0,0,0,10,0
121499,2,1,2000,0,0,0,0,0,0,0,0,0,0
121499,3,1,2000,0,0,0,0,0,0,0,0,0,0
121499,4,1,2000,0,0,0,0,0,0,0,0,0,0
121500,0,1,2000,0,0,0,0,0,0,0,0,0,0
121500,1,1,2000,0,0,0,0,0,0,0,0,0,0
121501,1,1,2000,20,0,0,0,0,0,0,0,0,0
121502,1,1,2000,6,6,6,6,6,6,6,6,6,6
121503,1,1,2000,16,16,16,16,16,16,16,16,16,16
121504,1,1,2000,34,34,34,34,34,34,34,34,34,34
121505,1,1,2000,0,0,0,0,0,0,0,0,0,0
121505,2,1,2000,0,0,0,0,0,0,16,0,0,0
121506,1,1,2000,0,0,0,0,0,0,0,0,0,0
121506,2,1,2000,0,0,0,0,0,0,0,0,0,0
121507,1,1,2000,0,0,0,0,0,0,0,0,0,0
121508,1,1,2000,0,0,0,0,0,0,0,0,0,0
121508,2,1,2000,0,0,0,0,0,0,0,0,0,0
121509,0,1,2000,0,0,0,0,0,0,0,0,0,0
121509,1,1,2000,0,0,0,0,0,0,0,0,0,0
121510,1,1,2000,15,15,15,15,15,15,15,15,15,15
121511,1,1,2000,12,12,12,12,12,12,12,12,12,12
121511,2,1,2000,0,0,0,0,0,0,0,0,0,0
121512,1,1,2000,23,23,23,23,23,23,23,23,23,23
121513,1,1,2000,0,0,0,0,0,0,0,0,0,0
121513,2,1,2000,0,0,0,0,0,0,0,0,0,0
121514,1,1,2000,0,0,0,0,0,0,0,0,0,0
121514,2,1,2000,0,0,0,0,0,0,0,0,0,0
121514,3,1,2000,0,0,0,0,0,0,0,0,0,0
121514,4,1,2000,0,0,0,17,0,0,0,13,0,0
121514,5,1,2000,0,0,0,0,0,0,0,0,0,0
121515,1,1,2000,7,7,7,7,7,7,7,7,7,7
121515,2,1,2000,0,0,0,5,0,0,0,0,0,0
121516,1,1,2000,0,0,0,0,0,0,0,0,0,0
121517,1,1,2000,17,0,0,0,0,0,0,0,0,0
121518,1,1,2000,1,1,1,1,1,1,1,1,1,1
121519,1,1,2000,16,0,10,20,18,28,31,19,26,14
121520,1,1,2000,0,0,12,0,29,0,8,0,0,0
121521,1,1,2000,12,12,12,12,12,12,12,12,12,12
121521,2,1,2000,0,0,14,0,0,0,0,0,0,0
121522,1,1,2000,19,19,19,19,19,19,19,19,19,19
121523,1,1,2000,0,0,0,0,0,0,0,0,0,0
121523,2,1,2000,0,0,0,0,0,0,0,0,0,0
121524,1,1,2000,0,0,0,0,0,0,0,0,0,0
121524,2,1,2000,0,0,0,0,0,0,0,0,0,8
121525,1,1,2000,0,0,0,0,0,0,0,0,0,0
121526,0,1,2000,0,0,0,0,0,0,0,0,0,0
121526,1,1,2000,0,0,0,0,0,0,0,6,0,0
121527,1,1,2000,0,0,0,0,0,0,0,0,0,0
121527,2,1,2000,9,9,9,9,9,9,9,9,9,9
121528,0,1,2000,0,0,0,0,0,0,13,0,0,0
121528,1,1,2000,0,0,0,0,0,0,0,0,0,0
121529,1,1,2000,0,0,0,0,0,0,0,0,0,0
121529,2,1,2000,23,0,0,0,0,0,0,0,0,0
121530,1,1,2000,0,0,0,0,0,0,0,0,0,0
121531,1,1,2000,0,0,0,0,0,0,0,0,0,0
121531,2,1,2000,0,0,0,0,0,0,0,7,0,0
121532,1,1,2000,0,0,0,0,0,0,0,0,0,0
121532,2,1,2000,0,0,0,0,0,0,0,0,0,0
121533,1,1,2000,0,0,0,0,0,0,0,0,0,0
121533,2,1,2000,0,6,0,0,0,0,0,0,0,0
121534,1,1,2000,9,9,9,9,9,9,9,9,9,9
121535,1,1,2000,6,6,6,6,6,6,6,6,6,6
121536,1,1,2000,0,0,0,0,0,0,0,0,0,0
121536,2,1,2000,0,0,0,0,0,0,0,0,0,0
121536,3,1,2000,0,0,0,0,0,0,0,0,0,0
121537,1,1,2000,0,0,0,0,0,0,0,0,0,0
121538,1,1,2000,29,29,29,29,29,29,29,29,29,29
121539,1,1,2000,25,25,25,25,25,25,25,25,25,25
121540,1,1,2000,0,0,0,0,0,0,0,0,0,0
121540,2,1,2000,0,0,0,0,0,0,0,0,13,0
121541,1,1,2000,0,0,11,12,0,0,0,0,0,0
121542,1,1,2000,0,0,0,0,0,0,0,0,0,0
121542,2,1,2000,0,11,0,0,0,18,0,5,0,6
121543,0,1,2000,0,0,0,0,0,28,0,0,0,0
121543,1,1,2000,0,0,0,0,18,0,0,0,0,0
121544,1,1,2000,0,0,0,0,0,0,0,0,0,0
121545,1,1,2000,23,23,23,23,23,23,23,23,23,23
121546,0,1,2000,0,0,0,0,0,0,0,0,0,0
121546,1,1,2000,0,0,0,0,0,0,0,0,0,0
121547,1,1,2000,12,12,12,12,12,12,12,12,12,12
121548,1,1,2000,0,0,0,0,0,0,0,13,0,0
121548,2,1,2000,0,0,0,0,7,0,0,0,0,0
121548,3,1,2000,0,0,0,0,0,0,0,0,0,0
121549,1,1,2000,0,0,21,0,0,0,0,0,0,0
121550,1,1,2000,0,0,0,0,0,0,0,0,0,0
121551,1,1,2000,18,18,18,18,18,18,18,18,18,18
121551,2,1,2000,0,0,0,9,9,0,0,0,0,0
121552,1,1,2000,17,17,17,17,17,17,17,17,17,17
121553,1,1,2000,18,18,18,18,18,18,18,18,18,18
121554,1,1,2000,0,0,0,0,0,0,0,0,0,0
121555,1,1,2000,18,18,18,18,18,18,18,18,18,18
121556,0,1,2000,0,0,0,0,0,0,0,23,0,25
121556,1,1,2000,0,0,0,0,0,0,0,0,0,0
121557,1,1,2000,0,0,0,0,0,0,0,0,0,0
121557,2,1,2000,0,3,0,0,0,0,0,0,0,0
121558,1,1,2000,0,0,0,0,0,0,0,0,0,0
121558,2,1,2000,0,0,0,0,11,0,8,0,0,2
121559,1,1,2000,0,12,0,0,18,0,0,3,0,0
121560,1,1,2000,0,0,0,0,0,0,0,0,0,0
121560,2,1,2000,0,0,0,0,0,0,0,0,0,0
121561,1,1,2000,0,0,0,0,0,0,0,0,0,0
121562,1,1,2000,16,16,16,16,16,16,16,16,16,16
121563,1,1,2000,19,19,19,19,19,19,19,19,19,19
121564,1,1,2000,0,0,0,0,0,0,0,0,0,0
121564,2,1,2000,0,0,0,0,0,0,0,0,0,0
121565,1,1,2000,0,0,9,0,0,0,0,0,0,0
121565,2,1,2000,0,0,0,0,0,0,0,0,0,0
121566,0,1,2000,0,0,0,11,16,14,0,31,32,0
121566,1,1,2000,0,0,0,0,0,0,0,0,0,0
121567,1,1,2000,0,0,0,0,0,0,0,0,0,0
121567,2,1,2000,0,0,0,0,0,0,0,0,0,0
121568,1,1,2000,0,0,0,0,0,14,29,10,0,0
121568,2,1,2000,0,0,0,0,0,0,0,0,0,0
121569,1,1,2000,3,3,3,3,3,3,3,3,3,3
121570,1,1,2000,22,22,22,22,22,22,22,22,22,22
121570,2,1,2000,0,0,0,0,0,0,0,0,0,0
121571,0,1,2000,0,0,0,0,0,0,0,0,0,0
121571,1,1,2000,0,0,0,0,0,0,0,0,0,0
121572,1,1,2000,0,0,0,0,0,0,0,0,0,0
121573,1,1,2000,0,0,0,0,0,0,0,0,0,0
121573,2,1,2000,0,0,0,0,0,0,0,0,0,0
121573,3,1,2000,0,0,0,0,0,0,0,0,0,0
121573,4,1,2000,0,0,0,0,0,0,0,0,0,0
121574,1,1,2000,25,25,25,25,25,25,25,25,25,25
121575,1,1,2000,13,13,13,13,13,13,13,13,13,13
121576,1,1,2000,0,0,0,0,0,0,0,0,0,0
121576,2,1,2000,0,0,0,0,0,0,0,0,0,0
121577,1,1,2000,7,7,7,7,7,7,7,7,7,7
121577,2,1,2000,0,0,0,0,0,0,0,0,0,0
121578,1,1,2000,0,0,0,0,0,0,0,0,0,0
121579,1,1,2000,0,0,0,21,0,0,0,0,0,0
121579,2,1,2000,3,0,0,0,0,0,8,0,0,0
121580,1,1,2000,23,23,23,23,23,23,23,23,23,23
121581,1,1,2000,0,0,0,0,0,0,0,0,0,0
121581,2,1,2000,0,0,0,23,0,0,0,0,0,0
121581,3,1,2000,0,0,0,0,0,0,0,0,0,0
121581,4,1,2000,0,0,0,0,0,0,0,0,0,0
121582,0,1,2000,6,6,6,6,6,6,6,6,6,6
121582,1,1,2000,6,6,6,6,6,6,6,6,6,6
121583,1,1,2000,0,0,0,0,7,0,0,0,0,0
121583,2,1,2000,0,0,0,0,0,0,0,0,0,0
121583,3,1,2000,0,0,12,0,0,0,0,0,0,0
121584,0,1,2000,0,0,0,0,0,0,0,0,0,0
121584,1,1,2000,0,0,0,0,0,0,0,0,0,0
121585,1,1,2000,2,0,0,0,0,0,0,0,0,0
121585,2,1,2000,0,0,0,0,0,0,0,0,0,0
121586,0,1,2000,0,0,0,0,0,0,0,0,0,0
121586,1,1,2000,0,0,0,0,0,0,0,0,0,0
121587,1,1,2000,0,0,0,0,0,0,0,0,0,0
121587,2,1,2000,0,0,0,0,0,0,0,0,0,0
121587,3,1,2000,0,0,0,0,0,0,0,0,0,0
121588,1,1,2000,13,13,13,13,13,13,13,13,13,13
121589,1,1,2000,0,0,0,0,0,0,0,0,0,0
121590,1,1,2000,0,0,0,0,0,0,0,0,0,0
121590,2,1,2000,0,0,0,0,0,0,0,0,0,0
121591,1,1,2000,0,0,0,0,0,0,0,0,0,0
121591,2,1,2000,0,0,0,0,0,0,0,0,0,0
121592,1,1,2000,11,11,11,11,11,11,11,11,11,11
121592,2,1,2000,0,0,0,0,0,0,0,0,0,0
121592,3,1,2000,0,0,0,0,0,0,0,0,0,0
121592,4,1,2000,0,0,0,0,0,0,0,0,0,0
121592,5,1,2000,0,0,0,0,0,0,0,0,0,0
121592,6,1,2000,0,0,0,0,0,0,0,0,0,0
121593,1,1,2000,0,22,16,0,0,0,0,8,13,7
121594,1,1,2000,15,0,0,0,11,0,0,19,3,16
121594,2,1,2000,7,0,0,0,0,9,0,0,0,0
121595,1,1,2000,0,0,0,0,0,0,0,0,0,0
121596,1,1,2000,0,0,0,0,0,0,0,0,0,0
121596,2,1,2000,7,7,7,7,7,7,7,7,7,7
121597,1,1,2000,29,29,29,29,29,29,29,29,29,29
121598,0,1,2000,26,26,26,26,26,26,26,26,26,26
121598,1,1,2000,0,0,0,0,0,0,0,0,0,0
121599,1,1,2000,27,27,27,27,27,27,27,27,27,27
121600,1,1,2000,0,22,0,0,3,0,0,0,0,0
121601,0,1,2000,0,0,3,0,0,0,15,0,0,0
121601,1,1,2000,0,0,0,0,0,0,0,0,0,0
121602,1,1,2000,0,0,0,0,0,0,0,0,0,0
121602,2,1,2000,0,0,0,0,0,0,0,0,0,0
121603,1,1,2000,0,0,0,0,0,0,12,0,0,0
121603,2,1,2000,0,0,0,0,0,0,0,0,0,0
121604,0,1,2000,0,0,0,0,0,0,0,0,0,0
121604,1,1,2000,0,0,0,0,0,0,0,0,18,0
121605,1,1,2000,28,28,28,28,28,28,28,28,28,28
121606,1,1,2000,14,14,14,14,14,14,14,14,14,14
121607,1,1,2000,0,0,0,0,0,0,0,0,0,0
121607,2,1,2000,0,0,10,0,0,0,0,0,0,0
121607,3,1,2000,0,0,0,0,0,0,0,0,0,0
121608,1,1,2000,0,0,0,0,0,0,0,0,0,0
121608,2,1,2000,0,0,0,0,0,0,0,0,0,0
121608,3,1,2000,0,0,0,0,0,0,0,0,0,0
121609,1,1,2000,0,0,0,0,0,0,0,0,0,0
121609,2,1,2000,0,0,0,0,0,0,0,0,0,0
121609,3,1,2000,0,0,0,0,0,0,0,0,0,0
121610,1,1,2000,0,0,0,0,0,0,0,0,0,0
121611,1,1,2000,0,0,0,0,0,0,0,0,0,0
121611,2,1,2000,0,0,0,0,0,0,0,0,0,0
121612,0,1,2000,0,0,0,0,0,0,0,0,0,0
121612,1,1,2000,0,0,0,0,0,0,0,0,0,0
121613,0,1,2000,0,0,0,26,0,0,0,0,0,0
121613,1,1,2000,0,0,0,0,0,0,0,0,0,0
121614,1,1,2000,7,7,7,7,7,7,7,7,7,7
121615,0,1,2000,24,24,24,24,24,24,24,24,24,24
121615,1,1,2000,0,0,0,0,6,0,0,0,0,0
121616,0,1,2000,22,22,22,22,22,22,22,22,22,22
121616,1,1,2000,0,0,0,0,0,0,0,0,0,0
121617,1,1,2000,0,0,0,0,0,0,0,0,0,0
121618,1,1,2000,5,5,5,5,5,5,5,5,5,5
121619,1,1,2000,0,0,0,0,0,0,0,0,0,0
121619,2,1,2000,0,0,0,0,0,0,0,0,0,0
121620,1,1,2000,0,0,0,0,0,0,0,0,0,0
121621,1,1,2000,0,0,0,0,0,0,0,0,0,0
121621,2,1,2000,0,0,0,0,0,0,0,0,0,0
121622,0,1,2000,21,21,21,21,21,21,21,21,21,21
121622,1,1,2000,0,0,0,0,0,0,0,0,0,0
121622,2,1,2000,0,0,0,0,5,0,0,0,0,0
121622,3,1,2000,0,0,0,0,0,0,0,0,0,0
121623,0,1,2000,0,0,0,0,33,0,0,0,0,0
121623,1,1,2000,0,0,0,8,0,0,0,0,0,0
121624,1,1,2000,1,1,1,1,1,1,1,1,1,1
121624,2,1,2000,0,0,0,0,0,0,0,0,0,0
121625,1,1,2000,0,16,17,17,0,5,0,0,13,17
121626,1,1,2000,0,0,0,0,0,0,0,0,0,0
121627,0,1,2000,0,0,0,14,0,0,20,0,0,0
121627,1,1,2000,16,16,16,16,16,16,16,16,16,16
121628,1,1,2000,15,15,15,15,15,15,15,15,15,15
121629,1,1,2000,0,0,0,0,0,0,0,0,0,0
121630,0,1,2000,0,0,0,0,0,0,0,0,0,0
121630,1,1,2000,0,0,0,0,0,0,0,0,0,0
121631,0,1,2000,0,0,0,22,0,0,0,0,0,0
121631,1,1,2000,0,0,0,10,0,0,0,0,0,0
121632,1,1,2000,0,0,0,0,0,15,0,0,0,0
121633,1,1,2000,0,0,0,0,0,0,0,0,0,0
121633,2,1,2000,0,0,0,0,0,0,0,0,0,0
121634,1,1,2000,23,23,23,23,23,23,23,23,23,23
121635,1,1,2000,0,0,0,0,0,0,0,0,0,0
121635,2,1,2000,0,0,0,0,0,0,0,0,0,0
121636,1,1,2000,0,0,0,0,0,0,0,0,0,0
121636,2,1,2000,12,12,12,12,12,12,12,12,12,12
121637,1,1,2000,16,16,16,16,16,16,16,16,16,16
121637,2,1,2000,0,0,0,0,0,0,0,0,0,0
121638,1,1,2000,29,29,29,29,29,29,29,29,29,29
121638,2,1,2000,0,0,0,0,0,0,0,0,0,0
121639,1,1,2000,20,20,20,20,20,20,20,20,20,20
121640,1,1,2000,0,0,0,0,0,0,0,0,0,0
121640,2,1,2000,0,0,0,0,0,7,0,0,0,0
121641,1,1,2000,0,0,0,0,0,0,0,0,0,0
121641,2,1,2000,0,0,0,0,0,0,0,0,0,0
121642,1,1,2000,0,0,0,0,0,0,0,0,0,0
121643,1,1,2000,0,0,0,0,0,0,0,0,0,0
121643,2,1,2000,0,0,0,0,0,0,0,0,0,0
121644,1,1,2000,9,27,0,0,0,0,20,0,0,3
121645,1,1,2000,0,0,0,0,0,0,0,0,0,0
121645,2,1,2000,0,0,0,0,0,0,0,0,0,0
121646,1,1,2000,0,0,0,0,0,0,0,0,0,0
121647,0,1,2000,28,28,28,28,28,28,28,28,28,28
121647,1,1,2000,11,0,0,0,0,0,0,0,0,0
121648,1,1,2000,17,17,17,17,17,17,17,17,17,17
121648,2,1,2000,0,0,0,0,0,0,0,0,0,0
121649,1,1,2000,13,13,13,13,13,13,13,13,13,13
121649,2,1,2000,0,0,0,0,0,0,0,0,0,0
121650,1,1,2000,0,0,0,0,0,0,0,0,0,0
121650,2,1,2000,0,0,0,0,0,0,0,0,0,0
121651,1,1,2000,10,10,10,10,10,10,10,10,10,10
121651,2,1,2000,0,0,0,0,0,0,0,0,0,0
121652,1,1,2000,30,30,30,30,30,30,30,30,30,30
121652,2,1,2000,0,0,10,0,0,0,0,0,0,12
121653,1,1,2000,0,0,0,0,0,0,0,0,0,0
121654,1,1,2000,0,0,0,0,0,0,0,0,0,0
121654,2,1,2000,0,0,0,0,0,0,0,0,0,0
121655,1,1,2000,0,0,0,0,0,0,0,0,0,0
121655,2,1,2000,0,0,0,0,0,0,0,0,0,0
121656,1,1,2000,29,29,29,29,29,29,29,29,29,29
121656,2,1,2000,0,0,0,0,0,0,0,0,0,0
121657,1,1,2000,0,0,0,0,0,0,0,0,0,0
121658,0,1,2000,19,19,19,19,19,19,19,19,19,19
121658,1,1,2000,0,0,13,0,0,0,0,0,15,0
121659,1,1,2000,20,20,20,20,20,20,20,20,20,20
121660,1,1,2000,0,0,0,0,0,0,0,0,0,0
121660,2,1,2000,0,0,0,0,0,0,0,0,12,0
121661,0,1,2000,12,12,12,12,12,12,12,12,12,12
121661,1,1,2000,0,0,0,0,0,0,0,0,0,0
121662,1,1,2000,0,0,0,0,0,0,0,0,0,0
121663,1,1,2000,0,0,0,0,0,0,0,0,0,0
121663,2,1,2000,0,0,0,0,0,0,0,0,0,0
121664,1,1,2000,0,0,0,0,0,0,0,0,0,0
121664,2,1,2000,0,0,0,0,0,0,0,0,0,0
121665,1,1,2000,0,0,0,0,0,0,0,0,0,0
121665,2,1,2000,0,0,0,0,0,0,0,0,0,0
121665,3,1,2000,0,0,0,0,0,0,0,0,0,0
121665,4,1,2000,0,0,0,0,26,0,0,0,0,0
121665,5,1,2000,0,0,0,0,0,0,0,0,0,0
121666,1,1,2000,0,0,0,0,0,0,0,0,0,0
121666,2,1,2000,0,0,0,0,0,0,0,0,0,14
121666,3,1,2000,0,0,13,0,0,0,0,29,11,0
121667,1,1,2000,0,0,0,0,0,0,0,0,0,15
121667,2,1,2000,0,0,0,0,0,0,0,0,0,0
121668,1,1,2000,0,0,0,0,0,0,0,0,0,0
121668,2,1,2000,0,5,0,0,0,0,0,0,0,0
121668,3,1,2000,0,0,0,0,0,0,0,0,0,0
121669,0,1,2000,2,2,2,2,2,2,2,2,2,2
121669,1,1,2000,0,0,13,0,0,0,0,0,0,0
121670,1,1,2000,0,0,0,0,0,0,0,0,0,0
121670,2,1,2000,0,0,0,0,0,0,0,0,0,0
121670,3,1,2000,0,0,0,0,0,0,0,0,0,0
121670,4,1,2000,0,0,0,0,0,0,0,0,0,0
121670,5,1,2000,0,0,0,0,0,0,0,0,0,0
121670,6,1,2000,0,0,0,0,0,0,0,0,0,0
121671,1,1,2000,0,0,0,0,0,0,0,0,0,0
121671,2,1,2000,0,0,0,0,0,0,0,0,0,0
121672,1,1,2000,0,0,0,0,0,0,0,0,0,0
121672,2,1,2000,0,0,0,0,0,0,0,0,17,0
121673,1,1,2000,0,0,0,0,0,0,0,0,0,0
121674,1,1,2000,0,14,0,0,0,0,0,0,0,0
121675,1,1,2000,0,0,0,0,0,0,0,6,0,0
121676,1,1,2000,0,0,0,0,0,0,0,0,0,0
121676,2,1,2000,0,0,0,0,0,0,0,0,0,0
121676,3,1,2000,0,0,0,0,0,0,0,0,0,0
121677,1,1,2000,0,0,0,0,0,0,0,0,0,0
121678,1,1,2000,0,0,0,0,0,0,0,0,0,0
121678,2,1,2000,0,0,0,0,0,0,0,0,0,0
121679,1,1,2000,0,0,0,0,0,0,0,0,0,0
121679,2,1,2000,0,6,0,0,0,0,0,0,0,0
121680,1,1,2000,7,0,0,0,0,0,0,0,0,0
121680,2,1,2000,0,0,0,0,0,0,0,0,0,0
121681,1,1,2000,0,29,0,0,0,13,13,15,0,0
121681,2,1,2000,0,0,0,0,0,0,0,0,0,0
121682,1,1,2000,0,0,0,0,0,0,0,0,0,0
121683,1,1,2000,21,21,21,21,21,21,21,21,21,21
121684,1,1,2000,0,0,0,0,0,3,0,0,0,0
121684,2,1,2000,0,0,0,0,0,0,0,0,0,0
121685,0,1,2000,16,16,16,16,16,16,16,16,16,16
121685,1,1,2000,0,0,0,0,9,0,0,0,0,0
121686,1,1,2000,19,19,19,19,19,19,19,19,19,19
121687,1,1,2000,0,0,0,0,15,0,0,0,0,0
121687,2,1,2000,0,0,0,0,0,0,0,0,0,0
121688,1,1,2000,13,13,13,13,13,13,13,13,13,13
121689,0,1,2000,26,26,26,26,26,26,26,26,26,26
121689,1,1,2000,0,0,0,0,0,0,0,0,0,0
121690,1,1,2000,26,26,26,26,26,26,26,26,26,26
121691,1,1,2000,0,0,0,0,0,0,0,0,0,0
121692,1,1,2000,0,0,0,0,0,0,0,0,0,0
121693,1,1,2000,26,0,0,0,0,0,21,0,0,0
121694,1,1,2000,0,0,0,0,0,0,0,0,0,0
121694,2,1,2000,0,0,0,0,0,0,0,0,0,0
121695,1,1,2000,0,0,0,0,0,0,0,0,0,0
121696,1,1,2000,0,0,0,0,0,0,10,0,0,0
121696,2,1,2000,0,0,0,0,0,0,0,0,0,0
121697,1,1,2000,0,0,0,0,0,0,0,0,0,0
121697,2,1,2000,0,0,0,0,0,0,12,0,0,0
121698,1,1,2000,0,9,0,0,0,0,0,0,0,0
121698,2,1,2000,0,0,0,0,15,0,12,0,0,0
121699,1,1,2000,0,0,0,0,0,0,0,0,0,0
121700,1,1,2000,28,28,28,28,28,28,28,28,28,28
121700,2,1,2000,0,0,0,0,0,0,0,0,0,0
121701,1,1,2000,0,0,0,0,0,0,0,0,0,0
121701,2,1,2000,0,0,0,0,0,0,0,0,0,0
121702,1,1,2000,0,0,0,0,0,0,5,0,0,0
121702,2,1,2000,0,0,0,0,0,0,0,0,0,0
121703,1,1,2000,24,24,24,24,24,24,24,24,24,24
121704,1,1,2000,15,15,15,15,15,15,15,15,15,15
121704,2,1,2000,0,0,5,0,0,0,0,0,0,0
121705,1,1,2000,0,0,0,0,0,18,0,0,0,0
121706,1,1,2000,12,0,0,0,0,0,0,0,0,0
121706,2,1,2000,3,3,3,3,3,3,3,3,3,3
121707,1,1,2000,12,12,12,12,12,12,12,12,12,12
121708,1,1,2000,0,0,0,0,0,0,0,0,0,0
121709,1,1,2000,0,0,0,0,0,0,0,0,0,0
121709,2,1,2000,0,0,0,0,0,0,0,0,13,0
121710,1,1,2000,0,0,0,0,0,0,0,0,0,0
121710,2,1,2000,0,0,0,0,0,0,0,0,0,0
121711,0,1,2000,26,0,45,19,0,39,7,0,25,17
121711,0,2,2000,0,0,14,40,0,26,12,0,0,22
121711,1,1,2000,0,0,0,0,0,0,0,0,0,0
121712,1,1,2000,0,0,0,0,0,0,0,0,0,0
121712,2,1,2000,0,0,11,0,0,0,0,0,0,0
121713,1,1,2000,21,21,21,21,21,21,21,21,21,21
121714,0,1,2000,0,26,41,0,0,0,0,0,0,23
121714,1,1,2000,0,0,0,0,0,0,0,0,0,0
121715,0,1,2000,0,0,0,0,0,0,0,0,0,0
121715,1,1,2000,0,0,0,0,0,0,0,0,0,0
121716,1,1,2000,9,9,9,9,9,9,9,9,9,9
121717,1,1,2000,0,0,0,0,0,0,0,0,0,0
121718,1,1,2000,0,0,0,0,4,0,0,0,0,0
121719,1,1,2000,0,25,16,27,17,25,19,16,29,17
121720,1,1,2000,0,0,0,0,0,0,0,0,0,0
121721,0,1,2000,0,0,0,0,0,0,0,0,0,0
121721,1,1,2000,0,0,0,0,0,0,0,0,0,0
121722,1,1,2000,18,18,18,18,18,18,18,18,18,18
121722,2,1,2000,0,30,28,0,0,0,0,17,0,0
121723,0,1,2000,0,0,0,0,0,0,0,0,0,0