ST_CASE,VEH_NO,PER_NO,YEAR,P1,P2,P3,P4,P5,P6,P7,P8,P9,P10
121723,1,1,2000,0,0,0,0,0,0,0,0,0,0
121724,1,1,2000,0,0,0,0,0,0,0,0,0,0
121724,2,1,2000,0,0,0,3,0,0,0,0,0,0
121725,1,1,2000,21,21,21,21,21,21,21,21,21,21
121726,1,1,2000,0,0,0,0,0,0,0,0,0,0
121726,2,1,2000,0,0,0,0,0,0,0,0,0,0
121727,1,1,2000,0,0,0,0,0,0,0,0,10,0
121728,0,1,2000,26,26,26,26,26,26,26,26,26,26
121728,1,1,2000,10,10,10,10,10,10,10,10,10,10
121728,2,1,2000,0,0,0,18,16,0,0,0,11,0
121729,1,1,2000,0,0,0,0,8,0,0,0,0,0
121729,2,1,2000,0,0,0,0,0,0,0,0,0,0
121730,0,1,2000,0,0,0,0,17,0,0,0,0,0
121730,1,1,2000,25,0,0,0,0,27,0,17,0,13
121731,1,1,2000,29,29,29,29,29,29,29,29,29,29
121732,1,1,2000,6,6,6,6,6,6,6,6,6,6
121733,0,1,2000,26,26,26,26,26,26,26,26,26,26
121733,1,1,2000,0,0,0,0,0,0,0,0,0,0
121734,1,1,2000,0,0,0,8,20,0,0,22,11,18
121734,2,1,2000,0,0,0,0,0,0,0,0,0,0
121734,3,1,2000,0,0,0,0,0,0,0,0,0,0
121734,4,1,2000,0,0,0,0,0,0,0,0,0,0
121735,1,1,2000,0,19,22,0,11,0,0,0,0,0
121736,1,1,2000,0,0,0,0,0,0,0,0,0,0
121737,1,1,2000,0,0,0,0,0,0,0,0,0,0
121737,2,1,2000,13,13,13,13,13,13,13,13,13,13
121738,1,1,2000,0,0,0,0,0,0,0,0,0,0
121738,2,1,2000,0,0,0,0,0,0,0,0,0,0
121739,1,1,2000,18,18,18,18,18,18,18,18,18,18
121740,1,1,2000,0,0,9,23,11,17,27,21,0,27
121741,0,1,2000,0,0,0,0,0,0,0,0,0,0
121741,1,1,2000,0,0,0,0,7,0,0,0,0,0
121742,1,1,2000,0,0,0,0,0,0,0,0,0,0
121743,0,1,2000,4,4,4,4,4,4,4,4,4,4
121743,1,1,2000,0,0,0,0,0,0,0,0,0,0
121744,0,1,2000,19,19,19,19,19,19,19,19,19,19
121744,1,1,2000,0,0,0,0,0,0,0,0,0,0
121745,1,1,2000,0,0,0,0,0,0,0,0,0,0
121745,2,1,2000,0,0,0,0,0,0,0,0,0,0
121746,1,1,2000,0,0,0,0,0,0,0,0,0,0
121746,2,1,2000,0,0,0,0,0,0,0,0,0,0
121747,1,1,2000,0,0,0,0,0,0,0,0,0,0
121747,2,1,2000,0,0,0,0,0,0,0,0,0,0
121747,3,1,2000,0,0,0,0,0,0,0,0,0,0
121748,1,1,2000,7,7,7,7,7,7,7,7,7,7
121748,2,1,2000,19,19,19,19,19,19,19,19,19,19
121749,0,1,2000,0,0,0,6,13,0,13,0,0,0
121749,0,2,2000,0,0,0,0,0,0,0,0,0,37
121749,1,1,2000,11,11,11,11,11,11,11,11,11,11
121749,2,1,2000,0,0,0,0,0,0,0,0,14,0
121750,1,1,2000,16,16,16,16,16,16,16,16,16,16
121750,2,1,2000,0,0,0,0,0,0,0,0,0,0
121750,3,1,2000,0,0,9,28,0,0,0,0,9,0
121751,1,1,2000,22,22,22,22,22,22,22,22,22,22
121752,1,1,2000,0,0,0,0,0,0,0,0,0,0
121752,2,1,2000,0,0,0,0,15,0,0,0,0,0
121753,1,1,2000,8,8,8,8,8,8,8,8,8,8
121754,0,1,2000,0,0,0,0,0,0,0,0,0,0
121754,1,1,2000,0,0,0,0,0,0,0,0,0,0
121755,0,1,2000,6,6,6,6,6,6,6,6,6,6
121755,1,1,2000,0,0,0,0,0,0,0,0,0,0
121756,1,1,2000,0,0,0,0,0,0,0,0,0,0
121757,1,1,2000,0,0,0,0,0,0,0,0,0,0
121757,2,1,2000,0,0,0,0,0,0,0,0,0,0
121758,1,1,2000,0,0,0,0,0,0,0,0,0,0
121758,2,1,2000,0,0,0,0,0,0,0,0,0,0
121759,0,1,2000,8,8,8,8,8,8,8,8,8,8
121759,1,1,2000,0,0,0,0,0,0,0,0,0,0
121760,1,1,2000,0,0,0,0,0,0,0,0,0,0
121761,0,1,2000,21,26,0,0,21,0,0,19,0,33
121761,1,1,2000,0,14,0,0,0,0,0,0,0,0
121762,1,1,2000,0,0,0,0,0,0,0,0,0,0
121762,2,1,2000,0,0,8,0,0,0,13,0,0,0
121762,3,1,2000,0,0,0,0,0,0,0,0,0,0
121763,1,1,2000,0,0,0,0,0,14,0,0,0,0
121763,2,1,2000,0,0,0,0,0,0,0,0,0,0
121764,1,1,2000,0,0,0,0,0,0,0,0,0,0
121764,2,1,2000,0,0,0,0,0,0,0,0,0,0
121765,0,1,2000,34,23,44,0,10,16,29,0,26,20
121765,1,1,2000,0,0,0,18,0,0,0,0,0,0
121766,1,1,2000,0,0,0,0,0,0,0,0,0,0
121766,2,1,2000,0,0,0,0,0,0,10,0,0,0
121767,1,1,2000,4,4,4,4,4,4,4,4,4,4
121768,1,1,2000,18,18,18,18,18,18,18,18,18,18
121769,1,1,2000,16,16,16,16,16,16,16,16,16,16
121770,1,1,2000,23,23,23,23,23,23,23,23,23,23
121771,1,1,2000,12,12,12,12,12,12,12,12,12,12
121772,1,1,2000,29,0,0,0,0,0,0,0,0,0
121772,2,1,2000,0,0,0,0,0,0,0,0,0,0
121773,1,1,2000,21,21,21,21,21,21,21,21,21,21
121773,2,1,2000,0,0,0,0,0,0,0,0,0,0
121774,0,1,2000,41,41,41,41,41,41,41,41,41,41
121774,1,1,2000,11,0,11,0,6,0,0,0,0,0
121774,2,1,2000,0,0,0,0,0,0,0,0,0,0
121774,3,1,2000,0,0,0,0,0,0,0,0,0,0
121775,1,1,2000,20,20,20,20,20,20,20,20,20,20
121775,2,1,2000,0,0,0,0,0,0,0,0,0,0
121776,0,1,2000,5,5,5,5,5,5,5,5,5,5
121776,1,1,2000,0,0,0,0,0,0,0,0,0,0
121776,2,1,2000,0,0,19,0,15,0,0,0,0,0
121776,3,1,2000,0,0,0,0,0,0,0,0,0,0
121777,0,1,2000,18,18,18,18,18,18,18,18,18,18
121777,1,1,2000,0,0,0,0,0,0,0,0,0,0
121778,1,1,2000,7,7,7,7,7,7,7,7,7,7
121779,1,1,2000,0,0,0,0,0,0,0,0,0,0
121779,2,1,2000,0,0,0,0,0,0,0,0,0,0
121780,1,1,2000,22,22,22,22,22,22,22,22,22,22
121781,0,1,2000,30,30,30,30,30,30,30,30,30,30
121781,1,1,2000,16,0,18,0,14,0,0,0,24,6
121782,1,1,2000,27,27,27,27,27,27,27,27,27,27
121783,1,1,2000,0,0,0,0,0,0,0,0,0,0
121784,1,1,2000,0,0,0,0,0,0,0,0,0,0
121785,0,1,2000,0,0,0,0,0,0,0,0,0,0
121785,1,1,2000,0,0,0,0,0,0,0,0,0,0
121786,1,1,2000,17,17,17,17,17,17,17,17,17,17
121787,1,1,2000,17,17,17,17,17,17,17,17,17,17
121788,0,1,2000,16,16,16,16,16,16,16,16,16,16
121788,1,1,2000,0,0,0,0,0,0,0,0,0,0
121789,1,1,2000,0,0,0,0,0,0,0,0,0,0
121789,2,1,2000,0,0,0,12,0,0,0,0,0,0
121790,1,1,2000,0,0,0,0,0,0,0,0,0,0
121790,2,1,2000,0,0,0,0,0,0,0,0,0,0
121791,1,1,2000,25,25,25,25,25,25,25,25,25,25
121791,2,1,2000,0,0,0,0,0,0,0,0,0,0
121792,1,1,2000,20,20,20,20,20,20,20,20,20,20
121793,1,1,2000,0,0,0,0,0,0,32,0,0,0
121793,2,1,2000,0,0,0,0,0,0,0,0,0,0
121794,0,1,2000,46,46,46,46,46,46,46,46,46,46
121794,1,1,2000,0,0,0,25,0,0,13,0,0,0
121795,0,1,2000,0,0,0,0,0,0,0,0,0,0
121795,1,1,2000,0,0,0,0,0,0,0,0,0,0
121796,0,1,2000,0,0,0,0,0,0,0,0,0,0
121796,1,1,2000,0,0,0,0,16,0,0,0,0,0
121797,1,1,2000,0,0,0,0,0,0,0,0,0,0
121797,2,1,2000,0,0,0,0,0,0,0,0,0,0
121797,3,1,2000,0,0,0,0,0,0,0,0,0,0
121798,1,1,2000,0,0,0,0,0,0,0,0,0,0
121798,2,1,2000,0,0,0,0,0,0,0,0,0,0
121799,0,1,2000,15,15,15,15,15,15,15,15,15,15
121799,1,1,2000,0,0,0,0,0,0,0,0,0,0
121799,2,1,2000,0,0,0,0,0,0,0,0,0,0
121800,1,1,2000,0,0,0,0,0,0,0,0,0,0
121801,1,1,2000,16,16,16,16,16,16,16,16,16,16
121802,0,1,2000,35,35,35,35,35,35,35,35,35,35
121802,1,1,2000,0,0,0,0,0,0,0,0,0,0
121803,1,1,2000,10,10,10,10,10,10,10,10,10,10
121804,1,1,2000,20,20,20,20,20,20,20,20,20,20
121805,1,1,2000,0,0,0,0,0,0,0,0,0,0
121805,2,1,2000,0,0,0,0,0,0,0,0,0,0
121806,1,1,2000,0,0,0,0,0,0,0,0,0,0
121807,1,1,2000,0,0,0,0,0,0,0,6,0,0
121807,2,1,2000,17,17,17,17,17,17,17,17,17,17
121808,1,1,2000,0,0,0,0,0,0,0,0,0,0
121808,2,1,2000,0,0,0,7,0,18,0,0,0,0
121809,1,1,2000,0,0,0,0,0,0,0,0,0,0
121810,1,1,2000,0,0,0,0,0,0,0,0,0,0
121810,2,1,2000,0,0,0,0,0,0,0,0,0,13
121810,3,1,2000,0,0,0,0,0,0,0,0,0,0
121810,4,1,2000,0,0,0,0,0,0,0,0,0,0
121811,1,1,2000,33,33,33,33,33,33,33,33,33,33
121812,1,1,2000,0,0,0,0,0,17,0,16,0,0
121813,1,1,2000,0,0,0,0,0,0,0,0,0,0
121813,2,1,2000,13,13,13,13,13,13,13,13,13,13
121814,1,1,2000,0,0,0,0,6,10,0,0,0,0
121814,2,1,2000,0,0,0,0,0,0,0,0,0,3
121815,1,1,2000,0,0,0,0,0,0,0,0,0,0
121815,2,1,2000,0,0,0,0,0,0,0,0,0,0
121816,1,1,2000,20,0,0,0,0,0,0,0,0,0
121816,2,1,2000,0,5,0,0,0,0,0,0,0,19
121817,0,1,2000,0,0,0,0,0,0,0,0,0,0
121817,1,1,2000,0,0,0,0,0,9,0,0,0,0
121818,0,1,2000,39,39,39,39,39,39,39,39,39,39
121818,1,1,2000,12,12,12,12,12,12,12,12,12,12
121819,1,1,2000,0,0,0,0,0,0,0,0,0,0
121819,2,1,2000,9,0,0,0,0,0,0,15,10,0
121820,1,1,2000,0,0,0,9,0,0,0,0,0,0
121821,1,1,2000,19,19,19,19,19,19,19,19,19,19
121821,2,1,2000,4,4,4,4,4,4,4,4,4,4
121822,1,1,2000,0,0,0,0,0,0,0,0,0,0
121822,2,1,2000,20,20,20,20,20,20,20,20,20,20
121823,1,1,2000,21,21,21,21,21,21,21,21,21,21
121823,2,1,2000,0,0,0,0,0,0,0,0,0,0
121824,1,1,2000,18,18,18,18,18,18,18,18,18,18
121825,1,1,2000,9,9,9,9,9,9,9,9,9,9
121825,2,1,2000,13,0,0,0,0,0,0,0,0,0
121826,1,1,2000,17,17,17,17,17,17,17,17,17,17
121827,1,1,2000,0,0,0,0,0,0,0,0,0,0
121827,2,1,2000,0,0,0,0,0,0,0,0,0,0
121828,1,1,2000,0,0,0,0,0,0,0,0,0,0
121829,0,1,2000,17,17,17,17,17,17,17,17,17,17
121829,1,1,2000,0,0,0,0,0,0,0,0,0,0
121830,0,1,2000,23,23,23,23,23,23,23,23,23,23
121830,1,1,2000,0,0,0,0,0,0,0,0,0,0
121831,1,1,2000,0,0,0,0,9,0,0,0,0,0
121831,2,1,2000,0,0,0,0,0,0,0,21,0,0
121832,1,1,2000,0,0,0,0,0,0,0,0,0,0
121832,2,1,2000,0,0,0,0,5,0,0,0,0,0
121833,1,1,2000,0,15,14,0,0,10,0,0,0,0
121833,2,1,2000,0,0,10,0,0,0,0,0,0,0
121834,1,1,2000,0,0,0,0,0,0,0,0,0,0
121834,2,1,2000,0,0,0,0,0,0,0,0,0,0
121835,1,1,2000,0,0,0,0,0,0,0,0,0,0
121835,2,1,2000,0,0,0,0,0,0,0,0,0,0
121835,3,1,2000,0,0,0,0,0,0,0,0,0,0
121836,0,1,2000,0,0,0,0,0,0,0,0,0,0
121836,1,1,2000,0,0,0,0,0,0,0,0,0,0
121837,0,1,2000,50,50,50,50,50,50,50,50,50,50
121837,0,2,2000,0,0,0,0,0,0,0,0,0,0
121837,1,1,2000,0,0,0,0,0,0,0,0,0,0
121838,1,1,2000,0,0,0,0,0,0,11,0,0,0
121838,2,1,2000,0,0,0,0,0,0,0,0,0,0
121839,1,1,2000,0,0,0,0,0,0,0,0,0,0
121839,2,1,2000,0,0,0,0,0,0,0,0,0,0
121840,1,1,2000,12,12,12,12,12,12,12,12,12,12
121841,1,1,2000,12,12,12,12,12,12,12,12,12,12
121841,2,1,2000,24,24,24,24,24,24,24,24,24,24
121842,1,1,2000,2,2,2,2,2,2,2,2,2,2
121843,1,1,2000,27,27,27,27,27,27,27,27,27,27
121843,2,1,2000,0,0,0,0,0,0,0,0,0,0
121844,1,1,2000,0,0,0,0,0,0,0,0,0,0
121844,2,1,2000,16,0,0,7,0,4,6,0,0,0
121844,3,1,2000,0,0,0,0,0,0,0,0,0,19
121845,1,1,2000,7,7,17,22,0,0,0,16,0,23
121845,2,1,2000,0,0,0,0,0,0,0,0,0,0
121846,1,1,2000,0,0,0,0,0,0,0,0,0,0
121846,2,1,2000,0,0,0,0,0,0,0,0,0,0
121847,1,1,2000,0,0,0,0,0,19,0,14,0,0
121848,1,1,2000,0,0,0,0,0,0,0,0,0,0
121848,2,1,2000,0,0,0,0,0,0,0,0,0,0
121849,0,1,2000,35,35,35,35,35,35,35,35,35,35
121849,1,1,2000,29,29,12,0,20,0,0,28,0,0
121850,1,1,2000,15,15,15,15,15,15,15,15,15,15
121851,1,1,2000,21,21,21,21,21,21,21,21,21,21
121852,1,1,2000,0,0,0,0,0,0,0,0,0,0
121852,2,1,2000,0,0,0,0,0,0,0,0,0,0
121853,1,1,2000,0,0,0,0,0,0,0,0,0,0
121853,2,1,2000,0,0,0,0,0,0,0,0,0,0
121854,1,1,2000,0,0,21,0,0,0,0,0,10,15
121855,0,1,2000,0,0,0,0,0,0,0,0,0,7
121855,1,1,2000,0,0,0,0,0,0,0,0,0,0
121856,1,1,2000,0,0,0,0,0,0,0,0,0,0
121856,2,1,2000,0,0,0,0,0,0,0,0,0,0
121857,1,1,2000,0,0,0,0,0,0,0,0,0,0
121858,1,1,2000,10,10,10,10,10,10,10,10,10,10
121858,2,1,2000,0,0,0,0,0,0,0,0,0,0
121859,1,1,2000,0,0,0,0,0,0,0,0,0,0
121859,2,1,2000,0,0,0,0,0,0,0,0,0,0
121860,1,1,2000,0,0,0,0,0,0,0,0,0,0
121860,2,1,2000,0,0,0,0,0,0,0,0,0,0
121861,0,1,2000,33,33,33,33,33,33,33,33,33,33
121861,1,1,2000,0,0,0,5,0,0,0,0,15,29
121861,2,1,2000,0,0,0,0,0,0,0,0,0,0
121862,1,1,2000,0,0,0,0,0,0,0,0,0,0
121863,0,1,2000,34,34,34,34,34,34,34,34,34,34
121863,1,1,2000,0,0,0,0,0,0,0,0,0,0
121864,1,1,2000,0,0,0,0,0,0,0,0,0,0
121864,2,1,2000,0,0,0,0,0,0,0,0,0,0
121864,3,1,2000,0,0,0,0,0,0,0,0,0,0
121865,1,1,2000,30,30,30,30,30,30,30,30,30,30
121866,1,1,2000,19,19,19,19,19,19,19,19,19,19
121867,1,1,2000,0,0,0,0,0,0,0,0,0,0
121868,1,1,2000,0,0,0,0,0,0,0,0,0,0
121868,2,1,2000,0,0,0,0,0,0,0,0,0,0
121869,1,1,2000,0,0,0,0,0,0,0,0,0,0
121870,1,2,2000,0,4,0,0,0,0,0,18,6,9
121871,1,1,2000,0,0,0,0,0,0,0,0,0,0
121871,2,1,2000,0,0,0,0,0,0,0,0,0,0
121871,3,1,2000,0,0,0,0,0,0,0,0,0,0
121872,1,1,2000,0,0,0,0,0,0,0,0,0,0
121872,2,1,2000,0,0,0,0,0,0,0,0,0,0
121873,0,1,2000,20,20,20,20,20,20,20,20,20,20
121873,1,1,2000,0,0,0,11,0,0,0,0,0,0
121874,1,1,2000,28,28,28,28,28,28,28,28,28,28
121875,1,1,2000,16,16,16,16,16,16,16,16,16,16
121876,0,1,2000,26,26,26,26,26,26,26,26,26,26
121876,1,1,2000,19,16,7,0,0,0,18,0,0,0
121877,0,1,2000,37,37,37,37,37,37,37,37,37,37
121877,1,1,2000,0,0,0,14,18,0,18,0,0,0
121878,1,1,2000,0,0,0,0,0,0,0,0,0,0
121878,2,1,2000,0,0,0,0,0,0,0,0,0,0
121879,1,1,2000,15,15,15,15,15,15,15,15,15,15
121879,2,1,2000,0,0,0,0,0,0,0,0,0,0
121880,1,1,2000,24,24,24,24,24,24,24,24,24,24
121880,2,1,2000,0,8,0,0,14,0,0,0,0,0
121881,1,1,2000,17,17,17,17,17,17,17,17,17,17
121882,1,1,2000,0,0,0,0,0,0,0,0,0,0
121883,1,1,2000,0,0,0,0,0,0,0,0,0,0
121883,2,1,2000,0,0,28,0,19,0,0,0,0,0
121884,1,1,2000,8,8,8,8,8,8,8,8,8,8
121884,2,1,2000,0,0,0,0,0,0,0,4,0,0
121885,1,1,2000,0,0,0,0,0,0,0,0,0,0
121886,0,1,2000,0,0,0,0,0,0,0,0,0,0
121886,1,1,2000,0,0,0,0,0,0,0,0,0,0
121887,0,1,2000,0,12,19,0,0,7,0,0,6,0
121887,1,1,2000,0,0,0,0,0,0,0,0,0,0
121887,2,1,2000,0,0,0,0,0,0,0,0,0,0
121887,3,1,2000,0,0,0,0,0,0,0,0,0,0
121887,4,1,2000,0,0,0,0,28,0,0,0,0,0
121888,1,1,2000,20,20,20,20,20,20,20,20,20,20
121889,1,1,2000,18,18,18,18,18,18,18,18,18,18
121890,1,1,2000,9,9,9,9,9,9,9,9,9,9
121890,2,1,2000,0,0,0,0,0,0,0,0,0,0
121891,1,1,2000,0,0,0,4,0,19,0,0,0,5
121892,1,1,2000,0,0,0,0,0,0,0,0,0,0
121892,2,1,2000,0,0,0,0,0,0,0,0,0,0
121892,3,1,2000,0,0,0,0,0,0,0,0,0,0
121893,0,1,2000,13,13,13,13,13,13,13,13,13,13
121893,1,1,2000,0,0,0,0,0,0,0,0,0,0
121894,1,1,2000,9,9,9,9,9,9,9,9,9,9
121895,1,1,2000,0,0,0,0,0,0,0,0,0,0
121895,2,1,2000,0,0,21,0,0,0,0,0,0,0
121896,0,1,2000,0,0,0,0,0,0,0,24,0,0
121896,1,1,2000,0,0,0,0,0,0,0,0,0,0
121897,1,1,2000,25,25,25,25,25,25,25,25,25,25
121898,1,1,2000,23,23,23,23,23,23,23,23,23,23
121899,1,1,2000,0,0,0,0,0,0,0,0,0,0
121899,2,1,2000,0,0,0,0,0,0,0,0,0,0
121900,1,1,2000,0,0,0,0,0,0,0,0,0,0
121900,2,1,2000,16,0,10,0,0,0,0,0,0,6
121901,1,1,2000,17,17,17,17,17,17,17,17,17,17
121901,2,1,2000,5,5,5,5,5,5,5,5,5,5
121902,0,1,2000,14,14,14,14,14,14,14,14,14,14
121902,1,1,2000,0,0,0,6,0,13,4,0,23,0
121903,1,1,2000,26,26,26,26,26,26,26,26,26,26
121904,1,1,2000,0,0,0,0,0,0,0,0,0,0
121904,2,1,2000,0,0,0,0,0,0,0,0,0,0
121905,0,1,2000,0,0,0,0,0,0,0,0,0,0
121905,1,1,2000,16,0,0,0,0,0,0,0,0,0
121906,1,1,2000,0,0,0,0,0,0,0,24,0,0
121906,2,1,2000,0,0,0,0,0,0,0,0,0,0
121906,3,1,2000,0,0,0,0,0,0,15,7,0,0
121907,1,1,2000,0,0,0,0,0,0,8,0,0,0
121907,2,1,2000,22,0,0,0,0,0,0,0,0,0
121908,1,1,2000,5,5,5,5,5,5,5,5,5,5
121908,2,1,2000,0,4,7,16,16,26,6,8,11,0
121909,1,1,2000,22,22,22,22,22,22,22,22,22,22
121909,2,1,2000,0,0,0,0,0,0,0,0,0,0
121910,1,1,2000,0,0,0,0,0,0,0,0,0,0
121910,2,1,2000,15,15,15,15,15,15,15,15,15,15
121911,0,1,2000,39,39,39,39,39,39,39,39,39,39
121911,1,1,2000,0,0,0,0,0,0,0,0,0,0
121912,1,1,2000,0,0,0,0,0,0,0,0,0,0
121913,1,1,2000,0,0,0,0,0,0,0,0,0,0
121914,1,1,2000,0,0,0,0,0,0,10,0,0,0
121915,0,1,2000,34,34,34,34,34,34,34,34,34,34
121915,1,1,2000,10,2,0,0,0,22,0,0,0,0
121916,1,1,2000,19,0,0,0,0,0,0,0,0,0
121916,2,1,2000,13,5,0,9,0,0,0,0,0,0
121917,1,1,2000,0,0,0,0,0,0,0,0,0,0
121917,2,1,2000,0,0,0,0,0,0,0,0,0,0
121917,3,1,2000,0,0,0,0,0,0,0,0,0,0
121918,1,1,2000,6,6,6,6,6,6,6,6,6,6
121919,1,1,2000,0,0,0,0,0,0,0,0,0,0
121919,2,1,2000,0,0,0,0,0,0,0,0,0,0
121920,1,1,2000,2,0,0,19,21,22,13,20,0,0
121920,2,1,2000,18,0,0,18,7,0,11,0,0,13
121921,1,1,2000,0,0,0,12,0,9,0,0,0,0
121921,2,1,2000,0,0,0,0,0,0,0,0,0,0
121922,1,1,2000,10,10,10,10,10,10,10,10,10,10
121922,2,1,2000,0,0,0,0,0,0,0,0,0,0
121923,1,1,2000,5,5,5,5,5,5,5,5,5,5
121923,2,1,2000,0,0,0,0,0,0,0,0,0,0
121924,1,1,2000,0,0,0,0,0,16,0,0,0,0
121924,2,1,2000,0,0,0,0,0,0,0,0,0,0
121925,2,1,2000,0,0,0,0,0,0,0,0,0,0
121926,1,1,2000,0,0,0,0,0,3,0,0,0,0
121927,0,1,2000,17,0,0,0,0,0,0,0,0,0
121927,1,1,2000,0,0,0,0,0,0,0,0,0,0
121928,1,1,2000,0,0,0,0,0,0,0,0,0,0
121928,2,1,2000,0,0,0,0,0,0,0,0,0,0
121928,3,1,2000,0,0,0,0,0,0,0,0,0,0
121929,1,1,2000,24,24,24,24,24,24,24,24,24,24
121929,2,1,2000,0,0,0,0,0,0,0,0,0,0
121930,1,1,2000,0,0,0,0,0,0,0,13,0,0
121930,2,1,2000,0,0,0,0,0,0,0,0,0,0
121931,1,1,2000,7,7,7,7,7,7,7,7,7,7
121931,2,1,2000,0,0,0,0,0,0,0,0,0,0
121932,1,1,2000,0,0,0,0,0,0,1,0,0,0
121932,2,1,2000,0,0,0,0,0,0,0,0,0,0
121933,1,1,2000,0,0,0,0,0,0,0,0,0,0
121933,2,1,2000,0,0,0,0,0,0,0,0,20,0
121934,1,1,2000,0,0,0,0,0,0,0,0,0,0
121934,2,1,2000,0,0,0,0,0,0,0,0,0,0
121935,1,1,2000,0,0,0,0,0,0,0,0,0,0
121935,2,1,2000,0,0,0,0,0,0,0,0,0,0
121936,1,1,2000,0,0,0,0,0,0,0,0,0,0
121936,2,1,2000,0,0,0,0,0,0,0,0,0,0
121937,1,1,2000,0,0,0,0,0,0,0,0,0,0
121938,1,1,2000,0,0,0,0,0,0,0,0,0,0
121938,2,1,2000,0,0,0,0,0,0,0,0,0,0
121938,3,1,2000,0,0,0,0,0,0,0,0,0,0
121939,1,1,2000,6,6,6,6,6,6,6,6,6,6
121939,2,1,2000,5,5,5,5,5,5,5,5,5,5
121940,0,1,2000,30,30,30,30,30,30,30,30,30,30
121940,1,1,2000,0,0,0,0,0,0,0,0,0,0
121941,0,1,2000,0,0,0,0,0,0,0,0,0,0
121941,1,1,2000,0,0,0,14,0,0,0,0,0,0
121942,1,1,2000,0,0,0,0,0,0,0,0,0,0
121942,2,1,2000,0,0,0,0,0,0,0,0,0,0
121943,1,1,2000,22,22,22,22,22,22,22,22,22,22
121943,2,1,2000,0,0,0,0,0,0,0,0,0,0
121944,1,1,2000,0,0,0,0,0,0,0,0,0,0
121944,2,1,2000,0,0,0,0,0,0,0,0,0,0
121945,1,1,2000,0,0,0,0,0,0,0,0,0,0
121945,2,1,2000,0,0,0,0,0,0,0,0,0,0
121945,3,1,2000,0,0,0,0,0,0,0,0,0,0
121946,1,1,2000,0,0,0,0,0,0,0,0,0,0
121946,2,1,2000,0,0,0,0,0,0,0,0,0,0
121947,1,1,2000,0,0,0,0,0,0,0,0,0,0
121947,2,1,2000,0,0,0,0,0,0,0,0,0,0
121948,1,1,2000,0,0,0,0,0,0,0,0,0,0
121948,2,1,2000,0,0,0,0,0,0,0,0,0,0
121949,1,1,2000,10,10,10,10,10,10,10,10,10,10
121950,1,1,2000,0,0,0,0,0,0,0,0,7,9
121950,2,1,2000,0,0,0,0,0,0,0,0,0,0
121951,1,1,2000,12,12,12,12,12,12,12,12,12,12
121951,2,1,2000,0,0,0,0,0,0,0,0,0,0
121952,1,1,2000,0,0,0,0,0,0,0,0,0,0
121952,2,1,2000,11,0,0,0,0,0,0,9,0,0
121953,0,1,2000,10,35,27,20,21,19,12,17,28,8
121953,1,1,2000,0,0,0,22,0,0,0,0,0,0
121954,0,1,2000,20,20,20,20,20,20,20,20,20,20
121954,1,1,2000,8,0,0,0,0,0,0,10,0,0
121955,1,1,2000,4,0,0,0,12,0,10,0,0,0
121955,2,1,2000,0,0,0,0,0,0,0,0,0,0
121956,1,1,2000,0,0,0,0,0,0,0,0,0,0
121957,1,1,2000,0,0,0,0,0,0,0,0,0,0
121957,2,1,2000,0,0,0,0,0,0,12,0,0,0
121957,3,1,2000,0,0,0,0,0,0,0,0,0,0
121958,1,1,2000,0,0,0,0,0,0,6,0,0,0
121959,1,1,2000,0,0,0,0,0,0,0,0,0,5
121959,2,1,2000,0,0,0,0,0,0,0,0,0,0
121960,1,1,2000,4,4,4,4,4,4,4,4,4,4
121961,0,1,2000,0,0,0,0,0,0,0,0,0,0
121961,1,1,2000,0,0,0,0,0,0,0,0,0,0
121962,1,1,2000,14,14,14,14,14,14,14,14,14,14
121963,1,1,2000,4,4,4,4,4,4,4,4,4,4
121963,2,1,2000,0,0,0,0,0,0,0,0,0,0
121964,0,1,2000,5,5,5,5,5,5,5,5,5,5
121964,1,1,2000,0,0,0,18,0,0,0,0,0,0
121965,1,1,2000,12,12,12,12,12,12,12,12,12,12
121965,2,1,2000,0,0,0,0,0,0,0,0,0,0
121965,3,1,2000,0,0,0,0,0,0,0,0,0,0
121966,1,1,2000,0,0,0,0,0,0,0,10,0,0
121966,2,1,2000,0,0,0,0,0,0,0,0,0,0
121967,1,1,2000,13,13,13,13,13,13,13,13,13,13
121968,1,1,2000,0,0,22,0,0,0,0,0,0,0
121969,0,1,2000,0,0,0,0,0,0,0,0,0,0
121969,1,1,2000,0,0,0,0,0,0,0,0,0,0
121970,1,1,2000,0,0,0,0,0,0,0,0,0,0
121970,2,1,2000,0,0,0,0,0,0,0,0,0,0
121971,1,1,2000,23,23,23,23,23,23,23,23,23,23
121972,1,1,2000,27,27,27,27,27,27,27,27,27,27
121973,0,1,2000,23,23,23,23,23,23,23,23,23,23
121973,1,1,2000,18,18,18,18,18,18,18,18,18,18
121974,1,1,2000,0,0,0,0,0,0,0,0,0,0
121975,0,1,2000,0,0,0,0,0,0,0,0,0,0
121975,1,1,2000,0,0,0,0,0,0,0,0,0,0