ST_CASE,VEH_NO,PER_NO,YEAR,P1,P2,P3,P4,P5,P6,P7,P8,P9,P10
121976,0,1,2000,15,15,15,15,15,15,15,15,15,15
121976,1,1,2000,0,28,0,0,0,0,0,9,0,0
121977,1,1,2000,0,0,0,0,0,0,0,0,0,0
121977,2,1,2000,0,16,0,0,0,0,0,0,0,0
121978,1,1,2000,14,16,0,0,0,5,0,0,0,0
121979,1,1,2000,19,19,19,19,19,19,19,19,19,19
121980,1,1,2000,0,0,0,0,0,0,0,0,0,0
121980,2,1,2000,0,0,0,0,0,0,0,0,0,6
121981,0,1,2000,25,25,25,25,25,25,25,25,25,25
121981,1,1,2000,0,0,0,0,0,0,0,0,0,0
121982,1,1,2000,0,0,0,0,0,0,0,0,0,0
121982,2,1,2000,0,0,0,0,0,12,0,0,0,0
121983,1,1,2000,0,5,0,0,0,0,0,0,0,0
121984,0,1,2000,3,3,3,3,3,3,3,3,3,3
121984,1,1,2000,0,0,0,0,0,0,0,0,0,0
121984,2,1,2000,10,0,0,22,0,0,0,0,0,0
121985,1,1,2000,0,0,0,0,0,0,0,0,0,0
121985,2,1,2000,0,0,0,0,0,0,0,0,0,0
121985,3,1,2000,0,0,0,0,14,0,0,0,0,0
121986,1,1,2000,0,0,0,0,0,0,0,0,0,0
121987,1,1,2000,24,24,24,24,24,24,24,24,24,24
121988,1,1,2000,0,0,0,0,0,0,0,0,0,0
121989,1,1,2000,0,0,0,0,0,0,0,0,0,0
121990,1,1,2000,13,13,13,13,13,13,13,13,13,13
121991,1,1,2000,0,0,0,0,0,0,0,0,0,0
121991,2,1,2000,0,0,0,0,0,0,0,0,0,0
121992,1,1,2000,0,0,0,0,0,0,0,0,0,0
121992,2,1,2000,5,5,5,5,5,5,5,5,5,5
121993,1,1,2000,13,13,13,13,13,13,13,13,13,13
121994,0,1,2000,0,0,0,0,0,0,0,0,0,0
121994,1,1,2000,0,0,0,0,0,0,0,0,0,0
121995,1,1,2000,11,11,11,11,11,11,11,11,11,11
121996,1,1,2000,0,0,0,0,0,0,0,0,0,0
121996,2,1,2000,0,0,0,0,0,0,0,0,0,0
121997,1,1,2000,15,15,15,15,15,15,15,15,15,15
121998,0,1,2000,0,0,0,0,0,0,0,0,0,0
121998,1,1,2000,0,0,0,33,0,0,0,0,0,0
121999,0,1,2000,0,0,0,0,0,0,0,0,0,0
121999,1,1,2000,0,0,0,0,0,0,0,0,0,0
122000,0,1,2000,0,0,0,0,0,0,0,0,0,0
122000,1,1,2000,0,0,0,0,0,0,0,0,0,0
122001,0,1,2000,0,0,0,0,0,0,0,0,0,0
122001,1,1,2000,0,0,0,0,0,0,0,0,0,0
122002,1,1,2000,0,0,0,0,0,0,0,0,0,0
122002,2,1,2000,0,0,0,0,0,0,0,0,0,0
122003,1,1,2000,0,0,0,0,0,0,0,0,0,0
122003,2,1,2000,0,0,0,0,0,0,0,0,0,0
122003,3,1,2000,0,0,0,0,0,0,0,0,0,0
122003,4,1,2000,0,0,0,8,0,0,0,0,0,0
122004,1,1,2000,0,0,0,0,0,0,0,0,0,0
122004,2,1,2000,0,0,0,0,0,10,0,0,0,21
122005,1,1,2000,0,0,0,0,0,0,0,0,0,0
122006,1,1,2000,0,0,0,0,0,0,0,0,0,0
122006,2,1,2000,0,0,0,0,0,0,0,0,0,0
122007,1,1,2000,0,0,0,0,0,0,0,0,0,0
122007,2,1,2000,0,0,0,0,0,0,0,0,0,0
122008,1,1,2000,0,0,0,0,0,0,8,0,0,0
122009,1,1,2000,3,3,3,3,3,3,3,3,3,3
122010,1,1,2000,27,27,27,27,27,27,27,27,27,27
122011,0,1,2000,0,9,0,11,18,0,0,8,0,0
122011,1,1,2000,0,0,0,0,0,0,0,0,0,0
122012,1,1,2000,0,0,0,0,0,0,0,0,0,0
122013,0,1,2000,20,20,20,20,20,20,20,20,20,20
122013,1,1,2000,0,0,0,0,0,0,0,0,0,0
122014,1,1,2000,22,22,22,22,22,22,22,22,22,22
122015,0,1,2000,28,10,20,32,0,0,15,41,13,0
122015,1,1,2000,4,12,19,33,0,9,19,0,0,0
122016,1,1,2000,0,0,0,0,0,0,0,0,0,0
122016,2,1,2000,0,0,0,0,0,0,0,0,0,0
122017,1,1,2000,0,0,0,0,0,0,0,0,0,0
122018,1,1,2000,0,0,0,0,0,0,0,0,0,0
122019,1,1,2000,0,0,0,0,0,0,0,0,0,0
122019,2,1,2000,4,4,4,4,4,4,4,4,4,4
122020,0,1,2000,22,22,22,22,22,22,22,22,22,22
122020,1,1,2000,0,0,0,0,0,0,0,0,0,0
122021,1,1,2000,0,0,0,0,0,0,0,0,0,0
122022,0,1,2000,23,0,0,0,0,0,0,0,0,0
122022,1,1,2000,0,0,0,0,0,0,0,0,0,0
122023,1,1,2000,19,19,19,19,19,19,19,19,19,19
122023,2,1,2000,0,0,0,0,0,0,0,0,0,0
122024,1,1,2000,0,0,0,0,0,0,0,0,0,0
122025,1,1,2000,0,0,0,0,0,0,0,0,0,0
122026,1,1,2000,7,25,0,0,19,11,30,8,16,0
122027,1,1,2000,49,49,49,49,49,49,49,49,49,49
122028,0,1,2000,0,0,0,0,0,0,0,0,0,0
122028,1,1,2000,19,19,19,19,19,19,19,19,19,19
122029,1,1,2000,0,0,0,0,0,0,0,0,0,0
122029,2,1,2000,0,0,0,0,0,0,0,0,0,0
122030,0,1,2000,17,17,17,17,17,17,17,17,17,17
122030,1,1,2000,0,0,0,0,0,0,0,0,0,0
122031,0,1,2000,25,25,25,25,25,25,25,25,25,25
122031,1,1,2000,13,13,13,13,13,13,13,13,13,13
122032,1,1,2000,0,0,0,0,0,0,0,0,0,0
122032,2,1,2000,0,0,0,0,0,0,0,0,0,0
122033,1,1,2000,0,0,0,0,0,0,0,0,0,0
122034,0,1,2000,25,25,25,25,25,25,25,25,25,25
122034,1,1,2000,14,0,0,0,0,0,0,0,0,0
122035,1,1,2000,14,14,14,14,14,14,14,14,14,14
122036,1,1,2000,25,25,25,25,25,25,25,25,25,25
122037,0,1,2000,6,6,6,6,6,6,6,6,6,6
122037,1,1,2000,0,0,0,0,0,0,0,0,0,0
122038,1,1,2000,23,23,23,23,23,23,23,23,23,23
122039,1,1,2000,0,0,0,0,0,0,0,0,0,0
122040,0,1,2000,0,0,0,0,0,0,0,0,29,0
122040,1,1,2000,0,0,0,0,0,0,0,0,0,0
122041,1,1,2000,0,7,0,0,0,11,0,0,0,0
122041,2,1,2000,0,0,0,0,0,0,0,0,0,0
122042,1,1,2000,0,0,0,0,0,0,0,0,0,0
122042,2,1,2000,0,0,0,0,0,0,0,0,0,0
122043,0,1,2000,21,21,21,21,21,21,21,21,21,21
122043,1,1,2000,15,0,0,15,0,10,0,0,33,0
122044,0,1,2000,23,23,23,23,23,23,23,23,23,23
122044,1,1,2000,0,0,0,0,0,0,0,0,0,0
122045,0,1,2000,15,15,15,15,15,15,15,15,15,15
122045,1,1,2000,0,0,0,0,0,0,0,0,0,0
122046,1,1,2000,0,15,0,11,0,0,0,0,0,0
122046,2,1,2000,0,0,0,0,0,0,0,0,8,0
122047,1,1,2000,0,0,0,0,0,0,0,0,0,0
122048,1,1,2000,21,21,21,21,21,21,21,21,21,21
122049,1,1,2000,22,22,22,22,22,22,22,22,22,22
122050,0,1,2000,0,0,0,0,0,0,0,0,0,0
122050,1,1,2000,0,0,0,0,0,0,0,0,0,0
122051,1,1,2000,15,15,15,15,15,15,15,15,15,15
122052,1,1,2000,0,0,0,0,0,0,0,0,0,0
122052,2,1,2000,0,0,0,0,0,0,0,0,0,0
122053,1,1,2000,5,0,4,0,0,0,0,0,0,0
122053,2,1,2000,0,0,0,0,0,0,0,0,0,0
122054,1,1,2000,0,0,0,0,0,0,0,0,0,0
122054,2,1,2000,0,0,0,0,0,0,0,10,0,0
122054,3,1,2000,0,0,0,0,0,0,0,0,0,0
122055,1,1,2000,0,6,0,0,0,0,0,0,0,0
122056,1,1,2000,0,0,0,0,0,0,0,0,0,0
122056,2,1,2000,0,0,0,0,0,0,0,0,0,0
122056,3,1,2000,0,0,0,0,0,0,0,0,0,0
122057,1,1,2000,13,13,13,13,13,13,13,13,13,13
122057,2,1,2000,0,0,0,0,0,0,0,0,0,0
122058,0,1,2000,13,13,13,13,13,13,13,13,13,13
122058,1,1,2000,0,0,0,18,0,21,0,16,14,17
122059,0,1,2000,0,0,17,12,0,0,0,0,23,0
122059,0,2,2000,13,5,29,19,0,0,0,0,0,0
122059,1,1,2000,0,0,0,0,0,0,0,0,0,0
122060,1,1,2000,19,19,19,19,19,19,19,19,19,19
122061,0,1,2000,0,0,0,0,0,0,0,0,0,0
122061,1,1,2000,0,0,0,0,0,0,0,0,0,0
122062,1,1,2000,0,0,0,0,0,0,0,0,0,0
122062,2,1,2000,0,0,0,0,0,0,0,0,0,0
122063,1,1,2000,0,0,0,0,15,0,0,0,0,0
122063,2,1,2000,0,0,0,0,0,0,0,0,0,0
122064,1,1,2000,22,22,22,22,22,22,22,22,22,22
122065,1,1,2000,0,0,0,0,0,0,0,0,0,0
122065,2,1,2000,0,0,10,0,0,0,0,0,0,0
122065,3,1,2000,0,0,0,0,11,18,0,3,0,0
122065,4,1,2000,0,0,0,7,0,0,0,0,0,0
122066,1,1,2000,0,0,0,0,0,0,0,0,0,0
122066,2,1,2000,0,0,0,0,0,0,18,0,0,0
122067,0,1,2000,0,0,0,0,0,0,0,0,0,0
122067,0,2,2000,8,8,8,8,8,8,8,8,8,8
122067,1,1,2000,0,0,0,0,0,0,0,0,0,0
122067,4,1,2000,15,0,0,0,0,0,0,0,0,8
122067,5,1,2000,0,0,0,0,0,0,0,0,0,0
122068,0,1,2000,0,0,0,0,0,0,0,0,0,0
122068,1,1,2000,0,9,0,0,0,0,13,0,0,0
122069,0,1,2000,34,34,34,34,34,34,34,34,34,34
122069,1,1,2000,0,0,0,0,0,0,0,0,0,0
122070,1,1,2000,0,0,0,0,0,0,0,0,0,0
122071,1,1,2000,0,10,18,0,0,8,0,4,0,0
122072,1,1,2000,0,0,0,0,0,0,0,0,0,10
122073,1,1,2000,22,22,22,22,22,22,22,22,22,22
122073,2,1,2000,0,0,0,0,0,0,0,0,0,0
122073,3,1,2000,10,10,10,10,10,10,10,10,10,10
122074,1,1,2000,11,12,6,0,14,0,0,0,13,0
122075,1,1,2000,0,0,0,0,0,0,0,0,0,0
122075,2,1,2000,15,15,15,15,15,15,15,15,15,15
122076,0,1,2000,23,0,0,34,0,28,0,0,0,18
122076,1,1,2000,17,17,17,17,17,17,17,17,17,17
122077,1,1,2000,0,0,0,0,0,0,0,0,0,0
122077,2,1,2000,0,0,0,0,0,0,0,0,0,0
122078,0,1,2000,11,0,0,19,0,24,0,0,0,0
122078,1,1,2000,32,0,0,0,0,0,0,0,0,0
122078,2,1,2000,10,0,0,0,0,0,0,0,0,30
122079,1,1,2000,1,1,1,1,1,1,1,1,1,1
122080,1,1,2000,28,28,28,28,28,28,28,28,28,28
122081,1,1,2000,17,17,17,17,17,17,17,17,17,17
122082,1,1,2000,10,10,10,10,10,10,10,10,10,10
122083,1,1,2000,29,29,29,29,29,29,29,29,29,29
122084,1,1,2000,0,0,0,0,0,0,0,0,0,0
122084,2,1,2000,0,0,0,0,0,0,0,0,0,0
122085,1,1,2000,0,0,0,0,0,0,0,0,0,0
122085,2,1,2000,0,0,0,0,0,0,0,0,0,0
122086,1,1,2000,0,0,0,0,0,0,0,0,0,0
122086,2,1,2000,0,0,0,0,0,0,0,0,0,0
122087,0,1,2000,0,0,0,0,0,0,0,0,0,0
122087,1,1,2000,17,0,0,0,0,0,0,0,0,12
122088,1,1,2000,0,0,0,0,0,0,0,0,0,0
122088,2,1,2000,0,0,0,0,0,0,0,0,0,0
122089,1,1,2000,0,0,0,0,0,0,0,0,0,0
122089,2,1,2000,0,0,0,2,0,0,0,0,0,0
122090,1,1,2000,0,0,0,0,0,0,0,0,0,0
122091,1,1,2000,0,12,0,0,0,0,0,0,0,0
122091,2,1,2000,0,0,0,0,0,0,0,0,0,0
122092,1,1,2000,0,0,0,0,0,0,0,0,6,0
122093,1,1,2000,0,0,0,0,0,0,0,0,0,0
122093,2,1,2000,0,0,0,0,0,0,0,0,0,0
122094,0,1,2000,0,0,0,0,0,0,0,0,0,30
122094,1,1,2000,0,0,0,0,0,0,0,0,0,0
122095,1,1,2000,0,0,0,0,0,0,0,0,0,0
122095,2,1,2000,0,0,0,0,0,0,0,0,0,0
122096,1,1,2000,0,0,0,0,0,0,0,0,0,0
122096,2,1,2000,0,0,0,0,0,0,0,0,0,6
122096,3,1,2000,0,0,0,11,0,0,0,0,0,0
122096,4,1,2000,21,0,13,0,0,0,0,0,0,0
122097,1,1,2000,0,0,0,0,0,0,0,0,0,0
122097,2,1,2000,0,0,0,0,0,0,0,0,0,0
122098,1,1,2000,12,12,12,12,12,12,12,12,12,12
122099,0,1,2000,0,0,0,0,0,0,0,0,0,0
122099,1,1,2000,0,0,0,0,0,0,0,0,0,0
122100,0,1,2000,23,23,23,23,23,23,23,23,23,23
122100,1,1,2000,0,0,6,22,0,0,0,0,11,0
122101,0,1,2000,0,0,0,0,0,0,0,0,0,0
122101,1,1,2000,0,0,0,0,0,0,0,0,0,0
122102,1,1,2000,0,15,0,0,0,0,0,0,12,0
122102,2,1,2000,30,30,30,30,30,30,30,30,30,30
122103,0,1,2000,19,19,19,19,19,19,19,19,19,19
122103,1,1,2000,0,0,0,0,0,0,0,0,0,0
122104,1,1,2000,0,0,0,17,0,27,16,0,0,14
122105,1,1,2000,20,20,20,20,20,20,20,20,20,20
122106,1,1,2000,0,0,8,0,0,0,0,0,0,0
122106,2,1,2000,11,0,0,0,0,0,0,0,0,0
122107,1,1,2000,2,2,2,2,2,2,2,2,2,2
122107,2,1,2000,0,0,0,0,0,0,0,0,0,0
122108,1,1,2000,22,22,22,22,22,22,22,22,22,22
122109,0,1,2000,0,0,0,0,0,0,0,0,0,0
122109,1,1,2000,0,0,16,0,12,0,0,0,0,0
122110,1,1,2000,0,0,0,0,0,0,0,0,0,0
122110,2,1,2000,0,0,0,0,0,0,0,0,0,0
122111,1,1,2000,11,11,11,11,11,11,11,11,11,11
122112,1,1,2000,16,16,16,16,16,16,16,16,16,16
122113,0,1,2000,22,22,22,22,22,22,22,22,22,22
122113,1,1,2000,7,7,7,7,7,7,7,7,7,7
122114,1,1,2000,8,8,8,8,8,8,8,8,8,8
122114,2,1,2000,0,0,0,0,0,0,0,0,0,0
122114,3,1,2000,0,0,0,0,0,0,0,0,0,0
122115,1,1,2000,0,0,0,0,0,0,0,0,0,0
122116,1,1,2000,0,0,0,0,0,6,8,13,0,0
122116,2,1,2000,0,0,0,0,0,0,0,0,0,0
122117,1,1,2000,18,18,18,18,18,18,18,18,18,18
122117,2,1,2000,0,0,0,0,0,0,0,0,0,0
122118,1,1,2000,15,15,15,15,15,15,15,15,15,15
122118,2,1,2000,16,16,16,16,16,16,16,16,16,16
122119,0,1,2000,0,0,0,0,0,0,0,0,0,0
122119,1,1,2000,0,0,0,0,0,0,0,0,0,0
122120,1,1,2000,0,0,0,0,0,0,0,0,0,0
122120,2,1,2000,0,0,0,0,0,0,0,0,0,0
122121,1,1,2000,21,21,21,21,21,21,21,21,21,21
122122,1,1,2000,27,27,27,27,27,27,27,27,27,27
122123,0,1,2000,0,0,0,0,0,0,0,0,0,0
122123,1,1,2000,0,8,18,0,0,0,0,0,0,0
122124,1,1,2000,0,0,0,0,0,0,0,0,0,0
122124,2,1,2000,0,0,0,0,0,0,0,0,0,0
122125,1,1,2000,0,0,0,0,0,0,0,0,0,0
122125,2,1,2000,0,0,0,0,0,0,0,0,0,0
122126,1,1,2000,0,0,0,0,0,0,0,0,0,0
122126,2,1,2000,0,0,0,0,0,0,0,0,0,0
122126,3,1,2000,0,0,0,0,0,0,0,0,0,0
122126,4,1,2000,0,0,0,0,0,0,0,0,0,0
122127,1,1,2000,0,0,0,0,0,0,0,0,0,0
122128,0,1,2000,0,0,0,0,0,0,0,17,19,0
122128,1,1,2000,0,0,0,0,0,0,0,0,0,0
122129,1,1,2000,0,0,0,0,0,0,0,0,0,0
122130,1,1,2000,0,0,0,0,0,0,0,0,0,0
122130,2,1,2000,0,0,0,0,0,0,0,0,0,0
122131,1,1,2000,0,0,0,0,0,0,0,0,0,0
122132,1,1,2000,21,21,21,21,21,21,21,21,21,21
122132,2,1,2000,1,1,1,1,1,1,1,1,1,1
122133,0,1,2000,19,19,19,19,19,19,19,19,19,19
122133,1,1,2000,18,0,0,0,0,14,0,20,0,0
122134,1,1,2000,26,26,26,26,26,26,26,26,26,26
122134,2,1,2000,0,0,2,10,0,0,0,3,0,0
122135,1,1,2000,16,18,32,0,17,0,0,0,0,29
122136,1,1,2000,0,0,0,0,0,0,0,0,16,0
122137,0,1,2000,0,0,0,0,0,0,0,0,0,0
122137,0,2,2000,0,0,16,0,0,0,0,0,0,0
122137,1,1,2000,0,0,0,0,0,0,0,0,0,0
122138,1,1,2000,0,0,0,0,0,0,0,0,0,0
122138,2,1,2000,0,0,0,0,0,0,0,0,0,0
122139,1,1,2000,0,0,0,0,0,0,0,0,0,0
122139,2,1,2000,0,0,0,0,0,0,0,0,0,0
122140,1,1,2000,0,0,0,0,0,0,0,0,0,0
122140,2,1,2000,0,0,0,0,0,0,0,0,0,0
122141,0,1,2000,0,0,0,0,0,0,0,0,0,10
122141,1,1,2000,0,0,0,0,0,0,0,0,0,0
122142,1,1,2000,20,20,20,20,20,20,20,20,20,20
122143,1,1,2000,0,0,0,0,0,0,0,0,0,0
122143,2,1,2000,0,0,0,0,0,0,0,0,0,0
122144,0,1,2000,3,3,3,3,3,3,3,3,3,3
122144,1,1,2000,0,0,0,0,0,0,0,0,0,0
122145,1,1,2000,22,22,22,22,22,22,22,22,22,22
122146,0,1,2000,9,9,9,9,9,9,9,9,9,9
122146,1,1,2000,0,0,0,0,0,0,0,0,0,0
122147,1,1,2000,0,0,0,0,0,0,0,0,0,0
122148,1,1,2000,0,0,0,0,0,0,0,0,0,0
122149,0,1,2000,0,0,0,0,0,0,0,0,0,0
122149,1,1,2000,1,1,1,1,1,1,1,1,1,1
122150,1,1,2000,0,0,0,0,0,0,0,0,0,0
122151,1,1,2000,6,6,6,6,6,6,6,6,6,6
122152,1,1,2000,12,12,12,12,12,12,12,12,12,12
122152,2,1,2000,0,22,0,0,0,0,8,26,16,11
122153,1,1,2000,0,0,0,0,0,0,0,0,0,0
122154,1,1,2000,28,0,0,0,0,0,0,0,0,0
122154,2,1,2000,0,0,0,0,17,7,0,0,0,0
122154,3,1,2000,0,0,0,0,0,0,0,9,0,5
122154,4,1,2000,0,0,0,0,0,0,0,0,0,0
122154,5,1,2000,0,0,10,7,0,0,0,0,0,9
122154,6,1,2000,0,0,0,0,9,0,11,0,0,0
122155,1,1,2000,0,0,0,0,0,0,0,0,0,0
122155,2,1,2000,0,0,0,0,0,0,0,16,0,0
122156,1,1,2000,10,0,0,0,0,16,0,0,0,0
122156,2,1,2000,6,6,6,6,6,6,6,6,6,6
122157,1,1,2000,28,28,28,28,28,28,28,28,28,28
122157,2,1,2000,0,0,0,0,0,0,0,0,0,0
122158,1,1,2000,0,0,9,0,0,10,15,9,0,4
122159,1,1,2000,4,0,0,0,15,0,0,0,0,0
122159,2,1,2000,0,0,0,0,0,0,0,0,0,0
122160,1,1,2000,23,23,23,23,23,23,23,23,23,23
122161,1,1,2000,0,0,0,0,0,0,0,0,0,0
122162,1,1,2000,0,7,14,0,0,8,15,19,9,12
122163,1,1,2000,2,2,2,2,2,2,2,2,2,2
122164,1,1,2000,0,0,0,0,0,0,0,0,0,0
122165,0,1,2000,18,18,18,18,18,18,18,18,18,18
122165,1,1,2000,12,12,12,12,12,12,12,12,12,12
122166,1,1,2000,0,0,0,0,0,9,0,0,0,0
122166,2,1,2000,0,0,0,0,0,0,0,0,0,0
122167,0,1,2000,0,0,0,0,0,0,0,0,0,0
122167,1,1,2000,0,6,0,0,0,0,21,0,0,0
122168,1,1,2000,0,0,0,0,0,0,0,0,0,0
122168,2,1,2000,3,3,3,3,3,3,3,3,3,3
122169,1,1,2000,0,0,0,0,0,0,0,0,0,0
122169,2,1,2000,7,7,7,7,7,7,7,7,7,7
122170,1,1,2000,0,0,0,0,0,0,0,0,0,0
122170,2,1,2000,0,0,0,0,0,0,0,0,0,0
122171,0,1,2000,16,0,0,0,0,22,0,0,0,0
122171,1,1,2000,0,0,0,0,0,0,0,0,0,0
122172,1,1,2000,21,21,21,21,21,21,21,21,21,21
122172,2,1,2000,0,0,0,0,0,0,0,0,0,0
122173,1,1,2000,13,13,13,13,13,13,13,13,13,13
122173,2,1,2000,0,0,0,0,0,0,0,0,0,0
122174,1,1,2000,0,0,0,0,0,0,0,0,0,0
122174,2,1,2000,0,0,0,0,0,0,0,0,0,0
122175,1,1,2000,15,15,15,15,15,15,15,15,15,15
122175,2,1,2000,0,0,0,0,0,0,22,0,0,0
122176,1,1,2000,0,0,0,0,0,0,0,0,0,0
122177,0,1,2000,29,29,29,29,29,29,29,29,29,29
122177,1,1,2000,0,0,0,0,0,0,0,0,0,0
122177,2,1,2000,0,0,0,0,0,0,0,0,0,0
122178,0,1,2000,33,44,0,0,0,30,0,0,0,7
122178,1,1,2000,2,12,0,0,0,0,8,0,0,0
122179,1,1,2000,0,0,0,0,0,0,0,0,0,0
122179,2,1,2000,0,0,0,0,0,0,0,0,0,0
122179,3,1,2000,0,0,0,0,0,0,0,0,0,0
122180,1,1,2000,0,0,0,0,0,0,0,0,0,0
122180,2,1,2000,0,0,0,0,0,0,0,0,0,0
122181,1,1,2000,0,9,0,15,14,0,0,13,15,14
122182,0,1,2000,0,0,0,0,0,17,0,0,0,0
122182,1,1,2000,0,0,0,0,0,0,0,0,0,0
122183,1,1,2000,8,8,8,8,8,8,8,8,8,8
122184,1,1,2000,0,0,0,0,0,0,0,0,0,0
122185,1,1,2000,0,0,0,0,0,0,0,0,0,0
122185,2,1,2000,0,0,0,0,0,0,0,0,0,0
122186,1,1,2000,2,0,0,0,0,0,0,0,0,7
122187,1,1,2000,0,0,0,0,0,0,25,0,0,0
122187,2,1,2000,0,0,0,5,0,9,0,0,0,0
122188,1,1,2000,6,6,6,6,6,6,6,6,6,6
122188,2,1,2000,0,0,0,0,0,0,0,0,0,0
122189,1,1,2000,0,0,0,0,0,0,0,0,0,0
122189,2,1,2000,0,0,0,0,0,0,0,0,4,0
122190,1,1,2000,1,1,1,1,1,1,1,1,1,1
122190,2,1,2000,0,0,0,0,0,0,0,0,0,0
122190,3,1,2000,0,0,0,0,0,0,0,0,0,0
122191,1,1,2000,0,0,0,0,0,0,0,0,0,0
122191,2,1,2000,13,13,13,13,13,13,13,13,13,13
122192,0,1,2000,0,0,0,0,0,0,13,0,0,0
122192,1,1,2000,0,0,0,0,0,0,0,0,0,0
122193,1,1,2000,0,5,17,0,0,0,0,0,0,0
122193,2,1,2000,0,0,12,11,0,20,4,5,0,0
122194,1,1,2000,13,0,0,0,0,0,0,11,0,0
122194,2,1,2000,0,0,0,0,0,0,0,0,0,0
122195,0,1,2000,0,0,0,0,0,0,0,0,0,0
122195,1,1,2000,0,0,0,0,0,0,0,0,0,0
122196,1,1,2000,0,22,11,19,22,17,19,15,0,22
122197,0,1,2000,0,8,21,11,21,14,27,46,32,0
122197,1,1,2000,14,14,14,14,14,14,14,14,14,14
122197,2,1,2000,14,14,14,14,14,14,14,14,14,14
122198,1,1,2000,0,11,21,0,0,0,0,0,0,0
122198,2,1,2000,0,0,0,0,0,0,0,0,0,0
122199,1,1,2000,0,0,0,0,0,0,0,0,0,0
122199,2,1,2000,0,0,0,0,0,0,0,0,0,0
122200,1,1,2000,0,0,0,0,0,0,0,0,0,0
122200,2,1,2000,11,11,11,11,11,11,11,11,11,11
122201,1,1,2000,21,21,21,21,21,21,21,21,21,21
122201,2,1,2000,0,0,0,0,0,0,0,0,0,0
122201,3,1,2000,0,0,0,5,0,0,0,0,0,0
122202,0,1,2000,0,0,0,0,0,0,0,0,0,0
122202,1,1,2000,31,0,0,0,0,0,0,0,0,0
122203,1,1,2000,0,0,0,0,0,0,0,0,0,0
122203,2,1,2000,0,0,0,0,0,0,0,0,0,0
122204,0,1,2000,0,0,0,0,0,0,0,0,0,0
122204,1,1,2000,0,0,0,0,0,0,0,0,0,0
122205,1,1,2000,0,24,0,0,0,0,0,0,0,0
122206,0,1,2000,0,0,0,0,0,0,0,0,0,0
122206,0,2,2000,0,0,0,0,0,0,0,0,0,0
122206,1,1,2000,10,10,10,10,10,10,10,10,10,10
122207,1,1,2000,0,0,0,0,0,0,0,0,0,0
122208,1,1,2000,1,1,1,1,1,1,1,1,1,1
122209,1,1,2000,0,0,0,0,0,0,0,0,0,0
122209,2,1,2000,0,0,0,0,0,0,0,0,0,0
122210,1,1,2000,0,0,0,0,0,0,0,0,0,0
122210,2,1,2000,0,0,0,0,0,0,0,0,0,0
122211,0,1,2000,34,34,34,34,34,34,34,34,34,34
122211,1,1,2000,0,0,0,0,0,0,0,0,0,0
122212,1,1,2000,0,0,0,0,0,0,0,0,0,0
122212,2,1,2000,0,0,0,0,0,0,0,12,0,0
122213,0,1,2000,0,0,0,0,0,0,0,0,0,0
122213,1,1,2000,0,0,0,0,0,12,0,0,9,0
122214,1,1,2000,0,0,0,0,0,0,0,0,0,0
122214,2,1,2000,0,0,0,0,0,0,0,0,0,0
122214,3,1,2000,0,0,0,0,0,0,0,0,0,0
122215,0,1,2000,0,26,0,27,16,0,0,39,0,0
122215,1,1,2000,0,0,0,0,0,0,0,0,0,0
122215,2,1,2000,0,0,0,0,0,0,26,0,0,0
122216,0,1,2000,29,29,29,29,29,29,29,29,29,29
122216,1,1,2000,0,0,0,0,0,14,0,0,0,0
122217,1,1,2000,8,8,8,8,8,8,8,8,8,8
122218,1,1,2000,0,0,0,0,0,0,0,0,0,0
122218,2,1,2000,0,0,0,0,0,0,0,0,0,0
122219,0,1,2000,0,0,0,0,0,0,0,0,0,0
122219,1,1,2000,0,0,0,0,0,0,0,0,0,0
122220,1,1,2000,0,0,0,0,0,0,0,0,0,0
122220,2,1,2000,0,0,0,0,0,0,0,0,0,0
122221,1,1,2000,12,12,12,12,12,12,12,12,12,12
122222,1,1,2000,11,11,11,11,11,11,11,11,11,11
122223,1,1,2000,0,0,0,0,0,0,9,0,0,0
122223,2,1,2000,0,0,0,0,0,0,0,0,0,0
122224,1,1,2000,0,0,0,0,0,0,0,0,0,0
122224,2,1,2000,0,0,0,0,0,0,0,0,0,0
122224,3,1,2000,0,0,0,0,0,0,0,0,0,0
122224,4,1,2000,0,0,0,0,0,0,0,0,0,0
122225,0,1,2000,27,27,27,27,27,27,27,27,27,27
122225,1,1,2000,0,0,0,0,0,0,0,0,0,0
122226,1,1,2000,0,0,0,0,0,0,0,0,0,0
122226,2,1,2000,0,0,0,0,0,0,0,0,0,0
122227,1,1,2000,0,0,0,0,0,0,0,0,0,0
122228,0,1,2000,25,25,25,25,25,25,25,25,25,25
122228,1,1,2000,0,14,0,0,0,0,8,0,0,0
122229,1,1,2000,23,23,23,23,23,23,23,23,23,23
122229,2,1,2000,17,17,17,17,17,17,17,17,17,17
122230,1,1,2000,14,14,14,14,14,14,14,14,14,14
122230,2,1,2000,0,0,0,0,0,0,0,0,0,0
122231,1,1,2000,0,0,0,0,0,0,0,0,0,0
122231,2,1,2000,0,0,0,11,0,0,0,0,0,0
122231,3,1,2000,0,0,0,0,0,0,0,0,0,0
122232,1,1,2000,0,0,0,0,0,0,0,0,0,0