ST_CASE,VEH_NO,PER_NO,YEAR,P1,P2,P3,P4,P5,P6,P7,P8,P9,P10
122232,2,1,2000,0,0,0,0,0,0,0,0,0,0
122232,3,1,2000,0,0,0,0,0,0,0,0,0,0
122232,4,1,2000,13,0,0,0,0,22,0,0,0,0
122232,5,1,2000,0,0,0,25,0,0,0,0,0,0
122233,1,1,2000,0,24,17,0,0,5,0,15,0,0
122234,1,1,2000,29,29,29,29,29,29,29,29,29,29
122235,1,1,2000,3,3,3,3,3,3,3,3,3,3
122236,1,1,2000,25,25,25,25,25,25,25,25,25,25
122237,1,1,2000,24,24,24,24,24,24,24,24,24,24
122238,1,1,2000,8,8,8,8,8,8,8,8,8,8
122239,1,1,2000,0,0,0,0,0,10,14,0,0,0
122240,1,1,2000,0,0,0,0,0,0,0,0,0,0
122241,1,1,2000,0,0,0,0,0,0,0,0,0,0
122241,2,1,2000,0,0,0,0,0,0,0,0,0,0
122241,3,1,2000,0,0,0,0,0,0,0,0,0,0
122242,1,1,2000,0,0,14,0,0,0,0,0,0,0
122242,2,1,2000,0,0,0,0,0,0,0,0,0,0
122243,0,1,2000,19,19,19,19,19,19,19,19,19,19
122243,1,1,2000,0,20,0,0,0,0,0,12,0,0
122244,1,1,2000,0,0,0,0,0,0,0,0,0,0
122245,1,1,2000,20,20,20,20,20,20,20,20,20,20
122246,1,1,2000,0,0,0,0,0,0,0,0,0,0
122246,2,1,2000,0,0,0,0,0,0,0,0,0,0
122247,1,1,2000,22,22,22,22,22,22,22,22,22,22
122248,1,1,2000,20,20,20,20,20,20,20,20,20,20
122248,2,1,2000,0,0,0,0,0,0,0,0,0,0
122249,1,1,2000,18,18,18,18,18,18,18,18,18,18
122249,2,1,2000,0,0,0,0,0,0,0,0,0,0
122249,3,1,2000,0,0,0,0,0,0,0,0,9,0
122250,1,1,2000,0,0,0,0,0,0,6,0,0,0
122250,2,1,2000,0,0,0,0,0,0,0,0,0,0
122251,0,1,2000,0,0,0,0,0,0,0,11,0,0
122251,1,1,2000,0,0,0,0,0,0,0,0,0,0
122252,1,1,2000,19,19,19,19,19,19,19,19,19,19
122253,1,1,2000,0,0,0,0,0,0,0,0,0,0
122254,1,1,2000,20,20,20,20,20,20,20,20,20,20
122255,1,1,2000,0,0,13,0,0,0,0,0,0,0
122255,2,1,2000,0,0,0,0,0,0,0,0,0,0
122256,1,1,2000,0,0,0,0,0,0,0,0,0,0
122256,2,1,2000,0,0,0,5,0,0,0,6,0,0
122257,0,1,2000,0,0,0,0,0,0,0,0,0,0
122257,1,1,2000,0,0,0,0,0,0,0,0,0,0
122258,1,1,2000,0,0,8,9,16,0,0,0,12,0
122259,1,1,2000,0,9,29,0,9,0,0,9,0,0
122260,1,1,2000,0,0,0,0,10,0,0,0,0,0
122261,1,1,2000,16,16,16,16,16,16,16,16,16,16
122262,1,1,2000,15,15,15,15,15,15,15,15,15,15
122262,2,1,2000,0,9,0,0,0,0,0,0,0,0
122263,1,1,2000,0,0,0,0,0,0,0,0,0,0
122263,2,1,2000,0,0,0,0,0,0,0,0,0,0
122264,1,1,2000,0,0,0,0,0,0,0,0,0,0
122264,2,1,2000,0,0,0,0,0,0,0,0,0,0
122265,0,1,2000,22,22,22,22,22,22,22,22,22,22
122265,0,2,2000,44,11,22,0,0,0,17,0,0,12
122265,0,3,2000,10,0,20,35,0,11,0,0,0,0
122265,0,4,2000,0,18,15,40,0,0,0,36,0,0
122265,1,1,2000,0,0,0,0,0,0,0,6,0,0
122266,1,1,2000,23,0,23,0,0,0,0,0,0,0
122267,1,1,2000,20,20,20,20,20,20,20,20,20,20
122268,1,1,2000,15,15,15,15,15,15,15,15,15,15
122269,0,1,2000,33,33,33,33,33,33,33,33,33,33
122269,1,1,2000,0,0,0,0,0,0,0,0,0,0
122270,1,1,2000,0,0,0,0,0,0,0,0,0,0
122270,2,1,2000,0,0,0,0,0,0,0,0,0,0
122271,1,1,2000,0,0,0,0,0,0,0,0,0,0
122271,2,1,2000,0,0,0,0,0,0,0,0,0,0
122272,1,1,2000,13,13,13,13,13,13,13,13,13,13
122273,1,1,2000,0,0,0,0,0,0,0,0,0,0
122273,2,1,2000,0,0,0,0,0,0,0,0,0,0
122274,1,1,2000,21,21,21,21,21,21,21,21,21,21
122275,1,1,2000,19,19,19,19,19,19,19,19,19,19
122276,1,1,2000,0,0,0,0,0,0,0,0,0,0
122276,2,1,2000,0,0,0,0,0,0,0,0,0,0
122277,1,1,2000,22,22,22,22,22,22,22,22,22,22
122277,2,1,2000,0,0,0,0,0,0,0,0,0,0
122278,1,1,2000,0,0,0,0,0,0,0,0,0,0
122278,2,1,2000,0,0,0,0,0,0,0,0,0,0
122279,1,1,2000,3,3,3,3,3,3,3,3,3,3
122279,2,1,2000,0,0,0,0,0,0,0,0,0,0
122280,1,1,2000,0,0,0,0,0,0,0,0,0,0
122280,2,1,2000,0,0,0,0,0,0,0,0,0,0
122281,1,1,2000,30,30,30,30,30,30,30,30,30,30
122281,2,1,2000,0,0,0,0,0,0,0,0,0,0
122282,1,1,2000,19,19,19,19,19,19,19,19,19,19
122282,2,1,2000,0,0,0,7,0,0,0,0,0,0
122283,1,1,2000,0,0,0,0,0,0,0,0,0,0
122284,1,1,2000,15,15,15,15,15,15,15,15,15,15
122285,1,1,2000,0,0,0,0,0,0,0,0,0,0
122285,2,1,2000,0,0,0,0,0,23,0,0,0,0
122285,3,1,2000,0,0,0,0,0,0,0,0,0,0
122286,1,1,2000,0,0,0,0,0,0,0,0,0,0
122286,2,1,2000,0,0,0,0,0,0,0,0,0,0
122286,3,1,2000,0,0,0,0,0,0,0,0,0,0
122287,1,1,2000,0,0,0,0,0,0,0,0,0,0
122288,1,1,2000,0,0,0,0,0,0,0,0,0,0
122288,2,1,2000,0,0,0,0,0,0,0,0,0,0
122289,1,1,2000,24,24,24,24,24,24,24,24,24,24
122289,2,1,2000,3,0,0,0,0,0,0,0,0,0
122290,1,1,2000,0,0,0,0,0,0,0,0,0,0
122290,2,1,2000,0,0,0,0,0,0,0,0,0,21
122291,1,1,2000,0,0,0,0,0,0,0,0,0,0
122291,2,1,2000,0,0,0,0,0,0,0,0,0,0
122292,1,1,2000,0,0,0,23,0,0,0,14,0,0
122293,0,1,2000,0,0,0,0,0,0,0,0,0,0
122293,1,1,2000,0,0,0,0,0,0,0,0,0,0
122294,1,1,2000,0,0,0,0,0,0,0,0,0,0
122294,2,1,2000,0,0,0,0,0,0,0,0,0,0
122295,1,1,2000,25,25,25,25,25,25,25,25,25,25
122296,0,1,2000,13,13,13,13,13,13,13,13,13,13
122296,1,1,2000,0,0,0,0,0,0,0,0,0,0
122297,1,1,2000,0,0,0,0,0,0,0,0,0,0
122297,2,1,2000,2,2,2,2,2,2,2,2,2,2
122298,1,1,2000,0,0,0,0,0,0,0,0,0,0
122298,2,1,2000,0,0,0,0,0,0,0,0,0,0
122299,1,1,2000,0,0,0,0,0,0,7,0,0,8
122300,1,1,2000,0,0,0,0,0,0,0,0,0,0
122300,2,1,2000,0,0,0,0,0,0,0,0,0,0
122301,1,1,2000,7,7,7,7,7,7,7,7,7,7
122301,2,1,2000,0,0,0,0,0,0,0,0,0,0
122302,1,1,2000,0,0,0,0,0,0,0,0,0,0
122302,2,1,2000,0,0,0,0,0,0,0,0,0,9
122302,3,1,2000,0,0,0,0,0,0,0,0,0,0
122303,0,1,2000,0,0,0,0,0,0,0,0,0,0
122303,1,1,2000,2,2,2,2,2,2,2,2,2,2
122304,1,1,2000,17,0,0,0,0,0,0,0,9,7
122304,2,1,2000,0,0,0,0,0,0,0,0,0,0
122305,1,1,2000,15,15,15,15,15,15,15,15,15,15
122305,2,1,2000,14,0,0,0,0,0,0,5,0,0
122306,1,1,2000,0,0,0,0,0,0,0,0,0,0
122306,2,1,2000,0,0,0,0,0,0,0,0,0,0
122307,1,1,2000,0,0,0,0,0,0,0,0,0,0
122307,2,1,2000,0,0,0,0,0,0,0,0,0,0
122308,1,1,2000,0,0,0,0,0,0,0,0,0,0
122309,1,1,2000,0,0,0,0,0,0,0,0,0,0
122309,2,1,2000,0,0,0,0,0,0,0,0,0,0
122309,3,1,2000,0,0,0,0,0,0,0,0,0,0
122310,1,1,2000,0,0,0,0,0,0,0,0,0,0
122310,2,1,2000,0,0,0,0,0,0,0,8,0,0
122311,1,1,2000,0,0,0,0,0,0,0,0,0,0
122311,2,1,2000,0,0,0,0,0,0,0,0,0,0
122311,3,1,2000,0,0,0,0,0,0,0,0,0,0
122312,0,1,2000,0,0,0,10,0,0,0,0,0,0
122312,1,1,2000,0,0,0,0,0,0,0,0,0,0
122313,1,1,2000,0,0,0,0,0,0,0,0,0,0
122313,2,1,2000,0,0,0,0,0,0,0,0,0,0
122314,1,1,2000,0,0,0,0,0,0,0,0,18,0
122314,2,1,2000,0,0,0,0,0,0,0,0,0,0
122315,1,1,2000,0,0,0,0,0,0,0,0,0,0
122315,2,1,2000,0,0,0,0,0,0,0,0,0,0
122315,3,1,2000,0,0,0,0,0,0,0,0,0,0
122316,1,1,2000,17,17,17,17,17,17,17,17,17,17
122317,1,1,2000,0,0,0,0,0,0,0,0,0,0
122317,2,1,2000,0,0,0,0,0,0,0,0,0,0
122318,0,1,2000,22,0,8,0,0,15,0,0,0,25
122318,1,1,2000,0,0,0,0,0,13,0,0,0,0
122319,0,1,2000,0,0,0,0,0,0,0,0,0,0
122319,1,1,2000,0,0,0,0,0,0,15,0,0,0
122320,0,1,2000,19,19,19,19,19,19,19,19,19,19
122320,1,1,2000,0,0,0,0,0,0,0,0,0,0
122320,2,1,2000,0,0,0,0,0,0,0,0,0,0
122321,0,1,2000,0,0,0,0,0,0,0,0,0,0
122321,1,1,2000,0,6,0,0,0,0,0,0,0,0
122322,1,1,2000,0,24,16,0,0,0,0,0,17,0
122322,2,1,2000,0,0,0,0,0,0,0,0,0,0
122323,1,1,2000,0,0,0,0,0,0,0,0,0,0
122323,2,1,2000,0,0,0,0,0,0,0,0,0,0
122323,3,1,2000,11,11,11,11,11,11,11,11,11,11
122323,4,1,2000,0,16,9,0,0,0,0,0,0,0
122324,1,1,2000,0,0,0,0,0,0,0,0,0,0
122325,0,1,2000,31,31,31,31,31,31,31,31,31,31
122325,1,1,2000,0,0,0,0,0,0,0,0,0,0
122326,1,1,2000,0,0,0,0,0,0,0,0,0,0
122327,1,1,2000,3,3,3,3,3,3,3,3,3,3
122327,2,1,2000,23,23,23,23,23,23,23,23,23,23
122328,1,1,2000,23,23,23,23,23,23,23,23,23,23
122329,1,1,2000,0,0,10,0,0,0,0,0,0,0
122330,1,1,2000,8,8,8,8,8,8,8,8,8,8
122331,1,1,2000,7,7,7,7,7,7,7,7,7,7
122332,1,1,2000,0,0,0,0,0,0,0,0,0,0
122332,2,1,2000,0,0,17,0,0,0,0,3,0,7
122333,1,1,2000,0,0,0,0,0,0,0,0,0,0
122334,1,1,2000,0,0,0,0,17,0,0,0,0,0
122334,2,1,2000,0,0,0,0,0,0,0,0,0,0
122335,1,1,2000,11,11,11,11,11,11,11,11,11,11
122336,1,1,2000,5,0,11,0,0,9,0,8,0,0
122337,0,1,2000,0,22,44,17,0,0,7,0,6,0
122337,1,1,2000,0,0,0,0,0,0,0,0,0,0
122338,1,1,2000,17,17,17,17,17,17,17,17,17,17
122339,1,1,2000,0,0,0,0,0,0,0,0,0,0
122340,1,1,2000,0,0,0,0,0,0,0,0,0,0
122340,2,1,2000,0,0,0,0,0,0,0,0,0,0
122341,1,1,2000,0,0,0,0,0,0,0,0,0,0
122342,1,1,2000,0,0,0,0,0,0,0,0,0,0
122343,1,1,2000,0,0,0,0,0,0,0,0,0,0
122343,2,1,2000,0,0,0,0,0,0,0,0,0,0
122344,1,1,2000,0,0,0,0,0,0,0,0,0,0
122344,2,1,2000,0,0,0,0,0,0,0,0,0,0
122345,1,1,2000,0,0,0,0,0,0,0,0,0,0
122346,1,1,2000,0,9,0,0,0,0,0,0,0,0
122347,1,1,2000,0,0,0,0,0,0,0,0,0,0
122348,1,1,2000,0,0,0,0,0,0,0,0,0,0
122348,2,1,2000,0,0,0,0,0,0,0,0,0,0
122349,1,1,2000,2,2,2,2,2,2,2,2,2,2
122349,2,1,2000,0,0,0,0,0,0,0,0,0,0
122350,1,1,2000,0,0,0,0,0,0,0,0,0,0
122351,1,1,2000,5,5,5,5,5,5,5,5,5,5
122352,1,1,2000,0,0,0,0,0,0,0,0,0,0
122352,2,1,2000,0,0,0,0,0,0,0,0,0,0
122353,1,1,2000,0,0,0,0,0,0,0,0,0,0
122354,1,1,2000,0,0,0,0,0,0,0,0,0,0
122354,2,1,2000,0,0,0,0,0,0,0,0,0,0
122355,1,1,2000,0,0,0,0,0,0,0,0,0,0
122355,2,1,2000,0,0,0,0,0,0,0,0,0,0
122356,0,1,2000,0,0,0,0,0,0,0,0,0,0
122356,1,1,2000,0,0,0,0,0,0,0,0,0,0
122357,1,1,2000,0,0,0,0,0,0,0,0,0,0
122358,1,1,2000,0,0,0,0,0,0,0,0,0,0
122358,2,1,2000,0,11,5,0,0,0,11,15,19,0
122359,1,1,2000,0,0,0,0,0,0,0,0,0,0
122360,1,1,2000,12,12,12,12,12,12,12,12,12,12
122361,1,1,2000,10,10,10,10,10,10,10,10,10,10
122362,1,1,2000,0,12,7,0,6,0,0,22,0,0
122362,2,1,2000,0,0,0,0,10,6,12,0,23,6
122363,1,1,2000,0,0,0,0,0,0,0,0,0,0
122363,2,1,2000,0,0,0,0,0,0,0,0,0,0
122363,3,1,2000,0,0,0,0,0,0,0,0,0,0
122364,0,1,2000,39,39,39,39,39,39,39,39,39,39
122364,1,1,2000,0,0,0,0,0,0,0,0,0,0
122365,1,1,2000,0,0,0,0,0,0,0,0,0,0
122365,2,1,2000,0,0,0,0,0,0,0,0,0,0
122366,1,1,2000,17,17,17,17,17,17,17,17,17,17
122366,2,1,2000,0,0,0,0,0,0,0,0,11,0
122367,0,1,2000,7,7,7,7,7,7,7,7,7,7
122367,1,1,2000,3,0,0,0,0,0,0,0,13,0
122368,0,1,2000,13,13,13,13,13,13,13,13,13,13
122368,1,1,2000,0,0,0,0,0,0,0,0,0,0
122369,0,1,2000,12,12,12,12,12,12,12,12,12,12
122369,1,1,2000,0,0,0,0,0,0,0,0,0,0
122370,0,1,2000,0,0,0,0,0,0,0,0,0,12
122370,1,1,2000,0,0,0,0,0,0,0,0,0,0
122371,0,1,2000,17,17,17,17,17,17,17,17,17,17
122371,1,1,2000,0,0,0,0,0,0,0,0,0,0
122372,1,1,2000,0,0,0,0,0,0,0,0,0,0
122372,2,1,2000,0,0,0,0,0,0,0,0,0,0
122372,3,1,2000,0,0,0,7,0,0,0,0,0,0
122373,0,1,2000,0,0,0,0,0,0,0,0,0,0
122373,1,1,2000,0,0,0,0,0,0,0,0,0,0
122374,1,1,2000,28,28,28,28,28,28,28,28,28,28
122374,2,1,2000,0,0,0,0,0,0,0,0,0,0
122375,1,1,2000,0,0,0,0,0,0,0,0,0,0
122375,2,1,2000,0,0,0,0,0,0,0,0,0,0
122376,1,1,2000,0,0,0,0,0,0,0,0,0,0
122376,2,1,2000,0,0,0,0,0,0,0,0,0,0
122377,1,1,2000,0,0,0,0,0,0,0,0,0,0
122377,2,1,2000,0,0,0,0,0,0,0,0,0,0
122378,0,1,2000,0,0,0,0,0,0,0,0,0,0
122378,1,1,2000,0,0,0,0,0,0,0,0,11,0
122379,1,1,2000,0,0,0,0,0,0,0,0,0,0
122379,2,1,2000,0,0,0,0,0,0,0,0,0,0
122380,0,1,2000,26,26,26,26,26,26,26,26,26,26
122380,1,1,2000,0,0,0,12,0,0,0,25,0,0
122381,1,1,2000,0,0,0,0,0,0,0,0,0,0
122381,2,1,2000,0,0,0,0,0,0,0,0,0,0
122382,1,1,2000,0,0,0,0,0,0,0,0,0,0
122383,1,1,2000,0,0,0,0,0,0,0,0,0,0
122383,2,1,2000,0,0,0,0,0,0,0,0,0,0
122384,1,1,2000,0,0,0,0,0,0,0,0,0,0
122385,1,1,2000,15,15,15,15,15,15,15,15,15,15
122385,2,1,2000,0,0,0,18,0,0,0,18,0,0
122386,0,1,2000,5,0,0,0,0,14,0,0,0,0
122386,1,1,2000,0,0,0,0,0,0,0,0,0,0
122387,1,1,2000,0,18,0,6,0,0,0,0,0,0
122387,2,1,2000,0,0,0,0,0,0,0,0,0,0
122388,0,1,2000,9,9,9,9,9,9,9,9,9,9
122388,1,1,2000,15,15,15,15,15,15,15,15,15,15
122389,1,1,2000,0,0,0,0,0,0,0,0,0,0
122389,2,1,2000,0,0,0,0,0,0,0,0,0,7
122390,1,1,2000,11,19,20,0,7,0,0,8,21,0
122390,2,1,2000,16,0,0,0,0,0,0,0,0,0
122390,3,1,2000,0,0,0,0,0,0,0,0,0,0
122391,1,1,2000,18,18,18,18,18,18,18,18,18,18
122391,2,1,2000,0,0,0,0,0,0,0,0,0,0
122392,0,1,2000,0,37,0,0,0,0,14,13,13,0
122392,1,1,2000,0,0,0,0,0,0,0,0,0,0
122393,1,1,2000,0,0,0,0,0,0,0,0,0,8
122393,2,1,2000,0,0,0,0,0,0,0,0,0,0
122393,3,1,2000,0,0,2,12,0,0,0,0,0,0
122394,1,1,2000,19,19,19,19,19,19,19,19,19,19
122395,1,1,2000,14,14,14,14,14,14,14,14,14,14
122395,2,1,2000,0,0,0,0,0,0,0,0,0,0
122396,1,1,2000,0,0,0,0,0,0,0,0,0,0
122397,0,1,2000,0,0,22,0,0,0,11,0,0,17
122397,1,1,2000,0,0,12,0,2,2,22,0,12,0
122398,1,1,2000,0,0,0,0,0,0,0,0,0,0
122399,1,1,2000,0,0,0,0,0,0,0,0,0,0
122399,2,1,2000,0,0,0,0,0,0,0,0,0,0
122400,1,1,2000,18,18,18,18,18,18,18,18,18,18
122401,1,1,2000,14,14,14,14,14,14,14,14,14,14
122402,1,1,2000,24,24,24,24,24,24,24,24,24,24
122403,1,1,2000,0,0,0,0,0,0,5,0,0,0
122403,2,1,2000,0,0,0,0,0,8,0,0,0,0
122403,3,1,2000,0,0,0,0,0,0,0,0,0,0
122404,0,1,2000,0,0,0,0,0,16,0,0,0,0
122404,0,2,2000,0,0,0,0,0,0,0,0,0,0
122404,0,3,2000,0,0,0,0,0,0,0,0,0,0
122404,0,4,2000,0,0,0,0,0,0,0,0,0,0
122404,0,5,2000,0,0,0,0,0,0,0,0,0,0
122404,1,1,2000,0,0,0,0,0,0,0,0,0,0
122405,1,1,2000,0,0,0,0,0,0,0,0,0,0
122405,2,1,2000,0,0,0,0,0,0,0,0,0,0
122406,1,1,2000,0,0,0,0,6,31,0,17,0,0
122407,1,1,2000,0,0,0,0,0,0,0,0,0,0
122408,0,1,2000,21,21,21,21,21,21,21,21,21,21
122408,1,1,2000,0,0,0,0,0,0,0,0,0,0
122409,1,1,2000,0,0,0,0,0,0,0,0,0,0
122410,1,1,2000,0,0,0,0,0,0,0,0,0,0
122410,2,1,2000,0,0,0,0,0,0,0,0,0,0
122411,1,1,2000,0,0,0,0,0,0,0,0,0,0
122412,1,1,2000,0,0,0,0,0,0,0,0,0,0
122412,2,1,2000,0,0,0,0,0,0,0,0,0,0
122413,1,1,2000,12,0,0,4,13,35,0,10,0,0
122414,1,1,2000,0,0,0,0,0,0,0,0,0,0
122415,1,1,2000,0,0,10,0,0,0,0,0,10,0
122415,2,1,2000,0,0,0,0,0,0,0,0,0,0
122415,3,1,2000,0,0,0,0,0,0,0,0,0,0
122416,1,1,2000,0,0,0,0,0,0,0,0,0,0
122416,2,1,2000,0,0,0,0,0,0,0,0,0,0
122417,1,1,2000,32,32,32,32,32,32,32,32,32,32
122418,0,1,2000,0,0,0,0,0,0,0,0,0,0
122418,1,1,2000,0,0,0,0,0,5,0,0,0,0
122419,0,1,2000,0,34,0,17,44,0,26,33,0,24
122419,1,1,2000,14,14,14,14,14,14,14,14,14,14
122420,1,1,2000,11,11,11,11,11,11,11,11,11,11
122420,2,1,2000,19,19,19,19,19,19,19,19,19,19
122421,1,1,2000,0,0,0,0,0,0,0,0,0,0
122421,2,1,2000,0,0,0,0,0,0,0,0,0,0
122421,3,1,2000,0,0,0,0,0,0,0,0,0,0
122422,1,1,2000,0,0,0,0,0,0,0,0,0,0
122423,1,1,2000,0,0,0,0,0,0,0,0,0,0
122423,2,1,2000,0,0,0,0,0,0,0,0,0,0
122424,0,1,2000,0,0,25,0,12,24,0,24,26,0
122424,1,1,2000,0,0,0,0,0,0,0,0,0,0
122425,0,1,2000,25,0,0,14,0,0,0,0,0,0
122425,1,1,2000,0,0,0,0,0,0,0,0,0,0
122426,0,1,2000,0,0,20,0,0,0,0,0,0,0
122426,1,1,2000,0,0,0,0,0,0,0,0,0,0
122427,1,1,2000,0,0,0,0,0,0,0,0,0,0
122427,2,1,2000,0,0,0,0,0,0,0,0,0,0
122428,1,1,2000,0,0,0,0,0,0,0,0,0,0
122428,2,1,2000,0,0,0,0,0,0,0,0,0,0
122429,1,1,2000,0,0,0,0,7,0,0,0,0,0
122429,2,1,2000,0,0,0,0,0,0,0,0,0,0
122430,1,1,2000,0,0,0,0,0,0,0,0,0,0
122430,2,1,2000,0,0,0,0,0,0,0,4,0,0
122430,3,1,2000,0,0,0,0,0,0,0,0,0,0
122431,0,1,2000,18,18,18,18,18,18,18,18,18,18
122431,1,1,2000,0,0,0,0,0,0,0,0,0,0
122432,1,1,2000,0,0,0,0,0,0,0,0,0,0
122432,2,1,2000,0,0,0,0,0,0,0,0,0,0
122433,0,1,2000,0,0,0,0,0,24,0,0,0,0
122433,1,1,2000,0,0,0,0,0,0,0,0,0,0
122434,1,1,2000,24,14,0,9,26,9,21,0,12,0
122435,1,1,2000,0,0,0,0,0,0,0,0,0,0
122435,2,1,2000,0,0,0,0,0,0,0,0,0,0
122436,1,1,2000,0,0,0,0,0,0,0,0,0,0
122437,1,1,2000,0,0,0,0,0,0,0,0,0,0
122437,2,1,2000,0,0,0,0,0,0,0,0,0,0
122438,1,1,2000,0,0,0,0,0,0,0,0,0,0
122438,2,1,2000,0,0,0,0,0,0,0,0,0,0
122439,1,1,2000,0,0,0,0,0,0,0,0,0,0
122439,2,1,2000,0,0,0,0,0,0,0,0,0,0
122440,1,1,2000,15,15,15,15,15,15,15,15,15,15
122441,1,1,2000,0,0,0,0,0,0,0,0,0,0
122442,0,1,2000,34,34,34,34,34,34,34,34,34,34
122442,1,1,2000,0,0,15,0,0,0,0,0,0,0
122443,0,1,2000,0,0,11,31,26,0,10,0,0,21
122443,1,1,2000,17,17,17,17,17,17,17,17,17,17
122444,1,1,2000,0,0,0,0,0,0,0,0,0,0
122444,2,1,2000,0,0,0,0,0,0,0,0,0,0
122445,1,1,2000,0,6,0,0,3,8,0,0,12,12
122446,1,1,2000,13,13,13,13,13,13,13,13,13,13
122447,1,1,2000,0,0,0,0,0,0,0,0,0,0
122447,2,1,2000,0,0,0,0,0,0,7,0,0,0
122448,1,1,2000,0,0,0,0,0,0,0,0,0,0
122448,2,1,2000,0,0,0,0,0,0,0,0,0,0
122449,1,1,2000,15,15,15,15,15,15,15,15,15,15
122450,1,1,2000,19,19,19,19,19,19,19,19,19,19
122451,1,1,2000,0,0,0,0,0,0,0,9,0,0
122451,2,1,2000,0,0,0,0,0,0,0,0,0,0
122452,1,1,2000,0,0,0,0,0,0,0,0,0,0
122453,1,1,2000,0,0,0,0,0,0,0,0,0,0
122453,2,1,2000,0,0,0,0,0,0,0,0,0,0
122454,1,1,2000,0,0,26,0,5,27,0,0,0,0
122455,0,1,2000,30,30,30,30,30,30,30,30,30,30
122455,1,1,2000,0,0,0,0,0,0,0,0,0,0
122456,1,1,2000,7,16,0,11,9,18,0,0,34,0
122457,1,1,2000,0,0,0,0,0,0,0,0,0,0
122458,1,1,2000,0,0,0,0,0,0,0,0,0,0
122458,2,1,2000,0,0,0,0,0,0,0,0,0,0
122459,1,1,2000,0,0,0,21,0,0,32,0,21,0
122460,1,1,2000,22,22,22,22,22,22,22,22,22,22
122461,1,1,2000,0,0,0,0,0,0,0,0,0,0
122461,2,1,2000,0,0,0,0,0,0,0,0,0,0
122462,1,1,2000,14,14,14,14,14,14,14,14,14,14
122463,1,1,2000,13,13,13,13,13,13,13,13,13,13
122463,2,1,2000,0,0,0,0,0,0,0,0,0,0
122464,1,1,2000,0,34,0,0,0,0,0,0,0,0
122465,1,1,2000,0,0,0,0,0,0,0,0,0,0
122465,2,1,2000,0,0,0,10,0,0,0,0,0,0
122465,3,1,2000,0,0,0,16,0,0,0,0,0,0
122466,1,1,2000,21,21,21,21,21,21,21,21,21,21
122467,1,1,2000,15,10,0,40,12,6,0,23,0,0
122467,2,1,2000,0,0,0,0,0,0,0,0,0,0
122468,1,1,2000,0,0,0,0,0,0,0,0,24,0
122468,2,1,2000,0,0,6,0,0,11,21,6,0,0
122469,1,1,2000,0,0,0,0,0,0,0,0,0,0
122470,1,1,2000,0,0,0,0,0,0,0,0,0,0
122470,2,1,2000,0,0,0,0,0,0,0,0,0,0
122471,1,1,2000,0,0,0,0,0,0,0,0,0,0
122471,2,1,2000,18,18,18,18,18,18,18,18,18,18
122472,1,1,2000,14,14,14,14,14,14,14,14,14,14
122473,1,1,2000,0,0,0,0,0,0,0,0,0,0
122473,2,1,2000,0,0,0,0,0,0,0,0,0,0
122474,1,1,2000,19,19,19,19,19,19,19,19,19,19
122475,0,1,2000,30,30,30,30,30,30,30,30,30,30
122475,1,1,2000,0,0,0,0,0,0,10,0,0,0
122476,1,1,2000,0,0,41,0,0,0,0,0,0,0
122477,1,1,2000,23,20,31,26,11,16,20,23,15,14
122478,1,1,2000,16,16,16,16,16,16,16,16,16,16
122478,2,1,2000,0,0,0,0,0,0,0,0,0,0
122478,3,1,2000,0,0,0,0,0,0,0,0,0,0
122479,0,1,2000,0,0,0,0,0,0,0,0,0,0
122479,1,1,2000,0,0,0,0,0,0,0,0,0,0
122480,1,1,2000,0,0,0,0,0,0,0,0,0,0
122480,2,1,2000,0,0,0,0,0,0,0,0,0,0
122481,1,1,2000,0,0,0,0,0,0,0,0,0,0
122481,2,1,2000,20,0,0,0,0,0,0,0,0,0
122482,1,1,2000,18,18,18,18,18,18,18,18,18,18
122483,0,1,2000,17,17,17,17,17,17,17,17,17,17
122483,0,2,2000,4,4,4,4,4,4,4,4,4,4
122483,1,1,2000,0,0,0,0,0,0,0,0,0,0
122484,1,1,2000,0,10,0,0,12,0,13,11,0,0
122485,1,1,2000,0,1,0,0,0,0,0,0,0,0
122485,2,1,2000,14,0,0,0,0,0,0,0,0,0
122486,1,1,2000,0,0,0,0,0,0,0,0,0,0
122486,2,1,2000,0,0,0,0,0,0,0,0,0,0
122487,1,1,2000,0,0,0,0,0,0,0,0,0,0
122488,1,1,2000,4,4,4,4,4,4,4,4,4,4
122488,2,1,2000,0,0,0,0,0,0,0,0,0,0
122489,1,1,2000,7,7,7,7,7,7,7,7,7,7
122490,1,1,2000,8,8,8,8,8,8,8,8,8,8
122490,2,1,2000,0,0,0,0,0,0,0,0,14,0
122490,3,1,2000,12,0,0,0,0,0,0,0,0,0
122491,1,1,2000,7,7,7,7,7,7,7,7,7,7
122491,2,1,2000,0,0,0,0,0,0,0,0,0,0
122492,1,1,2000,0,0,0,0,0,0,0,0,0,0
122492,2,1,2000,0,0,0,0,0,0,0,0,0,0
122493,1,1,2000,0,0,0,0,0,0,0,0,0,0
122493,2,1,2000,0,0,0,0,0,0,5,0,6,0
122494,0,1,2000,21,21,21,21,21,21,21,21,21,21
122494,1,1,2000,0,0,0,0,0,0,0,0,0,0
122495,1,1,2000,0,0,0,0,0,0,0,0,0,0