ST_CASE,VEH_NO,PER_NO,YEAR,P1,P2,P3,P4,P5,P6,P7,P8,P9,P10
130017,1,1,2000,0,0,0,0,0,0,0,0,0,0
130017,2,1,2000,0,0,0,0,0,0,0,0,0,0
130018,1,1,2000,0,0,0,0,0,0,0,0,0,0
130019,1,1,2000,0,0,0,0,0,0,0,0,0,0
130020,1,1,2000,0,0,0,0,0,11,0,0,0,0
130020,2,1,2000,0,0,0,0,0,0,0,0,0,0
130021,1,1,2000,0,0,0,0,0,11,0,0,6,0
130022,1,1,2000,0,6,0,0,0,17,0,0,0,0
130022,2,1,2000,0,0,0,0,0,0,0,0,0,0
130023,1,1,2000,25,25,25,25,25,25,25,25,25,25
130023,2,1,2000,0,0,22,0,0,0,0,5,0,29
130024,0,1,2000,0,0,0,0,18,0,0,0,10,0
130024,1,1,2000,10,0,0,0,0,0,17,0,0,0
130025,1,1,2000,0,0,0,0,0,0,0,0,0,0
130026,1,1,2000,4,4,4,4,4,4,4,4,4,4
130027,1,1,2000,20,20,20,20,20,20,20,20,20,20
130028,1,1,2000,0,0,0,0,0,0,0,0,0,0
130029,1,1,2000,23,23,23,23,23,23,23,23,23,23
130030,1,1,2000,19,19,19,19,19,19,19,19,19,19
130031,1,1,2000,0,0,0,0,0,0,0,12,0,0
130031,2,1,2000,0,0,0,0,0,0,0,0,5,0
130031,3,1,2000,0,0,0,0,0,0,0,0,0,0
130032,1,1,2000,0,0,17,5,0,0,12,27,11,0
130033,1,1,2000,0,0,0,0,0,0,0,0,0,0
130034,1,1,2000,0,0,16,14,0,0,0,0,0,0
130035,1,1,2000,0,0,0,0,13,0,0,12,0,0
130035,2,1,2000,0,0,0,0,0,0,0,0,0,0
130035,3,1,2000,0,0,0,0,0,0,0,0,0,0
130035,4,1,2000,0,0,0,0,0,0,0,0,0,0
130035,5,1,2000,0,0,0,0,0,0,0,0,0,0
130035,6,1,2000,0,0,0,0,0,0,0,0,0,0
130036,1,1,2000,0,0,0,0,0,0,0,0,0,0
130036,2,1,2000,0,0,0,0,0,0,0,0,0,0
130037,1,1,2000,0,0,20,18,13,12,31,7,7,18
130037,2,1,2000,0,0,0,0,0,0,0,0,0,0
130038,0,1,2000,0,0,21,34,15,0,0,0,35,27
130038,1,1,2000,0,0,0,0,0,0,0,0,0,0
130039,1,1,2000,0,0,0,0,0,0,0,0,0,0
130040,1,1,2000,0,0,0,0,0,0,0,0,0,0
130041,1,1,2000,0,0,0,0,0,0,0,0,0,0
130042,1,1,2000,0,0,0,0,0,0,0,0,0,0
130042,2,1,2000,0,0,0,0,0,0,0,0,0,0
130043,1,1,2000,0,8,0,6,0,0,0,0,0,0
130043,2,1,2000,0,0,0,0,0,0,0,0,0,0
130043,3,1,2000,0,0,0,0,0,0,0,0,0,0
130044,1,1,2000,23,23,23,23,23,23,23,23,23,23
130045,1,1,2000,0,0,0,0,0,0,0,0,0,0
130045,2,1,2000,0,0,0,0,0,0,0,0,0,0
130046,0,1,2000,0,0,0,0,0,0,0,0,0,0
130046,1,1,2000,0,0,0,0,0,0,0,0,0,0
130047,1,1,2000,15,0,8,33,19,0,0,0,8,24
130047,2,1,2000,0,0,0,0,0,0,0,0,0,0
130048,1,1,2000,0,0,0,0,0,0,0,0,0,0
130048,2,1,2000,0,0,0,0,0,0,0,0,0,0
130049,1,1,2000,0,24,0,3,0,34,0,0,36,0
130050,0,1,2000,21,28,30,25,35,0,13,8,21,21
130050,1,1,2000,18,35,19,36,12,13,10,8,12,2
130051,1,1,2000,0,0,0,0,0,0,0,0,0,6
130051,2,1,2000,0,8,0,0,0,0,22,0,0,0
130052,1,1,2000,0,0,0,0,0,0,0,0,0,0
130053,1,1,2000,0,17,0,0,0,0,0,0,0,0
130053,2,1,2000,0,0,0,0,0,0,0,0,0,0
130054,1,1,2000,0,0,0,0,0,0,0,0,0,0
130054,2,1,2000,0,0,0,0,0,0,0,0,0,0
130055,1,1,2000,0,0,0,0,0,0,16,0,0,0
130056,1,1,2000,0,0,0,0,0,16,0,0,0,15
130057,1,1,2000,12,18,0,0,8,0,0,0,34,0
130057,2,1,2000,22,22,22,22,22,22,22,22,22,22
130057,3,1,2000,0,0,0,0,0,0,0,0,0,0
130058,1,1,2000,0,43,0,16,20,17,27,0,21,36
130059,0,1,2000,30,30,30,30,30,30,30,30,30,30
130059,1,1,2000,0,0,0,0,0,0,0,0,0,0
130060,1,1,2000,16,16,16,16,16,16,16,16,16,16
130061,1,1,2000,0,0,0,0,0,0,0,0,0,0
130062,1,1,2000,12,0,0,0,0,0,0,0,0,0
130062,2,1,2000,0,0,0,0,0,0,0,0,0,0
130063,0,1,2000,0,0,19,0,5,0,29,0,0,20
130063,1,1,2000,0,0,0,0,0,0,0,0,0,0
130064,1,1,2000,0,0,0,0,0,0,0,0,0,0
130064,2,1,2000,0,0,0,0,0,0,0,0,0,0
130065,1,1,2000,36,36,36,36,36,36,36,36,36,36
130066,1,1,2000,10,10,10,10,10,10,10,10,10,10
130066,2,1,2000,0,0,0,0,0,0,0,0,0,0
130067,1,1,2000,10,10,10,10,10,10,10,10,10,10
130067,2,1,2000,0,0,0,0,0,0,0,0,0,0
130068,1,1,2000,12,17,22,15,11,12,28,10,17,23
130069,1,1,2000,0,0,0,0,0,0,7,5,0,0
130070,1,1,2000,21,21,21,21,21,21,21,21,21,21
130071,1,1,2000,0,0,0,0,0,0,0,0,0,0
130072,1,1,2000,0,0,0,0,0,0,0,0,0,0
130073,1,1,2000,0,0,0,0,0,0,0,12,0,0
130074,0,1,2000,17,0,0,0,0,0,0,0,0,0
130074,1,1,2000,0,0,0,0,0,0,0,0,0,0
130075,1,1,2000,0,0,0,0,0,0,0,0,0,0
130075,2,1,2000,0,0,0,0,0,0,0,0,0,0
130076,1,1,2000,0,0,0,0,0,0,0,0,0,0
130076,2,1,2000,0,0,0,0,0,0,0,11,0,13
130076,3,1,2000,0,0,0,0,0,0,0,0,0,0
130076,4,1,2000,0,0,0,0,0,0,0,0,0,0
130076,5,1,2000,0,0,0,0,0,0,0,0,0,0
130076,6,1,2000,0,0,0,0,0,0,0,0,22,0
130077,0,1,2000,0,0,0,0,0,0,0,0,0,0
130077,1,1,2000,0,0,0,0,0,0,0,0,0,0
130078,1,1,2000,0,0,0,0,0,0,0,0,0,0
130078,2,1,2000,0,0,0,0,0,0,0,0,0,0
130079,0,1,2000,15,15,15,15,15,15,15,15,15,15
130079,1,1,2000,0,0,0,0,0,0,0,0,0,0
130080,0,1,2000,0,0,0,0,0,18,0,21,0,30
130080,1,1,2000,6,6,6,6,6,6,6,6,6,6
130081,1,1,2000,26,4,22,0,28,4,21,4,37,8
130081,2,1,2000,0,0,0,0,0,0,0,0,0,0
130081,3,1,2000,15,0,0,15,0,0,0,0,0,0
130082,1,1,2000,26,0,17,0,11,7,19,0,13,10
130083,1,1,2000,0,0,0,0,0,0,0,0,0,0
130084,1,1,2000,0,0,0,0,0,0,0,0,0,0
130084,2,1,2000,0,0,0,0,0,0,0,0,0,0
130085,1,1,2000,0,0,0,0,0,0,9,0,0,0
130086,1,1,2000,23,13,17,0,26,15,11,29,14,32
130087,1,1,2000,0,0,0,0,0,0,0,0,0,0
130088,0,1,2000,0,0,0,0,0,0,0,0,0,0
130088,1,1,2000,31,0,0,18,0,15,8,0,20,0
130089,0,1,2000,0,9,12,0,0,0,0,0,0,0
130089,1,1,2000,0,0,0,0,0,13,0,0,0,0
130090,1,1,2000,0,7,0,0,0,0,0,9,0,6
130091,1,1,2000,0,0,0,0,0,0,0,0,0,0
130091,2,1,2000,0,0,15,0,0,0,0,0,0,0
130091,3,1,2000,0,0,0,0,5,0,3,0,0,0
130092,1,1,2000,16,12,17,22,30,13,10,20,35,25
130093,1,1,2000,9,9,9,9,9,9,9,9,9,9
130093,2,1,2000,11,11,11,11,11,11,11,11,11,11
130094,1,1,2000,0,0,0,0,0,0,15,0,0,0
130095,1,1,2000,20,20,20,20,20,20,20,20,20,20
130096,1,1,2000,0,0,0,0,0,0,0,0,0,0
130096,2,1,2000,0,0,0,0,0,0,0,0,0,0
130097,1,1,2000,0,0,0,0,0,0,0,0,0,0
130098,0,1,2000,18,0,0,0,0,0,27,0,23,0
130098,1,1,2000,0,0,0,11,0,17,0,16,0,0
130099,0,1,2000,10,32,14,10,7,28,23,0,27,41
130099,1,1,2000,0,0,0,0,0,0,0,0,0,0
130099,2,1,2000,10,0,0,0,0,0,23,0,0,0
130100,1,1,2000,0,0,0,0,0,0,0,0,0,0
130100,2,1,2000,0,0,0,0,0,0,0,0,0,0
130101,1,1,2000,0,0,0,0,0,0,0,0,0,0
130101,2,1,2000,0,0,0,0,0,0,0,0,0,0
130101,3,1,2000,0,0,0,0,0,0,0,0,0,0
130102,1,1,2000,0,0,0,0,0,0,0,0,0,0
130102,2,1,2000,0,0,0,0,0,0,0,0,0,0
130102,3,1,2000,0,0,0,0,0,0,0,0,0,0
130103,1,1,2000,0,0,0,10,0,11,0,0,0,16
130104,1,1,2000,0,0,0,9,12,0,0,0,0,0
130105,1,1,2000,0,0,0,0,0,0,0,0,0,0
130106,1,1,2000,0,0,0,0,0,0,0,0,0,0
130106,2,1,2000,0,0,0,0,0,0,0,0,0,0
130107,1,1,2000,0,0,0,0,0,0,0,0,0,0
130108,1,1,2000,0,0,0,0,0,0,0,0,0,0
130109,0,1,2000,18,23,0,23,32,0,0,4,0,16
130109,1,1,2000,17,0,16,10,0,26,0,0,22,13
130110,1,1,2000,0,23,10,27,0,0,13,3,19,19
130111,1,1,2000,0,10,0,18,0,9,0,10,0,14
130111,2,1,2000,0,0,0,0,0,0,0,0,0,0
130112,1,1,2000,0,0,0,0,0,0,0,0,0,0
130112,2,1,2000,0,0,0,0,0,0,0,0,0,0
130113,1,1,2000,0,0,0,0,0,0,0,0,0,0
130113,2,1,2000,0,0,0,0,0,0,0,0,0,0
130114,1,1,2000,0,0,0,0,0,0,0,0,0,0
130115,0,1,2000,0,29,0,20,0,0,0,0,0,44
130115,1,1,2000,0,0,0,0,0,0,0,0,0,0
130116,1,1,2000,17,17,17,17,17,17,17,17,17,17
130117,1,1,2000,0,22,0,21,18,0,0,0,0,17
130118,0,1,2000,0,0,0,0,14,46,21,0,0,0
130118,1,1,2000,0,0,0,0,0,0,0,0,0,0
130119,1,1,2000,0,0,0,0,0,0,0,0,0,0
130119,2,1,2000,11,11,11,11,11,11,11,11,11,11
130120,0,1,2000,0,0,0,0,0,0,19,0,0,0
130120,1,1,2000,0,0,0,0,0,0,0,0,0,0
130121,1,1,2000,0,9,0,0,0,0,0,0,0,0
130121,2,1,2000,0,0,0,0,0,0,0,0,0,0
130122,1,1,2000,0,0,0,0,0,0,0,0,0,0
130122,2,1,2000,0,0,0,0,0,0,0,0,0,0
130123,1,1,2000,0,0,0,0,0,0,0,0,0,0
130123,2,1,2000,0,0,0,0,0,0,0,0,0,0
130123,3,1,2000,0,0,0,0,0,0,0,0,0,0
130124,1,1,2000,0,0,0,0,0,0,0,0,0,0
130125,1,1,2000,0,0,0,0,0,0,0,0,25,0
130125,2,1,2000,7,7,7,7,7,7,7,7,7,7
130126,1,1,2000,0,0,0,0,0,0,0,0,0,0
130126,2,1,2000,0,0,17,16,0,0,24,0,0,0
130127,1,1,2000,0,0,0,0,0,0,0,0,0,0
130127,2,1,2000,0,0,0,0,0,0,0,0,0,0
130128,1,1,2000,0,0,0,0,0,0,0,0,0,0
130129,1,1,2000,4,4,4,4,4,4,4,4,4,4
130129,2,1,2000,0,0,0,0,0,0,0,0,0,0
130130,1,1,2000,0,0,0,0,0,0,0,0,0,0
130131,1,1,2000,0,0,0,0,0,0,0,0,0,0
130131,2,1,2000,0,0,0,0,0,0,0,0,0,0
130131,3,1,2000,0,0,0,0,0,0,0,0,0,0
130132,1,1,2000,0,0,0,0,0,0,0,0,0,0
130132,2,1,2000,0,0,0,0,0,0,0,0,0,0
130133,1,1,2000,0,0,0,0,0,0,0,0,0,0
130133,2,1,2000,0,0,0,0,0,0,0,0,0,0
130134,1,1,2000,0,0,0,0,0,0,0,0,0,0
130134,2,1,2000,0,0,0,0,0,0,0,0,0,0
130135,1,1,2000,29,29,29,29,29,29,29,29,29,29
130136,0,1,2000,7,7,7,7,7,7,7,7,7,7
130136,1,1,2000,0,0,6,0,0,22,0,0,22,0
130137,1,1,2000,0,10,0,13,0,11,12,24,0,29
130138,1,1,2000,0,0,0,0,0,0,0,0,0,0
130138,2,1,2000,0,0,0,0,0,0,0,0,0,0
130139,1,1,2000,0,0,0,0,0,0,0,0,0,0
130140,1,1,2000,0,0,0,0,0,0,0,0,0,0
130140,2,1,2000,0,0,0,0,0,0,0,0,0,0
130141,1,1,2000,0,0,0,0,0,0,0,0,0,0
130141,2,1,2000,0,0,0,0,0,0,0,0,0,0
130142,1,1,2000,0,0,0,0,0,0,0,0,0,0
130142,2,1,2000,0,0,0,0,0,0,0,0,0,0
130143,1,1,2000,0,0,0,0,0,0,0,0,0,0
130144,0,1,2000,0,0,0,0,0,0,0,0,0,0
130144,1,1,2000,10,0,0,0,0,0,0,0,0,0
130145,1,1,2000,0,0,0,0,0,0,0,0,0,0
130145,2,1,2000,0,0,0,0,0,0,0,0,0,0
130146,0,1,2000,28,0,9,0,20,22,23,16,0,14
130146,1,1,2000,0,0,0,0,0,0,0,0,0,0
130146,2,1,2000,0,0,0,0,0,0,0,0,0,0
130147,1,1,2000,0,0,0,0,0,0,0,0,0,0
130148,1,1,2000,10,28,19,0,20,11,29,15,0,8
130149,1,1,2000,20,20,20,20,20,20,20,20,20,20
130150,0,1,2000,0,7,0,3,38,36,0,0,0,19
130150,0,3,2000,0,0,0,0,0,0,0,0,0,0
130150,1,1,2000,0,0,0,0,0,0,0,0,0,0
130151,1,1,2000,0,0,0,0,0,0,0,0,0,0
130152,1,1,2000,30,30,30,30,30,30,30,30,30,30
130153,0,1,2000,30,19,25,0,19,13,21,3,9,19
130153,1,1,2000,0,0,0,0,0,0,0,0,0,0
130154,1,1,2000,22,22,22,22,22,22,22,22,22,22
130155,1,1,2000,0,0,0,0,0,0,0,0,0,0
130156,1,1,2000,19,19,19,19,19,19,19,19,19,19
130157,1,1,2000,0,17,0,9,17,0,0,0,13,26
130157,2,1,2000,18,7,11,19,4,14,6,11,4,3
130158,1,1,2000,0,0,0,0,0,0,0,0,0,0
130159,0,1,2000,18,18,18,18,18,18,18,18,18,18
130159,1,1,2000,18,18,18,18,18,18,18,18,18,18
130160,1,1,2000,0,0,0,0,0,0,0,0,0,0
130160,2,1,2000,0,0,0,0,0,0,0,0,0,0
130161,1,1,2000,0,0,0,0,0,0,0,0,0,0
130161,2,1,2000,0,0,0,0,0,0,0,0,0,0
130162,1,1,2000,0,0,0,0,0,0,0,0,0,0
130162,2,1,2000,0,0,0,0,0,0,0,0,0,0
130163,1,1,2000,0,0,0,0,0,0,0,0,0,0
130164,1,1,2000,0,13,24,0,0,8,11,11,9,0
130165,1,1,2000,0,0,0,0,0,0,0,0,0,0
130165,2,1,2000,0,0,0,0,0,0,0,0,0,0
130166,1,1,2000,0,10,34,7,11,0,23,24,29,0
130167,1,1,2000,0,0,0,0,0,0,0,0,0,0
130168,1,1,2000,0,0,0,0,0,0,0,0,0,0
130169,1,1,2000,14,9,0,11,7,18,12,0,17,23
130170,1,1,2000,14,14,14,14,14,14,14,14,14,14
130171,1,1,2000,23,23,23,23,23,23,23,23,23,23
130172,0,1,2000,43,43,43,43,43,43,43,43,43,43
130172,1,1,2000,0,0,0,0,0,0,0,0,0,0
130173,1,1,2000,25,25,25,25,25,25,25,25,25,25
130174,1,1,2000,0,0,0,0,0,0,0,0,0,0
130174,2,1,2000,0,0,0,0,0,0,0,0,0,0
130175,1,1,2000,0,14,0,0,0,0,0,0,0,0
130175,2,1,2000,0,0,0,0,0,0,0,0,0,0
130176,0,1,2000,0,19,0,0,0,0,0,14,19,0
130176,1,1,2000,0,0,0,0,0,0,0,0,0,0
130176,2,1,2000,0,0,0,0,0,0,0,0,0,0
130177,0,1,2000,20,22,20,28,0,27,36,0,18,0
130177,1,1,2000,0,0,0,0,0,0,0,0,0,0
130178,1,1,2000,3,3,3,3,3,3,3,3,3,3
130179,0,1,2000,5,32,11,15,11,27,7,0,0,7
130179,1,1,2000,0,0,0,0,0,0,0,0,0,0
130180,1,1,2000,30,30,30,30,30,30,30,30,30,30
130181,1,1,2000,0,0,0,0,0,0,0,0,0,0
130181,2,1,2000,0,0,0,0,0,0,0,0,0,0
130181,3,1,2000,0,0,0,0,0,0,0,0,0,0
130182,1,1,2000,11,0,0,0,7,4,0,13,0,27
130182,2,1,2000,0,0,0,0,0,0,0,0,0,0
130183,0,1,2000,13,13,13,13,13,13,13,13,13,13
130183,1,1,2000,0,0,0,0,0,0,0,0,0,0
130184,1,1,2000,0,0,0,0,0,0,0,0,0,0
130185,1,1,2000,0,0,0,0,0,0,0,0,0,0
130185,2,1,2000,0,0,0,0,0,0,0,0,0,0
130185,3,1,2000,0,0,0,0,0,0,0,0,0,0
130186,1,1,2000,0,0,0,0,0,0,0,0,0,0
130187,1,1,2000,0,0,0,0,0,0,0,0,0,0
130188,0,1,2000,0,0,0,0,0,0,0,0,0,0
130188,1,1,2000,0,0,0,0,0,0,0,0,0,0
130189,1,1,2000,0,0,0,0,0,0,0,0,0,0
130189,2,1,2000,0,0,0,0,0,0,0,0,0,0
130190,1,1,2000,0,0,0,0,0,0,0,0,0,0
130190,2,1,2000,0,0,0,0,0,0,0,0,0,0
130191,1,1,2000,0,18,19,14,0,11,0,0,0,0
130191,2,1,2000,14,0,0,0,9,0,0,0,0,0
130192,1,1,2000,0,0,0,0,0,0,0,0,0,14
130193,1,1,2000,7,7,7,7,7,7,7,7,7,7
130193,2,1,2000,0,0,0,0,0,0,0,0,0,0
130194,1,1,2000,19,19,19,19,19,19,19,19,19,19
130194,2,1,2000,0,0,0,0,0,0,0,0,0,0
130195,0,1,2000,23,23,23,23,23,23,23,23,23,23
130195,1,1,2000,0,0,0,0,0,0,0,0,0,0
130196,1,1,2000,0,0,0,0,0,0,0,0,0,0
130196,2,1,2000,0,0,0,0,0,0,0,0,0,0
130197,1,1,2000,0,0,0,0,0,0,0,0,0,0
130197,2,1,2000,0,0,0,0,0,0,0,0,0,0
130197,3,1,2000,0,0,0,0,0,0,0,0,0,0
130197,4,1,2000,0,0,0,0,0,0,0,0,0,0
130198,1,1,2000,0,0,0,0,0,0,0,0,0,0
130198,2,1,2000,0,0,0,0,0,0,0,0,0,0
130199,0,1,2000,36,36,36,36,36,36,36,36,36,36
130199,1,1,2000,0,0,0,0,0,0,0,0,0,0
130200,1,1,2000,0,0,0,0,0,0,0,21,0,0
130201,1,1,2000,20,20,20,20,20,20,20,20,20,20
130202,1,1,2000,17,17,17,17,17,17,17,17,17,17
130203,1,1,2000,10,10,10,10,10,10,10,10,10,10
130204,1,1,2000,0,0,0,0,0,0,0,0,0,0
130204,2,1,2000,22,22,22,22,22,22,22,22,22,22
130205,1,1,2000,0,0,0,0,0,0,0,0,0,0
130205,2,1,2000,0,0,0,0,0,0,0,0,0,0
130206,1,1,2000,0,17,13,17,0,8,33,0,10,12
130207,1,1,2000,0,0,0,0,0,0,0,0,0,0
130207,2,1,2000,0,0,0,0,0,0,0,0,0,0
130208,1,1,2000,0,0,0,0,0,0,0,0,0,0
130209,0,1,2000,30,0,10,31,0,9,0,24,16,0
130209,1,1,2000,0,0,0,0,0,0,0,0,0,0
130210,1,1,2000,0,0,0,0,0,0,0,0,0,0
130211,1,1,2000,0,0,0,0,0,0,0,0,0,0
130211,2,1,2000,0,0,0,0,0,0,0,0,0,0
130212,1,1,2000,0,0,0,0,0,0,0,0,0,0
130212,2,1,2000,0,0,0,0,0,0,0,0,0,0
130212,3,1,2000,0,0,0,0,0,0,0,0,0,0
130213,0,1,2000,14,14,14,14,14,14,14,14,14,14
130213,1,1,2000,0,0,0,0,0,0,0,0,0,0
130213,2,1,2000,0,0,0,0,0,0,14,0,0,11
130213,3,1,2000,0,0,0,0,0,0,11,0,0,0
130214,1,1,2000,16,16,16,16,16,16,16,16,16,16
130215,1,1,2000,0,0,0,0,0,0,0,0,0,0
130215,2,1,2000,0,0,0,0,0,0,0,0,0,0
130216,1,1,2000,16,16,16,16,16,16,16,16,16,16
130217,1,1,2000,7,7,7,7,7,7,7,7,7,7
130217,2,1,2000,0,0,0,0,0,0,0,0,0,0
130218,1,1,2000,11,0,0,15,0,0,0,0,0,0
130219,1,1,2000,20,20,20,20,20,20,20,20,20,20
130220,1,1,2000,0,0,0,0,0,0,0,0,0,0
130221,1,1,2000,0,0,0,0,0,0,0,0,0,0
130221,2,1,2000,0,0,0,0,0,0,0,0,0,0
130222,1,1,2000,0,0,0,0,0,0,0,0,0,0
130222,2,1,2000,0,0,0,0,0,0,0,0,0,0
130223,1,1,2000,0,0,0,0,0,0,0,0,0,0
130223,2,1,2000,0,0,0,0,0,0,0,0,0,0
130224,1,1,2000,25,25,25,25,25,25,25,25,25,25
130225,1,1,2000,19,19,19,19,19,19,19,19,19,19
130226,1,1,2000,0,0,9,2,17,11,0,0,0,5
130226,2,1,2000,0,0,0,0,0,0,0,0,0,0
130227,1,1,2000,22,22,22,22,22,22,22,22,22,22
130228,1,1,2000,25,25,25,25,25,25,25,25,25,25
130229,1,1,2000,15,15,15,15,15,15,15,15,15,15
130230,1,1,2000,0,0,0,0,0,0,0,0,0,0
130231,1,1,2000,0,0,0,0,0,0,0,0,0,0
130231,2,1,2000,0,0,0,0,0,0,0,0,0,0
130231,3,1,2000,0,0,0,0,0,0,0,0,0,0
130232,1,1,2000,18,18,18,18,18,18,18,18,18,18
130233,1,1,2000,0,0,0,0,0,0,0,0,0,0
130233,2,1,2000,0,0,26,0,0,0,0,0,0,0
130234,1,1,2000,0,0,0,0,0,0,0,0,0,0
130234,2,1,2000,0,0,0,0,0,0,0,0,0,0
130235,1,1,2000,0,0,0,0,0,0,0,0,0,0
130235,2,1,2000,0,0,0,0,0,0,0,0,0,0
130236,1,1,2000,0,0,0,0,0,0,0,0,0,0
130237,1,1,2000,15,15,15,15,15,15,15,15,15,15
130237,2,1,2000,0,0,0,0,0,0,0,0,0,0
130238,1,1,2000,0,0,0,0,0,0,0,0,0,0
130238,2,1,2000,0,0,0,0,0,0,0,0,0,0
130239,1,1,2000,0,0,0,0,0,0,0,0,0,0
130240,0,1,2000,0,0,23,0,23,0,16,0,0,14
130240,1,1,2000,16,0,11,0,0,0,0,10,0,0
130241,1,1,2000,0,10,0,0,0,0,0,0,0,0
130241,2,1,2000,0,0,0,0,0,0,0,0,0,0
130242,1,1,2000,0,0,0,0,0,0,0,0,0,0
130242,2,1,2000,0,0,0,0,0,0,0,0,0,0
130243,0,1,2000,38,17,0,22,23,0,0,16,8,28
130243,1,1,2000,10,12,0,0,0,0,0,0,0,0
130244,1,1,2000,28,28,28,28,28,28,28,28,28,28
130244,2,1,2000,0,0,0,0,0,0,0,0,0,0
130245,1,1,2000,0,0,0,12,4,0,8,19,20,14
130246,1,1,2000,0,0,0,0,0,0,0,0,0,0
130246,2,1,2000,0,26,0,0,19,8,0,0,0,0
130247,1,1,2000,18,18,18,18,18,18,18,18,18,18
130248,1,1,2000,10,10,10,10,10,10,10,10,10,10
130248,2,1,2000,0,0,0,0,0,0,25,0,0,0
130249,1,1,2000,0,0,0,0,0,0,0,0,0,0
130250,0,1,2000,0,0,0,0,0,0,0,0,0,0
130250,1,1,2000,0,0,0,0,0,0,0,0,0,0
130251,1,1,2000,0,0,0,0,0,0,0,0,0,0
130252,0,1,2000,0,0,0,0,0,14,0,0,0,0
130252,1,1,2000,0,0,0,0,0,0,0,0,0,0
130252,2,1,2000,0,0,0,0,0,0,0,0,0,0
130253,1,1,2000,16,16,16,16,16,16,16,16,16,16
130254,1,1,2000,0,0,0,0,0,0,0,0,0,0
130254,2,1,2000,0,0,0,0,0,0,0,0,0,0
130255,1,1,2000,0,0,0,0,0,0,0,0,0,0
130255,2,1,2000,0,0,0,0,0,0,0,0,0,0
130256,1,1,2000,9,15,0,35,16,22,16,29,22,0
130257,1,1,2000,0,0,0,0,0,0,10,0,0,0
130257,2,1,2000,0,0,0,0,0,0,0,0,0,0
130258,1,1,2000,0,0,0,0,0,0,0,0,0,0
130259,0,1,2000,0,0,0,0,0,0,0,0,0,0
130259,1,1,2000,0,0,0,0,0,0,0,0,0,0
130260,0,1,2000,0,0,0,0,0,0,0,0,0,0
130260,1,1,2000,0,0,0,0,0,0,0,0,0,0
130261,1,1,2000,0,0,0,0,0,0,0,0,0,0
130261,2,1,2000,0,0,0,0,0,0,0,0,0,0
130262,1,1,2000,0,0,0,0,11,0,0,9,0,0
130263,1,1,2000,0,0,0,26,0,0,0,12,0,0
130263,2,1,2000,0,0,0,0,0,0,0,0,0,0
130264,1,1,2000,8,8,8,8,8,8,8,8,8,8
130265,1,1,2000,0,0,0,0,0,0,0,0,0,0
130265,2,1,2000,0,0,0,0,0,0,0,0,0,0
130266,1,1,2000,0,0,0,0,0,0,0,0,0,0
130267,1,1,2000,26,0,12,27,24,14,6,29,31,5
130268,1,1,2000,0,0,0,0,0,0,0,0,0,0
130268,2,1,2000,0,0,0,0,0,0,0,0,0,0
130269,1,1,2000,0,0,0,0,0,0,0,0,16,0
130269,2,1,2000,0,0,0,0,0,0,0,0,0,0
130269,3,1,2000,0,0,0,0,0,0,0,0,0,0
130270,1,1,2000,0,0,0,0,0,0,0,0,0,0
130270,2,1,2000,0,0,0,0,0,0,0,0,0,0
130270,3,1,2000,0,0,0,0,0,0,0,0,6,0
130271,1,1,2000,27,27,27,27,27,27,27,27,27,27
130272,1,1,2000,26,26,26,26,26,26,26,26,26,26
130273,1,1,2000,0,0,0,0,0,0,0,0,0,0
130273,2,1,2000,0,0,0,0,0,0,0,0,0,0
130274,0,1,2000,27,27,27,27,27,27,27,27,27,27
130274,1,1,2000,0,0,0,0,0,0,0,0,0,0
130275,1,1,2000,0,0,0,0,0,0,0,0,0,0
130276,1,1,2000,0,0,0,0,0,0,0,0,0,0
130276,2,1,2000,0,0,0,0,0,0,0,0,0,0
130276,3,1,2000,0,0,0,0,0,0,0,0,0,0
130277,1,1,2000,0,0,0,0,0,0,0,0,0,0
130277,2,1,2000,0,0,0,0,0,0,0,0,0,0
130277,3,1,2000,0,0,0,0,0,0,0,0,0,0
130278,1,1,2000,0,0,0,0,0,0,0,0,0,0
130278,2,1,2000,0,0,0,0,0,0,0,0,0,0
130279,1,1,2000,0,0,0,0,0,0,0,0,0,0
130279,2,1,2000,0,0,0,0,0,0,0,0,0,0
130280,1,1,2000,0,0,0,0,21,0,18,0,33,17
130281,1,1,2000,0,0,0,0,0,0,0,0,0,0
130281,2,1,2000,0,0,0,0,0,0,0,0,0,0
130282,1,1,2000,0,0,0,0,0,0,0,0,0,0
130283,1,1,2000,0,0,0,0,0,0,0,0,0,0
130283,2,1,2000,0,0,0,0,0,0,0,0,0,0
130283,3,1,2000,0,0,0,0,0,0,0,0,0,0
130284,1,1,2000,0,0,0,0,0,0,0,0,0,0
130284,2,1,2000,10,0,0,30,0,0,0,0,0,15
130285,1,1,2000,14,0,13,0,16,0,18,9,0,0
130286,1,1,2000,22,22,22,22,22,22,22,22,22,22
130287,1,1,2000,0,0,17,0,0,0,0,0,13,12
130288,1,1,2000,0,0,0,0,0,0,0,0,0,0
130289,1,1,2000,16,0,10,0,12,0,17,30,24,10
130290,1,1,2000,0,0,0,0,0,0,0,0,0,0
130290,2,1,2000,0,0,0,0,0,0,0,0,0,0
130291,1,1,2000,28,28,28,28,28,28,28,28,28,28
130292,1,1,2000,0,0,0,0,0,0,0,0,0,0