ST_CASE,VEH_NO,PER_NO,YEAR,P1,P2,P3,P4,P5,P6,P7,P8,P9,P10
130292,2,1,2000,0,0,0,0,0,0,0,0,0,0
130293,1,1,2000,22,22,22,22,22,22,22,22,22,22
130294,1,1,2000,0,0,0,0,0,0,0,0,0,0
130294,2,1,2000,0,0,0,0,0,0,0,0,0,0
130295,1,1,2000,0,0,0,0,0,0,0,16,0,0
130296,1,1,2000,30,30,30,30,30,30,30,30,30,30
130296,2,1,2000,0,0,0,0,0,0,0,0,0,0
130297,1,1,2000,0,0,0,0,0,0,0,0,0,0
130297,2,1,2000,23,0,0,0,0,0,0,0,9,0
130297,3,1,2000,0,0,0,0,0,0,0,0,0,0
130297,4,1,2000,0,0,0,0,0,0,0,0,0,0
130297,5,1,2000,0,0,0,0,0,0,0,0,0,0
130297,6,1,2000,0,0,0,0,0,0,0,0,0,0
130297,7,1,2000,0,0,0,0,0,0,0,0,0,0
130298,0,1,2000,0,0,0,0,0,0,0,0,0,0
130298,1,1,2000,0,0,0,0,0,0,0,0,0,0
130298,2,1,2000,0,0,0,0,0,0,0,0,0,0
130299,1,1,2000,0,0,0,0,0,0,0,0,0,0
130299,2,1,2000,0,0,0,0,0,0,0,0,0,0
130300,1,1,2000,14,0,0,0,0,0,16,0,0,0
130301,1,1,2000,0,0,0,0,0,0,0,0,0,0
130301,2,1,2000,0,0,0,0,0,0,0,0,0,0
130302,1,1,2000,0,0,0,0,0,0,0,0,0,0
130303,1,1,2000,0,0,0,0,0,0,0,0,0,0
130304,1,1,2000,0,0,0,0,0,0,0,0,0,0
130305,1,1,2000,0,0,0,0,0,0,0,0,0,0
130305,2,1,2000,0,0,0,0,0,0,0,0,0,0
130306,1,1,2000,4,4,4,4,4,4,4,4,4,4
130306,2,1,2000,0,0,0,0,0,0,0,0,0,0
130307,1,1,2000,0,0,0,0,0,0,0,0,0,0
130307,2,1,2000,0,0,0,0,0,0,0,0,0,0
130308,1,1,2000,0,0,0,0,0,0,0,0,0,0
130308,2,1,2000,0,0,0,0,0,0,0,0,0,0
130309,1,1,2000,4,4,4,4,4,4,4,4,4,4
130309,2,1,2000,0,0,0,0,0,0,0,0,0,0
130310,1,1,2000,0,0,0,0,0,0,0,0,0,0
130310,2,1,2000,0,0,0,0,0,0,0,0,0,0
130310,3,1,2000,0,0,0,0,0,0,0,0,0,0
130310,4,1,2000,0,0,0,0,0,0,0,0,0,0
130311,1,1,2000,22,22,22,22,22,22,22,22,22,22
130312,1,1,2000,16,16,16,16,16,16,16,16,16,16
130313,1,1,2000,0,0,0,0,0,0,0,0,6,0
130314,1,1,2000,0,0,0,0,0,0,0,0,0,0
130314,2,1,2000,0,0,0,0,0,0,0,0,0,0
130315,1,1,2000,0,0,0,0,0,0,0,0,0,0
130315,2,1,2000,0,0,0,0,0,9,0,0,0,0
130316,1,1,2000,32,32,32,32,32,32,32,32,32,32
130316,2,1,2000,0,0,0,0,0,0,0,0,0,0
130317,1,1,2000,14,0,0,0,17,6,0,0,0,10
130317,2,1,2000,0,0,0,0,0,0,0,0,0,0
130317,3,1,2000,0,0,0,0,0,0,0,0,0,13
130318,1,1,2000,17,17,17,17,17,17,17,17,17,17
130319,1,1,2000,4,4,4,4,4,4,4,4,4,4
130320,1,1,2000,0,0,0,0,0,0,0,0,0,0
130321,1,1,2000,0,0,0,0,0,0,0,0,0,0
130322,1,1,2000,13,13,13,13,13,13,13,13,13,13
130323,1,1,2000,0,0,0,0,0,0,0,0,0,0
130323,2,1,2000,0,0,0,0,0,0,0,0,0,0
130324,0,1,2000,0,0,0,0,0,0,0,0,0,0
130324,0,2,2000,0,0,0,0,0,0,0,0,0,0
130324,1,1,2000,0,0,0,0,0,0,0,0,0,0
130325,1,1,2000,0,0,0,0,0,0,0,0,0,0
130325,2,1,2000,0,0,0,0,0,0,0,0,0,0
130326,1,1,2000,0,0,0,0,0,0,0,0,0,0
130327,0,1,2000,27,27,27,27,27,27,27,27,27,27
130327,1,1,2000,0,0,11,0,0,3,17,15,0,0
130328,0,1,2000,0,0,0,0,0,0,0,0,18,0
130328,1,1,2000,0,0,0,0,0,0,0,0,0,0
130329,0,1,2000,13,13,13,13,13,13,13,13,13,13
130329,1,1,2000,0,0,0,0,0,0,0,0,0,0
130330,0,1,2000,0,0,0,0,0,0,0,0,0,0
130330,1,1,2000,0,0,0,0,0,0,0,0,0,0
130331,2,1,2000,16,17,16,10,14,9,2,23,7,9
130332,1,1,2000,0,0,0,0,0,0,0,0,0,0
130332,2,1,2000,0,0,0,0,0,0,0,0,0,0
130333,1,1,2000,0,0,0,0,0,0,0,21,14,0
130333,2,1,2000,0,0,0,0,0,0,0,0,0,0
130334,0,1,2000,0,0,0,0,0,0,0,0,0,0
130334,1,1,2000,15,15,15,15,15,15,15,15,15,15
130335,0,1,2000,3,3,3,3,3,3,3,3,3,3
130335,1,1,2000,0,0,0,0,0,0,0,0,0,0
130336,0,1,2000,0,0,0,0,0,0,0,0,0,0
130336,1,1,2000,0,0,0,0,0,0,0,0,0,0
130337,1,1,2000,0,0,0,0,0,0,0,0,0,0
130337,2,1,2000,0,0,0,0,0,0,0,0,0,0
130338,1,1,2000,0,0,0,0,5,0,0,0,0,0
130338,2,1,2000,0,0,0,0,0,0,0,0,0,0
130338,3,1,2000,0,0,0,0,0,0,0,0,0,0
130339,1,1,2000,0,0,0,0,18,0,0,11,0,0
130339,2,1,2000,0,0,0,0,0,0,0,0,0,0
130340,1,1,2000,0,0,0,0,0,0,0,0,0,0
130340,2,1,2000,0,0,0,0,0,0,0,0,0,0
130341,1,1,2000,10,0,0,0,0,0,0,11,0,0
130341,2,1,2000,0,0,0,0,0,0,0,0,0,0
130342,1,1,2000,0,0,0,0,0,0,0,0,0,0
130343,1,1,2000,3,3,3,3,3,3,3,3,3,3
130344,1,1,2000,0,0,0,0,0,0,0,0,0,0
130344,2,1,2000,0,0,0,0,0,0,0,0,0,0
130344,3,1,2000,0,0,0,0,0,0,0,0,0,0
130344,4,1,2000,7,0,0,0,0,0,0,0,0,0
130344,5,1,2000,0,0,0,0,0,0,0,0,0,0
130344,6,1,2000,0,0,0,0,0,0,0,0,0,0
130345,1,1,2000,0,0,0,0,0,0,0,0,0,6
130345,2,1,2000,0,0,0,0,0,0,0,0,0,0
130346,1,1,2000,14,14,14,14,14,14,14,14,14,14
130346,2,1,2000,0,0,26,0,0,0,0,0,0,14
130347,1,1,2000,0,0,0,0,0,0,0,0,0,0
130347,2,1,2000,0,0,0,0,0,0,0,0,0,0
130347,3,1,2000,0,0,0,0,0,0,0,0,0,0
130348,1,1,2000,15,10,9,16,0,15,7,15,12,4
130348,2,1,2000,0,0,0,0,0,0,0,0,0,0
130349,1,1,2000,14,14,14,14,14,14,14,14,14,14
130350,0,1,2000,27,27,27,27,27,27,27,27,27,27
130350,1,1,2000,0,0,0,0,0,0,0,0,0,0
130351,1,1,2000,9,0,0,3,7,8,5,17,7,18
130352,1,1,2000,0,0,0,0,0,0,0,0,0,0
130352,2,1,2000,0,0,0,0,0,0,0,0,0,0
130353,0,1,2000,0,0,0,0,0,0,0,0,0,0
130353,1,1,2000,0,0,0,0,0,0,0,0,0,0
130354,1,1,2000,0,0,0,0,0,0,0,0,0,0
130354,2,1,2000,0,0,0,0,0,0,0,0,0,0
130355,0,1,2000,26,26,26,26,26,26,26,26,26,26
130355,1,1,2000,0,0,0,0,0,0,0,0,0,0
130356,1,1,2000,29,29,29,29,29,29,29,29,29,29
130357,1,1,2000,0,0,0,0,0,0,0,0,0,0
130357,2,1,2000,0,0,0,0,0,0,0,0,0,0
130358,1,1,2000,0,0,0,0,0,0,0,0,0,0
130358,2,1,2000,0,0,0,0,0,0,0,0,0,0
130358,3,1,2000,0,0,0,0,0,0,0,0,0,0
130359,1,1,2000,0,0,0,0,0,0,0,0,0,0
130359,2,1,2000,0,0,0,0,0,0,0,0,0,0
130360,0,1,2000,0,0,0,0,0,0,0,0,0,0
130360,1,1,2000,0,0,0,0,0,0,0,0,0,0
130361,1,1,2000,0,0,0,0,0,0,0,0,0,0
130361,2,1,2000,0,14,0,0,9,0,0,0,0,0
130361,3,1,2000,0,0,0,0,0,0,0,0,0,0
130361,4,1,2000,0,0,0,0,0,0,0,0,0,0
130362,0,1,2000,0,26,0,0,0,0,17,0,0,0
130362,1,1,2000,0,0,0,0,0,0,0,0,0,0
130363,1,1,2000,13,16,6,17,20,5,5,10,16,17
130364,1,1,2000,19,19,19,19,19,19,19,19,19,19
130365,1,1,2000,0,0,0,0,0,0,0,0,0,0
130365,2,1,2000,0,0,0,0,0,0,0,0,0,0
130366,1,1,2000,0,0,0,0,0,0,0,0,0,0
130367,1,1,2000,0,0,0,0,0,0,0,0,0,0
130367,2,1,2000,0,0,0,0,23,0,0,0,0,0
130367,3,1,2000,0,0,0,0,0,0,0,0,0,0
130368,1,1,2000,13,13,13,13,13,13,13,13,13,13
130369,0,1,2000,0,0,0,0,0,0,0,0,0,0
130369,1,1,2000,0,0,0,0,0,0,0,0,0,0
130370,1,1,2000,0,0,0,0,0,0,0,0,15,0
130370,2,1,2000,0,0,0,0,0,0,0,0,0,0
130371,1,1,2000,0,0,0,0,0,0,0,0,0,0
130372,1,1,2000,0,0,0,0,0,0,0,0,0,0
130373,1,1,2000,27,0,16,22,27,19,22,0,0,16
130374,1,1,2000,0,0,0,0,0,0,0,0,0,0
130374,2,1,2000,0,0,0,0,0,0,0,0,0,0
130375,1,1,2000,4,4,4,4,4,4,4,4,4,4
130375,2,1,2000,0,0,0,0,0,0,0,0,0,0
130376,1,1,2000,0,0,0,0,0,0,0,0,0,0
130376,2,1,2000,0,0,0,0,0,0,0,0,0,0
130377,1,1,2000,15,15,15,15,15,15,15,15,15,15
130378,1,1,2000,20,20,20,20,20,20,20,20,20,20
130379,1,1,2000,0,0,0,0,0,0,0,0,0,0
130379,2,1,2000,0,0,0,0,0,0,0,0,0,0
130380,1,1,2000,32,32,32,32,32,32,32,32,32,32
130380,2,1,2000,0,0,0,0,0,0,0,0,0,0
130381,0,1,2000,42,42,42,42,42,42,42,42,42,42
130381,1,1,2000,17,17,17,17,17,17,17,17,17,17
130382,1,1,2000,0,0,0,0,0,0,0,0,0,0
130382,2,1,2000,0,0,0,0,0,0,0,0,0,0
130383,0,1,2000,0,0,0,0,0,0,0,0,0,0
130383,1,1,2000,0,0,0,0,0,0,0,0,0,0
130384,1,1,2000,28,9,0,17,14,11,0,11,13,23
130384,2,1,2000,0,0,0,0,0,0,0,0,0,0
130385,1,1,2000,0,0,0,7,0,0,0,10,0,0
130385,2,1,2000,0,0,0,0,0,0,0,0,0,0
130386,1,1,2000,15,15,15,15,15,15,15,15,15,15
130387,1,1,2000,3,3,3,3,3,3,3,3,3,3
130388,1,1,2000,0,0,0,0,0,0,0,0,0,0
130389,1,1,2000,0,0,0,0,0,0,0,0,0,0
130390,1,1,2000,2,2,2,2,2,2,2,2,2,2
130391,1,1,2000,0,0,0,0,0,0,0,0,0,0
130391,2,1,2000,0,0,0,0,0,0,0,0,0,0
130392,1,1,2000,0,0,0,0,0,0,0,0,0,0
130393,1,1,2000,23,23,23,23,23,23,23,23,23,23
130393,2,1,2000,0,0,0,0,0,0,0,0,0,0
130393,3,1,2000,28,21,0,23,21,0,0,0,7,34
130394,1,1,2000,11,11,11,11,11,11,11,11,11,11
130395,1,1,2000,15,15,15,15,15,15,15,15,15,15
130396,1,1,2000,15,15,15,15,15,15,15,15,15,15
130397,1,1,2000,16,16,16,16,16,16,16,16,16,16
130397,2,1,2000,0,0,0,0,0,0,0,0,0,0
130398,1,1,2000,0,0,0,0,0,0,0,0,0,0
130398,2,1,2000,0,0,0,0,0,0,0,0,0,0
130399,1,1,2000,3,3,3,3,3,3,3,3,3,3
130400,0,1,2000,0,0,0,0,0,0,0,0,0,0
130400,1,1,2000,0,0,0,0,0,0,0,0,0,0
130401,1,1,2000,9,0,0,9,0,18,0,13,0,10
130401,2,1,2000,0,0,0,0,0,0,0,0,0,0
130402,1,1,2000,0,0,0,0,0,0,0,0,0,0
130403,1,1,2000,23,23,23,23,23,23,23,23,23,23
130404,1,1,2000,0,0,0,0,0,0,0,0,0,0
130404,2,1,2000,0,0,0,0,0,0,0,0,0,0
130405,1,1,2000,0,0,0,0,0,0,0,0,0,0
130405,2,1,2000,0,0,0,0,0,0,0,4,0,0
130405,3,1,2000,0,0,0,4,0,0,0,3,14,0
130406,1,1,2000,0,0,0,0,0,0,0,0,0,0
130406,2,1,2000,0,0,0,0,9,0,0,0,0,0
130407,1,1,2000,0,0,19,38,0,0,21,16,8,6
130408,1,1,2000,0,0,0,0,21,13,0,11,0,0
130409,1,1,2000,0,0,0,0,0,0,0,0,0,0
130409,2,1,2000,0,0,0,0,0,0,0,0,0,0
130410,1,1,2000,0,0,0,0,0,0,0,0,0,0
130410,2,1,2000,0,0,0,0,0,0,0,0,0,0
130411,1,1,2000,0,0,0,0,0,0,0,0,0,0
130411,2,1,2000,0,0,0,0,0,0,0,0,0,0
130411,3,1,2000,0,0,0,0,0,0,0,0,0,0
130411,4,1,2000,0,0,0,0,0,0,0,0,0,0
130412,1,1,2000,0,0,0,0,0,0,0,0,0,0
130412,2,1,2000,0,0,0,0,0,0,0,0,0,0
130412,3,1,2000,11,11,11,11,11,11,11,11,11,11
130412,4,1,2000,0,0,0,0,0,0,0,0,0,0
130413,1,1,2000,0,0,0,0,0,0,0,0,0,0
130413,2,1,2000,0,0,0,0,0,0,0,0,0,0
130414,0,1,2000,20,20,20,20,20,20,20,20,20,20
130414,1,1,2000,2,2,2,2,2,2,2,2,2,2
130415,1,1,2000,6,6,6,6,6,6,6,6,6,6
130416,1,1,2000,0,0,0,0,0,0,0,0,0,0
130416,2,1,2000,0,0,0,0,0,0,0,0,0,0
130417,1,1,2000,0,0,0,0,0,0,0,0,0,0
130417,2,1,2000,0,0,0,0,0,0,0,0,0,0
130418,1,1,2000,18,18,18,18,18,18,18,18,18,18
130419,1,1,2000,0,0,0,0,0,0,0,0,0,0
130420,1,1,2000,5,0,0,0,0,0,0,0,0,0
130420,2,1,2000,0,0,0,0,0,0,0,0,0,0
130421,0,1,2000,33,25,0,0,20,41,0,0,29,15
130421,1,1,2000,0,0,0,0,0,18,0,0,0,0
130421,2,1,2000,0,0,0,0,0,12,0,0,0,12
130422,1,1,2000,0,0,0,0,0,0,0,0,0,0
130422,2,1,2000,0,0,0,0,0,0,0,0,0,0
130423,0,1,2000,4,4,4,4,4,4,4,4,4,4
130423,1,1,2000,0,23,0,6,0,0,0,0,0,8
130424,1,1,2000,0,0,0,0,6,4,0,0,0,0
130425,1,1,2000,9,9,9,9,9,9,9,9,9,9
130426,1,1,2000,0,0,0,0,0,0,0,0,0,0
130426,2,1,2000,0,0,0,0,0,0,0,0,0,0
130427,1,1,2000,0,0,0,0,0,0,0,0,0,0
130428,1,1,2000,0,0,0,0,0,0,0,0,0,0
130428,2,1,2000,0,0,0,0,0,0,0,0,0,0
130429,1,1,2000,0,12,0,0,0,0,0,0,0,0
130429,2,1,2000,18,27,14,19,7,0,0,0,0,10
130430,1,1,2000,0,0,0,0,0,0,0,0,0,0
130431,1,1,2000,0,0,0,18,0,0,0,0,0,0
130431,2,1,2000,0,0,0,0,0,0,0,0,0,0
130432,1,1,2000,0,0,0,0,0,0,0,0,0,0
130432,2,1,2000,0,0,0,0,0,0,0,0,0,9
130433,1,1,2000,34,16,32,40,22,21,28,32,21,31
130434,1,1,2000,0,0,0,0,0,0,0,0,0,0
130435,1,1,2000,0,0,0,0,0,20,0,0,0,0
130436,1,1,2000,20,20,20,20,20,20,20,20,20,20
130437,1,1,2000,0,0,0,0,0,0,0,0,0,0
130437,2,1,2000,0,0,0,0,0,0,0,0,12,0
130437,3,1,2000,0,0,0,0,0,0,10,0,0,0
130438,1,1,2000,0,0,0,0,0,0,0,0,0,0
130439,1,1,2000,0,0,0,0,0,0,0,0,0,0
130439,2,1,2000,0,0,0,0,0,0,0,0,0,0
130440,1,1,2000,6,6,6,6,6,6,6,6,6,6
130441,1,1,2000,0,0,0,0,0,0,0,0,0,0
130441,2,1,2000,0,0,0,0,0,0,0,0,0,0
130442,1,1,2000,0,0,0,0,0,0,0,0,0,0
130442,2,1,2000,0,0,0,0,0,0,0,0,0,0
130443,1,1,2000,0,0,0,0,0,0,0,0,0,0
130444,0,1,2000,0,0,0,0,0,0,0,0,0,0
130444,1,1,2000,0,0,0,0,0,0,0,0,0,0
130445,1,1,2000,47,47,47,47,47,47,47,47,47,47
130446,1,1,2000,0,0,0,0,0,0,0,0,0,0
130447,1,1,2000,0,0,0,0,0,0,0,0,0,0
130447,2,1,2000,0,0,0,0,0,0,0,0,0,0
130448,1,1,2000,0,0,0,0,0,0,0,0,0,0
130449,1,1,2000,0,0,0,0,0,0,0,0,0,0
130449,2,1,2000,0,0,0,0,0,0,0,0,0,0
130449,3,1,2000,0,0,0,0,0,0,0,0,0,0
130450,1,1,2000,0,0,0,0,0,0,0,0,0,0
130450,2,1,2000,0,0,0,0,0,0,0,0,0,0
130451,1,1,2000,2,2,2,2,2,2,2,2,2,2
130452,1,1,2000,14,14,14,14,14,14,14,14,14,14
130453,1,1,2000,0,0,0,20,0,0,0,0,0,0
130454,0,1,2000,0,23,0,11,18,20,26,0,0,0
130454,1,1,2000,0,0,0,0,0,0,0,0,0,0
130455,1,1,2000,7,7,7,7,7,7,7,7,7,7
130456,1,1,2000,0,0,0,0,0,0,0,0,0,0
130457,1,1,2000,0,0,0,0,0,0,0,0,0,0
130457,2,1,2000,0,0,0,0,0,0,0,0,0,0
130458,1,1,2000,36,36,36,36,36,36,36,36,36,36
130459,1,1,2000,32,0,0,0,0,34,0,0,23,0
130460,1,1,2000,0,0,0,0,21,0,22,17,16,0
130461,1,1,2000,28,28,28,28,28,28,28,28,28,28
130461,2,1,2000,0,0,0,0,0,0,0,0,0,0
130462,1,1,2000,0,0,0,0,0,12,0,9,0,0
130462,2,1,2000,0,0,0,6,0,0,0,0,0,0
130463,0,1,2000,0,0,0,0,0,0,0,0,0,0
130463,1,1,2000,0,0,0,0,0,0,0,0,0,0
130464,1,1,2000,0,0,0,0,0,0,0,0,0,0
130464,2,1,2000,0,0,0,0,0,0,0,0,0,0
130465,1,1,2000,19,12,0,16,32,0,35,15,21,14
130466,1,1,2000,0,0,0,0,0,0,0,0,0,0
130467,1,1,2000,0,0,0,0,0,0,0,0,0,0
130467,2,1,2000,0,0,0,0,0,0,0,0,0,0
130469,1,1,2000,0,0,11,0,0,0,0,0,0,0
130470,1,1,2000,0,0,0,0,0,0,0,0,0,0
130470,2,1,2000,0,0,0,0,0,0,0,0,0,0
130471,1,1,2000,0,0,5,0,0,7,0,0,17,0
130471,2,1,2000,0,0,0,0,0,0,0,0,0,0
130471,3,1,2000,0,0,0,0,0,0,0,0,0,0
130472,0,1,2000,0,0,0,0,0,0,0,0,0,0
130472,1,1,2000,0,0,0,0,0,0,0,0,0,0
130473,1,1,2000,0,0,0,0,0,0,0,0,0,0
130473,2,1,2000,0,0,0,0,0,0,0,0,0,0
130474,1,1,2000,0,0,0,0,0,0,0,0,0,10
130474,2,1,2000,0,0,0,0,0,0,0,0,0,0
130475,1,1,2000,23,16,24,32,20,19,38,0,26,14
130476,1,1,2000,14,14,14,14,14,14,14,14,14,14
130477,1,1,2000,19,5,32,30,26,12,41,39,29,14
130478,1,1,2000,16,16,16,16,16,16,16,16,16,16
130479,1,1,2000,0,0,0,0,0,0,0,0,0,0
130480,1,1,2000,0,0,0,0,0,0,0,0,0,0
130481,1,1,2000,0,0,0,0,0,0,0,0,0,0
130481,2,1,2000,0,0,0,0,0,0,0,0,0,0
130482,1,1,2000,0,0,0,0,0,0,0,0,0,0
130482,2,1,2000,0,0,0,0,0,0,0,0,0,0
130483,1,1,2000,0,0,0,0,0,0,0,0,0,0
130483,2,1,2000,0,0,0,0,0,0,0,0,0,0
130484,1,1,2000,0,0,0,0,0,0,0,0,0,0
130485,0,1,2000,20,20,20,20,20,20,20,20,20,20
130485,1,1,2000,0,0,0,0,0,0,0,0,0,0
130486,1,1,2000,0,0,0,0,0,0,0,0,0,0
130486,2,1,2000,0,0,0,0,0,0,0,0,0,0
130487,0,1,2000,0,0,0,0,0,0,0,0,0,0
130487,1,1,2000,0,0,0,0,0,0,0,0,0,0
130488,1,1,2000,0,0,0,0,0,0,0,0,0,0
130489,1,1,2000,0,0,0,0,0,0,0,0,0,0
130490,1,1,2000,38,38,38,38,38,38,38,38,38,38
130491,0,1,2000,0,0,0,0,0,0,0,0,0,0
130491,1,1,2000,0,0,0,0,0,0,0,0,0,0
130492,1,1,2000,0,0,24,0,0,0,0,0,0,0
130493,1,1,2000,0,0,0,0,0,0,0,0,0,0
130493,2,1,2000,0,0,0,0,0,0,0,0,0,0
130494,1,1,2000,0,0,0,0,0,0,0,0,0,0
130495,1,1,2000,0,0,0,0,0,0,0,0,0,0
130495,2,1,2000,0,0,0,0,0,0,0,0,0,0
130496,1,1,2000,0,0,0,0,0,0,0,0,0,0
130497,1,1,2000,0,0,0,0,0,0,0,0,0,0
130497,2,1,2000,0,0,0,0,0,0,0,0,0,0
130498,1,1,2000,0,0,0,0,0,0,0,0,0,0
130499,1,1,2000,0,0,0,0,0,0,0,0,0,0
130500,1,1,2000,0,0,0,0,0,0,0,0,0,0
130501,1,1,2000,0,0,0,0,0,0,0,0,0,0
130501,2,1,2000,0,0,0,0,0,0,0,0,0,0
130502,1,1,2000,0,0,0,0,0,0,0,0,0,0
130503,1,1,2000,8,8,8,8,8,8,8,8,8,8
130503,2,1,2000,2,2,2,2,2,2,2,2,2,2
130504,1,1,2000,13,13,13,13,13,13,13,13,13,13
130505,1,1,2000,24,24,24,24,24,24,24,24,24,24
130506,0,1,2000,0,0,0,0,0,0,0,0,0,0
130506,1,1,2000,0,0,0,0,0,0,0,0,0,0
130507,1,1,2000,27,27,27,27,27,27,27,27,27,27
130508,1,1,2000,11,14,24,10,13,0,0,0,12,13
130509,1,1,2000,5,5,5,5,5,5,5,5,5,5
130510,1,1,2000,14,14,14,14,14,14,14,14,14,14
130510,2,1,2000,0,0,0,0,0,0,0,0,0,0
130511,1,1,2000,11,11,11,11,11,11,11,11,11,11
130512,1,1,2000,0,0,0,0,0,0,0,0,0,0
130513,1,1,2000,0,0,0,0,0,0,0,0,0,0
130513,2,1,2000,0,0,0,0,0,0,0,0,0,0
130514,1,1,2000,0,0,0,0,0,0,0,0,0,0
130514,2,1,2000,0,0,0,0,0,0,0,0,0,0
130515,1,1,2000,8,8,8,8,8,8,8,8,8,8
130515,2,1,2000,0,0,0,0,0,0,0,0,0,0
130516,1,1,2000,19,19,19,19,19,19,19,19,19,19
130517,0,1,2000,0,0,0,0,0,0,0,0,0,0
130517,1,1,2000,0,0,0,0,0,0,0,0,0,0
130518,1,1,2000,34,6,26,26,17,22,40,15,17,0
130519,1,1,2000,19,19,19,19,19,19,19,19,19,19
130520,1,1,2000,17,17,17,17,17,17,17,17,17,17
130521,1,1,2000,1,1,1,1,1,1,1,1,1,1
130522,1,1,2000,0,20,0,0,0,0,0,14,26,25
130523,1,1,2000,20,0,0,0,0,13,0,0,0,0
130524,1,1,2000,0,0,0,0,0,0,0,0,0,0
130525,1,1,2000,0,0,0,0,0,0,0,17,0,0
130526,1,1,2000,0,0,0,0,0,0,0,0,0,0
130527,1,1,2000,4,4,4,4,4,4,4,4,4,4
130528,1,1,2000,1,1,1,1,1,1,1,1,1,1
130528,2,1,2000,0,0,0,0,0,0,0,0,0,0
130529,1,1,2000,41,41,41,41,41,41,41,41,41,41
130530,1,1,2000,18,18,18,18,18,18,18,18,18,18
130531,1,1,2000,0,0,0,0,0,0,0,0,0,0
130532,1,1,2000,0,0,0,0,0,0,0,0,0,0
130533,1,1,2000,22,22,22,22,22,22,22,22,22,22
130533,2,1,2000,0,0,0,0,0,0,0,0,0,0
130533,3,1,2000,0,0,0,0,0,0,0,0,0,0
130534,1,1,2000,0,0,0,0,0,0,0,0,0,0
130534,2,1,2000,0,0,0,0,0,0,0,0,0,0
130535,1,1,2000,0,0,0,0,0,0,0,0,0,0
130535,2,1,2000,0,0,0,0,0,0,0,0,0,0
130536,1,1,2000,0,0,0,0,0,0,0,0,0,0
130536,2,1,2000,0,0,0,0,0,0,0,0,0,0
130536,3,1,2000,0,0,0,0,0,0,0,0,0,0
130537,1,1,2000,0,0,0,0,0,0,0,0,0,0
130537,2,1,2000,0,0,0,0,0,0,0,0,0,0
130537,3,1,2000,0,0,0,0,0,0,0,0,0,0
130538,1,1,2000,0,0,0,0,0,0,0,0,0,0
130538,2,1,2000,0,0,0,0,0,0,0,0,0,0
130539,1,1,2000,0,0,0,0,0,0,0,0,17,0
130539,2,1,2000,0,0,0,0,0,0,0,0,0,0
130539,3,1,2000,0,6,0,0,0,0,0,0,0,0
130540,1,1,2000,0,0,0,0,0,0,0,0,0,0
130540,2,1,2000,0,0,0,0,0,0,0,0,0,0
130541,1,1,2000,21,21,21,21,21,21,21,21,21,21
130542,1,1,2000,6,6,6,6,6,6,6,6,6,6
130543,1,1,2000,12,12,12,12,12,12,12,12,12,12
130543,2,1,2000,0,0,0,0,0,0,0,0,0,0
130544,1,1,2000,0,0,0,0,0,0,0,0,0,0
130544,2,1,2000,0,0,0,0,0,0,0,0,0,0
130545,1,1,2000,0,0,0,0,0,0,0,0,0,0
130545,2,1,2000,0,0,0,0,0,0,0,0,0,0
130545,3,1,2000,0,0,0,0,0,0,0,0,0,0
130546,1,1,2000,0,12,0,16,27,0,0,0,21,0
130547,1,1,2000,11,11,11,11,11,11,11,11,11,11
130548,1,1,2000,0,0,0,0,0,0,0,0,0,0
130548,2,1,2000,0,0,0,0,0,0,0,0,0,0
130548,3,1,2000,0,0,0,0,0,0,0,0,0,0
130549,1,1,2000,6,6,6,6,6,6,6,6,6,6
130550,1,1,2000,5,5,5,5,5,5,5,5,5,5
130550,2,1,2000,0,0,0,0,0,0,0,0,0,0
130551,1,1,2000,0,0,0,0,0,0,0,0,0,0
130552,1,1,2000,0,0,0,0,0,0,0,0,0,0
130552,2,1,2000,0,0,0,0,0,0,0,0,0,0
130552,3,1,2000,0,0,0,0,0,0,0,0,0,0
130553,1,1,2000,0,0,0,0,0,0,0,0,0,0
130553,2,1,2000,0,0,0,0,0,0,0,0,0,0
130554,1,1,2000,0,3,0,7,0,0,0,0,24,11
130554,2,1,2000,0,0,0,0,0,0,0,0,0,0
130555,1,1,2000,0,0,0,0,0,0,0,0,0,0
130556,1,1,2000,0,0,0,0,0,0,0,0,0,0
130556,2,1,2000,0,0,0,0,0,0,0,0,0,0
130557,1,1,2000,26,26,26,26,26,26,26,26,26,26
130558,1,1,2000,25,25,25,25,25,25,25,25,25,25
130559,1,1,2000,0,11,0,12,0,0,0,7,0,10
130560,1,1,2000,0,0,0,0,0,0,0,0,0,0
130560,2,1,2000,0,0,0,0,0,0,0,0,0,0
130561,1,1,2000,0,0,0,0,0,0,0,0,0,0
130562,1,1,2000,0,0,0,0,0,0,0,0,0,0
130562,2,1,2000,0,0,0,0,0,0,0,0,0,0
130563,1,1,2000,0,0,0,0,0,0,0,0,0,0
130563,2,1,2000,0,0,0,0,0,0,0,0,0,0
130564,1,1,2000,16,16,16,16,16,16,16,16,16,16
130564,2,1,2000,0,0,0,0,0,0,0,0,0,0
130565,0,1,2000,38,0,38,27,15,21,23,28,12,0
130565,1,1,2000,0,0,0,0,0,0,0,0,0,0
130566,1,1,2000,32,32,32,32,32,32,32,32,32,32
130566,2,1,2000,0,0,0,0,0,0,0,0,0,0
130567,1,1,2000,0,0,0,0,0,21,14,0,0,0
130568,1,1,2000,23,23,23,23,23,23,23,23,23,23
130569,0,1,2000,0,0,0,0,0,0,0,0,0,0
130569,1,1,2000,0,0,0,0,0,0,0,0,0,0