ST_CASE,VEH_NO,PER_NO,YEAR,P1,P2,P3,P4,P5,P6,P7,P8,P9,P10
130570,1,1,2000,0,0,0,0,0,0,0,0,0,0
130571,1,1,2000,0,0,0,0,0,0,0,0,0,0
130571,2,1,2000,0,0,0,0,0,0,0,0,0,0
130572,1,1,2000,0,0,0,0,0,0,0,0,0,0
130572,2,1,2000,0,0,0,0,0,0,0,0,0,0
130573,1,1,2000,0,0,0,0,0,0,0,0,0,0
130573,2,1,2000,0,0,0,0,0,0,0,0,0,0
130574,1,1,2000,0,12,9,13,9,20,13,14,5,6
130575,1,1,2000,0,0,0,0,0,0,0,0,0,0
130576,1,1,2000,12,12,12,12,12,12,12,12,12,12
130576,2,1,2000,29,29,29,29,29,29,29,29,29,29
130577,0,1,2000,24,24,24,24,24,24,24,24,24,24
130577,1,1,2000,0,0,0,0,0,0,25,9,0,0
130577,2,1,2000,11,11,11,11,11,11,11,11,11,11
130577,3,1,2000,8,8,8,8,8,8,8,8,8,8
130577,4,1,2000,0,0,0,0,15,2,0,0,0,0
130577,5,1,2000,0,0,0,0,0,0,0,0,0,0
130578,1,1,2000,0,0,0,0,0,0,0,0,0,0
130578,2,1,2000,0,0,0,0,0,0,0,0,0,0
130579,1,1,2000,29,0,0,0,7,0,0,14,0,0
130580,1,1,2000,0,0,0,9,0,0,0,0,0,0
130581,1,1,2000,0,0,0,0,0,0,0,0,0,0
130582,1,1,2000,3,3,3,3,3,3,3,3,3,3
130583,1,1,2000,0,0,0,0,0,0,0,0,0,0
130583,2,1,2000,0,0,0,0,0,0,0,0,0,0
130584,1,1,2000,20,5,18,0,11,14,9,28,19,26
130585,1,1,2000,0,0,0,0,0,0,0,0,0,0
130586,1,1,2000,0,0,0,0,0,0,0,0,0,0
130587,1,1,2000,17,17,17,17,17,17,17,17,17,17
130588,1,1,2000,0,0,0,0,0,0,0,0,0,0
130588,2,1,2000,0,0,0,0,0,0,0,0,0,0
130589,1,1,2000,0,0,0,0,0,0,0,0,0,0
130589,2,1,2000,0,0,0,0,0,0,0,0,0,0
130590,1,1,2000,16,16,13,6,9,24,13,29,10,12
130591,1,1,2000,0,0,0,0,0,0,0,0,0,0
130592,1,1,2000,0,0,0,0,0,0,0,0,0,0
130592,2,1,2000,0,0,0,0,0,0,0,0,0,0
130593,1,1,2000,0,0,0,0,0,0,0,0,0,0
130593,2,1,2000,0,0,0,0,0,0,0,0,0,0
130594,1,1,2000,0,0,0,0,0,0,0,0,0,0
130595,0,1,2000,0,0,0,0,0,0,0,0,0,0
130595,1,1,2000,0,0,0,0,0,0,0,0,0,0
130596,1,1,2000,2,2,2,2,2,2,2,2,2,2
130597,1,1,2000,3,3,3,3,3,3,3,3,3,3
130598,1,1,2000,0,0,28,0,7,20,15,21,22,0
130599,1,1,2000,0,0,0,0,0,0,0,0,0,0
130600,1,1,2000,0,0,0,0,0,0,0,0,0,0
130601,1,1,2000,0,0,0,0,0,0,0,0,0,0
130601,2,1,2000,0,0,0,0,0,0,0,0,0,0
130602,1,1,2000,0,0,0,0,0,0,0,0,0,0
130603,1,1,2000,5,5,5,5,5,5,5,5,5,5
130604,1,1,2000,0,0,0,0,0,0,0,0,0,0
130604,2,1,2000,0,0,0,0,0,0,0,0,0,0
130604,3,1,2000,0,0,0,0,0,0,0,0,0,0
130605,1,1,2000,0,0,0,0,0,0,0,0,0,0
130605,2,1,2000,0,0,0,0,0,0,0,0,0,0
130606,1,1,2000,0,0,0,0,0,0,0,0,0,0
130606,2,1,2000,0,0,0,0,14,0,0,0,0,0
130607,1,1,2000,0,0,0,0,0,0,0,0,0,0
130607,2,1,2000,0,0,0,0,0,0,0,0,0,0
130608,1,1,2000,0,0,0,0,0,0,0,0,0,0
130608,2,1,2000,0,0,0,0,0,0,0,0,0,0
130609,1,1,2000,10,25,22,23,26,19,27,21,0,20
130610,1,1,2000,0,0,0,0,0,0,0,9,0,0
130610,2,1,2000,0,0,0,0,0,0,0,0,0,0
130611,1,1,2000,0,0,0,0,0,0,0,0,0,0
130611,2,1,2000,0,0,0,0,0,0,0,0,0,0
130611,3,1,2000,0,0,0,0,0,0,0,0,0,0
130612,1,2,2000,6,14,18,0,22,7,36,13,11,0
130613,1,1,2000,0,0,0,0,0,0,0,0,0,0
130614,1,1,2000,11,11,11,11,11,11,11,11,11,11
130614,2,1,2000,0,0,0,0,0,0,0,0,0,0
130615,1,1,2000,14,14,14,14,14,14,14,14,14,14
130616,0,1,2000,3,7,0,37,40,14,0,14,10,15
130616,1,1,2000,0,0,0,0,0,0,0,0,16,9
130617,1,1,2000,19,19,19,19,19,19,19,19,19,19
130617,2,1,2000,0,0,0,0,0,0,0,0,0,0
130618,1,1,2000,0,0,0,0,0,0,0,0,0,0
130618,2,1,2000,0,21,0,0,8,0,0,0,0,0
130619,1,1,2000,17,17,17,17,17,17,17,17,17,17
130620,1,1,2000,0,0,0,0,0,0,0,0,0,0
130621,1,1,2000,0,0,0,0,0,0,0,0,0,0
130622,0,1,2000,0,0,0,0,0,0,0,0,0,0
130622,1,1,2000,0,0,0,0,0,0,0,0,0,0
130623,1,1,2000,0,0,0,0,0,0,0,0,0,0
130624,1,1,2000,18,0,0,0,2,0,24,0,15,8
130624,2,1,2000,0,0,0,0,0,0,0,0,0,0
130624,3,1,2000,0,0,0,0,0,0,0,0,0,0
130624,4,1,2000,0,0,0,0,0,0,0,0,0,0
130625,1,1,2000,0,0,0,0,0,0,0,0,0,0
130626,1,1,2000,17,17,17,17,17,17,17,17,17,17
130627,1,1,2000,0,0,0,0,0,0,0,0,0,0
130628,1,1,2000,0,0,0,0,0,0,0,0,0,0
130628,2,1,2000,0,0,0,0,0,0,0,0,0,0
130629,1,1,2000,0,0,0,0,0,0,0,0,0,0
130629,2,1,2000,0,0,0,0,0,0,0,0,0,0
130630,1,1,2000,0,0,0,0,0,0,0,0,0,0
130630,2,1,2000,0,0,0,0,0,0,0,0,0,0
130631,1,1,2000,13,13,13,13,13,13,13,13,13,13
130632,1,1,2000,0,0,0,0,0,0,0,0,0,0
130632,2,1,2000,0,0,0,0,0,0,0,0,0,0
130633,1,1,2000,17,17,17,17,17,17,17,17,17,17
130634,1,1,2000,0,0,0,0,0,0,0,0,0,0
130635,1,1,2000,16,16,16,16,16,16,16,16,16,16
130636,1,1,2000,0,0,0,0,0,0,0,0,0,0
130636,2,1,2000,0,0,0,0,0,0,0,0,0,0
130637,1,1,2000,25,25,25,25,25,25,25,25,25,25
130638,1,1,2000,0,0,0,0,0,0,0,0,0,0
130638,2,1,2000,0,0,0,0,0,0,0,0,0,0
130639,1,1,2000,0,0,0,0,0,0,0,0,0,0
130640,1,1,2000,0,0,0,0,0,0,0,0,0,0
130640,2,1,2000,0,0,0,0,0,0,0,0,0,0
130641,1,1,2000,0,0,0,0,0,0,0,0,0,0
130642,1,1,2000,0,0,0,0,0,0,0,0,0,0
130643,1,1,2000,0,0,0,0,0,0,0,0,0,0
130644,1,1,2000,0,0,0,0,0,0,0,0,0,0
130645,1,1,2000,0,10,0,0,0,0,0,0,0,0
130645,2,1,2000,0,0,0,0,0,0,0,0,0,0
130646,1,1,2000,0,0,0,0,0,0,0,0,0,0
130646,2,1,2000,0,0,0,0,0,0,0,0,0,0
130647,1,1,2000,0,5,23,0,24,16,13,19,4,18
130648,1,1,2000,0,0,0,0,0,0,0,0,0,0
130648,2,1,2000,0,0,0,0,0,11,0,0,0,6
130649,1,1,2000,0,0,0,0,0,0,0,0,0,0
130650,1,1,2000,0,0,0,0,0,0,0,0,0,0
130650,2,1,2000,0,0,0,0,0,0,0,0,0,0
130650,3,1,2000,0,0,0,0,0,0,0,0,0,0
130651,1,1,2000,0,0,0,0,0,0,0,0,0,0
130651,2,1,2000,0,0,0,0,0,0,0,0,0,0
130652,1,1,2000,0,0,0,0,0,0,0,0,0,0
130652,2,1,2000,0,0,0,0,0,0,0,0,0,0
130652,3,1,2000,0,0,0,0,0,0,0,0,0,0
130653,1,1,2000,12,12,12,12,12,12,12,12,12,12
130653,2,1,2000,0,0,0,0,0,0,0,0,0,0
130654,1,1,2000,0,0,0,0,0,0,0,0,0,0
130654,2,1,2000,0,0,0,0,0,0,0,0,0,0
130655,1,1,2000,0,0,0,0,0,0,0,0,0,0
130655,2,1,2000,0,0,0,0,0,0,0,0,0,0
130656,1,1,2000,0,25,0,0,0,18,16,17,10,0
130657,1,1,2000,25,25,25,25,25,25,25,25,25,25
130658,1,1,2000,12,12,12,12,12,12,12,12,12,12
130658,2,1,2000,0,0,0,0,0,0,0,0,0,0
130659,1,1,2000,3,0,0,0,0,0,0,0,0,0
130659,2,1,2000,0,0,0,0,0,0,0,0,0,0
130660,1,1,2000,0,0,0,0,0,0,0,0,0,0
130661,1,1,2000,0,0,0,0,0,0,0,0,0,0
130662,1,1,2000,15,15,15,15,15,15,15,15,15,15
130663,1,1,2000,0,0,0,0,0,0,0,0,0,0
130664,1,1,2000,0,0,0,0,0,0,0,0,0,0
130665,1,1,2000,14,14,14,14,14,14,14,14,14,14
130666,1,1,2000,0,0,0,0,0,0,0,0,0,0
130666,2,1,2000,0,0,0,0,0,0,0,0,0,0
130667,1,1,2000,13,13,13,13,13,13,13,13,13,13
130667,2,1,2000,0,0,0,0,0,0,0,0,0,0
130668,1,1,2000,21,21,21,21,21,21,21,21,21,21
130669,1,1,2000,0,0,0,0,0,0,0,0,0,0
130669,2,1,2000,0,0,0,0,0,0,0,0,0,0
130670,1,1,2000,12,12,12,12,12,12,12,12,12,12
130671,1,1,2000,18,0,15,0,4,0,19,20,0,0
130672,1,1,2000,0,0,0,0,0,0,0,0,0,0
130672,2,1,2000,0,0,0,0,0,0,0,0,0,0
130672,3,1,2000,0,0,0,0,0,0,0,0,0,0
130673,1,1,2000,0,0,0,0,0,0,0,0,0,0
130673,2,1,2000,0,0,0,0,0,7,0,0,0,0
130674,1,1,2000,0,0,0,0,0,0,0,0,0,0
130675,1,1,2000,0,0,0,0,0,0,0,0,0,0
130676,1,1,2000,0,0,0,0,0,0,0,0,0,0
130677,0,1,2000,0,0,0,0,0,0,0,0,0,0
130677,1,1,2000,0,0,0,0,0,0,0,0,0,0
130678,1,1,2000,0,0,0,0,0,0,0,0,0,0
130678,2,1,2000,0,0,0,0,0,0,0,0,0,0
130679,1,1,2000,0,0,0,0,0,0,0,0,0,0
130679,2,1,2000,0,0,0,0,0,0,0,0,0,0
130680,1,1,2000,0,0,0,0,0,0,0,0,0,0
130680,2,1,2000,0,0,0,0,0,0,0,0,0,0
130680,3,1,2000,0,0,0,0,0,0,0,0,0,0
130681,1,1,2000,0,0,8,0,0,13,0,0,0,0
130682,1,1,2000,0,0,0,0,0,0,0,0,0,0
130682,2,1,2000,0,0,0,0,0,0,0,0,0,0
130682,3,1,2000,0,0,0,0,0,0,0,0,0,0
130682,4,1,2000,0,0,0,0,0,0,0,0,0,0
130683,1,1,2000,0,0,0,0,0,0,0,0,0,0
130683,2,1,2000,0,0,0,0,0,0,0,0,0,0
130684,1,1,2000,25,25,25,25,25,25,25,25,25,25
130685,1,1,2000,0,0,0,0,0,0,0,0,0,0
130685,2,1,2000,0,0,0,0,0,0,0,0,0,0
130685,3,1,2000,0,0,0,0,0,0,0,0,0,0
130686,1,1,2000,0,0,17,14,11,0,20,9,0,0
130687,1,1,2000,4,4,4,4,4,4,4,4,4,4
130688,1,1,2000,0,0,0,0,0,0,0,0,0,0
130688,2,1,2000,0,0,0,0,0,0,0,0,0,0
130689,1,1,2000,0,0,0,0,0,0,0,0,0,0
130690,1,1,2000,0,0,0,0,0,0,0,0,0,0
130690,2,1,2000,0,0,0,0,0,0,0,0,0,0
130691,1,1,2000,0,0,0,0,0,0,0,0,0,0
130692,1,1,2000,0,0,0,0,0,0,0,0,0,0
130693,1,1,2000,1,1,1,1,1,1,1,1,1,1
130694,1,1,2000,17,17,17,17,17,17,17,17,17,17
130695,1,1,2000,0,0,0,0,0,0,0,0,0,0
130695,2,1,2000,0,0,0,0,0,0,0,0,0,0
130696,1,1,2000,28,28,28,28,28,28,28,28,28,28
130696,2,1,2000,13,15,0,0,0,14,11,0,27,4
130697,1,1,2000,0,0,0,0,0,0,0,0,0,0
130698,1,1,2000,0,0,0,0,0,0,0,0,0,0
130698,2,1,2000,0,0,0,0,0,0,0,0,0,0
130699,0,1,2000,19,0,0,0,0,0,0,0,0,0
130699,1,1,2000,0,0,0,0,0,7,0,0,20,0
130700,0,1,2000,0,0,0,0,0,0,0,0,0,0
130700,0,2,2000,0,0,0,0,0,0,0,0,0,0
130700,0,3,2000,0,0,0,0,0,0,0,0,0,13
130700,1,1,2000,22,0,0,12,20,25,4,0,0,24
130701,1,1,2000,0,0,0,0,0,0,0,0,0,0
130701,2,1,2000,0,16,0,0,0,0,0,0,0,0
130702,1,1,2000,0,0,0,0,0,0,0,0,0,0
130702,2,1,2000,19,19,19,19,19,19,19,19,19,19
130703,1,1,2000,30,0,0,19,21,29,0,24,13,27
130704,1,1,2000,0,0,0,0,0,0,0,0,0,0
130704,2,1,2000,0,0,0,0,0,0,0,0,0,0
130705,1,1,2000,0,0,0,0,0,0,0,0,0,0
130705,2,1,2000,0,0,0,0,0,0,0,0,0,0
130706,1,1,2000,0,0,0,0,0,0,0,0,0,0
130707,1,1,2000,0,0,0,0,0,0,0,0,0,0
130708,1,1,2000,0,0,0,0,0,0,0,0,0,0
130709,1,1,2000,0,0,0,0,0,0,0,0,0,0
130710,1,1,2000,0,0,0,0,0,0,0,0,0,0
130710,2,1,2000,0,0,0,0,0,0,0,0,0,0
130711,1,1,2000,0,0,0,0,0,0,0,0,0,0
130712,0,1,2000,0,12,0,0,0,0,0,13,0,0
130712,1,1,2000,0,0,0,0,0,0,0,0,0,0
130713,1,1,2000,23,23,23,23,23,23,23,23,23,23
130714,1,1,2000,0,0,0,0,0,0,0,0,0,0
130714,2,1,2000,0,0,0,0,0,0,0,0,0,0
130714,3,1,2000,16,16,16,16,16,16,16,16,16,16
130714,4,1,2000,0,0,0,0,0,0,0,0,0,0
130715,1,1,2000,0,0,0,0,0,0,0,0,0,0
130715,2,1,2000,0,0,0,0,0,0,0,0,0,0
130716,1,1,2000,20,20,20,20,20,20,20,20,20,20
130717,1,1,2000,3,3,3,3,3,3,3,3,3,3
130717,2,1,2000,0,0,0,0,0,0,0,0,0,0
130718,1,1,2000,0,0,0,0,0,0,0,0,0,0
130718,2,1,2000,0,0,0,0,0,0,0,0,0,0
130719,1,1,2000,0,0,0,0,0,0,0,0,0,0
130720,1,1,2000,0,0,0,0,0,0,0,0,0,0
130720,2,1,2000,0,0,0,0,0,0,0,0,0,0
130721,1,1,2000,23,23,23,23,23,23,23,23,23,23
130722,1,1,2000,21,21,21,21,21,21,21,21,21,21
130723,1,1,2000,0,0,0,0,0,0,0,0,0,0
130724,1,1,2000,0,0,0,0,0,0,0,0,0,0
130724,2,1,2000,0,0,0,0,0,0,0,0,0,0
130725,1,1,2000,6,6,6,6,6,6,6,6,6,6
130726,1,1,2000,0,0,0,0,0,0,0,0,0,0
130727,1,1,2000,0,0,0,0,0,0,0,0,0,0
130727,2,1,2000,0,0,0,0,0,0,0,0,0,0
130728,1,1,2000,18,18,18,18,18,18,18,18,18,18
130728,2,1,2000,0,0,0,0,0,0,0,0,0,0
130729,1,1,2000,0,0,0,0,0,0,0,0,0,0
130730,1,1,2000,0,0,0,0,0,0,0,0,0,0
130730,2,1,2000,0,0,0,0,0,0,0,0,0,0
130731,1,1,2000,36,36,36,36,36,36,36,36,36,36
130732,1,1,2000,0,0,0,0,0,0,0,0,0,0
130733,1,1,2000,0,0,0,0,0,0,0,0,0,0
130733,2,1,2000,0,0,0,0,0,0,0,0,0,0
130734,1,1,2000,0,0,0,0,0,0,0,0,0,0
130735,1,1,2000,0,0,0,0,0,0,0,0,0,0
130735,2,1,2000,0,0,0,20,0,0,0,0,12,0
130736,1,1,2000,0,0,0,0,0,0,0,0,0,0
130736,2,1,2000,0,0,0,0,0,0,0,0,0,0
130737,1,1,2000,0,0,0,0,0,0,0,0,0,0
130737,2,1,2000,0,0,0,0,0,0,0,0,0,0
130737,3,1,2000,0,0,0,0,0,0,0,0,0,0
130737,4,1,2000,0,0,0,0,0,0,0,0,0,0
130738,1,1,2000,0,0,0,0,0,0,0,0,0,0
130738,2,1,2000,0,0,0,0,0,0,0,0,0,0
130738,3,1,2000,0,0,0,0,0,0,0,0,0,0
130739,1,1,2000,0,0,0,0,0,0,0,0,0,0
130740,1,1,2000,17,17,17,17,17,17,17,17,17,17
130740,2,1,2000,0,11,0,0,0,0,0,0,7,0
130741,1,1,2000,0,0,0,0,0,0,0,0,0,0
130742,1,1,2000,21,21,21,21,21,21,21,21,21,21
130743,1,1,2000,0,0,0,0,0,0,0,0,0,0
130744,1,1,2000,24,24,24,24,24,24,24,24,24,24
130745,1,1,2000,0,0,0,0,0,11,13,0,0,0
130745,2,1,2000,0,0,0,0,0,0,0,0,0,0
130745,3,1,2000,0,0,0,0,0,0,0,0,0,0
130746,1,1,2000,0,0,0,0,0,0,0,0,0,0
130746,2,1,2000,0,0,0,0,0,0,0,0,0,0
130747,1,1,2000,0,0,0,0,0,0,0,0,0,0
130748,1,1,2000,0,0,0,0,0,0,0,0,0,0
130748,2,1,2000,0,0,0,0,0,0,0,0,0,0
130749,1,1,2000,0,0,0,0,0,0,0,0,0,0
130750,1,1,2000,0,0,0,0,0,0,0,0,0,0
130750,2,1,2000,0,20,7,8,12,9,19,15,18,13
130751,1,1,2000,0,0,0,0,0,0,0,0,0,0
130751,2,1,2000,0,0,0,0,0,0,0,0,0,0
130752,1,1,2000,0,0,0,0,0,0,0,0,0,0
130753,1,1,2000,0,0,0,0,0,0,0,0,0,0
130754,1,1,2000,0,0,0,0,0,0,0,0,0,0
130755,1,1,2000,0,0,0,0,0,0,0,0,0,0
130755,2,1,2000,0,0,17,0,0,0,0,0,0,0
130756,1,1,2000,19,19,19,19,19,19,19,19,19,19
130756,2,1,2000,7,7,7,7,7,7,7,7,7,7
130757,1,1,2000,0,0,0,0,0,0,0,0,0,0
130758,1,1,2000,0,0,0,0,0,0,0,0,0,0
130759,1,1,2000,30,28,26,27,20,15,27,6,11,11
130760,1,1,2000,0,0,0,0,0,0,0,0,0,0
130761,1,1,2000,28,28,28,28,28,28,28,28,28,28
130761,2,1,2000,0,0,0,0,0,0,0,0,0,0
130762,1,1,2000,19,19,19,19,19,19,19,19,19,19
130762,2,1,2000,0,0,0,0,0,0,0,0,0,0
130763,1,1,2000,21,21,21,21,21,21,21,21,21,21
130763,2,1,2000,17,0,21,0,7,0,18,28,0,18
130763,3,1,2000,12,14,8,0,0,0,0,35,18,31
130764,1,1,2000,0,0,0,0,0,0,0,0,0,0
130764,2,1,2000,0,0,0,0,0,0,0,0,0,0
130765,1,1,2000,0,0,0,0,0,0,0,0,0,0
130765,2,1,2000,0,0,0,0,0,0,0,0,0,0
130766,0,1,2000,0,6,0,0,0,22,8,0,13,0
130766,1,1,2000,0,0,0,0,0,0,0,0,0,0
130767,1,1,2000,0,0,0,0,0,0,0,0,0,0
130767,2,1,2000,0,0,0,0,0,0,0,0,0,0
130767,3,1,2000,0,0,0,0,9,0,0,0,0,0
130768,1,1,2000,0,0,0,0,0,0,0,0,0,0
130768,2,1,2000,0,0,0,0,0,0,0,0,0,0
130769,1,1,2000,0,0,0,0,0,0,0,0,0,0
130769,2,1,2000,0,0,17,0,0,0,0,0,0,0
130770,1,1,2000,0,0,0,0,0,0,0,0,0,0
130770,2,1,2000,0,0,0,0,0,0,0,0,0,0
130771,1,1,2000,0,0,0,0,0,0,0,0,0,0
130771,2,1,2000,0,0,0,0,0,0,0,0,0,0
130771,3,1,2000,0,0,0,0,0,0,0,0,0,0
130771,4,1,2000,0,0,0,0,0,0,0,0,0,0
130771,5,1,2000,0,0,0,0,0,0,0,0,0,0
130772,1,1,2000,0,0,0,0,0,0,0,0,0,0
130772,2,1,2000,0,0,0,0,0,0,0,0,0,0
130773,1,1,2000,14,14,14,14,14,14,14,14,14,14
130773,2,1,2000,0,0,0,0,0,0,0,0,0,0
130774,1,1,2000,0,0,0,0,0,0,0,0,0,0
130774,2,1,2000,0,0,0,0,0,15,0,0,0,0
130775,1,1,2000,0,0,0,0,0,0,0,0,0,0
130776,1,1,2000,0,0,0,0,0,0,0,0,0,0
130776,2,1,2000,8,8,8,8,8,8,8,8,8,8
130777,1,1,2000,47,47,47,47,47,47,47,47,47,47
130778,1,1,2000,0,0,0,0,0,0,0,0,0,0
130778,2,1,2000,0,0,0,0,0,0,0,0,0,0
130778,3,1,2000,0,0,0,0,0,0,0,0,0,0
130779,1,1,2000,0,0,0,0,0,0,0,0,0,0
130780,1,1,2000,22,0,27,0,20,22,26,7,0,6
130781,1,1,2000,0,0,0,0,0,0,0,0,0,0
130781,2,1,2000,0,0,0,0,0,0,0,0,0,0
130782,1,1,2000,0,0,0,0,0,0,0,0,0,0
130783,1,1,2000,0,0,0,0,0,0,0,0,0,0
130783,2,1,2000,0,0,0,0,0,0,0,0,0,0
130784,1,1,2000,15,15,15,15,15,15,15,15,15,15
130785,1,1,2000,0,0,0,0,0,0,0,0,0,0
130786,1,1,2000,0,0,0,0,0,0,0,0,0,0
130786,2,1,2000,0,0,0,0,0,0,0,0,0,0
130787,1,1,2000,0,20,0,0,0,0,0,0,0,0
130787,2,1,2000,0,0,0,0,0,0,0,0,0,0
130788,1,1,2000,0,0,0,16,0,0,0,0,8,4
130789,1,1,2000,6,6,6,6,6,6,6,6,6,6
130789,2,1,2000,0,0,0,0,0,0,0,0,0,0
130790,1,1,2000,0,0,0,0,0,0,0,0,0,0
130790,2,1,2000,0,0,0,0,0,0,0,0,0,0
130791,1,1,2000,20,20,20,20,20,20,20,20,20,20
130791,2,1,2000,0,0,0,0,0,0,0,0,0,0
130792,1,1,2000,0,0,0,0,0,0,0,0,0,0
130792,2,1,2000,1,1,1,1,1,1,1,1,1,1
130793,1,1,2000,14,14,14,14,14,14,14,14,14,14
130793,2,1,2000,0,0,0,0,0,0,0,0,0,0
130794,1,1,2000,0,0,0,0,0,0,0,0,0,0
130794,2,1,2000,0,0,0,0,0,0,0,0,0,0
130795,1,1,2000,0,0,0,0,0,0,0,0,0,0
130795,2,1,2000,0,0,0,0,0,0,0,0,0,0
130796,1,1,2000,10,10,10,10,10,10,10,10,10,10
130797,1,1,2000,0,0,0,0,0,0,0,0,0,0
130797,2,1,2000,0,0,0,0,0,0,0,0,0,0
130797,3,1,2000,0,0,0,0,0,0,0,0,0,0
130798,1,1,2000,0,0,0,0,0,0,0,0,0,0
130798,2,1,2000,0,0,0,0,0,0,0,0,0,0
130799,1,1,2000,0,0,0,0,0,0,0,0,0,0
130799,2,1,2000,0,0,0,0,0,0,0,0,0,0
130800,1,1,2000,9,9,9,9,9,9,9,9,9,9
130801,1,1,2000,0,0,0,0,0,0,0,0,0,0
130801,2,1,2000,0,0,0,0,0,0,0,0,0,0
130801,3,1,2000,0,0,0,0,0,0,0,0,0,0
130802,1,1,2000,0,0,0,0,0,0,0,0,0,0
130803,1,1,2000,0,0,18,0,0,0,0,11,0,0
130803,2,1,2000,0,0,0,0,0,0,0,0,0,0
130804,1,1,2000,0,0,0,0,0,0,0,0,0,0
130805,1,1,2000,0,32,0,3,0,0,0,0,18,0
130806,1,1,2000,0,0,0,0,0,0,0,0,0,0
130807,1,1,2000,2,2,2,2,2,2,2,2,2,2
130808,1,1,2000,3,3,3,3,3,3,3,3,3,3
130809,1,1,2000,0,0,0,0,0,0,0,0,0,0
130810,1,1,2000,0,0,0,0,0,0,0,0,0,0
130810,2,1,2000,0,0,0,0,0,0,0,0,0,0
130811,1,1,2000,7,7,7,7,7,7,7,7,7,7
130812,1,1,2000,15,15,15,15,15,15,15,15,15,15
130813,0,1,2000,0,0,0,10,13,0,0,0,0,0
130813,1,1,2000,15,25,0,0,18,0,10,0,0,20
130814,1,1,2000,0,0,0,0,0,0,0,0,0,0
130815,1,1,2000,0,0,0,0,0,0,0,0,0,0
130815,2,1,2000,0,0,0,0,0,0,0,0,0,0
130816,0,1,2000,21,14,0,10,0,0,0,0,0,0
130816,1,1,2000,16,0,0,24,25,0,13,20,16,0
130817,1,1,2000,19,19,19,19,19,19,19,19,19,19
130818,1,1,2000,0,0,0,0,0,0,0,0,0,0
130819,1,1,2000,13,13,13,13,13,13,13,13,13,13
130819,2,1,2000,0,0,0,6,0,0,0,0,0,0
130820,1,1,2000,0,0,0,0,0,0,0,0,0,0
130820,2,1,2000,0,0,0,0,0,0,0,0,0,0
130821,1,1,2000,0,0,0,0,0,0,0,0,0,0
130821,2,1,2000,0,0,0,0,0,0,0,0,0,0
130822,1,1,2000,14,14,14,14,14,14,14,14,14,14
130823,1,1,2000,0,0,0,0,0,0,0,0,0,0
130823,2,1,2000,0,0,0,0,0,0,0,0,0,0
130824,1,1,2000,9,9,9,9,9,9,9,9,9,9
130825,1,1,2000,14,14,14,14,14,14,14,14,14,14
130826,1,1,2000,0,0,0,0,0,0,0,0,0,0
130827,1,1,2000,0,0,0,0,0,0,0,0,0,0
130828,1,1,2000,0,0,0,0,0,0,0,0,0,0
130828,2,1,2000,0,0,0,0,0,0,0,0,0,0
130829,0,1,2000,2,2,2,2,2,2,2,2,2,2
130829,1,1,2000,0,0,0,0,0,0,0,0,0,0
130830,1,1,2000,0,0,0,0,0,0,0,0,0,0
130830,2,1,2000,0,0,0,0,0,0,0,0,0,0
130830,3,1,2000,0,0,0,0,0,0,0,0,0,0
130831,1,1,2000,0,0,0,0,0,0,0,0,0,0
130832,0,1,2000,16,16,16,16,16,16,16,16,16,16
130832,1,1,2000,0,0,0,0,0,0,0,0,0,0
130833,1,1,2000,0,0,0,0,0,0,0,0,0,0
130834,1,1,2000,12,12,12,12,12,12,12,12,12,12
130835,1,1,2000,0,0,0,0,0,0,0,0,0,0
130835,2,1,2000,3,0,0,0,0,0,0,0,0,0
130836,1,1,2000,0,0,0,0,0,0,14,0,0,0
130836,2,1,2000,0,0,0,0,0,0,0,0,0,0
130836,3,1,2000,0,0,0,0,0,0,0,0,0,0
130837,0,1,2000,0,0,0,0,0,0,0,0,0,0
130837,1,1,2000,18,0,0,0,0,0,0,0,13,13
130838,0,1,2000,0,0,0,0,0,0,0,0,0,0
130838,1,1,2000,0,0,0,0,0,0,0,0,0,0
130839,1,1,2000,20,20,20,20,20,20,20,20,20,20
130840,1,1,2000,0,22,13,0,10,0,0,0,0,0
130841,1,1,2000,0,0,0,0,0,0,0,0,0,0
130841,2,1,2000,0,0,0,0,0,0,0,0,0,0
130842,1,1,2000,15,15,15,15,15,15,15,15,15,15
130843,1,1,2000,23,0,16,0,0,15,0,0,10,0
130843,2,1,2000,0,0,0,0,0,7,0,0,0,0
130844,1,1,2000,0,0,0,0,0,0,0,0,0,0
130845,1,1,2000,0,0,0,4,0,0,0,0,0,0
130845,2,1,2000,0,0,0,0,0,0,0,0,0,7
130845,3,1,2000,0,0,0,0,0,0,0,0,0,0
130846,0,1,2000,16,16,16,16,16,16,16,16,16,16
130846,1,1,2000,0,0,0,11,0,0,0,0,0,0
130847,1,1,2000,0,0,0,0,14,0,0,0,10,0
130848,1,1,2000,27,10,0,12,30,18,15,0,22,18
130849,1,1,2000,0,0,0,0,0,0,0,0,0,0
130849,2,1,2000,0,0,0,0,0,0,0,0,0,0
130850,1,1,2000,14,18,4,0,0,0,0,0,0,0
130851,1,1,2000,0,0,0,0,0,0,0,0,0,0
130851,2,1,2000,0,0,0,0,0,0,0,0,0,0
130852,1,1,2000,0,0,0,0,0,0,0,0,0,0
130852,2,1,2000,0,0,0,0,0,0,0,0,0,3
130853,1,1,2000,0,19,17,0,0,0,0,0,0,21
130853,2,1,2000,0,0,0,0,0,0,0,0,0,0
130854,0,1,2000,0,0,0,0,0,0,0,0,0,0
130854,1,1,2000,0,0,0,0,0,0,0,0,0,0
130855,1,1,2000,0,0,0,0,0,0,0,0,0,0