ST_CASE,VEH_NO,PER_NO,YEAR,P1,P2,P3,P4,P5,P6,P7,P8,P9,P10
130855,2,1,2000,0,0,0,0,0,0,0,0,0,0
130856,1,1,2000,0,0,21,12,25,0,0,23,0,19
130856,2,1,2000,0,0,39,0,0,0,0,4,15,0
130857,1,1,2000,9,16,0,10,20,14,15,0,0,14
130858,1,1,2000,6,6,6,6,6,6,6,6,6,6
130858,2,1,2000,0,0,0,0,0,0,0,0,0,0
130858,3,1,2000,0,0,0,0,0,0,0,0,0,0
130858,4,1,2000,0,0,0,0,0,0,0,0,0,0
130859,1,1,2000,0,0,0,0,0,0,0,0,3,17
130860,1,1,2000,13,13,13,13,13,13,13,13,13,13
130861,1,1,2000,0,0,0,0,0,0,0,0,0,0
130862,1,1,2000,0,0,0,0,0,0,0,0,0,0
130862,2,1,2000,0,0,0,0,0,0,15,9,0,0
130863,1,1,2000,0,0,0,0,0,0,0,0,0,0
130864,1,1,2000,5,5,5,5,5,5,5,5,5,5
130865,1,1,2000,0,0,9,0,0,0,0,0,0,0
130865,2,1,2000,0,0,0,0,0,0,0,0,0,0
130866,1,1,2000,31,31,31,31,31,31,31,31,31,31
130867,1,1,2000,0,0,0,0,0,0,0,0,0,0
130867,2,1,2000,0,0,0,0,0,0,0,0,0,0
130868,1,1,2000,22,22,22,22,22,22,22,22,22,22
130869,1,1,2000,0,0,0,0,0,0,0,0,0,0
130870,1,1,2000,6,6,6,6,6,6,6,6,6,6
130871,1,1,2000,35,35,35,35,35,35,35,35,35,35
130872,1,1,2000,0,0,0,0,0,0,0,0,0,0
130872,2,1,2000,0,0,0,0,0,0,0,0,0,0
130873,1,1,2000,0,0,0,0,0,0,0,0,0,0
130873,2,1,2000,0,0,0,0,0,0,0,0,0,0
130874,1,1,2000,0,0,0,0,0,0,0,0,0,0
130874,2,1,2000,0,0,0,0,0,0,0,0,0,0
130875,0,1,2000,21,21,21,21,21,21,21,21,21,21
130875,1,1,2000,0,0,0,0,0,0,0,0,0,0
130876,1,1,2000,0,0,0,0,0,0,0,0,0,0
130877,1,1,2000,25,25,25,25,25,25,25,25,25,25
130877,2,1,2000,0,0,0,0,0,0,0,0,0,5
130878,1,1,2000,0,0,0,0,0,0,0,0,0,0
130878,2,1,2000,12,12,12,12,12,12,12,12,12,12
130879,1,1,2000,0,0,0,0,0,0,0,0,0,0
130880,1,1,2000,0,0,0,0,0,0,0,0,0,0
130880,2,1,2000,0,0,0,0,0,0,0,20,0,0
130881,1,1,2000,0,0,0,14,19,0,19,0,16,0
130882,1,1,2000,20,20,20,20,20,20,20,20,20,20
130883,1,1,2000,5,5,5,5,5,5,5,5,5,5
130884,1,1,2000,0,0,0,0,0,0,0,0,0,0
130884,2,1,2000,0,0,0,0,0,0,0,0,0,0
130885,1,1,2000,25,25,25,25,25,25,25,25,25,25
130885,2,1,2000,0,0,0,0,0,0,0,0,0,0
130886,1,1,2000,0,0,0,0,0,0,0,0,0,0
130887,1,1,2000,0,0,0,0,0,0,0,0,0,0
130887,2,1,2000,0,0,0,0,0,0,0,0,0,0
130888,1,1,2000,16,16,16,16,16,16,16,16,16,16
130888,2,1,2000,0,0,0,0,0,0,0,0,0,0
130889,0,1,2000,0,0,0,0,0,0,0,0,0,0
130889,1,1,2000,0,0,0,0,0,0,0,0,0,0
130890,0,1,2000,0,0,0,0,0,0,0,0,0,0
130890,1,1,2000,0,0,0,0,0,22,0,0,0,0
130891,1,1,2000,5,12,7,7,21,16,17,13,23,17
130892,1,1,2000,0,0,0,0,0,0,0,0,0,0
130893,1,1,2000,0,0,0,0,0,0,0,0,0,0
130893,2,1,2000,0,0,0,0,0,0,0,0,0,0
130894,1,1,2000,0,0,5,18,0,0,12,0,6,0
130895,1,1,2000,0,0,0,0,0,8,0,0,0,0
130895,2,1,2000,0,0,0,0,0,0,0,0,0,0
130896,1,1,2000,17,10,1,14,13,7,0,22,15,0
130897,0,1,2000,0,0,0,0,0,0,0,0,0,0
130897,1,1,2000,0,0,8,10,14,0,0,0,19,0
130898,1,1,2000,14,21,27,36,14,6,19,0,0,5
130898,2,1,2000,0,20,0,10,22,8,18,9,7,0
130898,3,1,2000,0,0,0,0,0,8,13,0,0,0
130899,1,1,2000,0,0,0,0,0,0,0,0,0,0
130900,1,1,2000,26,14,17,13,33,15,17,8,21,18
130900,2,1,2000,0,0,0,0,0,0,0,0,0,0
130901,1,1,2000,0,0,0,0,0,0,0,0,0,0
130902,1,1,2000,0,0,0,17,8,0,0,0,37,0
130903,1,1,2000,0,0,18,0,0,0,0,0,0,0
130903,2,1,2000,0,0,0,0,0,0,0,0,0,0
130904,1,1,2000,18,18,18,18,18,18,18,18,18,18
130905,1,1,2000,8,8,8,8,8,8,8,8,8,8
130905,2,1,2000,2,2,2,2,2,2,2,2,2,2
130906,1,1,2000,0,0,0,0,0,0,0,0,0,0
130906,2,1,2000,0,0,0,0,0,0,0,0,0,0
130907,1,1,2000,0,0,0,0,0,0,0,0,0,0
130907,2,1,2000,18,18,18,18,18,18,18,18,18,18
130908,0,1,2000,20,20,20,20,20,20,20,20,20,20
130908,1,1,2000,6,6,6,6,6,6,6,6,6,6
130909,1,1,2000,16,16,16,16,16,16,16,16,16,16
130910,0,1,2000,15,15,15,15,15,15,15,15,15,15
130910,1,1,2000,0,20,0,0,0,0,0,24,0,0
130911,1,1,2000,3,0,7,6,27,14,8,0,0,0
130911,2,1,2000,0,0,0,0,0,0,0,0,0,0
130912,1,1,2000,0,0,0,0,0,0,0,0,0,0
130912,2,1,2000,0,0,0,0,0,0,0,0,0,0
130912,3,1,2000,0,0,0,0,0,0,0,0,0,0
130913,1,1,2000,29,29,29,29,29,29,29,29,29,29
130913,2,1,2000,0,0,0,0,0,0,0,0,0,0
130914,1,2,2000,27,16,0,11,8,0,21,0,0,29
130915,1,1,2000,0,0,0,0,0,0,0,0,0,0
130915,2,1,2000,0,0,0,0,0,0,0,0,0,0
130915,3,1,2000,0,0,0,0,0,0,0,0,0,0
130916,1,1,2000,0,0,0,0,0,0,0,0,0,0
130916,2,1,2000,8,8,8,8,8,8,8,8,8,8
130917,0,1,2000,14,14,14,14,14,14,14,14,14,14
130917,1,1,2000,0,0,0,0,0,0,0,0,0,0
130918,1,1,2000,0,0,0,0,0,0,0,0,0,0
130919,1,1,2000,0,0,0,0,0,0,0,0,0,0
130919,2,1,2000,0,0,0,0,0,0,0,0,0,0
130920,1,1,2000,0,0,0,0,0,0,0,0,0,0
130920,2,1,2000,0,0,0,0,0,0,0,0,0,0
130921,1,1,2000,0,0,0,0,0,0,0,0,0,0
130922,1,1,2000,0,0,0,0,0,0,0,0,0,0
130922,2,1,2000,0,0,0,0,0,0,0,0,0,0
130923,1,1,2000,14,0,0,0,0,10,0,0,0,0
130923,2,1,2000,9,9,9,9,9,9,9,9,9,9
130923,3,1,2000,0,0,0,0,0,0,0,0,0,0
130924,1,1,2000,0,0,0,0,0,0,0,0,0,0
130924,2,1,2000,0,0,0,0,0,0,0,0,0,0
130924,3,1,2000,0,0,0,0,0,0,0,0,0,0
130925,0,1,2000,14,17,0,7,11,0,0,0,23,26
130925,0,2,2000,0,0,0,0,0,0,0,0,0,0
130925,0,3,2000,0,0,0,0,0,0,0,0,0,0
130925,1,1,2000,0,0,0,0,0,0,0,0,0,0
130926,1,1,2000,0,0,0,0,0,0,0,0,0,0
130926,2,1,2000,0,0,0,0,0,0,0,0,0,0
130927,1,1,2000,0,0,0,0,0,0,0,0,0,0
130927,2,1,2000,0,0,0,0,0,0,0,0,0,0
130928,0,1,2000,0,0,0,7,9,0,0,0,0,0
130928,1,1,2000,0,0,0,0,0,0,0,0,0,0
130929,0,1,2000,7,0,11,0,13,0,0,0,28,6
130929,1,1,2000,0,0,0,0,0,0,0,0,0,0
130930,1,1,2000,0,0,0,0,0,0,0,0,0,0
130930,2,1,2000,0,0,0,0,0,0,0,0,0,0
130931,1,1,2000,17,17,17,17,17,17,17,17,17,17
130932,1,1,2000,0,0,0,0,0,0,0,0,0,0
130933,1,1,2000,0,0,0,0,0,0,0,0,0,0
130934,1,1,2000,14,14,14,14,14,14,14,14,14,14
130935,1,1,2000,0,0,0,0,0,0,0,0,0,0
130935,2,1,2000,0,0,0,0,0,0,0,0,0,0
130936,1,1,2000,0,0,0,0,0,0,0,0,0,0
130936,2,1,2000,0,0,0,0,0,0,0,0,0,0
130937,1,1,2000,0,0,0,0,0,0,0,0,0,0
130937,2,1,2000,0,0,0,0,0,0,0,0,0,0
130938,1,1,2000,2,2,2,2,2,2,2,2,2,2
130939,1,1,2000,0,0,0,0,0,0,0,0,0,0
130939,2,1,2000,0,0,0,0,0,0,0,0,0,0
130940,1,1,2000,14,14,14,14,14,14,14,14,14,14
130941,1,1,2000,0,0,0,0,0,0,0,0,0,0
130941,2,1,2000,0,0,0,0,0,0,0,0,0,0
130941,3,1,2000,0,0,0,0,0,0,0,0,0,0
130942,1,1,2000,0,0,0,0,0,0,0,0,0,0
130942,2,1,2000,0,0,0,0,0,0,0,0,0,0
130942,3,1,2000,0,0,0,0,0,0,0,0,0,0
130943,1,1,2000,0,0,0,0,0,0,0,0,0,0
130944,1,1,2000,5,5,5,5,5,5,5,5,5,5
130944,2,1,2000,0,0,0,0,0,0,0,0,0,0
130945,1,1,2000,11,11,11,11,11,11,11,11,11,11
130946,0,1,2000,13,13,13,13,13,13,13,13,13,13
130946,1,1,2000,0,0,0,0,0,0,0,0,0,0
130947,1,1,2000,0,0,0,0,0,0,0,0,0,0
130947,2,1,2000,0,0,0,0,0,0,0,0,0,0
130948,1,1,2000,0,0,0,0,18,0,0,0,0,0
130948,2,1,2000,6,6,6,6,6,6,6,6,6,6
130949,1,1,2000,0,0,0,0,0,0,0,0,0,0
130949,2,1,2000,0,0,0,0,0,0,0,0,0,0
130950,0,1,2000,0,0,0,0,0,0,0,0,0,0
130950,1,1,2000,0,0,0,0,0,0,0,0,0,0
130951,1,1,2000,0,0,0,0,0,0,0,0,0,0
130951,2,1,2000,0,0,0,0,0,0,0,0,0,0
130952,1,1,2000,0,0,0,0,0,0,0,0,0,0
130953,1,1,2000,0,0,0,0,0,0,0,0,0,0
130953,2,1,2000,0,0,0,0,0,0,0,0,0,0
130954,1,1,2000,22,22,22,22,22,22,22,22,22,22
130955,0,1,2000,28,28,28,28,28,28,28,28,28,28
130955,1,1,2000,0,0,0,0,0,0,0,0,0,0
130956,1,1,2000,8,8,8,8,8,8,8,8,8,8
130957,1,1,2000,0,0,0,0,0,0,0,0,0,0
130957,2,1,2000,0,0,0,0,0,0,0,0,0,0
130959,1,1,2000,0,0,0,0,0,0,0,0,0,0
130959,2,1,2000,0,0,0,0,0,0,0,0,0,0
130960,1,1,2000,20,20,20,20,20,20,20,20,20,20
130961,1,1,2000,16,16,16,16,16,16,16,16,16,16
130962,1,1,2000,0,0,0,0,0,0,0,0,0,0
130962,2,1,2000,0,0,0,0,0,0,0,0,0,0
130962,3,1,2000,0,0,0,0,0,7,0,0,0,13
130963,1,1,2000,20,20,20,20,20,20,20,20,20,20
130963,2,1,2000,0,0,0,0,0,0,0,0,0,0
130963,3,1,2000,0,0,0,0,0,0,0,0,0,0
130964,1,1,2000,16,16,16,16,16,16,16,16,16,16
130965,1,1,2000,30,24,29,14,13,5,17,33,13,14
130966,1,1,2000,11,11,11,11,11,11,11,11,11,11
130967,0,1,2000,27,11,23,0,7,0,22,0,32,0
130967,1,1,2000,0,0,0,0,0,0,0,0,0,0
130968,1,1,2000,0,0,0,0,0,0,0,0,0,0
130968,2,1,2000,0,0,0,0,0,0,0,0,0,0
130968,3,1,2000,5,0,0,0,29,0,0,0,0,0
130968,4,1,2000,0,0,0,0,0,0,0,0,0,0
130969,1,1,2000,0,0,0,0,0,0,0,0,0,0
130969,2,1,2000,0,10,0,0,0,15,0,0,0,0
130970,1,1,2000,16,16,16,16,16,16,16,16,16,16
130971,1,1,2000,0,0,0,0,0,0,0,0,0,0
130972,1,1,2000,0,8,0,0,0,0,0,0,0,0
130972,2,1,2000,0,0,0,0,0,0,0,0,0,0
130973,1,1,2000,0,0,0,0,0,0,0,0,0,0
130973,2,1,2000,0,0,0,0,0,0,0,0,0,0
130974,0,1,2000,18,11,11,11,0,27,0,26,23,3
130974,1,1,2000,0,15,13,4,15,16,16,33,18,11
130975,1,1,2000,0,0,0,0,0,0,0,0,0,0
130975,2,1,2000,0,0,0,0,0,0,0,0,0,0
130975,3,1,2000,0,0,0,0,0,0,0,0,0,0
130976,1,1,2000,0,0,0,0,0,0,0,0,0,0
130976,2,1,2000,0,0,0,0,0,0,0,0,0,0
130977,1,1,2000,0,0,0,0,0,0,0,0,0,0
130977,2,1,2000,0,0,0,0,0,0,0,0,0,0
130978,1,1,2000,15,15,15,15,15,15,15,15,15,15
130978,2,1,2000,17,17,17,17,17,17,17,17,17,17
130979,0,1,2000,28,26,0,20,26,22,13,0,0,17
130979,1,1,2000,0,0,0,0,0,0,0,0,0,0
130980,1,1,2000,2,2,2,2,2,2,2,2,2,2
130980,2,1,2000,0,0,0,0,0,0,0,0,0,0
130981,1,1,2000,0,0,0,0,0,0,0,0,0,0
130981,2,1,2000,0,0,0,0,0,0,0,0,0,0
130982,1,1,2000,0,0,0,0,0,0,0,0,0,0
130983,1,1,2000,0,0,0,0,0,0,0,0,0,0
130984,1,1,2000,18,18,18,18,18,18,18,18,18,18
130985,1,1,2000,0,0,0,0,0,0,0,0,22,0
130985,2,1,2000,0,0,0,0,0,0,0,0,0,0
130986,1,1,2000,11,0,0,23,25,0,0,18,0,6
130987,1,1,2000,0,0,0,0,0,0,0,0,0,0
130987,2,1,2000,0,0,0,0,0,0,0,0,0,0
130988,1,1,2000,0,0,0,0,0,0,0,0,0,0
130989,1,1,2000,15,15,15,15,15,15,15,15,15,15
130990,0,1,2000,4,15,0,28,32,32,0,23,0,0
130990,1,1,2000,0,0,0,0,0,0,0,0,6,0
130991,0,1,2000,0,31,20,34,0,16,31,11,0,40
130991,1,1,2000,0,0,0,0,0,0,0,0,0,0
130992,1,1,2000,0,0,0,0,0,0,0,0,0,0
130992,2,1,2000,0,0,0,0,0,0,10,0,0,0
130992,3,1,2000,0,0,0,0,0,0,0,0,0,0
130992,4,1,2000,0,0,0,0,0,0,0,0,0,0
130993,1,1,2000,0,0,0,0,0,0,0,0,0,0
130993,2,1,2000,0,0,0,15,0,0,0,0,0,0
130993,3,1,2000,0,0,0,0,0,0,0,0,0,0
130993,4,1,2000,0,0,0,0,0,0,0,0,0,0
130993,5,1,2000,0,0,0,0,0,0,0,0,0,0
130994,1,1,2000,0,0,0,0,0,0,0,0,0,0
130994,2,1,2000,0,0,0,0,0,0,0,0,0,0
130995,1,1,2000,0,0,0,0,0,0,0,7,0,0
130996,1,1,2000,0,0,0,0,0,0,0,0,0,0
130996,2,1,2000,0,0,0,0,0,0,0,0,0,0
130997,1,1,2000,0,0,0,0,0,0,0,0,0,0
130997,2,1,2000,0,0,0,0,0,0,0,0,0,0
130998,1,1,2000,11,11,11,11,11,11,11,11,11,11
130999,1,1,2000,0,0,0,0,0,0,0,0,0,0
131000,1,1,2000,19,19,19,19,19,19,19,19,19,19
131001,1,1,2000,0,0,0,0,0,0,0,0,0,0
131001,2,1,2000,0,0,0,0,0,0,0,0,0,0
131002,1,1,2000,0,0,0,0,0,0,0,0,0,0
131002,2,1,2000,21,0,0,0,0,0,0,0,0,0
131003,1,1,2000,0,0,0,0,0,0,0,0,0,0
131003,2,1,2000,0,0,0,0,0,0,0,0,0,0
131004,1,1,2000,0,0,0,0,0,0,0,0,0,0
131004,2,1,2000,0,0,0,0,0,0,0,0,0,0
131005,1,1,2000,0,0,0,0,0,0,0,0,0,0
131005,2,1,2000,0,0,0,0,0,0,0,0,0,0
131005,3,1,2000,0,0,0,0,0,0,0,0,0,0
131006,1,1,2000,0,0,0,0,0,0,0,0,0,0
131007,1,1,2000,10,10,10,10,10,10,10,10,10,10
131008,1,1,2000,0,0,0,0,0,0,0,0,0,0
131009,1,1,2000,0,0,0,0,0,0,0,0,0,0
131009,2,1,2000,0,0,0,0,0,0,0,0,0,0
131010,0,1,2000,0,0,0,0,0,0,0,0,0,0
131010,1,1,2000,0,0,0,0,0,0,0,0,0,0
131011,1,1,2000,0,0,0,0,0,0,0,0,0,0
131011,2,1,2000,0,0,0,0,0,0,0,0,0,0
131012,1,1,2000,0,0,0,0,0,0,15,0,0,16
131012,2,1,2000,33,8,12,0,23,5,17,0,19,13
131013,1,1,2000,11,0,31,17,0,17,22,26,6,0
131014,1,1,2000,0,13,0,0,0,0,0,0,0,0
131014,2,1,2000,0,0,0,0,0,0,0,0,0,0
131015,0,1,2000,0,0,0,0,0,0,0,0,0,0
131015,1,1,2000,0,0,0,0,0,0,0,0,0,0
131015,2,1,2000,0,0,0,0,0,0,0,0,0,0
131016,1,1,2000,0,0,0,0,0,0,0,0,0,0
131016,2,1,2000,10,8,0,10,23,12,0,6,15,0
131017,1,1,2000,0,0,0,0,0,0,0,0,0,0
131018,1,1,2000,18,18,18,18,18,18,18,18,18,18
131019,1,1,2000,0,0,0,0,0,0,0,0,0,0
131020,1,1,2000,0,0,0,0,0,0,0,0,0,0
131020,2,1,2000,0,0,0,0,0,0,0,0,0,0
131021,1,1,2000,15,0,0,0,0,0,0,0,0,0
131021,2,1,2000,1,1,1,1,1,1,1,1,1,1
131022,1,1,2000,0,0,0,0,0,0,0,0,0,0
131022,2,1,2000,7,7,7,7,7,7,7,7,7,7
131023,1,1,2000,17,17,17,17,17,17,17,17,17,17
131023,2,1,2000,0,0,0,0,0,0,0,0,0,0
131024,1,1,2000,21,21,21,21,21,21,21,21,21,21
131025,1,1,2000,2,2,2,2,2,2,2,2,2,2
131026,1,1,2000,3,3,3,3,3,3,3,3,3,3
131027,1,1,2000,0,0,26,0,0,0,0,0,0,0
131027,2,1,2000,0,0,0,0,0,0,0,0,0,0
131027,3,1,2000,0,0,10,0,0,0,0,0,0,11
131028,1,1,2000,0,0,0,0,17,0,0,0,0,0
131028,2,1,2000,0,0,0,0,0,0,0,0,0,0
131029,1,1,2000,15,15,15,15,15,15,15,15,15,15
131030,1,1,2000,0,0,17,0,0,0,23,0,0,17
131031,1,1,2000,15,0,0,19,0,0,0,0,24,0
131032,1,1,2000,14,14,14,14,14,14,14,14,14,14
131032,2,1,2000,1,1,1,1,1,1,1,1,1,1
131033,1,1,2000,0,0,0,0,0,0,0,0,0,0
131033,2,1,2000,0,0,0,0,17,0,0,0,0,0
131034,0,1,2000,0,18,0,0,0,0,30,0,0,30
131034,1,1,2000,0,0,0,0,0,0,0,0,0,0
131035,1,1,2000,0,0,0,0,0,0,0,0,0,0
131036,1,1,2000,0,0,0,0,0,0,0,0,0,0
131037,0,1,2000,1,1,1,1,1,1,1,1,1,1
131037,0,2,2000,0,0,0,0,0,0,0,0,0,0
131037,1,1,2000,0,0,0,0,0,0,0,0,0,0
131038,1,1,2000,0,0,0,0,0,0,0,0,0,0
131038,2,1,2000,0,0,0,0,0,0,0,0,0,0
131039,1,1,2000,17,17,17,17,17,17,17,17,17,17
131040,1,1,2000,0,0,0,0,0,0,0,0,0,0
131040,2,1,2000,0,0,0,0,0,0,0,0,0,0
131041,1,1,2000,0,0,0,0,0,0,0,0,0,0
131041,2,1,2000,0,0,0,0,0,0,0,0,0,0
131042,1,1,2000,0,0,0,0,0,0,0,0,0,0
131042,2,1,2000,0,14,0,0,0,0,0,13,0,0
131043,1,1,2000,0,8,0,0,0,0,0,0,0,0
131043,2,1,2000,0,0,0,0,0,0,0,0,0,0
131044,1,1,2000,14,19,11,8,0,0,26,16,0,30
131044,2,1,2000,0,0,0,0,0,0,0,0,0,0
131045,1,1,2000,15,9,17,15,16,15,15,0,0,10
131046,1,1,2000,0,0,0,0,0,0,0,0,0,0
131046,2,1,2000,0,0,0,0,0,0,0,0,0,0
131047,1,1,2000,0,0,0,0,0,0,0,0,0,0
131048,1,1,2000,11,15,0,18,2,5,3,7,19,18
131049,1,1,2000,0,0,0,0,0,0,0,0,0,0
131049,2,1,2000,0,0,0,0,0,0,0,0,0,0
131050,0,1,2000,0,0,0,0,0,0,0,0,0,0
131050,1,1,2000,0,0,0,0,0,0,0,0,0,0
131051,1,1,2000,10,10,10,10,10,10,10,10,10,10
131052,1,1,2000,13,13,13,13,13,13,13,13,13,13
131053,1,1,2000,0,0,0,0,0,0,0,0,0,0
131053,2,1,2000,0,0,0,0,0,0,0,0,0,0
131053,3,1,2000,0,0,0,0,0,0,0,0,0,0
131053,4,1,2000,0,0,0,0,0,0,0,0,0,0
131054,1,1,2000,8,0,0,0,0,0,0,0,0,0
131055,1,1,2000,0,0,0,0,0,0,0,0,0,0
131055,2,1,2000,0,0,0,0,0,0,0,0,0,0
131055,3,1,2000,0,0,0,0,0,0,0,0,0,0
131056,0,1,2000,17,0,0,19,23,31,5,24,26,14
131056,1,1,2000,17,0,12,0,0,0,0,0,0,0
131057,1,1,2000,7,7,7,7,7,7,7,7,7,7
131057,2,1,2000,0,0,0,0,0,0,0,0,0,0
131057,3,1,2000,0,15,0,0,0,20,0,0,0,0
131058,1,1,2000,0,0,0,0,0,0,0,0,0,0
131059,1,1,2000,28,28,28,28,28,28,28,28,28,28
131060,1,1,2000,28,28,28,28,28,28,28,28,28,28
131061,0,1,2000,27,27,27,27,27,27,27,27,27,27
131061,1,1,2000,0,0,0,3,0,0,0,0,0,0
131061,2,1,2000,19,0,0,0,6,0,0,0,0,0
131062,1,1,2000,0,0,0,0,0,0,0,0,0,0
131063,1,1,2000,0,0,0,0,0,0,0,0,0,0
131064,1,1,2000,0,0,0,21,0,0,0,3,0,0
131065,1,1,2000,0,0,0,0,0,0,0,0,0,0
131066,1,1,2000,0,0,0,0,0,0,0,0,0,0
131066,2,1,2000,0,0,0,0,0,0,0,0,0,0
131067,1,1,2000,9,9,9,9,9,9,9,9,9,9
131068,1,1,2000,20,20,20,20,20,20,20,20,20,20
131069,1,1,2000,0,0,0,0,0,0,0,0,0,0
131069,2,1,2000,0,0,0,0,0,0,0,0,0,0
131070,1,1,2000,0,0,0,0,0,0,0,0,0,0
131070,2,1,2000,0,0,0,0,0,0,0,0,0,0
131071,1,1,2000,28,11,12,20,20,18,12,29,8,0
131072,1,1,2000,0,0,0,0,0,0,0,0,0,0
131072,2,1,2000,0,0,0,0,0,0,0,0,0,0
131073,0,1,2000,43,0,14,35,0,23,23,0,0,10
131073,1,1,2000,0,0,4,0,0,0,20,0,0,0
131074,1,1,2000,0,0,0,0,0,0,0,0,0,0
131075,1,1,2000,24,24,24,24,24,24,24,24,24,24
131076,1,1,2000,0,0,0,0,0,0,0,0,0,0
131076,2,1,2000,0,0,0,0,0,0,0,0,0,0
131076,3,1,2000,0,0,0,0,0,0,0,0,0,0
131077,1,1,2000,15,15,15,15,15,15,15,15,15,15
131078,1,1,2000,0,0,0,0,0,0,0,0,0,0
131079,1,1,2000,14,14,14,14,14,14,14,14,14,14
131079,2,1,2000,0,0,0,0,0,0,0,0,0,0
131080,1,1,2000,5,5,5,5,5,5,5,5,5,5
131081,1,1,2000,0,0,0,0,0,0,0,0,0,0
131082,1,1,2000,28,28,28,28,28,28,28,28,28,28
131083,1,1,2000,18,18,18,18,18,18,18,18,18,18
131084,1,1,2000,7,21,0,28,0,18,8,15,0,16
131085,1,1,2000,0,0,0,0,0,0,0,0,0,0
131085,2,1,2000,13,18,15,5,0,2,8,0,0,0
131086,1,1,2000,0,0,0,0,0,0,0,0,0,0
131087,1,1,2000,0,0,0,0,0,0,0,0,0,0
131087,2,1,2000,0,0,0,0,0,0,0,0,0,0
131088,1,1,2000,0,0,0,0,0,0,0,0,0,0
131088,2,1,2000,0,0,0,0,0,0,0,0,0,0
131089,1,1,2000,0,0,0,0,0,0,0,0,0,0
131090,1,1,2000,19,13,12,16,24,26,5,23,30,15
131091,1,1,2000,12,12,12,12,12,12,12,12,12,12
131091,2,1,2000,0,0,0,0,0,0,0,0,0,0
131092,1,1,2000,0,7,0,0,26,11,0,25,0,0
131093,1,1,2000,0,0,0,0,20,0,0,0,0,0
131094,1,1,2000,22,22,22,22,22,22,22,22,22,22
131095,1,1,2000,21,21,21,21,21,21,21,21,21,21
131096,1,1,2000,0,0,0,0,0,0,0,0,0,0
131097,1,1,2000,0,0,0,0,0,0,0,0,0,0
131098,1,1,2000,0,0,0,0,0,0,0,0,0,0
131098,2,1,2000,0,0,0,0,0,0,0,0,0,0
131099,1,1,2000,0,0,0,0,0,0,0,0,0,0
131100,1,1,2000,0,0,0,0,0,0,0,0,0,0
131100,2,1,2000,0,0,0,0,0,0,0,0,0,0
131101,1,1,2000,6,0,0,0,0,0,0,0,17,0
131101,2,1,2000,0,0,0,0,0,0,0,0,0,0
131102,1,1,2000,29,29,29,29,29,29,29,29,29,29
131102,2,1,2000,0,0,0,0,0,0,0,0,0,0
131103,1,1,2000,19,19,19,19,19,19,19,19,19,19
131104,1,1,2000,0,0,0,0,0,0,0,0,0,0
131105,1,1,2000,29,29,29,29,29,29,29,29,29,29
131106,1,1,2000,6,6,6,6,6,6,6,6,6,6
131106,2,1,2000,0,0,0,0,0,0,0,0,0,0
131107,0,1,2000,0,0,0,0,0,0,0,0,0,0
131107,1,1,2000,0,0,0,0,0,0,0,0,0,0
131108,1,1,2000,0,0,0,0,0,0,0,0,0,0
131109,1,1,2000,0,0,0,0,0,0,0,0,0,0
131109,2,1,2000,0,0,0,0,0,0,0,0,0,0
131110,1,1,2000,0,0,10,16,14,11,0,0,23,0
131111,1,1,2000,0,0,0,0,0,0,0,0,0,0
131112,1,1,2000,0,0,0,0,0,0,0,0,0,0
131112,2,1,2000,0,0,0,0,0,0,0,0,0,0
131113,1,1,2000,15,15,15,15,15,15,15,15,15,15
131113,2,1,2000,0,0,0,0,0,0,0,0,0,0
131114,1,1,2000,29,29,29,29,29,29,29,29,29,29
131114,2,1,2000,0,0,0,0,0,0,0,0,0,0
131115,1,1,2000,0,0,0,0,0,0,0,0,0,0
131116,1,1,2000,0,0,0,0,0,0,0,0,0,0
131116,2,1,2000,0,0,0,0,0,0,0,0,0,0
131117,1,1,2000,0,0,0,0,0,0,0,0,0,0
131117,2,1,2000,0,0,0,0,0,0,0,0,0,0
131118,1,1,2000,0,0,29,0,0,0,0,11,0,0
131118,2,1,2000,0,0,0,0,0,0,0,0,0,0
131118,3,1,2000,0,8,0,0,0,0,0,0,0,0
131119,1,1,2000,0,0,0,0,0,0,0,0,0,0
131119,2,1,2000,0,0,0,0,0,0,0,0,0,0
131120,1,1,2000,20,20,20,20,20,20,20,20,20,20
131120,2,1,2000,0,0,0,0,0,0,0,0,0,0
131121,1,1,2000,0,0,0,0,0,0,0,0,0,0
131122,1,1,2000,0,0,0,0,0,0,0,0,0,0
131122,2,1,2000,0,0,0,10,0,0,0,0,0,0
131123,1,1,2000,0,0,0,0,0,0,0,0,0,0
131124,1,1,2000,0,0,0,0,0,0,0,0,0,0
131125,1,1,2000,0,0,0,0,0,0,0,0,0,0
131126,1,1,2000,11,11,11,11,11,11,11,11,11,11
131126,2,1,2000,0,0,0,0,0,8,0,6,0,0
131127,1,1,2000,0,0,0,0,0,0,0,0,0,0
131127,2,1,2000,0,0,0,0,0,0,0,0,0,0
131128,1,1,2000,19,19,19,19,19,19,19,19,19,19
131129,0,1,2000,9,5,21,30,0,18,47,21,12,26
131129,1,1,2000,0,0,4,0,0,0,0,0,0,0
131130,1,1,2000,0,0,0,0,0,0,0,0,0,0
131131,1,1,2000,0,0,0,0,0,0,0,0,0,0
131131,2,1,2000,0,0,0,0,0,0,0,0,0,0
131132,1,1,2000,0,0,0,0,0,0,0,0,0,0
131132,2,1,2000,19,8,8,17,13,11,0,19,0,11