ST_CASE,VEH_NO,PER_NO,YEAR,P1,P2,P3,P4,P5,P6,P7,P8,P9,P10
131133,1,1,2000,0,0,0,0,0,0,0,0,0,0
131133,2,1,2000,0,0,0,0,0,0,0,0,0,0
131133,3,1,2000,0,0,0,10,0,0,0,0,0,0
131134,1,1,2000,29,14,21,27,11,23,12,11,16,13
131135,1,1,2000,22,13,7,27,8,9,36,23,23,9
131136,1,1,2000,0,0,0,0,0,0,0,0,0,0
131137,1,1,2000,0,0,0,0,0,0,0,0,0,0
131138,1,1,2000,0,0,0,0,0,0,0,0,0,0
131138,2,1,2000,0,0,0,0,0,0,0,0,0,0
131139,1,1,2000,0,0,0,0,0,0,0,0,0,0
131139,2,1,2000,13,13,13,13,13,13,13,13,13,13
131140,1,1,2000,0,0,0,0,0,0,0,0,0,0
131141,1,1,2000,19,19,19,19,19,19,19,19,19,19
131141,2,1,2000,0,0,0,0,0,0,0,0,0,0
131142,1,1,2000,0,0,0,0,0,0,0,0,0,0
131142,2,1,2000,0,0,0,0,0,0,0,0,0,0
131143,1,1,2000,0,0,0,0,0,0,0,0,0,0
131143,2,1,2000,0,0,0,0,0,0,0,0,0,0
131144,1,1,2000,0,0,10,0,0,0,0,0,25,21
131145,0,1,2000,0,0,31,17,0,11,0,0,16,30
131145,1,1,2000,0,0,0,0,0,0,0,0,0,0
131146,1,1,2000,0,0,0,0,0,0,0,0,0,0
131146,2,1,2000,0,0,0,0,0,0,0,0,0,0
131147,1,1,2000,0,0,0,0,0,0,0,0,0,0
131147,2,1,2000,0,0,0,0,0,0,0,0,0,0
131147,3,1,2000,0,0,0,0,0,0,0,0,0,0
131148,1,1,2000,8,8,8,8,8,8,8,8,8,8
131148,2,1,2000,0,0,0,0,0,0,0,0,0,0
131148,3,1,2000,0,0,0,0,0,0,0,0,0,0
131148,4,1,2000,0,0,0,0,0,0,0,0,0,0
131149,1,1,2000,0,0,0,0,0,0,0,0,0,0
131150,1,1,2000,0,0,0,0,0,0,0,0,0,0
131150,2,1,2000,15,9,0,0,8,0,23,0,16,0
131151,1,1,2000,0,0,0,0,28,0,0,0,0,0
131151,2,1,2000,0,0,0,0,0,0,0,0,0,0
131151,3,1,2000,0,0,0,0,0,0,0,0,0,0
131152,1,1,2000,18,15,0,11,21,5,17,19,10,12
131153,1,1,2000,0,0,0,0,0,0,0,0,0,0
131154,1,1,2000,0,0,0,0,0,0,0,0,0,0
131155,0,1,2000,0,12,0,10,25,25,0,19,13,0
131155,1,1,2000,0,0,0,23,0,0,4,0,0,0
131156,1,1,2000,0,0,0,0,0,0,0,0,0,0
131156,2,1,2000,0,0,0,0,0,0,0,0,0,0
131157,0,1,2000,0,11,0,21,0,14,28,0,0,0
131157,1,1,2000,0,0,0,0,0,0,0,0,0,0
131158,1,1,2000,0,0,0,0,0,0,0,0,17,11
131158,2,1,2000,0,0,0,0,0,0,0,0,0,0
131159,1,1,2000,0,0,0,0,0,0,0,0,0,0
131159,2,1,2000,0,0,0,0,0,0,0,0,0,0
131160,1,1,2000,0,0,0,0,2,0,17,10,0,0
131161,1,1,2000,27,27,27,27,27,27,27,27,27,27
131161,2,1,2000,0,0,0,0,0,0,0,0,0,0
131162,1,1,2000,21,21,21,21,21,21,21,21,21,21
131163,1,1,2000,0,29,0,0,0,0,0,0,0,0
131163,2,1,2000,0,0,0,5,0,0,0,0,0,0
131164,1,1,2000,0,0,0,0,0,0,0,0,0,0
131164,2,1,2000,0,0,0,0,0,0,0,0,0,0
131165,1,1,2000,20,20,20,20,20,20,20,20,20,20
131166,1,1,2000,15,15,15,15,15,15,15,15,15,15
131167,1,1,2000,0,0,0,0,0,0,0,0,0,0
131168,1,1,2000,0,0,0,0,0,0,0,0,0,0
131168,2,1,2000,0,0,9,0,0,0,0,0,0,0
131168,3,1,2000,0,0,0,0,0,0,0,0,0,0
131169,1,1,2000,0,0,0,0,0,0,0,0,0,0
131169,2,1,2000,0,0,0,0,0,0,0,0,0,10
131170,1,1,2000,17,17,17,17,17,17,17,17,17,17
131171,1,1,2000,0,0,0,0,0,0,0,0,0,0
131172,1,1,2000,0,0,0,0,0,0,0,0,0,0
131172,2,1,2000,0,0,0,0,0,0,0,0,0,0
131173,1,1,2000,0,0,0,0,0,0,0,0,0,0
131173,2,1,2000,0,0,0,0,0,0,0,0,0,0
131174,1,1,2000,21,21,21,21,21,21,21,21,21,21
131175,1,1,2000,0,0,0,0,0,0,0,0,0,0
131175,2,1,2000,0,0,0,0,0,0,0,0,0,0
131175,3,1,2000,0,0,0,0,0,0,0,0,0,0
131176,1,1,2000,26,20,19,10,0,31,5,0,11,20
131177,1,1,2000,0,0,0,0,0,0,0,0,0,0
131177,2,1,2000,0,0,0,0,0,0,0,0,0,0
131178,1,1,2000,0,0,0,0,0,0,0,0,0,0
131178,2,1,2000,0,0,0,0,0,0,0,0,0,0
131180,1,1,2000,0,0,0,0,0,0,0,0,0,0
131181,1,1,2000,23,23,23,23,23,23,23,23,23,23
131182,1,1,2000,0,0,0,0,0,0,0,0,0,0
131182,2,1,2000,21,0,18,0,12,0,0,10,0,17
131182,3,1,2000,0,0,0,0,0,0,0,0,0,0
131183,1,1,2000,12,12,12,12,12,12,12,12,12,12
131183,2,1,2000,0,0,0,0,0,0,0,0,0,0
131184,1,1,2000,0,0,0,0,0,0,0,0,0,0
131184,2,1,2000,0,0,0,0,0,0,0,0,0,0
131184,3,1,2000,0,0,0,0,0,0,0,0,0,0
131185,1,1,2000,0,19,0,0,7,0,0,0,10,22
131185,2,1,2000,0,12,0,29,12,0,0,7,0,0
131186,1,1,2000,19,19,19,19,19,19,19,19,19,19
131187,1,1,2000,0,0,0,0,0,0,0,0,0,0
131187,2,1,2000,0,0,0,0,0,0,0,0,0,0
131187,3,1,2000,0,0,0,0,0,0,0,0,0,0
131188,1,1,2000,0,0,0,0,0,14,23,37,0,0
131189,1,1,2000,0,0,0,0,0,0,0,0,0,0
131189,2,1,2000,4,4,4,4,4,4,4,4,4,4
131190,1,1,2000,0,0,0,19,0,0,0,0,0,0
131191,1,1,2000,0,0,0,0,0,0,0,0,0,0
131192,0,1,2000,0,0,0,0,0,0,0,0,0,0
131192,1,1,2000,0,0,0,0,0,0,0,0,0,0
131193,1,1,2000,0,0,0,0,0,0,0,0,0,0
131193,2,1,2000,0,0,0,0,0,0,0,0,0,0
131194,1,1,2000,0,0,0,0,0,0,0,0,0,0
131194,2,1,2000,0,0,0,0,0,0,0,0,0,0
131195,0,1,2000,17,17,17,17,17,17,17,17,17,17
131195,1,1,2000,0,0,0,0,0,0,0,0,0,0
131196,1,1,2000,0,0,0,0,0,0,0,0,0,0
131196,2,1,2000,0,0,0,0,0,0,0,0,0,0
131197,1,1,2000,32,26,22,0,22,28,22,18,16,19
131198,1,1,2000,11,11,11,11,11,11,11,11,11,11
131199,1,1,2000,0,0,0,0,0,0,0,0,0,0
131200,1,1,2000,0,0,0,0,0,0,0,0,0,0
131201,1,1,2000,0,0,0,0,0,0,0,0,0,0
131201,2,1,2000,0,0,0,0,0,0,0,0,0,0
131202,1,1,2000,0,0,0,0,0,0,0,0,0,0
131202,2,1,2000,0,0,0,0,0,0,0,0,0,0
131202,3,1,2000,0,0,0,0,0,0,0,0,0,0
131203,1,1,2000,0,0,0,0,0,0,0,0,0,0
131203,2,1,2000,0,0,0,0,0,0,0,0,0,0
131203,3,1,2000,0,0,0,0,0,0,0,10,0,0
131203,4,1,2000,0,0,0,3,0,0,0,0,0,0
131204,0,1,2000,0,0,0,0,0,0,0,0,0,0
131204,1,1,2000,0,0,0,0,0,0,0,0,0,0
131205,0,1,2000,0,0,0,0,0,0,0,0,0,0
131205,1,1,2000,0,0,0,0,0,0,0,0,0,0
131206,1,1,2000,0,0,0,0,0,0,0,0,0,0
131207,1,1,2000,0,0,0,0,0,0,0,0,0,2
131207,2,1,2000,0,0,0,0,0,0,0,0,0,0
131208,1,1,2000,0,0,0,0,0,0,0,0,0,0
131208,2,1,2000,0,0,0,0,0,0,0,0,0,0
131209,1,1,2000,0,0,0,0,0,0,0,0,0,0
131209,2,1,2000,0,0,0,0,0,0,0,0,0,0
131209,3,1,2000,0,0,0,0,0,0,0,0,0,0
131210,1,1,2000,0,0,0,0,0,0,0,0,0,0
131210,2,1,2000,0,0,0,0,0,0,0,0,0,21
131211,1,1,2000,0,0,0,0,0,0,0,0,0,0
131211,2,1,2000,0,0,0,0,0,0,0,0,0,0
131212,1,1,2000,16,17,16,0,26,0,0,0,0,0
131212,2,1,2000,0,0,0,0,0,0,0,0,0,0
131213,1,1,2000,0,0,0,0,0,0,0,0,0,0
131213,2,1,2000,12,0,0,14,0,0,0,0,0,0
131214,1,1,2000,13,13,13,13,13,13,13,13,13,13
131214,2,1,2000,0,0,0,0,0,0,0,0,0,0
131215,0,1,2000,0,0,0,0,0,0,0,0,0,0
131215,1,1,2000,0,0,0,0,0,0,0,0,0,0
131216,1,1,2000,0,0,0,0,0,0,0,0,0,0
131216,2,1,2000,0,0,0,0,0,0,0,0,0,0
131216,3,1,2000,0,0,0,0,0,0,0,0,0,0
131216,4,1,2000,0,0,0,0,0,0,0,0,0,0
131217,1,1,2000,26,26,26,26,26,26,26,26,26,26
131217,2,1,2000,0,0,0,0,0,0,9,0,0,0
131218,0,1,2000,0,23,26,29,38,0,17,12,28,8
131218,2,1,2000,0,0,0,0,0,0,0,0,0,0
131218,3,1,2000,0,0,0,0,0,0,0,0,0,0
131219,1,1,2000,11,11,11,11,11,11,11,11,11,11
131220,1,1,2000,0,0,0,4,0,0,0,0,0,0
131221,0,1,2000,0,0,0,0,0,0,0,0,0,0
131221,1,1,2000,0,0,0,0,0,0,0,0,0,0
131222,1,1,2000,22,22,22,22,22,22,22,22,22,22
131223,1,1,2000,22,22,22,22,22,22,22,22,22,22
131224,1,1,2000,16,16,16,16,16,16,16,16,16,16
131225,1,1,2000,23,13,12,17,15,9,15,7,20,11
131226,0,1,2000,14,14,14,14,14,14,14,14,14,14
131226,1,1,2000,0,0,0,0,0,0,0,0,0,0
131228,0,1,2000,16,3,15,52,23,13,20,24,0,23
131228,2,1,2000,0,0,0,0,0,0,0,0,0,0
131229,1,1,2000,0,6,0,12,0,9,0,0,0,0
131229,2,1,2000,0,0,0,0,0,0,0,0,0,0
131230,1,1,2000,0,0,0,0,0,0,0,0,0,0
131231,1,1,2000,0,0,0,0,0,0,0,0,0,0
131231,2,1,2000,0,0,0,0,0,0,0,0,0,0
131231,3,1,2000,0,0,0,0,0,0,0,0,0,0
131232,0,1,2000,0,0,0,0,0,0,0,0,0,0
131232,1,1,2000,0,0,0,0,0,0,0,0,0,0
131233,1,1,2000,0,30,10,0,0,11,0,0,0,12
131234,1,1,2000,24,24,24,24,24,24,24,24,24,24
131235,1,1,2000,0,0,0,0,0,0,0,0,0,0
131235,2,1,2000,0,0,0,0,0,0,0,0,0,0
131236,0,1,2000,36,31,13,17,23,0,27,14,33,0
131236,1,1,2000,0,0,0,0,0,0,0,0,0,0
131237,1,1,2000,0,0,0,0,0,0,0,0,0,0
131238,1,1,2000,0,0,0,0,0,0,0,0,0,0
131238,2,1,2000,0,0,0,0,0,0,0,0,0,0
131239,1,1,2000,0,0,0,0,0,0,0,0,0,0
131239,2,1,2000,0,0,0,0,0,0,0,0,0,0
131240,1,1,2000,0,0,0,0,0,0,0,0,0,0
131241,1,1,2000,0,0,0,0,0,0,0,0,0,0
131241,2,1,2000,0,0,0,0,0,0,0,0,0,0
131242,1,1,2000,0,0,0,0,0,0,0,0,0,0
131242,2,1,2000,0,0,0,0,0,0,0,0,0,0
131243,1,1,2000,0,0,0,0,0,0,0,0,0,0
131243,2,1,2000,0,0,0,0,0,0,0,0,0,0
131243,3,1,2000,0,0,0,0,0,0,0,0,0,0
131244,1,1,2000,0,0,0,0,0,0,0,0,0,0
131244,2,1,2000,0,0,0,0,0,0,0,0,0,0
131245,1,1,2000,0,0,0,0,0,0,0,0,0,0
131245,2,1,2000,0,0,0,0,0,0,0,0,0,0
131246,1,1,2000,16,16,16,16,16,16,16,16,16,16
131247,1,1,2000,8,8,8,8,8,8,8,8,8,8
131248,1,1,2000,0,0,0,0,0,0,0,0,0,0
131249,1,1,2000,30,0,0,16,14,17,0,21,0,15
131250,1,1,2000,18,18,18,18,18,18,18,18,18,18
131251,1,1,2000,0,0,0,0,0,0,0,0,0,0
131251,2,1,2000,0,0,0,0,0,0,0,0,0,0
131252,1,1,2000,0,0,0,0,0,0,0,0,0,0
131253,1,1,2000,2,2,2,2,2,2,2,2,2,2
131253,2,1,2000,0,0,0,0,0,0,0,0,0,0
131254,1,1,2000,17,17,17,17,17,17,17,17,17,17
131255,1,1,2000,0,0,0,17,0,0,0,0,0,0
131255,2,1,2000,0,0,0,0,0,0,0,0,0,0
131256,1,1,2000,0,0,0,0,0,0,0,0,0,0
131256,2,1,2000,0,0,0,0,0,0,0,0,0,0
131257,1,1,2000,20,19,5,16,28,7,20,33,19,15
131259,1,1,2000,0,0,0,0,0,0,0,0,0,0
131259,2,1,2000,0,0,0,0,0,0,0,0,0,0
131259,3,1,2000,0,0,0,0,0,0,0,0,0,0
131260,1,1,2000,4,4,4,4,4,4,4,4,4,4
131260,2,1,2000,0,0,0,0,0,0,0,0,0,0
131261,1,1,2000,7,28,0,21,18,8,0,0,16,19
131262,1,1,2000,17,17,17,17,17,17,17,17,17,17
131263,1,1,2000,0,0,0,0,0,0,0,0,0,0
131263,2,1,2000,0,0,0,0,0,0,0,0,0,0
131264,0,1,2000,0,0,0,6,0,0,0,0,0,0
131264,1,1,2000,0,0,0,0,0,0,0,0,0,3
131265,0,1,2000,0,0,0,0,0,0,0,0,0,0
131265,1,1,2000,0,0,0,0,0,0,0,0,0,0
131266,1,1,2000,0,0,0,0,0,10,0,0,0,0
131266,2,1,2000,0,0,0,0,0,0,0,0,0,0
131267,1,1,2000,0,0,0,0,0,0,0,0,0,0
131267,2,1,2000,0,0,5,0,0,0,0,0,0,0
131267,3,1,2000,0,0,0,20,0,0,25,0,0,13
131268,1,1,2000,6,6,6,6,6,6,6,6,6,6
131269,1,1,2000,18,18,18,18,18,18,18,18,18,18
131270,0,1,2000,0,0,0,0,0,0,0,0,0,0
131270,1,1,2000,0,0,0,0,0,0,0,0,0,0
131271,1,1,2000,0,0,19,0,0,0,10,0,4,0
131272,1,1,2000,0,0,0,0,0,0,0,0,0,0
131272,2,1,2000,0,0,0,0,0,0,0,0,0,0
131273,1,1,2000,26,26,26,26,26,26,26,26,26,26
131273,2,1,2000,0,0,0,0,0,0,0,0,0,0
131274,1,1,2000,16,21,8,19,0,26,18,17,9,16
131275,1,1,2000,0,0,0,0,0,0,0,0,0,0
131276,0,1,2000,0,0,0,0,0,0,0,0,0,0
131276,1,1,2000,0,0,0,0,0,0,0,0,0,0
131277,0,1,2000,0,0,0,0,0,0,0,0,0,0
131277,1,1,2000,0,0,0,0,0,0,0,0,0,0
131278,1,1,2000,15,15,15,15,15,15,15,15,15,15
131279,1,1,2000,17,17,17,17,17,17,17,17,17,17
131280,1,1,2000,14,0,16,0,0,12,15,25,31,0
131281,1,1,2000,8,8,8,8,8,8,8,8,8,8
131282,1,1,2000,0,0,0,0,0,0,0,0,0,0
131282,2,1,2000,0,14,0,0,0,0,0,0,0,0
131282,3,1,2000,0,0,0,0,0,0,0,0,0,0
131283,1,1,2000,16,0,0,13,0,0,0,0,16,0
131284,1,1,2000,0,0,0,0,0,0,0,0,0,0
131285,1,1,2000,13,13,13,13,13,13,13,13,13,13
131285,2,1,2000,0,0,0,0,0,0,0,0,0,0
131286,1,1,2000,16,16,16,16,16,16,16,16,16,16
131287,1,1,2000,0,0,0,0,0,0,0,0,0,0
131287,2,1,2000,0,0,0,0,0,0,0,0,0,0
131288,0,1,2000,0,0,0,0,0,0,0,0,0,0
131288,1,1,2000,0,0,0,0,0,0,0,0,0,0
131289,1,1,2000,0,0,0,0,0,0,0,0,0,0
131289,2,1,2000,0,0,0,0,0,0,0,0,0,0
131290,1,1,2000,19,19,19,19,19,19,19,19,19,19
131290,2,1,2000,0,0,0,0,18,0,0,0,0,0
131290,3,1,2000,0,0,0,0,0,0,0,0,0,0
131290,4,1,2000,0,0,0,0,0,0,0,0,0,0
131291,1,1,2000,13,0,0,0,0,0,0,0,0,0
131292,1,1,2000,12,23,6,22,8,26,14,8,18,18
131293,1,1,2000,0,0,0,0,0,0,0,0,0,0
131293,2,1,2000,0,0,0,0,0,0,0,0,0,0
131293,3,1,2000,0,0,0,0,0,0,0,0,0,0
131294,1,1,2000,4,4,4,4,4,4,4,4,4,4
131295,1,1,2000,11,0,0,0,0,0,0,13,0,0
131296,1,1,2000,0,0,0,0,0,0,0,0,0,0
131296,2,1,2000,0,0,0,0,0,0,0,0,0,0
131297,0,1,2000,32,32,32,32,32,32,32,32,32,32
131297,1,1,2000,0,0,0,0,0,0,0,0,0,0
131298,1,1,2000,0,0,0,0,0,0,0,0,0,0
131298,2,1,2000,0,0,0,0,0,0,0,0,0,0
131298,3,1,2000,0,0,0,0,0,0,0,0,0,0
131299,0,1,2000,0,0,0,0,0,0,0,0,0,0
131299,1,1,2000,0,0,0,0,0,0,0,0,0,0
131300,1,1,2000,0,0,0,0,0,0,0,0,0,0
131301,1,1,2000,0,11,0,15,0,3,0,0,0,0
131302,1,1,2000,0,0,0,0,0,0,0,0,0,0
131303,1,1,2000,0,0,0,0,0,0,0,0,0,0
131304,1,1,2000,0,0,0,0,0,0,0,0,0,0
131304,2,1,2000,0,0,0,0,0,0,0,0,0,0
131304,3,1,2000,0,0,0,0,0,0,0,0,0,0
131305,1,1,2000,0,0,0,0,0,0,0,0,0,0
131305,2,1,2000,0,0,0,0,0,0,0,0,0,0
131306,0,1,2000,22,30,0,0,0,0,10,0,0,0
131306,1,1,2000,0,0,0,0,0,0,0,0,0,0
131307,1,1,2000,0,0,0,0,0,0,0,0,0,0
131307,2,1,2000,0,0,0,0,0,0,0,0,0,0
131308,1,1,2000,20,20,20,20,20,20,20,20,20,20
131309,1,1,2000,0,0,0,0,0,0,0,0,0,0
131310,0,1,2000,0,0,0,0,0,0,0,0,0,0
131310,1,1,2000,18,0,0,0,0,0,0,0,0,0
131311,1,1,2000,0,0,0,0,0,0,0,0,0,0
131312,1,1,2000,0,0,0,0,0,0,0,0,0,0
131313,1,1,2000,16,16,27,18,16,12,16,18,12,16
131314,1,1,2000,13,0,22,5,6,23,0,7,11,0
131315,1,1,2000,0,0,0,0,0,0,0,0,0,0
131315,2,1,2000,0,0,0,0,0,0,0,0,0,0
131316,1,1,2000,0,0,0,0,0,0,0,0,0,0
131316,2,1,2000,0,0,0,0,0,0,0,0,0,0
131317,1,1,2000,0,0,0,0,0,0,0,0,0,0
131318,1,1,2000,0,0,12,0,0,0,0,0,0,0
131319,1,1,2000,0,0,0,0,0,0,0,0,0,0
131319,2,1,2000,0,0,6,20,0,0,0,0,0,0
131320,1,1,2000,29,23,27,19,34,19,20,6,19,26
131321,1,1,2000,0,0,0,0,0,0,0,0,0,0
131322,1,1,2000,30,13,32,13,14,9,42,9,41,17
131323,1,1,2000,10,8,0,0,31,17,22,0,19,13
131323,2,1,2000,0,0,12,0,0,0,0,0,0,0
131323,3,1,2000,0,0,0,0,0,0,0,0,0,0
131324,1,1,2000,31,31,31,31,31,31,31,31,31,31
131325,1,1,2000,0,0,0,0,0,0,0,0,0,0
131325,2,1,2000,0,0,0,0,0,0,0,0,0,0
131326,1,1,2000,0,24,14,11,0,21,7,14,0,0
131327,1,1,2000,0,0,0,0,0,0,0,0,0,0
131327,2,1,2000,0,0,0,0,0,0,0,0,0,0
131328,1,1,2000,0,0,0,0,0,0,0,0,0,0
131329,1,1,2000,0,0,0,5,0,0,0,0,0,0
131329,2,1,2000,0,0,0,0,0,0,0,0,0,0
131331,0,1,2000,16,0,0,0,0,0,0,0,6,0
131332,2,1,2000,0,0,0,0,0,0,0,0,0,0
131333,1,1,2000,0,0,0,0,0,0,30,0,0,0
131334,0,1,2000,0,0,0,0,0,0,0,0,0,0
131334,1,1,2000,0,0,0,0,0,6,0,0,0,0
131335,1,1,2000,10,15,0,0,0,0,20,0,21,0
131336,0,1,2000,0,0,0,0,0,0,0,0,0,0
131336,1,1,2000,0,0,0,0,0,0,0,0,0,0
131337,1,1,2000,0,0,0,0,0,0,0,0,0,0
131337,2,1,2000,0,0,0,0,0,0,0,0,0,0
131337,3,1,2000,0,0,0,0,0,0,0,0,0,0
131338,1,1,2000,0,4,0,18,14,0,16,0,0,13
131339,0,1,2000,0,0,0,0,0,0,0,0,0,0
131339,1,1,2000,0,0,0,0,0,0,17,0,0,0
131340,1,1,2000,0,0,0,0,0,0,0,0,0,0
131340,2,1,2000,0,0,0,0,0,0,0,0,0,0
131341,1,1,2000,0,14,9,11,0,24,0,0,13,12
131342,1,1,2000,3,0,0,0,0,0,0,0,0,0
131342,2,1,2000,0,0,0,0,0,0,0,0,0,0
131343,1,1,2000,0,0,0,0,0,0,0,0,0,0
131344,1,1,2000,14,0,0,16,0,27,23,14,8,0
131345,0,1,2000,0,0,0,0,0,23,6,38,8,14
131345,1,1,2000,0,0,0,0,0,0,0,0,10,0
131346,1,1,2000,10,10,10,10,10,10,10,10,10,10
131347,1,1,2000,0,0,0,0,0,0,0,0,0,0
131348,1,1,2000,0,0,0,0,0,0,0,0,0,0
131348,2,1,2000,0,0,0,0,0,0,0,0,0,0
131349,1,1,2000,0,0,0,2,11,0,0,0,0,0
131349,2,1,2000,11,22,5,0,0,17,0,0,0,0
131350,0,1,2000,0,25,9,30,26,0,14,17,31,30
131350,1,1,2000,0,0,0,0,0,0,0,0,0,0
131351,1,1,2000,11,11,11,11,11,11,11,11,11,11
131352,1,1,2000,0,0,0,0,0,0,0,0,0,0
131352,2,1,2000,0,0,0,0,0,0,0,0,0,0
131353,1,1,2000,0,0,0,0,0,0,0,0,0,0
131353,2,1,2000,0,0,0,0,0,0,0,0,0,0
131354,1,1,2000,28,28,28,28,28,28,28,28,28,28
131354,2,1,2000,0,0,0,0,0,0,0,0,0,0
131354,3,1,2000,0,0,0,0,0,0,0,0,0,0
131355,1,1,2000,27,16,27,20,23,18,20,26,20,26
131356,1,1,2000,0,0,0,0,0,0,0,0,0,0
131356,2,1,2000,0,0,0,0,0,0,0,0,0,0
131357,1,1,2000,0,0,0,0,0,0,0,0,0,0
131357,2,1,2000,0,0,0,0,0,0,0,0,0,0
131358,0,1,2000,0,0,22,18,31,6,0,0,21,0
131358,1,1,2000,0,0,0,0,0,0,0,0,0,0
131359,1,1,2000,0,0,0,0,0,0,0,0,0,0
131359,2,1,2000,0,0,0,0,0,0,0,0,0,0
131360,1,1,2000,0,0,0,0,0,0,0,0,0,0
131361,1,1,2000,17,8,34,0,12,0,22,26,0,12
131362,0,1,2000,9,9,9,9,9,9,9,9,9,9
131362,1,1,2000,0,0,0,0,0,0,0,0,0,0
131363,1,1,2000,0,0,0,0,0,0,0,0,0,0
131363,2,1,2000,0,0,0,0,0,0,0,0,0,0
131364,1,1,2000,0,0,0,0,0,0,0,0,0,0
131364,2,1,2000,0,0,0,0,0,0,0,0,0,0
131365,1,1,2000,0,0,0,0,0,0,0,0,0,0
131366,1,1,2000,24,24,24,24,24,24,24,24,24,24
131366,2,1,2000,0,0,0,0,0,0,0,0,0,0
131367,1,1,2000,39,39,39,39,39,39,39,39,39,39
131368,1,1,2000,0,10,0,0,0,17,0,24,0,12
131368,2,1,2000,12,0,0,0,0,0,0,0,0,0
131369,1,1,2000,0,0,0,22,0,13,0,0,0,0
131370,1,1,2000,13,13,13,13,13,13,13,13,13,13
131371,1,1,2000,23,23,23,23,23,23,23,23,23,23
131372,1,1,2000,16,16,16,16,16,16,16,16,16,16
131372,2,1,2000,0,0,0,0,0,0,0,0,0,0
131372,3,1,2000,0,0,0,0,0,0,0,0,0,0
131373,1,1,2000,0,0,0,0,0,0,0,0,0,0
131374,1,1,2000,0,0,0,0,0,0,0,0,0,0
131375,1,1,2000,0,0,0,0,0,0,0,0,0,0
131375,2,1,2000,0,0,0,0,0,0,0,0,0,0
131376,1,1,2000,0,0,0,0,0,0,0,0,0,0
131376,2,1,2000,0,0,0,0,0,0,0,0,0,5
131377,1,1,2000,19,19,19,19,19,19,19,19,19,19
131378,0,1,2000,29,0,19,37,17,0,0,0,0,25
131378,0,2,2000,0,0,0,0,0,0,0,0,0,0
131378,1,1,2000,0,0,0,0,0,0,0,0,0,0
131378,2,1,2000,0,0,0,0,0,0,0,0,0,12
131379,1,1,2000,0,0,0,0,0,0,0,0,0,0
131379,2,1,2000,0,0,0,0,0,0,0,0,0,0
131379,3,1,2000,0,0,0,0,0,0,0,0,0,0
131380,1,1,2000,16,0,3,16,0,0,11,9,10,20
131380,2,1,2000,0,0,0,0,0,0,0,0,0,0
131381,1,1,2000,0,16,15,16,7,16,0,7,27,14
131381,2,1,2000,17,0,6,0,0,13,17,0,16,5
131382,1,1,2000,2,2,2,2,2,2,2,2,2,2
131382,2,1,2000,0,0,0,0,0,0,0,0,0,0
131382,3,1,2000,7,0,0,0,8,0,0,0,0,0
131383,1,1,2000,0,0,0,0,0,0,0,0,0,0
131384,1,1,2000,0,0,0,0,0,0,0,0,0,0
131384,2,1,2000,0,0,0,0,0,0,0,0,0,0
131385,0,1,2000,0,13,29,33,6,0,9,21,26,30
131385,1,1,2000,0,0,0,0,0,0,0,0,0,0
131386,0,1,2000,0,15,11,0,28,5,0,26,0,11
131386,1,1,2000,0,0,0,0,0,0,0,0,0,0
150001,1,1,2000,25,25,25,25,25,25,25,25,25,25
150002,0,1,2000,0,0,0,0,0,0,0,0,0,0
150002,1,1,2000,0,0,0,0,0,0,0,0,0,0
150003,1,1,2000,0,0,0,0,0,0,0,0,0,0
150003,2,1,2000,0,0,0,0,0,0,0,0,0,0
150003,3,1,2000,0,0,0,0,0,0,0,0,0,0
150004,0,1,2000,0,0,0,0,0,0,0,0,0,0
150004,1,1,2000,0,0,0,0,0,0,0,0,0,0
150005,0,1,2000,0,0,0,0,0,0,0,0,0,0
150005,1,1,2000,0,0,0,0,0,0,0,0,0,0
150006,1,1,2000,15,15,15,15,15,15,15,15,15,15
150007,1,1,2000,0,0,0,0,0,0,0,0,0,0
150007,2,1,2000,0,0,0,0,0,0,0,0,0,0
150008,1,1,2000,19,19,19,19,19,19,19,19,19,19
150009,1,1,2000,15,23,26,13,21,18,28,35,30,30
150010,1,1,2000,0,0,0,0,0,0,0,0,0,0
150010,2,1,2000,0,0,0,0,0,0,0,0,0,0
150011,1,1,2000,13,13,13,13,13,13,13,13,13,13
150012,0,1,2000,0,0,0,0,0,0,0,0,0,0
150012,1,1,2000,0,0,0,0,0,0,0,0,0,0
150013,1,1,2000,0,0,0,0,0,0,0,0,0,0
150013,2,1,2000,0,0,0,0,0,0,0,0,0,0
150014,0,1,2000,3,3,3,3,3,3,3,3,3,3
150014,1,1,2000,0,0,10,0,0,0,0,11,16,14
150015,0,1,2000,0,0,0,0,0,0,0,0,0,0
150015,1,1,2000,0,0,0,0,0,0,0,0,0,0
150016,1,1,2000,0,0,0,0,0,0,0,0,0,0
150016,2,1,2000,0,0,0,0,0,0,0,0,0,0
150017,1,1,2000,21,21,21,21,21,21,21,21,21,21
150017,2,1,2000,11,0,0,0,0,0,0,0,0,0
150017,3,1,2000,0,0,0,0,0,0,0,0,0,0
150018,0,1,2000,0,0,0,0,0,0,0,0,0,0
150018,1,1,2000,0,0,0,0,0,0,0,0,0,0
150019,1,1,2000,0,7,0,19,0,24,0,0,0,0
150019,2,1,2000,0,0,0,0,0,0,0,0,0,0
150020,0,1,2000,0,0,0,0,0,0,0,0,0,0
150020,1,1,2000,0,0,0,0,0,0,0,0,0,0
150021,1,1,2000,0,0,15,0,0,0,0,0,14,3