ST_CASE,VEH_NO,PER_NO,YEAR,P1,P2,P3,P4,P5,P6,P7,P8,P9,P10
160199,1,1,2000,1,1,1,1,1,1,1,1,1,1
160200,1,1,2000,0,0,0,0,0,0,0,0,0,0
160201,1,1,2000,0,0,0,0,0,0,0,0,0,0
160201,2,1,2000,0,0,0,0,0,0,0,0,0,0
160202,1,1,2000,0,0,17,0,0,0,0,0,0,0
160202,2,1,2000,0,0,0,0,0,0,0,0,0,0
160203,1,1,2000,26,26,26,26,26,26,26,26,26,26
160204,1,1,2000,0,0,0,0,0,0,0,0,0,0
160205,1,1,2000,0,0,0,0,0,0,0,0,0,0
160206,1,1,2000,0,0,0,0,0,0,0,0,0,0
160206,2,1,2000,0,0,0,0,0,0,0,0,0,0
160206,3,1,2000,0,0,0,0,0,0,0,0,0,0
160206,4,1,2000,0,0,0,0,0,0,0,0,0,0
160206,5,1,2000,0,0,0,0,0,0,0,0,0,0
160206,6,1,2000,2,0,0,0,0,0,0,0,0,0
160207,1,1,2000,0,0,0,0,0,0,0,0,0,0
160208,1,1,2000,25,25,25,25,25,25,25,25,25,25
160208,2,1,2000,0,0,0,0,0,0,0,0,0,0
160209,1,1,2000,0,0,0,0,0,0,0,0,0,0
160209,2,1,2000,0,0,0,0,0,0,0,0,0,0
160210,1,1,2000,16,16,16,16,16,16,16,16,16,16
160211,1,1,2000,15,15,15,15,15,15,15,15,15,15
160212,1,1,2000,0,0,0,0,0,0,0,0,0,0
160213,1,1,2000,0,0,0,0,0,0,0,0,0,0
160214,1,1,2000,0,0,0,15,0,0,0,0,0,0
160214,2,1,2000,12,12,12,12,12,12,12,12,12,12
160215,1,1,2000,0,0,0,0,0,0,0,0,0,0
160215,2,1,2000,0,0,0,0,0,0,0,0,0,0
160216,1,1,2000,4,4,4,4,4,4,4,4,4,4
160217,1,1,2000,0,0,0,0,0,0,0,0,0,0
160218,1,1,2000,0,0,0,0,0,0,0,0,0,0
160218,2,1,2000,0,0,0,0,0,0,0,0,0,0
160219,1,1,2000,18,18,18,18,18,18,18,18,18,18
160220,1,1,2000,0,0,0,0,0,0,0,0,0,0
160221,1,1,2000,0,0,0,0,0,0,0,0,0,0
160221,2,1,2000,0,0,0,0,0,0,0,0,0,0
160222,1,1,2000,18,18,18,18,18,18,18,18,18,18
160223,1,1,2000,0,0,0,0,0,0,0,0,0,0
160224,1,1,2000,0,0,0,0,0,0,0,0,0,0
160224,2,1,2000,21,0,0,13,0,0,0,0,0,0
160225,1,1,2000,0,0,0,0,0,0,0,0,0,0
160225,2,1,2000,0,0,0,16,0,0,0,20,0,0
160226,1,1,2000,0,0,0,0,0,0,0,0,0,0
160226,2,1,2000,0,0,0,0,0,0,0,0,0,0
160227,1,1,2000,0,0,0,0,0,0,0,0,0,0
160227,2,1,2000,0,0,0,0,0,0,0,0,0,0
160228,1,1,2000,28,28,28,28,28,28,28,28,28,28
160228,2,1,2000,0,0,0,0,0,0,0,0,0,0
160229,1,1,2000,22,22,22,22,22,22,22,22,22,22
160230,1,1,2000,24,24,27,0,14,0,21,27,16,9
160230,2,1,2000,0,20,0,0,0,0,0,0,0,0
160231,1,1,2000,19,19,19,19,19,19,19,19,19,19
160232,1,1,2000,0,0,0,0,0,0,0,0,0,0
160232,2,1,2000,0,0,10,0,0,20,0,0,0,5
160233,1,1,2000,0,0,0,0,0,0,0,0,0,0
160234,1,1,2000,18,18,18,18,18,18,18,18,18,18
160235,0,1,2000,0,0,24,0,0,0,0,0,0,0
160235,1,1,2000,0,0,0,0,0,0,0,0,0,0
160236,1,1,2000,0,0,0,0,0,0,0,0,0,0
160236,2,1,2000,0,0,0,0,0,0,0,0,0,0
160237,1,1,2000,30,30,30,30,30,30,30,30,30,30
160238,1,1,2000,0,0,0,0,0,0,0,0,0,0
160238,2,1,2000,0,0,0,0,0,0,0,0,0,0
160239,1,1,2000,0,0,0,0,0,0,0,0,0,0
160239,2,1,2000,0,0,0,0,0,0,0,0,0,0
160240,1,1,2000,7,0,0,0,0,0,0,0,0,3
160241,1,1,2000,0,6,0,0,0,0,0,0,0,0
170001,1,1,2000,25,25,25,25,25,25,25,25,25,25
170002,1,1,2000,26,26,26,26,26,26,26,26,26,26
170002,2,1,2000,11,16,0,28,0,6,0,0,0,0
170003,1,1,2000,21,21,21,21,21,21,21,21,21,21
170004,1,1,2000,23,23,23,23,23,23,23,23,23,23
170004,2,1,2000,0,0,0,0,0,0,0,0,0,0
170005,0,1,2000,16,16,16,16,16,16,16,16,16,16
170005,1,1,2000,0,0,0,0,0,0,0,0,0,0
170006,1,1,2000,0,0,0,0,0,0,0,0,0,0
170007,1,1,2000,0,0,0,12,28,0,0,7,0,0
170008,1,1,2000,22,22,22,22,22,22,22,22,22,22
170008,2,1,2000,0,0,0,0,0,0,0,0,0,0
170009,1,1,2000,0,0,0,0,0,0,0,0,0,0
170009,2,1,2000,0,0,0,0,0,0,0,0,0,0
170010,1,1,2000,13,0,0,21,0,0,0,0,0,0
170011,1,1,2000,31,31,31,31,31,31,31,31,31,31
170012,1,1,2000,0,0,0,0,0,0,0,0,0,0
170012,2,1,2000,26,0,0,0,0,8,0,14,0,0
170013,0,1,2000,0,0,0,0,0,0,0,0,0,0
170013,1,1,2000,0,0,0,0,0,0,0,0,0,0
170014,1,1,2000,0,0,0,0,0,0,0,0,0,0
170014,2,1,2000,0,0,9,0,0,0,0,0,0,0
170015,1,1,2000,0,0,0,0,0,0,0,0,0,0
170016,1,1,2000,0,0,0,0,0,0,0,0,0,0
170017,1,1,2000,0,0,0,0,0,0,0,0,0,0
170018,1,1,2000,0,0,0,0,0,0,0,0,0,0
170019,1,1,2000,32,32,32,32,32,32,32,32,32,32
170020,0,1,2000,32,32,32,32,32,32,32,32,32,32
170020,1,1,2000,0,0,0,0,0,0,0,0,0,0
170021,1,1,2000,0,0,0,0,0,0,0,0,0,0
170021,2,1,2000,0,0,0,0,0,0,0,0,0,0
170022,0,1,2000,0,0,0,0,0,0,0,0,0,0
170022,0,2,2000,0,0,0,0,0,0,0,0,0,0
170022,1,1,2000,0,0,0,0,0,0,0,0,0,0
170023,1,1,2000,10,10,10,10,10,10,10,10,10,10
170024,0,1,2000,0,0,0,0,0,0,0,0,0,0
170024,1,1,2000,4,12,21,19,0,12,0,0,5,17
170025,1,1,2000,0,0,10,0,0,0,0,0,0,4
170025,2,1,2000,0,0,0,0,0,0,0,0,0,0
170026,1,1,2000,15,0,0,16,0,16,12,7,0,19
170026,2,1,2000,14,14,14,14,14,14,14,14,14,14
170027,0,1,2000,0,0,0,0,0,0,0,0,0,0
170027,1,1,2000,0,0,0,14,14,0,0,0,0,14
170028,1,1,2000,26,26,26,26,26,26,26,26,26,26
170029,0,1,2000,23,23,23,23,23,23,23,23,23,23
170029,1,1,2000,13,13,13,13,13,13,13,13,13,13
170030,1,1,2000,27,27,27,27,27,27,27,27,27,27
170031,1,1,2000,0,0,0,0,0,0,0,0,0,0
170031,2,1,2000,0,0,0,0,0,0,0,0,0,0
170032,1,1,2000,0,0,0,0,0,0,0,0,0,0
170032,2,1,2000,0,0,0,0,0,0,0,0,0,0
170033,1,1,2000,0,0,0,0,0,0,0,0,0,0
170034,0,1,2000,0,0,0,0,0,0,0,0,0,0
170034,1,1,2000,0,0,0,0,0,0,0,0,0,0
170035,1,1,2000,19,19,19,19,19,19,19,19,19,19
170036,1,1,2000,0,0,0,0,0,0,0,0,0,0
170037,1,1,2000,0,0,0,0,0,0,0,0,0,0
170037,2,1,2000,0,0,0,0,0,0,0,0,0,0
170038,1,1,2000,0,0,0,0,0,0,0,0,0,0
170038,2,1,2000,0,0,0,0,0,0,0,0,0,0
170039,1,1,2000,0,0,0,0,0,0,0,0,0,0
170039,2,1,2000,0,0,0,0,0,0,0,0,0,0
170039,3,1,2000,0,0,0,0,0,0,0,0,0,0
170040,1,1,2000,0,0,0,18,0,0,0,0,0,12
170041,1,1,2000,0,0,0,0,0,0,0,0,0,0
170041,2,1,2000,0,0,0,0,23,0,0,0,0,6
170042,1,1,2000,0,0,0,0,0,0,0,0,0,0
170043,1,1,2000,0,0,0,0,0,0,0,0,0,0
170043,2,1,2000,0,0,0,0,0,0,8,0,0,0
170044,1,1,2000,0,0,0,0,0,0,0,0,0,0
170045,1,1,2000,0,0,0,0,0,0,0,0,0,0
170045,2,1,2000,0,0,0,0,0,0,0,0,0,0
170046,1,1,2000,0,0,0,0,0,0,0,0,0,0
170046,2,1,2000,0,0,0,0,0,0,0,0,0,0
170047,1,1,2000,0,0,0,0,0,0,0,0,0,0
170047,2,1,2000,0,0,0,0,0,0,0,0,0,0
170048,1,1,2000,14,11,5,39,6,11,6,12,17,21
170049,1,1,2000,14,14,14,14,14,14,14,14,14,14
170050,1,1,2000,0,0,0,0,0,0,0,0,0,0
170051,1,1,2000,0,0,0,0,0,0,0,0,0,0
170051,2,1,2000,0,0,0,0,0,0,0,0,0,0
170052,0,1,2000,0,0,0,0,0,0,0,0,0,0
170052,1,1,2000,0,0,0,0,0,0,0,0,0,0
170053,1,1,2000,0,0,0,0,0,0,0,0,0,0
170054,1,1,2000,0,0,0,0,0,0,0,0,0,0
170054,2,1,2000,0,0,0,0,8,0,0,0,0,0
170055,1,1,2000,11,0,22,0,0,10,0,0,17,0
170056,1,1,2000,0,0,0,0,0,0,0,0,0,0
170056,2,1,2000,0,0,0,0,0,0,0,0,0,0
170057,1,1,2000,0,0,0,0,0,0,0,0,0,0
170058,1,1,2000,16,16,16,16,16,16,16,16,16,16
170059,1,1,2000,0,0,0,0,0,0,0,0,0,0
170060,1,1,2000,0,0,0,0,0,0,0,0,0,0
170060,2,1,2000,0,0,10,0,0,0,0,0,0,0
170060,3,1,2000,0,0,0,0,0,0,0,0,0,0
170060,4,1,2000,0,0,0,0,0,0,0,0,0,0
170061,1,1,2000,0,0,0,0,0,0,0,0,25,0
170061,2,1,2000,0,0,0,0,0,0,0,0,0,0
170061,3,1,2000,0,0,0,0,0,0,0,0,0,0
170061,4,1,2000,0,0,0,0,0,0,0,0,0,0
170062,1,1,2000,0,19,0,0,0,0,0,0,0,0
170062,2,1,2000,8,8,8,8,8,8,8,8,8,8
170062,3,1,2000,0,0,0,0,0,0,0,0,0,0
170063,1,1,2000,0,0,0,0,0,0,0,0,0,0
170064,1,1,2000,0,0,0,0,0,0,0,0,0,0
170065,1,1,2000,0,0,0,0,10,0,0,0,0,0
170065,2,1,2000,0,0,0,0,0,0,14,0,0,0
170066,0,1,2000,12,18,41,0,0,0,13,0,0,7
170066,1,1,2000,17,17,17,17,17,17,17,17,17,17
170067,1,1,2000,22,22,22,22,22,22,22,22,22,22
170068,0,1,2000,0,0,0,14,0,0,0,0,0,0
170068,1,1,2000,0,0,0,0,0,0,0,0,0,0
170069,1,1,2000,0,0,0,0,0,0,0,0,0,0
170069,2,1,2000,0,0,0,0,0,0,0,0,0,5
170070,0,1,2000,25,25,25,25,25,25,25,25,25,25
170070,1,1,2000,10,12,0,23,0,0,0,0,0,31
170071,0,1,2000,0,0,0,0,0,0,0,0,0,0
170071,1,1,2000,0,0,0,0,0,0,0,0,0,0
170072,1,1,2000,14,14,14,14,14,14,14,14,14,14
170072,2,1,2000,0,8,0,0,0,9,0,0,0,0
170073,1,1,2000,0,0,0,0,0,0,0,0,0,0
170073,2,1,2000,0,0,0,0,0,0,0,0,0,0
170074,1,1,2000,28,28,28,28,28,28,28,28,28,28
170074,2,1,2000,0,0,0,0,18,0,0,6,0,0
170075,0,1,2000,0,0,0,0,0,0,0,0,0,0
170075,1,1,2000,0,0,0,0,3,0,8,0,0,0
170076,1,1,2000,0,0,0,0,0,0,0,0,0,0
170076,2,1,2000,0,0,0,0,0,0,0,0,0,0
170076,3,1,2000,0,0,0,0,0,0,0,0,0,0
170076,4,1,2000,0,0,0,0,0,0,0,0,0,0
170077,1,1,2000,21,21,21,21,21,21,21,21,21,21
170078,1,1,2000,1,1,1,1,1,1,1,1,1,1
170080,1,1,2000,4,4,4,4,4,4,4,4,4,4
170081,0,1,2000,0,0,19,0,0,0,14,21,0,0
170081,1,1,2000,0,6,0,7,0,6,0,0,16,0
170082,0,1,2000,28,21,20,16,9,13,23,15,14,26
170082,1,1,2000,0,0,0,0,0,0,0,0,0,0
170083,0,1,2000,0,0,0,0,0,0,0,0,41,0
170083,1,1,2000,0,0,0,0,0,0,0,0,0,0
170084,1,1,2000,0,0,12,0,0,0,25,3,0,0
170085,1,1,2000,0,0,0,0,0,0,0,0,0,0
170085,2,1,2000,0,0,0,0,0,0,0,0,0,0
170086,1,1,2000,2,2,2,2,2,2,2,2,2,2
170087,1,1,2000,0,0,0,0,0,0,0,0,0,0
170087,2,1,2000,0,0,0,6,0,0,0,0,0,0
170087,3,1,2000,0,0,0,0,0,0,0,0,0,0
170087,4,1,2000,0,0,0,0,0,0,0,0,0,0
170088,1,1,2000,0,0,0,0,0,0,0,0,0,0
170089,1,1,2000,0,0,0,0,0,0,0,0,0,0
170090,1,1,2000,0,0,0,0,0,0,0,0,0,0
170091,0,1,2000,39,39,39,39,39,39,39,39,39,39
170091,1,1,2000,0,0,0,0,0,0,0,0,0,0
170092,0,1,2000,1,1,1,1,1,1,1,1,1,1
170092,1,1,2000,0,0,0,0,0,18,0,0,0,0
170093,0,1,2000,0,0,22,0,0,0,0,0,0,0
170093,1,1,2000,0,0,0,0,0,0,0,0,0,0
170094,1,1,2000,0,0,0,0,0,0,0,0,0,0
170095,1,1,2000,20,20,20,20,20,20,20,20,20,20
170095,2,1,2000,0,0,0,0,0,0,0,0,0,0
170096,1,1,2000,0,0,0,0,0,0,0,0,0,0
170097,1,1,2000,0,0,0,0,0,0,0,0,0,0
170097,2,1,2000,0,0,0,0,0,0,0,0,0,0
170098,0,1,2000,34,34,34,34,34,34,34,34,34,34
170098,1,1,2000,0,0,0,0,0,0,0,0,10,0
170099,1,1,2000,11,11,11,11,11,11,11,11,11,11
170099,2,1,2000,0,0,0,0,0,0,0,0,0,0
170100,0,1,2000,28,28,28,28,28,28,28,28,28,28
170100,1,1,2000,8,0,0,0,11,0,0,0,0,0
170101,1,1,2000,18,18,18,18,18,18,18,18,18,18
170102,1,1,2000,33,33,33,33,33,33,33,33,33,33
170102,2,1,2000,0,0,0,12,8,0,0,0,0,0
170103,1,1,2000,0,0,0,0,0,0,0,0,0,0
170104,0,1,2000,0,0,0,0,0,0,0,0,0,0
170104,1,1,2000,0,0,0,0,0,0,0,0,20,0
170105,1,1,2000,22,22,22,22,22,22,22,22,22,22
170105,2,1,2000,0,0,0,0,0,0,0,0,0,0
170106,1,1,2000,0,0,0,0,0,0,0,0,0,0
170106,2,1,2000,0,0,0,0,0,0,0,0,0,0
170107,0,1,2000,0,0,0,0,0,0,16,0,0,0
170107,0,2,2000,12,0,0,0,0,0,0,0,0,0
170107,1,1,2000,0,0,0,0,0,0,0,0,0,0
170108,1,1,2000,19,19,19,19,19,19,19,19,19,19
170109,0,1,2000,0,0,0,0,0,0,0,0,0,0
170109,1,1,2000,0,0,0,0,0,0,0,0,0,0
170110,0,1,2000,0,0,0,0,0,0,0,0,0,0
170110,1,1,2000,0,0,0,0,0,0,0,0,10,0
170111,1,1,2000,0,0,0,0,0,0,0,0,0,0
170112,1,1,2000,17,17,17,17,17,17,17,17,17,17
170113,1,1,2000,0,0,0,0,0,0,0,0,0,0
170114,1,1,2000,0,0,0,0,0,0,0,0,0,0
170114,2,1,2000,0,0,0,0,0,0,0,0,0,3
170115,1,1,2000,0,0,0,0,0,0,0,0,0,0
170116,1,1,2000,20,0,0,0,0,0,0,0,0,0
170117,1,1,2000,12,18,5,9,8,8,15,0,18,13
170117,2,1,2000,0,0,13,14,0,10,18,30,0,13
170118,0,1,2000,0,0,0,0,0,0,0,0,0,0
170118,1,1,2000,0,0,0,0,0,0,0,0,0,0
170119,1,1,2000,0,0,0,0,0,0,0,0,0,0
170119,2,1,2000,0,0,0,0,0,0,0,0,0,0
170119,3,1,2000,0,0,0,0,15,0,0,0,0,0
170120,1,1,2000,3,3,3,3,3,3,3,3,3,3
170121,1,1,2000,0,0,0,0,0,0,0,0,0,0
170122,1,1,2000,22,22,22,22,22,22,22,22,22,22
170123,1,1,2000,0,0,0,0,0,0,0,0,0,0
170123,2,1,2000,0,0,0,0,0,0,0,0,0,0
170123,3,1,2000,0,11,0,0,0,0,0,0,0,0
170124,1,1,2000,23,23,23,23,23,23,23,23,23,23
170125,1,1,2000,20,20,20,20,20,20,20,20,20,20
170126,0,1,2000,0,0,0,0,0,0,0,0,0,0
170126,1,1,2000,0,0,0,0,0,0,0,0,0,0
170127,1,1,2000,17,17,17,17,17,17,17,17,17,17
170127,2,1,2000,0,0,0,0,0,0,0,0,0,0
170128,1,1,2000,27,27,27,27,27,27,27,27,27,27
170130,1,1,2000,0,0,0,0,0,0,0,0,0,0
170131,1,1,2000,33,33,33,33,33,33,33,33,33,33
170132,1,1,2000,9,0,29,38,8,0,0,0,0,13
170132,2,1,2000,0,0,0,0,0,0,0,0,0,0
170133,1,1,2000,18,18,18,18,18,18,18,18,18,18
170134,1,1,2000,0,0,0,0,0,0,0,12,0,0
170134,2,1,2000,0,0,0,0,0,0,0,0,0,0
170135,1,1,2000,28,28,28,28,28,28,28,28,28,28
170136,1,1,2000,26,26,26,26,26,26,26,26,26,26
170137,1,1,2000,14,14,14,14,14,14,14,14,14,14
170137,2,1,2000,10,4,15,12,15,13,13,13,12,0
170137,3,1,2000,0,0,0,0,0,0,0,0,0,0
170137,4,1,2000,0,0,0,0,0,0,0,0,0,0
170137,5,1,2000,0,0,0,0,0,0,0,0,0,0
170138,0,1,2000,11,11,11,11,11,11,11,11,11,11
170138,1,1,2000,0,0,0,0,0,0,0,0,8,0
170139,1,1,2000,0,0,0,0,0,0,0,0,0,0
170139,2,1,2000,0,0,0,0,0,0,0,0,0,0
170140,1,1,2000,23,23,23,23,23,23,23,23,23,23
170141,1,1,2000,0,0,0,0,0,0,0,0,0,0
170141,2,1,2000,0,0,0,0,0,0,0,0,0,0
170142,1,1,2000,0,0,0,0,0,0,0,0,0,0
170143,1,1,2000,15,15,15,15,15,15,15,15,15,15
170144,1,1,2000,0,0,0,0,0,0,0,0,0,0
170145,1,1,2000,0,0,0,0,0,0,0,0,0,0
170146,1,1,2000,0,0,0,0,0,0,0,0,0,0
170146,2,1,2000,0,0,0,0,0,0,0,0,0,0
170147,1,1,2000,14,14,14,14,14,14,14,14,14,14
170148,1,1,2000,0,0,0,0,0,0,0,0,0,0
170149,1,1,2000,16,0,21,19,8,28,23,15,25,26
170150,1,1,2000,0,0,0,0,0,0,0,0,0,0
170150,2,1,2000,0,0,0,0,0,0,0,8,6,0
170151,1,1,2000,0,0,0,0,0,0,0,0,0,0
170151,2,1,2000,0,0,0,0,0,0,0,0,0,0
170152,1,1,2000,0,0,0,0,0,0,0,0,0,0
170152,2,1,2000,22,22,22,22,22,22,22,22,22,22
170152,3,1,2000,0,0,0,0,17,0,0,0,0,0
170153,1,1,2000,0,0,0,0,0,0,0,0,0,0
170153,2,1,2000,0,0,0,0,0,0,0,0,0,0
170154,1,1,2000,23,23,23,23,23,23,23,23,23,23
170155,1,1,2000,27,27,27,27,27,27,27,27,27,27
170156,1,1,2000,10,10,10,10,10,10,10,10,10,10
170157,1,1,2000,0,0,0,3,0,15,0,0,0,0
170157,2,1,2000,4,4,4,4,4,4,4,4,4,4
170158,0,1,2000,20,20,20,20,20,20,20,20,20,20
170158,1,1,2000,0,0,0,0,0,0,0,0,0,0
170159,1,1,2000,0,0,0,0,0,0,0,0,0,0
170159,2,1,2000,0,0,0,0,0,0,0,0,0,0
170160,1,1,2000,0,0,0,0,0,0,0,0,0,0
170161,0,1,2000,0,0,0,0,0,0,0,0,0,0
170161,1,1,2000,0,0,0,0,0,0,7,0,0,0
170162,1,1,2000,16,16,16,16,16,16,16,16,16,16
170163,1,1,2000,0,0,0,0,8,0,0,0,0,0
170163,2,1,2000,0,0,0,0,16,0,0,0,0,0
170164,1,1,2000,16,16,16,16,16,16,16,16,16,16
170165,1,1,2000,14,14,14,14,14,14,14,14,14,14
170166,0,1,2000,25,25,25,25,25,25,25,25,25,25
170166,1,1,2000,0,0,0,0,0,0,0,0,0,0
170167,1,1,2000,0,0,0,0,0,0,0,0,0,0
170167,2,1,2000,0,0,0,0,0,0,0,0,0,0
170167,3,1,2000,0,0,0,0,0,0,0,0,0,0
170168,1,1,2000,0,0,0,0,0,0,0,0,0,0
170168,2,1,2000,0,0,0,0,0,0,0,0,0,0
170169,1,1,2000,0,14,0,0,18,0,0,14,0,0
170170,1,1,2000,0,0,0,0,0,0,0,0,0,0
170171,0,1,2000,18,18,18,18,18,18,18,18,18,18
170171,1,1,2000,0,0,0,0,0,0,0,0,0,0
170172,1,1,2000,17,17,17,17,17,17,17,17,17,17
170172,2,1,2000,0,0,0,0,0,0,0,8,0,0
170173,0,1,2000,11,0,25,0,19,31,28,24,30,13
170173,1,1,2000,0,0,0,0,0,0,0,0,0,0
170173,2,1,2000,0,0,0,0,0,0,0,0,0,0
170174,1,1,2000,27,27,27,27,27,27,27,27,27,27
170174,2,1,2000,1,1,1,1,1,1,1,1,1,1
170174,3,1,2000,0,0,0,0,0,0,0,8,0,20
170175,1,1,2000,0,0,21,0,0,0,0,0,0,0
170175,2,1,2000,5,5,5,5,5,5,5,5,5,5
170176,1,1,2000,0,0,0,0,0,0,0,0,0,0
170176,2,1,2000,0,0,0,0,0,0,0,0,0,0
170177,1,1,2000,25,25,25,25,25,25,25,25,25,25
170178,1,1,2000,13,13,13,13,13,13,13,13,13,13
170179,1,1,2000,0,0,0,0,0,0,0,0,0,0
170179,2,1,2000,0,0,0,0,0,13,0,0,0,0
170180,1,1,2000,14,13,32,3,26,15,20,12,12,16
170181,1,1,2000,0,0,0,0,0,0,0,0,0,0
170181,2,1,2000,0,0,0,0,0,0,0,0,0,0
170182,1,1,2000,10,10,10,10,10,10,10,10,10,10
170183,1,1,2000,0,0,0,0,0,0,0,0,0,0
170184,1,1,2000,0,0,0,0,0,0,0,0,26,0
170186,1,1,2000,0,0,0,0,0,0,0,0,0,0
170186,2,1,2000,0,0,0,0,0,0,0,0,0,0
170186,3,1,2000,0,0,0,0,0,0,0,0,0,0
170187,1,1,2000,0,0,0,0,0,0,0,0,5,0
170187,2,1,2000,0,0,0,0,0,0,0,0,0,0
170188,1,1,2000,0,0,0,0,0,0,0,0,0,0
170188,2,1,2000,1,1,1,1,1,1,1,1,1,1
170188,3,1,2000,0,0,0,0,0,0,0,0,0,0
170189,1,1,2000,2,2,2,2,2,2,2,2,2,2
170190,1,1,2000,27,27,27,27,27,27,27,27,27,27
170190,2,1,2000,0,0,0,21,27,0,0,9,0,16
170190,3,1,2000,0,0,0,0,0,0,0,0,0,0
170191,1,1,2000,22,22,22,22,22,22,22,22,22,22
170192,1,1,2000,0,0,0,0,0,0,0,0,0,0
170193,1,1,2000,0,0,0,0,0,0,0,0,0,0
170193,2,1,2000,0,0,0,0,0,0,0,0,0,0
170194,1,1,2000,0,0,0,0,0,0,12,0,7,0
170194,2,1,2000,0,0,0,0,0,5,0,0,0,0
170195,1,1,2000,0,0,0,0,0,0,0,0,0,0
170196,1,1,2000,0,0,0,0,0,0,0,0,0,0
170196,2,1,2000,0,0,0,0,0,0,0,0,0,0
170197,1,1,2000,37,37,37,37,37,37,37,37,37,37
170198,1,1,2000,0,0,0,0,0,0,0,0,0,0
170198,2,1,2000,0,0,0,0,29,16,0,0,0,0
170199,1,1,2000,1,1,1,1,1,1,1,1,1,1
170200,1,1,2000,0,0,0,0,0,10,0,0,14,10
170201,1,1,2000,0,0,0,0,0,0,0,0,0,0
170202,1,1,2000,21,21,21,21,21,21,21,21,21,21
170202,2,1,2000,0,0,0,0,0,0,0,0,0,0
170203,1,1,2000,9,23,17,8,20,21,15,10,12,11
170203,2,1,2000,0,0,0,0,0,18,0,0,0,0
170204,1,1,2000,0,0,0,0,0,0,0,0,0,0
170204,2,1,2000,0,0,0,0,0,0,0,0,8,0
170205,0,1,2000,12,22,0,22,0,0,0,0,26,0
170205,1,1,2000,0,0,0,0,0,15,0,11,0,0
170206,1,1,2000,15,15,15,15,15,15,15,15,15,15
170207,1,1,2000,12,12,12,12,12,12,12,12,12,12
170207,2,1,2000,0,0,0,0,0,0,0,0,0,0
170208,0,1,2000,0,0,0,0,0,0,0,0,0,0
170208,1,1,2000,0,0,0,33,0,0,0,0,0,0
170209,1,1,2000,0,0,0,0,0,0,0,0,0,0
170210,1,1,2000,6,6,6,6,6,6,6,6,6,6
170210,2,1,2000,0,0,0,0,0,0,0,0,0,0
170211,0,1,2000,0,0,0,0,0,0,0,0,0,0
170211,1,1,2000,8,0,0,0,0,0,11,0,0,0
170211,2,1,2000,0,16,0,30,0,0,0,0,0,0
170212,1,1,2000,0,0,0,0,0,0,0,0,0,0
170212,2,1,2000,0,0,0,0,0,0,0,0,0,0
170213,1,1,2000,0,0,0,0,0,0,0,0,0,0
170214,1,1,2000,24,24,24,24,24,24,24,24,24,24
170215,1,1,2000,0,0,0,0,0,0,0,0,0,0
170215,2,1,2000,0,0,0,0,0,0,0,0,0,0
170215,3,1,2000,0,0,0,0,0,0,0,0,0,0
170216,1,1,2000,0,0,0,0,0,0,0,0,0,0
170216,2,1,2000,0,0,0,0,0,0,0,0,0,0
170217,1,1,2000,16,16,16,16,16,16,16,16,16,16
170217,2,1,2000,0,0,0,0,0,0,0,1,0,0
170217,3,1,2000,0,0,0,0,0,0,0,0,0,0
170218,1,1,2000,0,0,0,0,0,0,0,0,0,0
170218,2,1,2000,0,0,0,0,0,0,0,0,0,0
170219,1,1,2000,0,0,0,0,0,0,0,0,0,0
170219,2,1,2000,0,0,0,0,0,0,0,0,0,0
170220,1,1,2000,0,0,3,0,7,0,7,13,0,0
170220,2,1,2000,0,0,0,0,0,0,0,0,0,0
170221,1,1,2000,19,19,19,19,19,19,19,19,19,19
170222,1,1,2000,15,15,15,15,15,15,15,15,15,15
170223,1,1,2000,21,21,21,21,21,21,21,21,21,21
170224,0,1,2000,10,10,10,10,10,10,10,10,10,10
170225,1,1,2000,0,0,0,0,0,0,0,0,0,0
170226,1,1,2000,0,0,0,0,0,0,0,0,0,0
170226,2,1,2000,0,0,0,0,0,0,0,0,0,0
170227,1,1,2000,0,0,0,0,0,0,0,0,0,0
170227,2,1,2000,0,0,0,0,0,0,0,0,0,0
170228,1,1,2000,0,0,0,0,0,0,0,0,0,0
170229,1,1,2000,0,0,0,8,0,0,0,0,0,0
170229,2,1,2000,0,0,0,0,0,0,0,0,0,0
170230,1,1,2000,0,0,0,0,12,0,4,0,0,0
170231,1,1,2000,10,10,10,10,10,10,10,10,10,10
170232,1,1,2000,0,0,0,0,0,0,0,0,0,0
170233,1,1,2000,17,17,17,17,17,17,17,17,17,17
170233,2,1,2000,0,0,16,0,0,0,0,0,0,0
170234,1,1,2000,0,0,0,0,0,0,0,8,0,0
170234,2,1,2000,0,0,0,0,0,0,15,0,0,10
170235,1,1,2000,19,19,19,19,19,19,19,19,19,19
170236,1,1,2000,0,0,0,0,0,0,0,0,0,0
170237,1,1,2000,0,0,0,0,0,0,0,0,0,0
170238,1,1,2000,22,22,22,22,22,22,22,22,22,22
170239,1,1,2000,0,0,0,0,0,0,0,0,0,0
170240,1,1,2000,25,25,25,25,25,25,25,25,25,25