ST_CASE,VEH_NO,PER_NO,YEAR,P1,P2,P3,P4,P5,P6,P7,P8,P9,P10
170512,0,1,2000,0,0,0,0,0,0,0,0,0,0
170512,1,1,2000,0,0,0,0,0,0,0,0,0,0
170513,1,1,2000,18,18,18,18,18,18,18,18,18,18
170514,1,1,2000,14,14,14,14,14,14,14,14,14,14
170514,2,1,2000,20,0,0,0,2,0,0,0,0,0
170515,1,1,2000,0,0,0,0,0,0,0,0,0,0
170515,2,1,2000,0,0,0,0,0,0,0,0,0,0
170516,1,1,2000,0,0,0,0,0,0,0,0,0,0
170516,2,1,2000,17,13,0,25,9,6,0,10,0,16
170517,0,1,2000,14,14,14,14,14,14,14,14,14,14
170517,1,1,2000,0,0,9,0,0,0,0,0,0,0
170518,1,1,2000,0,0,0,0,0,0,0,0,0,0
170518,2,1,2000,0,0,0,0,0,13,0,0,0,0
170518,3,1,2000,0,0,0,0,0,0,0,0,0,0
170518,4,1,2000,0,0,0,0,0,0,0,0,0,0
170519,1,1,2000,0,0,0,0,0,0,0,0,0,0
170520,1,1,2000,0,0,0,0,0,0,0,0,0,0
170520,2,1,2000,0,0,0,0,0,0,0,0,0,0
170521,1,1,2000,0,0,0,0,0,0,0,0,0,0
170521,2,1,2000,0,0,0,0,0,0,0,0,0,0
170522,1,1,2000,0,0,0,0,0,0,0,0,0,0
170522,2,1,2000,0,0,0,0,0,0,0,0,0,0
170523,1,1,2000,14,14,14,14,14,14,14,14,14,14
170524,1,1,2000,0,0,0,0,0,0,0,0,0,0
170524,2,1,2000,0,0,9,0,0,0,0,0,0,0
170525,0,1,2000,25,25,25,25,25,25,25,25,25,25
170525,1,1,2000,0,0,0,0,0,0,0,0,0,0
170526,1,1,2000,0,0,0,0,0,0,0,0,0,0
170526,2,1,2000,0,0,0,0,0,0,0,0,0,0
170526,3,1,2000,0,0,0,0,0,0,0,0,0,0
170526,4,1,2000,0,0,0,0,0,0,0,0,0,0
170526,5,1,2000,0,0,0,0,0,0,0,0,0,0
170527,1,1,2000,1,1,1,1,1,1,1,1,1,1
170527,2,1,2000,0,0,0,0,0,0,0,6,0,0
170528,0,1,2000,0,0,0,0,0,0,0,0,0,0
170528,0,2,2000,0,0,0,0,0,0,0,0,0,0
170528,0,3,2000,0,0,0,0,0,0,0,0,0,0
170528,0,4,2000,6,0,0,0,0,0,0,0,0,0
170528,1,1,2000,0,0,0,0,0,0,0,0,0,0
170529,1,1,2000,0,0,0,0,0,0,0,0,0,0
170529,2,1,2000,1,1,1,1,1,1,1,1,1,1
170529,3,1,2000,0,0,0,0,0,0,0,0,0,0
170530,1,1,2000,0,0,0,0,0,0,0,0,0,0
170531,1,1,2000,0,0,0,0,0,0,0,0,0,0
170531,2,1,2000,0,0,0,0,0,14,0,0,14,16
170531,3,1,2000,0,0,0,0,0,0,13,6,0,0
170531,4,1,2000,0,0,0,0,0,0,0,0,0,0
170532,1,1,2000,0,0,0,0,0,0,0,0,0,0
170532,2,1,2000,0,0,0,0,0,0,0,0,0,0
170533,0,1,2000,0,0,0,0,0,0,11,0,0,0
170533,1,1,2000,8,5,5,23,6,12,12,18,21,17
170534,1,1,2000,0,12,0,0,0,0,0,0,0,0
170534,2,1,2000,15,15,15,15,15,15,15,15,15,15
170534,3,1,2000,0,0,0,0,0,0,0,0,0,0
170535,1,1,2000,2,2,2,2,2,2,2,2,2,2
170535,2,1,2000,0,0,0,0,0,0,0,0,0,0
170536,1,1,2000,13,13,13,13,13,13,13,13,13,13
170537,0,1,2000,0,0,0,0,0,0,0,0,0,0
170537,1,1,2000,0,0,0,0,3,0,0,0,0,0
170538,1,1,2000,12,0,0,0,0,0,0,14,0,0
170538,2,1,2000,0,0,0,0,0,0,0,0,6,0
170538,3,1,2000,0,0,9,0,0,0,0,0,0,0
170539,0,1,2000,0,0,0,0,0,0,0,0,0,0
170539,1,1,2000,2,2,2,2,2,2,2,2,2,2
170540,1,1,2000,2,2,2,2,2,2,2,2,2,2
170541,0,1,2000,15,0,0,0,0,0,0,0,0,0
170541,1,1,2000,7,0,0,11,0,0,0,0,0,0
170542,1,1,2000,0,0,0,0,0,0,0,0,0,0
170543,1,1,2000,0,0,0,0,0,0,0,0,0,0
170543,2,1,2000,0,0,0,0,0,0,0,0,0,0
170544,1,1,2000,16,16,16,16,16,16,16,16,16,16
170545,1,1,2000,0,0,0,0,0,0,0,0,0,0
170545,2,1,2000,0,0,0,0,0,0,0,0,0,0
170546,1,1,2000,0,0,0,0,0,0,0,0,0,0
170547,1,1,2000,29,25,16,14,15,13,0,22,9,18
170548,1,1,2000,0,0,0,0,0,0,0,0,0,0
170549,0,1,2000,0,0,0,0,0,0,0,0,0,0
170549,0,2,2000,0,0,0,0,0,0,0,0,0,0
170549,1,1,2000,0,0,0,0,0,0,0,0,0,0
170550,1,1,2000,0,0,0,0,0,0,0,0,0,0
170550,2,1,2000,0,0,0,0,0,0,0,0,0,0
170551,1,1,2000,0,0,0,0,0,9,0,30,0,0
170552,1,1,2000,0,0,0,0,0,0,0,0,0,0
170552,2,1,2000,0,0,0,0,0,0,0,0,0,0
170552,3,1,2000,0,0,0,0,0,15,0,0,0,0
170552,4,1,2000,0,0,0,0,0,0,0,0,0,0
170552,5,1,2000,0,0,0,0,0,0,0,0,0,0
170553,1,1,2000,25,25,25,25,25,25,25,25,25,25
170554,1,1,2000,0,0,0,0,0,0,0,0,0,0
170554,2,1,2000,8,15,13,11,0,5,12,0,18,9
170555,1,1,2000,19,19,19,19,19,19,19,19,19,19
170555,2,1,2000,0,0,0,0,0,0,0,0,0,0
170556,1,1,2000,36,36,36,36,36,36,36,36,36,36
170557,1,1,2000,0,0,0,0,0,0,0,0,0,0
170557,2,1,2000,0,0,0,0,0,0,0,0,0,0
170557,3,1,2000,0,0,0,0,0,0,0,0,0,0
170558,1,1,2000,16,16,16,16,16,16,16,16,16,16
170559,1,1,2000,18,18,18,18,18,18,18,18,18,18
170560,0,1,2000,0,0,0,0,0,0,0,0,0,0
170560,1,1,2000,0,11,28,9,0,0,0,35,13,9
170561,1,1,2000,0,0,0,0,0,0,0,0,0,0
170561,2,1,2000,0,0,0,0,0,0,0,0,0,0
170562,1,1,2000,0,0,0,0,0,0,0,0,0,0
170563,1,1,2000,1,1,1,1,1,1,1,1,1,1
170563,2,1,2000,0,0,0,0,0,0,0,0,0,0
170564,1,1,2000,0,0,0,0,0,0,0,0,0,0
170564,2,1,2000,0,0,0,0,0,0,0,0,0,0
170565,0,1,2000,14,14,14,14,14,14,14,14,14,14
170565,1,1,2000,19,19,19,19,19,19,19,19,19,19
170566,1,1,2000,0,0,0,0,0,0,0,0,0,0
170566,2,1,2000,0,0,0,0,0,0,0,0,0,0
170567,1,1,2000,0,28,12,0,0,12,0,0,0,24
170567,2,1,2000,0,0,0,0,0,0,0,0,0,0
170568,1,1,2000,0,0,22,0,0,0,0,0,0,0
170568,2,1,2000,10,10,10,10,10,10,10,10,10,10
170569,1,1,2000,14,14,14,14,14,14,14,14,14,14
170570,1,1,2000,0,0,0,0,0,0,0,0,0,0
170571,1,1,2000,15,15,15,15,15,15,15,15,15,15
170572,1,1,2000,0,0,0,0,0,8,0,0,0,0
170572,2,1,2000,0,0,0,0,0,0,0,0,0,0
170573,0,1,2000,0,0,0,0,0,0,0,0,0,0
170573,1,1,2000,0,0,0,11,19,10,7,19,17,0
170574,1,1,2000,18,18,18,18,18,18,18,18,18,18
170575,1,1,2000,17,17,17,17,17,17,17,17,17,17
170576,1,1,2000,0,0,0,0,0,0,0,0,0,0
170577,0,1,2000,7,7,7,7,7,7,7,7,7,7
170577,1,1,2000,0,0,0,0,0,0,0,0,0,0
170578,1,1,2000,20,20,20,20,20,20,20,20,20,20
170579,1,1,2000,0,0,0,0,0,0,0,0,0,0
170580,1,1,2000,2,2,2,2,2,2,2,2,2,2
170581,1,1,2000,0,0,0,0,0,0,0,0,0,0
170581,2,1,2000,0,0,0,0,0,4,0,0,0,0
170582,1,1,2000,0,0,0,0,0,0,0,0,0,0
170582,2,1,2000,0,0,0,0,0,0,0,0,0,0
170583,1,1,2000,15,15,15,15,15,15,15,15,15,15
170584,1,1,2000,27,27,27,27,27,27,27,27,27,27
170585,1,1,2000,0,0,0,0,0,0,0,0,0,0
170585,2,1,2000,0,0,0,0,0,0,0,0,0,0
170586,1,1,2000,0,0,0,0,0,0,0,0,0,0
170587,1,1,2000,0,28,3,11,0,24,0,22,0,37
170587,2,1,2000,0,0,0,0,0,0,0,0,0,0
170588,1,1,2000,0,0,0,0,0,0,0,0,0,0
170588,2,1,2000,0,0,0,0,0,0,0,0,0,0
170589,1,1,2000,0,0,0,0,0,0,0,0,0,0
170589,2,1,2000,0,0,0,0,0,0,0,0,0,0
170590,1,1,2000,11,11,11,11,11,11,11,11,11,11
170590,2,1,2000,0,0,0,0,0,0,0,0,0,0
170590,3,1,2000,0,0,0,23,0,0,0,0,0,0
170591,1,1,2000,20,20,20,20,20,20,20,20,20,20
170592,0,1,2000,0,0,0,0,0,0,0,0,0,0
170592,1,1,2000,0,0,0,0,0,0,0,0,0,0
170593,0,1,2000,0,0,0,0,0,0,0,0,0,0
170593,1,1,2000,0,0,0,0,0,0,0,0,0,0
170594,1,1,2000,0,0,0,0,0,0,0,0,0,0
170594,2,1,2000,0,0,0,0,0,0,0,0,0,0
170595,1,1,2000,0,30,0,16,22,0,45,31,0,25
170595,2,1,2000,0,0,0,0,0,0,0,0,0,0
170596,1,1,2000,0,0,0,0,0,0,0,0,0,0
170596,2,1,2000,0,0,0,0,0,0,8,0,0,0
170597,1,1,2000,8,8,8,8,8,8,8,8,8,8
170598,1,1,2000,0,0,0,0,0,0,0,0,0,0
170598,2,1,2000,0,0,0,0,0,0,0,0,0,0
170599,1,1,2000,0,0,0,0,0,0,0,0,0,19
170599,2,1,2000,1,1,1,1,1,1,1,1,1,1
170600,1,1,2000,0,0,0,0,0,0,0,0,0,0
170601,1,1,2000,0,0,0,0,0,0,0,0,0,0
170601,2,1,2000,0,0,0,0,0,0,0,0,0,0
170602,1,1,2000,0,0,0,0,0,0,0,0,0,0
170603,1,1,2000,0,0,0,0,0,0,0,0,0,0
170603,2,1,2000,0,0,0,0,0,0,0,0,0,0
170604,1,1,2000,6,0,0,27,0,0,13,0,0,0
170604,2,1,2000,0,0,0,0,0,0,0,0,0,0
170605,1,1,2000,6,6,6,6,6,6,6,6,6,6
170606,1,1,2000,0,0,0,0,0,0,0,0,0,0
170606,2,1,2000,0,0,0,0,0,0,0,3,5,0
170606,3,1,2000,0,0,0,0,0,0,0,0,0,19
170606,4,1,2000,0,0,0,0,0,0,13,0,0,0
170607,1,1,2000,0,0,0,0,0,0,0,0,0,0
170608,1,1,2000,19,19,19,19,19,19,19,19,19,19
170608,2,1,2000,0,6,8,15,0,0,0,13,22,0
170608,3,1,2000,0,8,20,16,22,0,0,16,12,0
170608,4,1,2000,12,0,0,0,0,5,12,10,0,17
170609,1,1,2000,0,0,0,0,0,0,0,0,0,0
170610,0,1,2000,15,15,15,15,15,15,15,15,15,15
170610,1,1,2000,0,6,0,0,0,29,0,0,0,10
170612,1,1,2000,16,16,16,16,16,16,16,16,16,16
170613,1,1,2000,25,25,25,25,25,25,25,25,25,25
170614,0,1,2000,0,0,0,0,0,0,0,0,0,0
170614,1,1,2000,0,0,0,0,0,0,0,0,0,0
170615,1,1,2000,5,5,5,5,5,5,5,5,5,5
170616,1,1,2000,0,0,0,0,26,0,0,18,0,0
170616,2,1,2000,0,0,0,0,0,0,0,0,0,0
170617,1,1,2000,0,6,0,0,0,0,0,0,0,0
170617,2,1,2000,31,31,31,31,31,31,31,31,31,31
170618,1,1,2000,0,0,0,0,0,0,0,0,0,0
170618,2,1,2000,0,0,0,0,0,0,0,0,0,0
170619,1,1,2000,29,29,29,29,29,29,29,29,29,29
170620,1,1,2000,0,0,0,0,0,0,0,0,0,0
170621,0,1,2000,0,0,0,0,0,0,0,0,0,0
170621,1,1,2000,19,19,19,19,19,19,19,19,19,19
170622,1,1,2000,0,0,16,17,0,0,0,0,0,0
170623,1,1,2000,0,0,0,0,0,0,0,0,0,0
170624,1,1,2000,19,0,0,14,0,0,0,0,22,0
170625,0,1,2000,5,0,0,0,35,18,9,0,7,26
170625,1,1,2000,21,26,15,17,11,6,7,14,11,27
170626,1,1,2000,0,0,0,0,0,0,0,0,0,0
170627,1,1,2000,4,4,4,4,4,4,4,4,4,4
170628,1,1,2000,7,7,7,7,7,7,7,7,7,7
170628,2,1,2000,25,0,0,19,0,16,5,0,0,0
170629,1,1,2000,0,0,0,0,0,0,0,0,0,0
170630,1,1,2000,2,2,2,2,2,2,2,2,2,2
170630,2,1,2000,0,0,0,0,0,0,0,0,0,0
170631,1,1,2000,8,8,8,8,8,8,8,8,8,8
170632,1,1,2000,4,0,0,0,0,0,0,0,0,0
170632,2,1,2000,0,0,0,0,0,0,0,0,0,0
170633,0,1,2000,28,30,22,25,0,14,15,11,16,0
170633,1,1,2000,0,0,0,4,22,12,0,0,0,0
170634,1,1,2000,0,0,0,0,0,0,0,0,0,0
170634,2,1,2000,0,0,0,0,0,0,0,0,0,2
170635,1,1,2000,0,0,0,0,0,0,0,0,0,0
170636,0,1,2000,0,0,0,0,0,0,0,0,0,0
170636,1,1,2000,13,13,13,13,13,13,13,13,13,13
170637,1,1,2000,0,0,0,0,0,0,0,0,0,0
170637,2,1,2000,0,0,0,0,0,0,0,0,0,0
170637,3,1,2000,0,0,0,0,0,0,0,0,0,0
170637,4,1,2000,0,0,0,0,0,0,0,0,0,0
170638,0,1,2000,24,24,24,24,24,24,24,24,24,24
170638,1,1,2000,3,3,3,3,3,3,3,3,3,3
170638,2,1,2000,0,0,0,0,0,0,0,0,0,14
170639,1,1,2000,0,0,0,0,0,0,0,0,0,0
170639,2,1,2000,0,0,0,0,0,0,0,0,0,0
170640,0,1,2000,0,0,0,0,0,0,0,0,0,0
170640,1,1,2000,0,0,0,0,0,0,0,0,0,0
170641,0,1,2000,0,0,0,0,0,0,0,0,0,0
170641,1,1,2000,0,0,0,0,0,0,0,0,0,0
170642,1,1,2000,0,0,0,0,0,0,0,0,0,0
170643,0,1,2000,0,0,0,0,0,0,0,0,0,0
170643,1,1,2000,0,0,0,0,0,0,0,0,0,0
170644,1,1,2000,0,0,0,0,0,0,0,0,0,0
170645,1,1,2000,18,18,18,18,18,18,18,18,18,18
170646,1,1,2000,29,29,29,29,29,29,29,29,29,29
170646,2,1,2000,0,0,0,0,0,0,0,0,0,0
170646,3,1,2000,0,0,0,0,0,0,0,0,0,0
170647,1,1,2000,0,0,0,0,0,0,0,0,0,0
170647,2,1,2000,0,0,0,0,3,0,0,0,0,0
170648,1,1,2000,0,0,0,0,0,0,0,0,0,0
170649,1,1,2000,0,0,0,0,0,0,0,17,0,0
170649,2,1,2000,0,0,0,0,0,0,0,0,0,0
170650,1,1,2000,9,9,9,9,9,9,9,9,9,9
170651,1,1,2000,13,13,13,13,13,13,13,13,13,13
170652,1,1,2000,12,12,12,12,12,12,12,12,12,12
170653,1,1,2000,0,0,0,0,0,0,0,0,0,0
170654,1,1,2000,12,12,12,12,12,12,12,12,12,12
170654,2,1,2000,0,0,0,0,0,0,0,0,0,0
170656,0,1,2000,0,0,0,0,0,0,0,0,0,0
170656,1,1,2000,0,0,0,0,0,0,0,0,0,0
170657,0,1,2000,35,38,28,5,32,22,7,4,25,16
170657,1,1,2000,0,0,0,0,0,0,0,0,0,0
170658,1,1,2000,16,16,16,16,16,16,16,16,16,16
170659,1,1,2000,0,0,0,0,0,0,0,0,0,0
170659,2,1,2000,0,0,0,0,0,0,0,0,0,0
170660,1,1,2000,19,19,19,19,19,19,19,19,19,19
170661,0,1,2000,0,0,0,0,0,0,0,0,0,0
170661,1,1,2000,0,0,0,0,0,0,0,0,0,0
170662,1,1,2000,0,0,0,0,0,0,0,0,0,0
170662,2,1,2000,0,0,0,0,0,0,0,0,0,0
170663,1,1,2000,11,11,11,11,11,11,11,11,11,11
170664,1,1,2000,22,22,22,22,22,22,22,22,22,22
170664,2,1,2000,0,0,0,0,0,0,0,0,0,0
170665,1,1,2000,0,0,0,0,0,0,0,0,0,0
170665,2,1,2000,0,0,0,0,0,0,0,0,0,0
170666,1,1,2000,0,0,0,0,0,0,0,0,0,0
170666,2,1,2000,0,0,0,0,0,0,0,0,0,0
170667,1,1,2000,0,0,0,0,0,0,0,0,0,0
170667,2,1,2000,0,0,0,0,0,0,0,0,0,0
170668,1,1,2000,14,14,14,14,14,14,14,14,14,14
170669,1,1,2000,0,0,0,0,0,0,0,0,0,0
170670,1,1,2000,15,15,15,15,15,15,15,15,15,15
170670,2,1,2000,0,0,0,0,0,0,0,0,0,0
170671,1,1,2000,15,15,15,15,15,15,15,15,15,15
170672,1,1,2000,0,0,0,0,0,0,0,0,0,0
170672,2,1,2000,0,0,0,0,0,0,0,0,0,0
170673,0,1,2000,0,29,0,23,0,15,0,0,0,0
170673,1,1,2000,0,0,0,0,0,0,0,0,0,0
170674,1,1,2000,0,0,0,0,0,0,0,0,0,0
170674,2,1,2000,0,0,0,0,0,0,0,0,0,0
170675,1,1,2000,0,0,0,0,15,0,0,0,0,0
170675,2,1,2000,0,0,0,0,0,0,0,0,0,0
170675,3,1,2000,0,0,0,0,0,0,0,0,0,0
170676,1,1,2000,0,0,0,0,0,0,0,0,0,0
170676,2,1,2000,0,0,0,0,0,0,0,0,0,0
170677,0,1,2000,0,0,0,0,0,11,0,0,0,16
170677,1,1,2000,0,0,0,0,0,0,0,0,0,0
170678,1,1,2000,20,20,20,20,20,20,20,20,20,20
170679,0,1,2000,0,0,0,0,0,0,0,0,0,0
170679,1,1,2000,0,0,0,0,0,0,0,0,0,0
170680,1,1,2000,16,16,16,16,16,16,16,16,16,16
170680,2,1,2000,6,0,0,5,0,14,0,0,0,0
170681,1,1,2000,0,0,0,0,0,0,0,0,0,0
170682,1,1,2000,0,0,0,0,0,0,0,0,0,0
170683,1,1,2000,0,0,0,0,0,0,0,0,0,0
170684,0,1,2000,0,0,0,0,0,0,0,0,0,0
170684,1,1,2000,0,0,0,0,0,0,0,0,0,0
170685,1,1,2000,11,11,11,11,11,11,11,11,11,11
170686,1,1,2000,0,0,0,0,0,0,0,0,0,0
170686,2,1,2000,0,0,0,0,0,0,0,0,0,0
170686,3,1,2000,0,0,0,0,0,0,0,27,0,0
170687,1,1,2000,18,18,18,18,18,18,18,18,18,18
170688,1,1,2000,0,0,0,0,0,0,0,0,0,0
170689,0,1,2000,0,0,0,0,0,0,0,0,0,0
170689,1,1,2000,0,0,0,0,0,0,0,0,0,0
170690,1,1,2000,0,0,0,0,0,0,0,0,0,0
170690,2,1,2000,0,0,0,0,0,0,0,0,0,0
170691,1,1,2000,4,4,4,4,4,4,4,4,4,4
170692,1,1,2000,0,0,0,0,0,0,0,0,0,0
170692,2,1,2000,0,0,0,0,0,0,0,0,0,0
170693,1,1,2000,0,0,0,0,0,0,0,0,0,0
170694,1,1,2000,18,18,18,18,18,18,18,18,18,18
170695,1,1,2000,0,0,0,0,0,0,0,0,0,0
170695,2,1,2000,0,0,0,0,0,0,0,24,9,0
170695,3,1,2000,0,0,0,0,0,0,18,0,0,0
170696,1,1,2000,18,18,18,18,18,18,18,18,18,18
170697,0,1,2000,0,0,0,0,0,0,0,0,0,0
170697,1,1,2000,0,0,0,0,0,0,0,0,0,0
170698,1,1,2000,0,0,0,0,0,0,0,0,0,0
170699,1,1,2000,0,0,0,0,0,0,0,0,0,0
170700,1,1,2000,0,0,0,0,0,0,0,0,0,0
170701,1,1,2000,14,14,14,14,14,14,14,14,14,14
170702,1,1,2000,0,0,0,2,0,0,0,0,0,0
170702,2,1,2000,0,0,0,0,0,0,0,0,0,0
170703,0,1,2000,0,0,0,0,0,0,0,0,0,0
170703,1,1,2000,0,0,0,0,0,0,0,0,0,0
170704,1,1,2000,0,0,0,0,0,0,0,0,0,0
170704,2,1,2000,0,0,0,0,0,0,0,0,0,0
170705,0,1,2000,0,0,0,0,0,0,0,0,0,0
170705,1,1,2000,3,0,0,0,5,0,8,0,0,0
170706,0,1,2000,21,21,21,21,21,21,21,21,21,21
170706,1,1,2000,17,21,14,14,25,18,20,32,15,12
170707,1,1,2000,0,0,0,0,0,0,0,0,0,0
170707,2,1,2000,0,0,6,0,0,0,30,0,0,0
170707,3,1,2000,15,21,0,0,0,0,26,0,28,0
170708,1,1,2000,0,0,0,0,0,0,0,0,0,0
170708,2,1,2000,0,0,0,7,0,0,0,0,0,0
170709,1,1,2000,11,11,11,11,11,11,11,11,11,11
170709,2,1,2000,0,0,0,0,0,0,0,0,0,0
170710,1,1,2000,7,7,7,7,7,7,7,7,7,7
170711,1,1,2000,23,23,23,23,23,23,23,23,23,23
170712,1,1,2000,29,29,29,29,29,29,29,29,29,29
170713,1,1,2000,0,0,0,0,0,0,0,0,0,0
170714,1,1,2000,0,0,0,0,0,0,0,0,0,0
170715,1,1,2000,18,18,18,18,18,18,18,18,18,18
170715,2,1,2000,0,0,0,0,0,0,0,0,0,0
170716,1,1,2000,0,0,0,0,0,0,0,0,0,0
170716,2,1,2000,0,0,25,22,0,0,0,0,0,0
170717,1,1,2000,16,16,16,16,16,16,16,16,16,16
170718,1,1,2000,16,16,16,16,16,16,16,16,16,16
170719,1,1,2000,18,18,18,18,18,18,18,18,18,18
170720,1,1,2000,0,0,0,0,0,0,0,0,0,0
170721,1,1,2000,0,0,0,0,0,0,0,0,0,0
170721,2,1,2000,0,0,0,0,0,0,0,0,0,0
170722,0,1,2000,43,43,43,43,43,43,43,43,43,43
170722,1,1,2000,0,0,0,0,0,0,0,0,0,0
170723,1,1,2000,28,28,28,28,28,28,28,28,28,28
170724,1,1,2000,12,0,12,10,22,0,0,0,0,9
170725,1,1,2000,4,4,4,4,4,4,4,4,4,4
170725,2,1,2000,0,0,0,6,0,0,0,0,0,0
170726,1,1,2000,22,22,22,22,22,22,22,22,22,22
170727,1,1,2000,0,0,0,0,0,0,0,0,0,0
170727,2,1,2000,0,0,0,0,0,0,0,0,0,0
170727,3,1,2000,0,0,0,0,0,0,0,0,0,0
170727,4,1,2000,0,0,0,0,0,0,0,0,0,0
170727,5,1,2000,0,0,0,0,0,0,0,0,0,0
170727,6,1,2000,0,0,0,0,0,0,0,0,0,0
170728,1,1,2000,0,0,0,0,0,0,0,0,0,0
170728,2,1,2000,0,0,0,0,0,0,0,0,0,0
170728,3,1,2000,5,0,0,0,0,0,0,0,0,0
170729,1,1,2000,0,0,0,0,0,0,0,0,11,0
170729,2,1,2000,0,0,12,0,0,0,0,0,0,0
170729,3,1,2000,0,0,0,0,0,0,0,0,0,0
170730,0,1,2000,0,0,0,0,0,0,0,5,0,0
170730,1,1,2000,0,0,0,0,0,0,0,0,12,0
170731,1,1,2000,0,0,0,0,21,7,16,0,0,0
170732,1,1,2000,0,0,0,0,0,0,0,0,0,0
170732,2,1,2000,0,0,0,0,0,0,0,0,0,0
170733,1,1,2000,0,0,0,0,0,0,0,0,0,0
170733,2,1,2000,0,0,0,0,0,0,0,0,0,0
170734,0,1,2000,11,11,11,11,11,11,11,11,11,11
170734,1,1,2000,0,0,0,0,0,0,0,0,0,0
170735,1,1,2000,0,0,0,0,0,0,0,0,0,0
170736,0,1,2000,0,0,0,0,0,0,0,0,0,0
170736,1,1,2000,0,0,0,4,0,0,0,0,0,0
170736,2,1,2000,0,0,0,0,0,0,0,0,0,0
170737,1,1,2000,0,0,0,0,0,0,0,0,0,0
170737,2,1,2000,0,0,0,0,0,0,0,0,0,0
170738,0,1,2000,22,28,14,18,32,13,0,29,32,9
170738,1,1,2000,0,0,0,0,0,11,0,0,0,0
170739,1,1,2000,0,0,0,0,0,0,0,0,0,0
170740,1,1,2000,0,0,0,0,0,0,0,0,0,0
170740,2,1,2000,0,0,0,0,0,0,0,0,0,0
170741,1,1,2000,9,9,9,9,9,9,9,9,9,9
170742,1,1,2000,0,0,0,0,0,0,0,0,0,0
170742,2,1,2000,0,0,0,0,0,0,0,0,0,0
170743,1,1,2000,17,17,17,17,17,17,17,17,17,17
170743,2,1,2000,0,0,0,0,0,0,0,0,0,0
170744,1,1,2000,15,15,15,15,15,15,15,15,15,15
170745,1,1,2000,0,0,0,0,0,0,0,0,0,0
170746,0,1,2000,0,0,0,0,0,0,0,0,0,0
170746,1,1,2000,0,0,0,16,0,0,0,0,0,0
170747,1,1,2000,0,0,0,0,0,0,0,0,0,0
170748,1,1,2000,0,0,0,0,0,0,0,0,0,0
170749,0,1,2000,37,37,37,37,37,37,37,37,37,37
170749,1,1,2000,0,0,0,0,0,0,0,0,0,0
170750,1,1,2000,0,0,0,0,0,0,0,0,0,0
170751,1,1,2000,15,15,15,15,15,15,15,15,15,15
170752,0,1,2000,0,0,0,0,0,0,0,0,0,0
170752,1,1,2000,0,5,15,23,13,6,0,0,0,0
170753,0,1,2000,18,18,18,18,18,18,18,18,18,18
170753,1,1,2000,0,0,2,9,20,0,14,12,23,9
170754,0,1,2000,6,6,6,6,6,6,6,6,6,6
170754,1,1,2000,0,0,0,10,0,0,0,21,0,0
170755,1,1,2000,14,14,14,14,14,14,14,14,14,14
170756,1,1,2000,0,0,0,0,0,0,0,0,0,15
170756,2,1,2000,0,0,0,0,0,0,0,0,0,0
170757,1,1,2000,18,18,18,18,18,18,18,18,18,18
170758,1,1,2000,0,0,0,0,0,0,0,0,0,0
170758,2,1,2000,0,0,0,0,0,0,0,0,0,13
170759,1,1,2000,0,0,0,0,0,0,0,0,0,0
170759,2,1,2000,0,0,8,0,0,0,0,0,0,0
170760,1,1,2000,0,0,0,0,0,0,0,9,0,0
170761,1,1,2000,0,0,0,0,0,0,0,0,0,0
170761,2,1,2000,0,0,0,0,0,0,0,0,0,0
170762,1,1,2000,0,0,0,0,0,0,0,0,9,0
170762,2,1,2000,0,0,0,0,0,0,0,0,0,0
170763,1,1,2000,0,0,0,0,0,0,0,0,0,0
170763,2,1,2000,0,0,0,0,0,0,0,0,0,0
170764,1,1,2000,13,13,13,13,13,13,13,13,13,13
170764,2,1,2000,0,0,0,0,4,0,19,0,18,0
170765,1,1,2000,6,6,6,6,6,6,6,6,6,6
170766,1,1,2000,0,0,6,22,7,0,0,12,0,0
170767,1,1,2000,0,0,0,0,0,19,0,8,0,0
170767,2,1,2000,0,0,0,0,0,0,0,0,0,0
170768,1,1,2000,30,30,30,30,30,30,30,30,30,30
170769,1,1,2000,0,0,0,0,12,0,0,0,0,0
170770,1,1,2000,0,0,0,0,0,0,0,0,0,0
170770,2,1,2000,0,0,0,0,0,0,0,0,0,0
170771,1,1,2000,14,14,14,14,14,14,14,14,14,14
170772,1,1,2000,0,0,0,0,0,0,0,0,0,0
170772,2,1,2000,0,0,0,0,0,0,0,0,0,0
170773,1,1,2000,9,14,11,13,0,5,11,5,0,7
170774,1,1,2000,0,0,0,0,0,0,0,0,0,0
170774,2,1,2000,20,20,20,20,20,20,20,20,20,20
170775,1,1,2000,19,19,19,19,19,19,19,19,19,19
170775,2,1,2000,0,0,17,0,0,0,0,0,0,0
170776,1,1,2000,0,0,0,0,0,0,0,0,0,0
170776,2,1,2000,0,0,0,0,0,0,0,0,0,0
170777,1,1,2000,16,16,16,16,16,16,16,16,16,16
170777,2,1,2000,0,0,0,0,0,0,0,2,0,0
170778,1,1,2000,0,0,0,0,0,0,0,0,0,0
170778,2,1,2000,0,0,0,0,0,0,0,0,0,0
170779,1,1,2000,0,0,0,0,0,0,0,0,0,0
170780,1,1,2000,12,0,0,0,0,0,0,0,0,0
170780,2,1,2000,0,0,0,0,0,0,0,0,0,0