ST_CASE,VEH_NO,PER_NO,YEAR,P1,P2,P3,P4,P5,P6,P7,P8,P9,P10
170781,1,1,2000,20,20,20,20,20,20,20,20,20,20
170782,1,1,2000,0,0,0,0,0,0,0,0,0,0
170782,2,1,2000,0,0,0,0,0,0,0,0,0,0
170783,1,1,2000,0,0,0,0,0,0,0,0,0,0
170783,2,1,2000,0,0,0,0,0,0,0,0,0,0
170784,1,1,2000,0,0,0,0,0,0,0,0,0,0
170784,2,1,2000,0,0,0,17,0,0,0,0,0,0
170784,3,1,2000,0,0,0,0,0,0,0,0,0,0
170784,4,1,2000,0,0,0,0,0,0,0,0,0,0
170785,1,1,2000,2,2,2,2,2,2,2,2,2,2
170786,1,1,2000,0,0,0,0,0,0,0,0,0,0
170786,2,1,2000,0,0,0,0,0,0,0,0,0,0
170787,1,1,2000,0,0,0,0,0,0,0,0,0,0
170787,2,1,2000,0,0,0,0,0,0,0,0,0,0
170788,1,1,2000,0,0,0,0,0,0,0,0,0,0
170789,1,1,2000,17,17,17,17,17,17,17,17,17,17
170789,2,1,2000,0,0,0,0,0,0,0,0,0,0
170790,0,1,2000,23,23,23,23,23,23,23,23,23,23
170790,1,1,2000,0,10,14,0,0,0,0,16,0,0
170791,1,1,2000,0,0,0,0,0,0,0,0,0,0
170791,2,1,2000,0,0,0,0,0,0,0,0,0,0
170792,1,1,2000,0,0,0,0,0,0,0,0,0,0
170793,1,1,2000,3,3,3,3,3,3,3,3,3,3
170794,1,1,2000,23,23,23,23,23,23,23,23,23,23
170795,1,1,2000,7,7,7,7,7,7,7,7,7,7
170796,1,1,2000,0,0,0,0,0,0,0,0,0,0
170796,2,1,2000,0,0,7,0,0,0,0,0,0,0
170797,1,1,2000,0,0,0,0,0,0,0,0,0,0
170797,2,1,2000,0,0,0,0,0,0,0,0,0,0
170798,1,1,2000,3,3,3,3,3,3,3,3,3,3
170798,2,1,2000,0,0,15,0,12,6,0,0,12,0
170799,0,1,2000,0,0,0,0,0,0,0,0,0,0
170799,1,1,2000,0,0,0,0,0,0,0,0,0,0
170800,1,1,2000,14,14,14,14,14,14,14,14,14,14
170801,1,1,2000,0,0,0,0,0,0,0,0,0,0
170801,2,1,2000,0,0,0,0,0,0,0,0,0,0
170801,3,1,2000,0,0,0,0,0,0,0,0,0,0
170801,4,1,2000,0,0,0,0,0,0,0,0,0,0
170801,5,1,2000,0,0,0,0,0,0,0,0,0,0
170801,6,1,2000,0,0,0,0,0,0,0,0,0,0
170802,1,1,2000,0,0,0,13,0,0,0,0,5,0
170802,2,1,2000,0,0,0,0,0,0,0,0,0,0
170803,1,1,2000,0,0,0,0,0,0,0,0,0,0
170803,2,1,2000,0,0,0,0,0,0,0,0,0,0
170804,1,1,2000,0,0,0,0,0,0,0,0,0,0
170804,2,1,2000,0,0,0,0,0,0,0,0,0,0
170805,1,1,2000,24,24,24,24,24,24,24,24,24,24
170805,2,1,2000,0,0,0,0,0,0,0,0,0,0
170805,3,1,2000,0,0,0,0,0,0,0,0,0,0
170806,1,1,2000,0,0,0,0,0,0,0,0,0,0
170806,2,1,2000,0,0,0,0,0,0,0,0,0,0
170807,0,1,2000,0,0,17,0,0,0,0,12,0,20
170807,1,1,2000,0,0,0,0,0,0,0,0,0,0
170808,1,1,2000,0,0,0,0,0,0,0,0,0,0
170809,0,1,2000,0,0,0,0,0,0,0,0,0,0
170809,1,1,2000,0,0,0,0,0,0,0,0,0,0
170810,0,1,2000,23,23,23,23,23,23,23,23,23,23
170810,1,1,2000,0,0,0,0,7,0,0,0,0,0
170811,1,1,2000,6,0,0,9,0,0,0,0,14,3
170812,1,1,2000,0,0,0,0,0,0,0,0,0,0
170812,2,1,2000,0,0,0,0,0,0,0,0,0,0
170812,3,1,2000,0,0,5,0,0,0,0,0,0,0
170813,1,1,2000,0,0,5,0,0,12,14,0,0,9
170814,1,1,2000,17,17,17,17,17,17,17,17,17,17
170815,1,1,2000,16,16,16,16,16,16,16,16,16,16
170816,1,1,2000,16,16,16,16,16,16,16,16,16,16
170817,1,1,2000,0,0,0,0,0,0,0,0,0,0
170817,2,1,2000,0,0,0,0,0,0,0,0,0,0
170818,1,1,2000,15,15,15,15,15,15,15,15,15,15
170819,1,1,2000,14,14,14,14,14,14,14,14,14,14
170820,1,1,2000,0,0,0,0,0,0,0,0,0,0
170821,1,1,2000,0,0,0,0,0,0,0,0,0,0
170822,1,1,2000,20,20,20,20,20,20,20,20,20,20
170822,2,1,2000,0,0,0,0,0,0,0,0,0,0
170823,1,1,2000,0,0,0,0,0,0,0,0,0,0
170824,1,1,2000,0,0,0,0,0,0,0,0,0,0
170824,2,1,2000,0,0,0,0,0,0,0,0,0,0
170825,1,1,2000,0,0,0,0,0,0,0,0,0,0
170825,2,1,2000,7,14,4,10,14,26,13,0,16,30
170826,1,1,2000,0,0,0,0,0,0,0,0,0,0
170826,2,1,2000,12,0,0,0,0,0,0,0,0,0
170826,3,1,2000,0,0,0,0,0,0,0,0,0,0
170826,4,1,2000,0,0,0,0,0,0,0,0,0,0
170827,1,1,2000,0,0,0,0,0,0,0,0,0,0
170828,1,1,2000,0,13,0,0,0,0,0,0,0,0
170828,2,1,2000,0,0,0,0,0,0,0,0,0,0
170829,1,1,2000,10,10,10,10,10,10,10,10,10,10
170830,1,1,2000,0,0,0,0,0,0,0,0,0,0
170830,2,1,2000,13,15,0,0,0,0,0,0,0,0
170831,1,1,2000,0,0,0,0,0,0,0,0,0,0
170831,2,1,2000,0,0,0,0,0,0,0,0,0,0
170831,3,1,2000,0,0,0,0,0,0,0,0,0,0
170831,4,1,2000,0,0,0,16,0,5,0,0,0,0
170832,1,1,2000,0,0,0,0,0,0,0,0,0,0
170832,2,1,2000,0,0,0,0,0,0,4,0,0,0
170832,3,1,2000,0,0,0,0,0,0,0,0,0,0
170832,4,1,2000,0,0,11,0,0,0,0,0,0,0
170832,5,1,2000,0,0,0,0,0,0,0,0,0,0
170833,1,1,2000,0,0,0,0,0,0,0,0,0,0
170834,1,1,2000,6,6,6,6,6,6,6,6,6,6
170835,1,1,2000,29,29,29,29,29,29,29,29,29,29
170836,1,1,2000,0,0,0,0,12,7,5,15,0,0
170837,1,1,2000,0,0,0,0,0,0,0,0,0,0
170837,2,1,2000,0,0,0,0,0,0,0,0,0,0
170838,1,1,2000,0,0,0,0,0,0,0,0,0,0
170839,1,1,2000,0,0,0,0,0,0,0,0,0,0
170839,2,1,2000,0,0,0,0,0,0,0,0,0,0
170840,1,1,2000,21,21,21,21,21,21,21,21,21,21
170841,1,1,2000,20,20,20,20,20,20,20,20,20,20
170842,1,1,2000,18,18,18,18,18,18,18,18,18,18
170843,1,1,2000,10,10,10,10,10,10,10,10,10,10
170843,2,1,2000,0,0,0,0,0,0,0,0,0,0
170844,0,1,2000,13,13,13,13,13,13,13,13,13,13
170844,1,1,2000,0,0,0,19,0,0,0,0,0,0
170845,1,1,2000,0,0,0,0,0,0,0,0,0,0
170846,1,1,2000,15,13,11,13,11,12,10,11,12,35
170846,2,1,2000,7,24,17,11,0,0,0,0,0,0
170847,1,1,2000,11,11,11,11,11,11,11,11,11,11
170848,1,1,2000,18,18,18,18,18,18,18,18,18,18
170848,2,1,2000,0,0,0,0,0,0,0,0,0,0
170849,1,1,2000,52,52,52,52,52,52,52,52,52,52
170850,1,1,2000,14,14,14,14,14,14,14,14,14,14
170851,1,1,2000,0,0,0,0,0,0,0,0,0,0
170851,2,1,2000,0,0,0,0,0,0,8,0,0,0
170852,1,1,2000,0,10,0,0,17,8,0,0,0,0
170853,1,1,2000,8,8,8,8,8,8,8,8,8,8
170854,0,1,2000,0,0,0,0,0,0,0,0,0,0
170854,1,1,2000,0,0,0,0,0,0,0,0,0,0
170855,1,1,2000,0,0,0,0,0,0,0,0,0,0
170855,2,1,2000,0,0,0,0,0,0,0,0,0,0
170855,3,1,2000,0,0,0,0,0,0,0,0,0,0
170855,4,1,2000,0,0,0,0,0,0,0,0,0,0
170856,1,1,2000,0,0,0,0,0,0,0,0,0,0
170856,2,1,2000,0,0,0,0,0,0,0,0,0,0
170856,3,1,2000,0,18,0,0,0,4,0,0,0,0
170857,0,1,2000,0,0,0,0,0,0,0,0,0,0
170857,1,1,2000,0,0,0,0,0,0,0,0,0,0
170858,1,1,2000,0,0,0,0,0,0,0,0,0,0
170858,2,1,2000,0,0,0,0,0,0,0,0,0,0
170859,1,1,2000,0,0,0,0,0,0,0,0,0,0
170860,0,1,2000,17,17,17,17,17,17,17,17,17,17
170860,1,1,2000,4,4,4,4,4,4,4,4,4,4
170861,1,1,2000,0,0,0,0,0,0,0,0,0,0
170861,2,1,2000,0,0,0,0,0,0,0,0,0,0
170861,3,1,2000,0,0,0,0,0,0,0,0,0,0
170861,4,1,2000,0,0,0,0,0,0,0,0,0,0
170861,5,1,2000,0,13,0,0,0,0,0,0,0,0
170862,0,1,2000,0,0,0,0,0,0,0,0,0,0
170862,1,1,2000,0,0,0,0,0,0,0,0,0,0
170863,1,1,2000,0,0,0,0,0,0,0,0,0,0
170863,2,1,2000,0,10,0,0,0,0,0,0,0,0
170864,1,1,2000,11,19,0,16,0,6,9,9,23,7
170864,2,1,2000,0,0,0,0,0,0,0,0,0,0
170865,1,1,2000,0,0,0,0,0,0,0,0,0,0
170866,1,1,2000,26,20,15,0,9,8,5,6,8,17
170867,1,1,2000,26,0,0,0,0,0,0,0,0,0
170867,2,1,2000,0,0,0,0,0,0,0,0,0,0
170868,1,1,2000,0,0,0,0,0,0,0,0,0,0
170868,2,1,2000,0,0,0,0,0,0,0,0,0,0
170869,1,1,2000,26,26,26,26,26,26,26,26,26,26
170870,1,1,2000,20,0,0,0,0,0,0,0,0,0
170870,2,1,2000,0,0,0,0,0,0,0,0,0,0
170871,1,1,2000,25,25,25,25,25,25,25,25,25,25
170872,1,1,2000,11,11,11,11,11,11,11,11,11,11
170873,1,1,2000,0,0,0,0,0,0,0,0,0,0
170873,2,1,2000,0,0,0,0,0,0,0,0,0,0
170874,1,1,2000,0,0,0,0,0,0,0,0,0,0
170874,2,1,2000,0,0,0,0,0,0,0,0,0,0
170875,0,1,2000,0,0,0,0,0,0,0,0,0,0
170875,1,1,2000,0,0,0,0,0,0,0,0,0,0
170876,1,1,2000,0,0,0,0,0,0,0,0,0,0
170876,2,1,2000,0,0,0,0,0,0,0,0,0,0
170877,1,1,2000,0,0,0,0,0,0,0,0,0,0
170877,2,1,2000,0,0,0,0,0,0,0,0,0,0
170877,3,1,2000,0,0,0,0,0,0,0,0,0,0
170878,1,1,2000,15,15,15,15,15,15,15,15,15,15
170878,2,1,2000,0,0,0,0,0,0,0,12,0,0
170879,1,1,2000,0,0,0,0,0,0,0,0,0,0
170879,2,1,2000,0,0,0,0,0,0,0,0,0,0
170880,1,1,2000,12,12,12,12,12,12,12,12,12,12
170880,2,1,2000,0,0,0,0,0,0,0,0,0,0
170881,0,1,2000,0,0,0,0,0,0,0,0,0,0
170881,1,1,2000,0,0,0,0,0,0,0,0,0,0
170882,1,1,2000,0,0,0,0,0,0,0,0,0,0
170882,2,1,2000,0,0,0,0,0,0,0,0,0,0
170883,1,1,2000,0,0,0,0,0,0,0,0,0,0
170883,2,1,2000,0,0,0,0,0,0,0,0,0,0
170884,1,1,2000,0,0,0,0,0,0,0,0,0,0
170885,1,1,2000,1,1,1,1,1,1,1,1,1,1
170886,1,1,2000,3,3,3,3,3,3,3,3,3,3
170887,1,1,2000,0,0,0,0,2,10,0,0,0,0
170887,2,1,2000,0,0,0,0,0,0,0,0,0,0
170888,1,1,2000,29,29,29,29,29,29,29,29,29,29
170889,0,1,2000,0,0,0,0,0,0,0,0,0,0
170889,1,1,2000,23,23,23,23,23,23,23,23,23,23
170890,1,1,2000,21,21,21,21,21,21,21,21,21,21
170891,1,1,2000,20,20,20,20,20,20,20,20,20,20
170892,1,1,2000,0,0,0,0,0,0,0,0,0,0
170892,2,1,2000,0,0,0,0,0,0,0,0,0,0
170893,1,1,2000,12,12,12,12,12,12,12,12,12,12
170893,2,1,2000,0,0,18,0,0,0,0,6,25,0
170894,1,1,2000,13,13,13,13,13,13,13,13,13,13
170895,0,1,2000,14,14,14,14,14,14,14,14,14,14
170895,1,1,2000,0,0,0,14,0,0,6,15,15,0
170896,1,1,2000,20,20,20,20,20,20,20,20,20,20
170897,1,1,2000,20,20,20,20,20,20,20,20,20,20
170898,1,1,2000,5,5,5,5,5,5,5,5,5,5
170899,1,1,2000,0,0,0,0,0,0,0,0,0,0
170899,2,1,2000,0,0,0,0,0,0,0,0,0,0
170900,1,1,2000,0,0,0,0,0,0,0,0,0,0
170901,1,1,2000,0,0,0,0,0,0,0,0,0,0
170902,1,1,2000,9,0,0,0,0,0,0,0,8,0
170902,2,1,2000,0,0,0,0,0,0,0,0,0,0
170903,0,2,2000,15,0,0,0,0,0,0,0,0,0
170903,1,1,2000,0,0,0,0,0,0,0,0,0,0
170904,1,1,2000,0,0,0,0,0,0,0,0,0,0
170904,2,1,2000,0,0,0,0,0,0,0,0,0,0
170905,0,1,2000,10,10,10,10,10,10,10,10,10,10
170905,1,1,2000,0,0,0,0,0,0,0,0,0,0
170906,0,1,2000,0,0,0,0,0,0,0,0,0,0
170906,1,1,2000,0,0,0,0,0,0,0,0,0,0
170907,1,1,2000,0,0,0,0,0,0,0,0,0,0
170908,0,1,2000,0,0,0,0,0,0,0,0,0,0
170908,1,1,2000,0,0,0,0,0,0,0,0,0,0
170909,1,1,2000,0,0,0,0,0,0,0,0,0,0
170909,2,1,2000,0,0,0,0,0,0,0,0,0,0
170910,1,1,2000,0,0,8,0,0,0,0,0,0,0
170910,2,1,2000,0,0,0,0,0,0,0,0,0,0
170910,3,1,2000,0,0,0,0,0,0,0,0,0,0
170911,1,1,2000,0,0,0,0,0,0,0,0,0,0
170911,2,1,2000,0,0,0,0,0,0,0,0,0,0
170912,1,1,2000,0,0,0,0,0,0,0,0,0,0
170912,2,1,2000,0,0,0,0,0,0,0,0,0,0
170913,1,1,2000,0,0,0,35,18,0,0,0,9,0
170914,0,1,2000,0,0,0,0,0,0,0,0,0,0
170914,1,1,2000,0,0,0,0,0,0,0,0,0,0
170915,1,1,2000,13,13,0,15,20,21,0,19,19,18
170916,1,1,2000,12,12,12,12,12,12,12,12,12,12
170916,2,1,2000,0,0,0,0,0,0,0,0,0,0
170917,1,1,2000,0,0,0,0,0,0,0,0,0,0
170918,1,1,2000,0,0,0,0,0,0,0,0,0,0
170918,2,1,2000,0,0,0,0,0,0,0,0,0,0
170919,1,1,2000,15,32,23,10,13,27,18,11,12,19
170920,0,1,2000,22,22,22,22,22,22,22,22,22,22
170920,1,1,2000,6,0,10,0,0,0,5,0,0,0
170921,1,1,2000,31,31,31,31,31,31,31,31,31,31
170922,1,1,2000,18,18,18,18,18,18,18,18,18,18
170923,1,1,2000,0,0,0,0,0,0,0,0,0,0
170923,2,1,2000,0,0,0,0,0,0,0,0,0,0
170923,3,1,2000,0,0,0,0,0,0,0,0,0,0
170924,1,1,2000,0,0,0,0,0,0,0,0,0,0
170925,1,1,2000,11,11,11,11,11,11,11,11,11,11
170926,1,1,2000,20,20,20,20,20,20,20,20,20,20
170926,2,1,2000,0,0,0,0,0,0,0,0,0,0
170927,0,1,2000,0,0,0,0,0,0,0,0,0,0
170927,1,1,2000,0,0,0,0,0,0,0,0,0,0
170928,0,1,2000,0,15,0,30,0,0,0,0,0,0
170928,1,1,2000,0,0,0,0,0,0,0,0,0,0
170929,1,1,2000,17,15,13,31,10,16,26,12,7,0
170931,1,1,2000,3,23,18,0,0,0,20,23,0,5
170932,0,1,2000,0,0,0,0,0,0,0,0,0,0
170932,1,1,2000,0,0,18,0,0,0,0,0,0,7
170933,1,1,2000,0,0,0,0,0,0,0,0,0,0
170933,2,1,2000,0,7,0,0,0,0,0,14,0,0
170934,1,1,2000,0,0,0,0,0,0,0,0,0,0
170936,1,1,2000,9,9,9,9,9,9,9,9,9,9
170937,0,1,2000,0,0,0,0,0,0,0,0,0,0
170937,1,1,2000,0,0,0,0,0,0,0,0,0,4
170938,1,1,2000,0,0,0,0,0,0,0,0,0,0
170939,1,1,2000,29,29,29,29,29,29,29,29,29,29
170940,1,1,2000,24,24,24,24,24,24,24,24,24,24
170941,1,1,2000,0,0,0,0,0,0,0,0,0,0
170942,1,1,2000,0,0,0,0,0,0,0,0,0,0
170942,2,1,2000,0,0,0,6,0,0,0,0,0,0
170943,1,1,2000,16,16,16,16,16,16,16,16,16,16
170943,2,1,2000,0,0,0,0,0,0,0,0,0,0
170944,0,1,2000,0,0,0,0,17,0,0,0,0,0
170944,1,1,2000,0,0,0,0,0,0,0,0,0,0
170945,1,1,2000,0,0,0,0,0,0,0,0,0,0
170946,1,1,2000,0,0,0,0,0,0,0,0,0,0
170946,2,1,2000,0,0,0,0,0,0,0,0,0,0
170947,1,1,2000,0,0,0,0,0,0,0,0,0,0
170947,2,1,2000,0,0,0,0,0,0,0,0,0,0
170948,1,1,2000,0,0,0,0,0,0,0,0,0,0
170949,1,1,2000,21,21,21,21,21,21,21,21,21,21
170950,1,1,2000,0,0,0,0,0,0,0,0,0,0
170950,2,1,2000,0,0,0,0,0,0,0,0,0,0
170950,3,1,2000,0,0,0,0,0,0,0,0,0,0
170951,1,1,2000,0,0,0,0,0,0,0,0,0,0
170951,2,1,2000,0,0,0,0,0,0,0,0,9,0
170952,1,1,2000,9,9,9,9,9,9,9,9,9,9
170953,1,1,2000,15,15,15,15,15,15,15,15,15,15
170954,1,1,2000,0,0,0,0,0,0,0,0,0,0
170955,0,1,2000,0,0,0,0,0,0,0,0,0,0
170955,1,1,2000,0,0,0,0,0,0,0,0,0,0
170956,1,1,2000,14,14,14,14,14,14,14,14,14,14
170957,1,1,2000,16,16,16,16,16,16,16,16,16,16
170958,1,1,2000,5,21,15,7,17,15,15,12,0,12
170958,2,1,2000,0,0,0,0,0,0,0,0,0,0
170959,1,1,2000,20,20,20,20,20,20,20,20,20,20
170960,1,1,2000,0,0,0,0,0,0,0,0,0,0
170960,2,1,2000,0,0,0,0,0,0,0,0,0,0
170961,1,1,2000,12,12,12,12,12,12,12,12,12,12
170961,2,1,2000,12,0,10,0,0,11,0,0,0,10
170962,1,1,2000,35,35,35,35,35,35,35,35,35,35
170962,2,1,2000,0,0,0,0,0,0,0,0,0,0
170963,1,1,2000,10,10,10,10,10,10,10,10,10,10
170963,2,1,2000,1,1,1,1,1,1,1,1,1,1
170964,1,1,2000,26,26,26,26,26,26,26,26,26,26
170965,0,1,2000,0,13,0,0,0,0,0,0,0,0
170965,1,1,2000,0,0,0,0,0,0,0,0,24,0
170966,1,1,2000,0,0,0,0,0,0,0,0,0,0
170966,2,1,2000,0,0,0,0,0,0,0,0,0,0
170966,3,1,2000,0,0,0,0,0,0,0,8,0,0
170967,1,1,2000,0,0,0,0,0,0,0,0,0,0
170967,2,1,2000,0,0,0,0,0,0,0,0,0,0
170967,3,1,2000,0,0,0,0,0,0,0,0,0,0
170968,1,1,2000,0,0,0,0,0,0,0,0,0,0
170968,2,1,2000,0,0,24,0,0,0,0,0,0,0
170969,0,1,2000,0,0,0,15,0,35,10,0,31,29
170969,1,1,2000,0,0,0,0,0,0,0,0,0,0
170969,2,1,2000,21,21,21,21,21,21,21,21,21,21
170970,1,1,2000,20,20,20,20,20,20,20,20,20,20
170971,1,1,2000,0,0,0,0,0,0,12,0,0,16
170971,2,1,2000,19,19,19,19,19,19,19,19,19,19
170972,0,1,2000,0,0,0,0,0,0,0,0,0,0
170972,1,1,2000,0,0,0,0,0,0,0,0,0,0
170973,1,1,2000,3,3,3,3,3,3,3,3,3,3
170974,1,1,2000,0,0,0,0,0,0,0,0,0,0
170974,2,1,2000,0,0,0,0,0,0,0,0,0,0
170975,1,1,2000,16,16,16,16,16,16,16,16,16,16
170976,0,1,2000,9,0,16,33,19,14,32,0,32,0
170976,1,1,2000,4,4,4,4,4,4,4,4,4,4
170977,1,1,2000,0,0,0,0,0,0,0,0,0,0
170977,2,1,2000,0,0,0,0,0,0,0,0,0,0
170978,1,1,2000,0,0,0,0,0,0,0,0,0,0
170978,2,1,2000,0,0,0,0,0,0,0,0,0,0
170979,1,1,2000,1,1,1,1,1,1,1,1,1,1
170979,2,1,2000,0,0,0,0,0,0,0,0,0,0
170979,3,1,2000,0,0,0,0,0,0,0,0,0,0
170980,1,1,2000,22,22,22,22,22,22,22,22,22,22
170981,1,1,2000,0,0,0,0,0,0,0,0,0,0
170981,2,1,2000,0,0,0,0,0,0,0,0,0,0
170982,1,1,2000,0,0,0,0,0,0,0,0,0,0
170982,2,1,2000,0,0,0,0,0,0,0,0,0,0
170982,3,1,2000,0,0,0,0,0,0,0,0,0,0
170982,4,1,2000,0,0,0,0,0,0,0,0,0,0
170982,5,1,2000,0,0,0,0,0,0,0,0,0,0
170982,6,1,2000,0,0,0,0,0,0,0,0,0,0
170982,7,1,2000,0,0,4,0,0,0,0,0,0,0
170982,8,1,2000,0,0,0,0,0,0,0,0,0,0
170982,9,1,2000,0,0,0,0,0,0,0,0,0,0
170983,0,1,2000,0,0,0,0,0,0,0,0,0,0
170983,1,1,2000,0,0,0,0,0,0,0,0,0,0
170984,0,1,2000,3,3,3,3,3,3,3,3,3,3
170984,1,1,2000,0,0,0,0,0,0,0,0,0,0
170985,1,1,2000,18,17,19,26,18,11,15,9,17,22
170985,2,1,2000,13,0,0,0,0,0,0,0,0,22
170986,0,1,2000,0,20,17,13,0,0,0,16,0,23
170986,1,1,2000,21,8,11,21,21,6,12,30,16,12
170987,1,1,2000,0,0,0,0,0,0,0,0,0,0
170988,1,1,2000,15,15,15,15,15,15,15,15,15,15
170989,1,1,2000,26,26,26,26,26,26,26,26,26,26
170990,1,1,2000,6,6,6,6,6,6,6,6,6,6
170991,0,1,2000,0,0,0,0,0,0,0,0,0,0
170991,0,2,2000,8,0,7,0,12,0,0,0,22,0
170991,1,1,2000,14,0,0,0,0,3,0,11,0,0
170992,1,1,2000,0,0,0,0,0,0,0,0,0,0
170992,2,1,2000,0,0,0,0,0,0,0,0,0,0
170993,1,1,2000,0,0,0,0,0,0,0,0,0,0
170993,2,1,2000,0,0,0,0,0,0,0,0,0,0
170994,1,1,2000,0,0,0,0,0,0,0,0,0,0
170995,1,1,2000,12,12,12,12,12,12,12,12,12,12
170996,1,1,2000,17,17,17,17,17,17,17,17,17,17
170997,1,1,2000,8,8,8,8,8,8,8,8,8,8
170998,1,1,2000,26,26,26,26,26,26,26,26,26,26
170998,2,1,2000,0,12,8,0,0,0,0,0,0,0
170999,0,1,2000,14,14,14,14,14,14,14,14,14,14
170999,1,1,2000,0,0,0,0,0,0,0,0,0,0
171000,1,1,2000,24,24,24,24,24,24,24,24,24,24
171001,1,1,2000,20,20,20,20,20,20,20,20,20,20
171002,1,1,2000,0,0,0,0,0,0,0,0,0,0
171003,1,1,2000,0,0,0,20,0,0,0,0,0,0
171003,2,1,2000,0,0,3,0,0,0,0,0,0,0
171004,1,1,2000,13,13,13,13,13,13,13,13,13,13
171005,1,1,2000,0,0,0,0,0,0,0,0,0,0
171006,1,1,2000,6,6,6,6,6,6,6,6,6,6
171006,2,1,2000,0,0,14,7,0,12,5,0,0,0
171007,1,1,2000,0,0,0,0,0,0,0,0,0,0
171007,2,1,2000,0,0,0,0,0,0,0,0,0,0
171008,0,1,2000,0,11,0,0,0,9,0,0,25,0
171008,1,1,2000,0,0,0,0,0,0,0,0,0,0
171009,0,1,2000,0,0,0,0,0,0,0,0,0,0
171009,1,1,2000,0,0,14,0,0,0,0,0,0,0
171010,1,1,2000,0,0,0,0,0,0,0,0,0,0
171010,2,1,2000,0,0,0,0,0,0,0,0,0,0
171011,1,1,2000,0,0,0,0,0,0,0,0,0,0
171011,2,1,2000,0,0,0,0,0,0,0,0,0,0
171012,1,1,2000,0,0,0,0,0,0,0,0,0,0
171012,2,1,2000,0,0,0,0,0,0,0,0,0,0
171013,1,1,2000,0,0,0,0,0,0,0,0,0,0
171013,2,1,2000,0,0,0,0,0,0,0,0,0,0
171014,1,1,2000,21,21,21,21,21,21,21,21,21,21
171015,0,1,2000,0,0,0,0,0,0,0,0,0,0
171015,1,1,2000,0,0,0,0,0,0,0,0,0,0
171016,1,1,2000,0,0,0,0,0,0,0,0,0,0
171017,1,1,2000,23,23,23,23,23,23,23,23,23,23
171018,1,1,2000,18,18,18,18,18,18,18,18,18,18
171018,2,1,2000,0,0,0,16,0,0,0,0,4,5
171019,1,1,2000,0,0,0,0,0,0,0,0,12,11
171019,2,1,2000,0,0,0,0,0,0,0,0,0,0
171020,1,1,2000,15,0,27,43,7,17,30,0,16,17
171021,0,1,2000,0,0,0,0,0,0,0,0,0,0
171021,1,1,2000,0,0,0,5,0,0,0,0,0,0
171022,1,1,2000,23,23,23,23,23,23,23,23,23,23
171023,1,1,2000,15,0,0,0,0,14,0,0,0,14
171024,1,1,2000,0,0,0,0,0,0,0,0,0,0
171024,2,1,2000,0,0,0,0,0,0,0,0,0,0
171024,3,1,2000,0,0,0,0,0,0,0,16,0,0
171024,4,1,2000,0,0,0,0,0,0,0,0,0,0
171024,5,1,2000,0,0,0,0,0,0,0,0,0,0
171025,1,1,2000,0,0,0,0,0,0,0,0,0,0
171025,2,1,2000,0,0,0,0,0,0,0,0,0,0
171025,3,1,2000,0,0,0,0,0,0,0,0,0,0
171026,1,1,2000,0,0,0,0,0,0,0,0,0,0
171026,2,1,2000,0,0,0,0,0,0,0,0,0,0
171027,1,1,2000,11,11,11,11,11,11,11,11,11,11
171028,1,1,2000,0,0,0,0,0,0,0,0,0,0
171028,2,1,2000,0,0,0,0,0,0,0,0,0,0
171028,3,1,2000,0,0,0,0,3,0,0,21,0,4
171029,1,1,2000,11,11,11,11,11,11,11,11,11,11
171030,1,1,2000,17,17,17,17,17,17,17,17,17,17
171031,1,1,2000,0,0,0,0,0,0,0,15,23,0
171031,2,1,2000,0,0,0,0,0,0,0,0,0,0
171032,1,1,2000,0,0,0,0,0,0,0,0,0,0
171032,2,1,2000,0,0,0,0,0,0,0,0,0,0
171033,1,1,2000,22,22,22,22,22,22,22,22,22,22
171033,2,1,2000,0,0,0,0,0,0,0,0,0,0
171034,1,1,2000,0,0,0,0,0,0,0,0,0,0
171034,2,1,2000,0,0,0,0,0,0,0,0,8,0
171035,1,1,2000,0,0,0,0,0,0,0,0,0,0
171036,1,1,2000,12,12,12,12,12,12,12,12,12,12
171036,2,1,2000,0,0,0,0,0,0,0,0,0,0
171036,3,1,2000,0,0,0,0,0,0,14,0,0,0
171037,1,1,2000,30,30,30,30,30,30,30,30,30,30
171038,1,1,2000,0,0,3,0,0,0,0,0,0,0
171038,2,1,2000,0,0,0,0,0,0,0,0,0,0
171038,3,1,2000,0,0,0,0,0,0,0,0,0,0
171039,1,1,2000,0,0,0,0,0,0,0,0,0,0
171039,2,1,2000,0,0,0,0,0,0,0,0,0,0
171039,3,1,2000,0,0,0,0,0,0,0,0,0,0
171040,1,1,2000,0,0,0,0,0,0,0,27,0,0
171041,1,1,2000,0,0,0,0,0,0,0,0,0,0
171041,2,1,2000,0,0,0,0,0,0,0,0,0,0
171042,1,1,2000,21,21,21,21,21,21,21,21,21,21
171043,1,1,2000,0,0,0,0,0,0,0,0,0,0
171043,2,1,2000,0,0,0,0,0,5,0,0,0,0
171044,1,1,2000,7,7,7,7,7,7,7,7,7,7
171044,2,1,2000,0,0,0,0,0,0,0,0,0,0
171045,1,1,2000,0,0,26,23,23,8,15,19,7,24