ST_CASE,VEH_NO,PER_NO,YEAR,P1,P2,P3,P4,P5,P6,P7,P8,P9,P10
171046,1,1,2000,44,44,44,44,44,44,44,44,44,44
171046,2,1,2000,0,0,0,0,0,0,0,0,0,0
171046,3,1,2000,0,0,0,0,0,0,0,0,0,0
171047,1,1,2000,0,0,0,0,0,0,0,0,0,0
171048,1,1,2000,9,9,9,9,9,9,9,9,9,9
171048,2,1,2000,0,0,0,0,0,0,0,0,0,0
171049,1,1,2000,0,0,0,0,0,0,0,0,0,0
171049,2,1,2000,11,11,11,11,11,11,11,11,11,11
171050,1,1,2000,21,21,21,21,21,21,21,21,21,21
171051,1,1,2000,10,10,10,10,10,10,10,10,10,10
171052,1,1,2000,0,0,0,0,0,0,0,0,0,0
171053,1,1,2000,19,19,19,19,19,19,19,19,19,19
171054,1,1,2000,0,23,0,0,0,0,0,0,0,0
171054,2,1,2000,0,0,0,0,0,22,0,0,0,0
171055,0,1,2000,0,0,0,0,0,0,0,0,0,0
171055,1,1,2000,0,0,0,0,0,0,0,0,0,0
171056,1,1,2000,12,12,12,12,12,12,12,12,12,12
171056,2,1,2000,0,0,0,0,0,0,0,0,0,0
171057,0,1,2000,0,20,24,14,9,30,22,25,22,41
171057,1,1,2000,0,0,0,0,0,0,0,0,0,0
171058,0,1,2000,21,46,0,0,0,0,38,0,0,34
171058,1,1,2000,0,0,0,0,0,0,0,0,10,0
171059,1,1,2000,0,0,0,0,0,0,0,0,0,0
171059,2,1,2000,0,0,0,0,0,0,0,0,0,0
171060,0,1,2000,0,13,0,0,0,0,0,0,0,0
171060,1,1,2000,0,0,0,0,0,0,0,0,7,0
171061,1,1,2000,0,0,0,0,0,0,0,0,0,0
171061,2,1,2000,0,0,0,0,0,0,0,0,0,0
171061,3,1,2000,0,0,0,0,0,0,0,0,0,0
171062,1,1,2000,2,2,2,2,2,2,2,2,2,2
171063,0,1,2000,0,0,19,0,19,5,18,11,0,0
171063,1,1,2000,0,0,0,0,0,0,0,0,0,0
171064,1,1,2000,0,0,0,0,0,0,0,0,0,0
171065,1,1,2000,22,22,22,22,22,22,22,22,22,22
171066,1,1,2000,0,0,0,0,0,0,0,0,0,0
171066,2,1,2000,0,0,0,0,0,0,0,0,0,0
171067,1,1,2000,0,0,0,0,0,0,0,0,0,0
171067,2,1,2000,0,0,0,0,0,0,0,0,0,0
171068,1,1,2000,0,0,0,0,0,0,0,0,0,0
171068,2,1,2000,0,0,0,0,0,0,0,0,0,0
171069,1,1,2000,0,0,0,0,0,0,0,0,0,0
171070,1,1,2000,15,0,0,0,23,0,12,0,0,0
171071,1,1,2000,19,19,19,19,19,19,19,19,19,19
171072,1,1,2000,0,0,0,0,0,0,9,0,0,0
171072,2,1,2000,0,0,0,0,0,0,0,0,0,0
171073,1,1,2000,0,0,0,0,0,0,0,0,0,0
171073,2,1,2000,0,0,0,0,0,0,0,0,0,0
171074,1,1,2000,0,0,0,0,0,0,7,0,0,0
171074,2,1,2000,0,0,0,0,0,0,0,0,0,0
171075,1,1,2000,0,0,0,0,0,0,0,0,0,0
171075,2,1,2000,0,0,0,0,0,0,0,0,0,0
171075,3,1,2000,0,0,0,0,0,0,0,0,0,0
171075,4,1,2000,0,0,0,0,0,0,0,0,0,0
171075,5,1,2000,0,0,0,0,0,0,13,0,0,0
171076,1,1,2000,0,0,0,0,0,11,0,0,0,0
171076,2,1,2000,0,0,0,0,0,0,0,0,0,0
171077,1,1,2000,0,0,0,0,0,0,0,0,0,0
171077,2,1,2000,0,0,0,0,0,0,0,0,0,0
171078,1,1,2000,0,0,0,0,0,0,0,0,0,0
171078,2,1,2000,0,0,0,0,0,0,0,0,0,0
171078,3,1,2000,0,0,0,0,0,0,0,0,0,0
171079,1,1,2000,0,0,0,0,0,0,0,0,0,0
171079,2,1,2000,0,0,0,0,0,0,0,0,0,0
171080,1,1,2000,0,0,0,0,0,0,0,0,0,0
171080,2,1,2000,0,0,0,0,0,0,0,0,0,0
171081,1,1,2000,0,0,0,0,0,0,0,0,0,0
171081,2,1,2000,0,0,0,0,0,0,0,0,0,0
171082,0,1,2000,0,0,0,0,0,0,0,0,0,0
171082,1,1,2000,0,0,0,0,0,0,0,0,0,0
171083,1,1,2000,0,0,0,0,0,0,0,0,0,0
171084,1,1,2000,0,0,24,0,0,0,0,14,18,19
171084,2,1,2000,0,0,0,4,0,10,0,0,0,12
171085,1,1,2000,9,9,9,9,9,9,9,9,9,9
171086,0,1,2000,0,0,0,0,0,0,0,0,0,0
171086,1,1,2000,0,0,0,0,0,0,0,0,0,0
171087,1,1,2000,0,0,0,0,0,0,0,0,0,0
171087,2,1,2000,0,0,0,0,0,0,0,0,0,0
171088,1,1,2000,16,16,16,16,16,16,16,16,16,16
171089,1,1,2000,0,0,0,0,0,0,0,0,0,0
171089,2,1,2000,0,15,0,0,0,0,0,0,0,0
171090,1,1,2000,0,0,0,0,0,0,0,0,0,0
171090,2,1,2000,0,0,0,0,0,0,0,0,0,0
171091,1,1,2000,0,0,0,0,8,0,0,0,0,5
171091,2,1,2000,0,0,0,0,0,0,0,0,0,0
171091,3,1,2000,0,0,0,0,0,0,0,0,0,0
171092,1,1,2000,0,0,0,0,0,0,0,0,0,0
171093,1,1,2000,0,0,0,0,0,0,0,0,0,0
171093,2,1,2000,0,0,0,0,0,0,0,0,0,0
171094,0,1,2000,0,0,0,0,0,0,0,0,0,0
171094,1,1,2000,0,0,0,0,0,0,0,0,0,0
171095,1,1,2000,13,13,13,13,13,13,13,13,13,13
171096,1,1,2000,0,0,0,0,0,0,0,0,0,0
171097,1,1,2000,0,0,0,0,0,0,0,0,0,0
171097,2,1,2000,0,0,0,0,0,0,0,0,0,0
171098,0,1,2000,40,40,40,40,40,40,40,40,40,40
171098,1,1,2000,0,0,0,0,0,0,0,0,0,0
171099,0,1,2000,0,0,0,0,0,0,0,0,0,0
171099,1,1,2000,9,9,9,9,9,9,9,9,9,9
171100,0,1,2000,26,26,26,26,26,26,26,26,26,26
171100,1,1,2000,0,0,0,0,0,0,0,0,0,0
171101,1,1,2000,4,4,4,4,4,4,4,4,4,4
171102,1,1,2000,11,22,0,9,17,13,23,16,18,15
171102,2,1,2000,0,0,0,0,0,0,0,0,6,0
171103,0,1,2000,2,2,2,2,2,2,2,2,2,2
171103,1,1,2000,0,0,0,0,18,0,19,0,5,0
171104,1,1,2000,0,0,0,0,6,0,0,0,0,0
171105,1,1,2000,22,22,22,22,22,22,22,22,22,22
171106,1,1,2000,15,15,15,15,15,15,15,15,15,15
171107,1,1,2000,9,9,9,9,9,9,9,9,9,9
171108,0,1,2000,20,20,20,20,20,20,20,20,20,20
171108,1,1,2000,12,2,8,15,19,11,15,22,24,7
171109,1,1,2000,23,0,0,0,0,0,10,0,0,0
171110,1,1,2000,0,0,0,0,0,0,0,0,0,0
171110,2,1,2000,0,0,0,0,0,0,0,0,0,0
171111,1,1,2000,0,0,0,0,0,0,0,0,0,0
171111,2,1,2000,0,0,0,0,0,0,0,0,0,0
171112,1,1,2000,0,0,0,0,0,0,0,0,0,0
171112,2,1,2000,0,0,0,0,0,0,0,0,0,0
171113,0,1,2000,0,0,0,0,0,0,0,0,0,0
171113,1,1,2000,0,0,0,0,0,0,0,0,0,0
171114,1,1,2000,0,0,0,0,0,0,0,0,0,0
171114,2,1,2000,0,0,0,0,0,0,0,0,0,0
171115,1,1,2000,18,18,18,18,18,18,18,18,18,18
171116,1,1,2000,24,24,24,24,24,24,24,24,24,24
171117,1,1,2000,0,0,0,0,0,0,0,0,0,0
171117,2,1,2000,0,0,0,0,0,0,0,0,0,8
171118,1,1,2000,26,26,26,26,26,26,26,26,26,26
171118,2,1,2000,0,0,0,0,0,0,7,0,0,0
171119,0,1,2000,13,0,0,0,0,0,0,0,0,0
171119,1,1,2000,0,0,0,0,0,0,0,0,0,0
171120,1,1,2000,0,0,0,0,0,0,0,0,0,0
171120,2,1,2000,0,0,0,0,0,0,0,0,0,0
171121,1,1,2000,7,7,7,7,7,7,7,7,7,7
171122,1,1,2000,0,14,15,0,17,0,0,26,29,0
171122,2,1,2000,31,31,31,31,31,31,31,31,31,31
171123,0,1,2000,10,10,10,10,10,10,10,10,10,10
171123,1,1,2000,0,0,0,0,0,0,0,0,23,0
171123,2,1,2000,0,0,0,12,0,0,0,16,0,0
171124,1,1,2000,0,0,0,0,0,0,0,0,0,0
171124,2,1,2000,0,0,0,0,0,0,0,7,0,0
171125,1,1,2000,0,0,0,0,0,0,0,0,0,0
171126,0,1,2000,5,5,5,5,5,5,5,5,5,5
171126,1,1,2000,0,0,0,0,0,0,0,0,0,0
171127,1,1,2000,0,0,0,0,0,0,0,0,0,0
171128,1,1,2000,24,24,24,24,24,24,24,24,24,24
171129,1,1,2000,19,19,19,19,19,19,19,19,19,19
171129,2,1,2000,0,0,0,0,0,0,0,0,0,0
171129,3,1,2000,19,30,12,10,13,0,0,24,32,0
171130,0,1,2000,0,0,0,0,0,0,0,0,0,0
171130,1,1,2000,0,0,0,0,0,0,0,0,0,0
171131,1,1,2000,0,0,0,0,0,0,0,0,0,0
171131,2,1,2000,0,0,0,0,0,0,0,0,0,0
171132,1,1,2000,0,0,0,0,0,0,0,0,0,0
171133,1,1,2000,3,3,3,3,3,3,3,3,3,3
171134,1,1,2000,0,0,0,0,0,0,0,0,0,0
171134,2,1,2000,0,0,0,0,12,0,0,0,0,0
171135,1,1,2000,0,0,0,0,0,0,0,0,0,0
171136,1,1,2000,0,0,0,0,0,0,0,0,0,0
171136,2,1,2000,0,0,0,0,0,0,0,0,0,0
171137,1,1,2000,28,28,28,28,28,28,28,28,28,28
171138,1,1,2000,0,0,0,0,0,0,0,0,0,0
171138,2,1,2000,0,0,0,0,0,0,0,0,0,0
171139,1,1,2000,0,0,0,0,0,0,0,0,0,0
171139,2,1,2000,0,0,0,0,0,0,0,0,5,0
171140,0,1,2000,0,0,0,0,0,0,0,0,0,0
171140,0,2,2000,0,0,0,0,0,0,0,0,0,0
171140,1,1,2000,0,0,0,0,0,0,0,0,0,0
171140,2,1,2000,0,0,0,0,0,0,0,0,0,0
171141,1,1,2000,9,9,9,9,9,9,9,9,9,9
171141,2,1,2000,33,17,10,10,24,15,0,24,13,0
171142,1,1,2000,0,0,11,0,0,11,14,0,18,0
171143,1,1,2000,0,0,0,0,0,0,0,0,0,0
171143,2,1,2000,0,0,0,18,0,0,0,0,0,0
171144,1,1,2000,28,28,28,28,28,28,28,28,28,28
171145,1,1,2000,0,0,0,0,0,0,0,0,0,0
171146,1,1,2000,21,21,21,21,21,21,21,21,21,21
171147,1,1,2000,2,2,2,2,2,2,2,2,2,2
171147,2,1,2000,0,0,0,0,0,0,8,16,0,0
171148,0,1,2000,0,0,0,0,0,0,0,0,0,0
171148,0,2,2000,0,0,0,0,0,0,0,0,0,0
171148,1,1,2000,10,10,10,10,10,10,10,10,10,10
171149,1,1,2000,4,4,4,4,4,4,4,4,4,4
171150,1,1,2000,0,0,0,0,0,0,0,0,0,0
171150,2,1,2000,0,0,0,0,0,0,0,0,0,0
171150,3,1,2000,0,0,0,0,16,0,0,0,0,0
171151,1,1,2000,22,22,22,22,22,22,22,22,22,22
171151,2,1,2000,0,0,0,0,0,0,0,0,0,0
171152,0,1,2000,0,0,0,0,0,0,0,0,0,0
171152,1,1,2000,0,0,0,0,0,0,0,0,0,0
171153,1,1,2000,26,26,26,26,26,26,26,26,26,26
171154,0,1,2000,23,23,23,23,23,23,23,23,23,23
171154,1,1,2000,0,8,0,0,0,0,0,0,0,11
171155,1,1,2000,0,0,0,0,0,0,0,0,0,0
171155,2,1,2000,0,0,0,0,0,0,0,0,0,0
171156,1,1,2000,23,23,23,23,23,23,23,23,23,23
171157,1,1,2000,0,0,0,0,0,0,0,0,0,0
171158,1,1,2000,0,0,0,0,0,0,0,0,0,0
171158,2,1,2000,0,0,0,0,0,0,0,0,0,0
171159,1,1,2000,16,16,16,16,16,16,16,16,16,16
171160,1,1,2000,13,13,13,13,13,13,13,13,13,13
171160,2,1,2000,0,0,0,0,0,0,0,0,0,0
171161,1,1,2000,21,21,21,21,21,21,21,21,21,21
171162,1,1,2000,0,0,0,0,0,0,0,0,0,0
171162,2,1,2000,0,0,0,0,0,0,0,0,0,0
171163,1,1,2000,0,0,0,0,0,0,0,0,0,0
171163,2,1,2000,0,0,0,14,0,0,0,0,0,0
171164,1,1,2000,28,28,28,28,28,28,28,28,28,28
171165,0,1,2000,0,0,0,0,0,0,0,0,0,0
171165,1,1,2000,0,0,0,0,0,0,0,0,0,0
171166,0,1,2000,0,0,0,0,0,0,0,0,0,0
171166,1,1,2000,0,0,0,0,0,0,0,0,0,0
171167,1,1,2000,0,0,0,0,0,0,0,0,0,0
171168,0,1,2000,0,0,0,0,0,0,0,0,0,0
171168,1,1,2000,7,7,7,7,7,7,7,7,7,7
171169,1,1,2000,8,8,8,8,8,8,8,8,8,8
171170,1,1,2000,0,0,0,0,0,0,0,0,0,0
171171,1,1,2000,0,0,0,0,0,0,0,0,0,0
171171,2,1,2000,0,0,0,0,0,0,0,0,0,0
171171,3,1,2000,0,0,0,0,0,0,0,0,0,0
171172,1,1,2000,0,0,0,0,0,0,0,0,0,0
171172,2,1,2000,0,0,0,0,0,0,0,0,0,0
171173,1,1,2000,4,4,4,4,4,4,4,4,4,4
171174,1,1,2000,26,0,0,13,0,0,0,0,29,0
171174,2,1,2000,0,0,0,11,17,0,0,0,0,0
171175,1,1,2000,0,0,0,0,0,0,0,0,0,0
171175,2,1,2000,0,0,0,0,0,0,0,0,0,0
171176,1,1,2000,0,0,0,0,10,0,0,0,0,0
171176,2,1,2000,0,0,0,0,0,0,0,0,0,0
171177,0,1,2000,0,0,0,0,0,0,0,0,0,0
171177,1,1,2000,0,0,0,0,0,0,0,0,0,0
171178,0,1,2000,0,0,0,0,0,0,0,0,0,0
171178,1,1,2000,0,0,0,0,0,0,0,0,0,0
171179,1,1,2000,0,0,0,0,0,0,0,0,0,0
171179,2,1,2000,0,0,0,0,0,0,0,0,0,0
171180,1,1,2000,0,0,0,0,0,0,0,0,0,0
171180,2,1,2000,0,0,0,0,0,0,0,0,17,0
171181,1,1,2000,18,18,18,18,18,18,18,18,18,18
171182,1,1,2000,0,0,0,0,26,0,0,0,0,0
171182,2,1,2000,0,0,0,0,0,0,0,0,0,0
171183,1,1,2000,0,0,0,0,0,0,0,0,0,0
171183,2,1,2000,0,0,0,0,0,0,0,0,0,0
171184,1,1,2000,14,14,14,14,14,14,14,14,14,14
171185,1,1,2000,12,12,12,12,12,12,12,12,12,12
171185,2,1,2000,19,19,19,19,19,19,19,19,19,19
171186,0,1,2000,0,0,0,0,0,0,0,0,0,0
171186,1,1,2000,0,0,0,0,0,0,0,0,0,0
171187,1,1,2000,0,0,0,0,0,0,0,0,0,0
171188,1,1,2000,0,0,0,0,0,0,0,0,0,0
171188,2,1,2000,0,0,0,0,0,0,0,0,0,0
171189,1,1,2000,0,0,0,0,0,0,0,0,0,0
171189,2,1,2000,0,0,0,0,0,0,0,0,0,0
171189,3,1,2000,0,0,0,0,0,0,0,0,0,0
171190,1,1,2000,17,17,17,17,17,17,17,17,17,17
171190,2,1,2000,8,9,0,12,19,13,21,0,0,0
171191,1,1,2000,0,0,0,0,0,0,0,0,0,0
171192,1,1,2000,0,0,0,0,0,0,0,0,0,0
171193,1,1,2000,0,0,0,0,0,0,0,0,0,0
171194,1,1,2000,31,31,31,31,31,31,31,31,31,31
171195,1,1,2000,0,0,0,0,0,0,0,0,0,0
171195,2,1,2000,0,0,0,0,0,0,0,0,0,0
171196,1,1,2000,10,10,10,10,10,10,10,10,10,10
171196,2,1,2000,0,0,8,0,0,0,0,0,0,23
171197,1,1,2000,8,8,8,8,8,8,8,8,8,8
171197,2,1,2000,0,0,0,0,0,0,0,0,0,0
171198,1,1,2000,0,0,0,0,0,0,0,0,0,0
171198,2,1,2000,0,0,0,0,0,0,0,0,0,0
171199,1,1,2000,0,0,0,0,0,0,0,0,0,0
171199,2,1,2000,0,0,0,0,0,0,0,0,0,0
171199,3,1,2000,0,0,0,0,0,0,0,0,9,0
171200,1,1,2000,0,0,0,0,0,0,0,0,0,0
171200,2,1,2000,0,0,0,0,0,0,0,0,0,0
171201,1,1,2000,0,0,0,0,0,0,0,0,0,0
171201,2,1,2000,0,0,0,0,0,0,0,0,0,0
171201,3,1,2000,0,0,0,0,0,0,0,0,0,0
171202,1,1,2000,0,0,0,0,0,0,0,0,0,0
171202,2,1,2000,0,0,0,0,0,0,0,0,0,0
171203,1,1,2000,0,0,0,0,0,0,0,0,0,0
171203,2,1,2000,0,0,0,0,0,0,0,0,0,0
171204,1,1,2000,0,9,0,0,0,0,0,0,0,0
171204,2,1,2000,0,0,0,0,0,0,0,0,0,0
171205,1,1,2000,0,0,0,0,0,0,0,0,0,0
171205,2,1,2000,0,0,0,0,0,0,15,0,0,0
171206,0,1,2000,0,0,0,0,0,0,0,0,0,0
171206,1,1,2000,0,0,0,0,0,0,0,0,0,0
171207,1,1,2000,29,29,29,29,29,29,29,29,29,29
171208,1,1,2000,8,8,8,8,8,8,8,8,8,8
171209,0,1,2000,36,27,0,26,0,0,0,0,18,0
171209,1,1,2000,0,0,0,0,0,0,0,0,0,0
171210,1,1,2000,3,3,3,3,3,3,3,3,3,3
171211,1,1,2000,37,37,37,37,37,37,37,37,37,37
171211,2,1,2000,0,0,0,0,0,0,0,0,0,0
171211,3,1,2000,15,0,0,0,0,0,0,0,0,0
171212,1,1,2000,14,14,14,14,14,14,14,14,14,14
171213,1,1,2000,17,17,17,17,17,17,17,17,17,17
171214,1,1,2000,22,22,22,22,22,22,22,22,22,22
171215,1,1,2000,17,17,17,17,17,17,17,17,17,17
171216,1,1,2000,0,16,0,0,0,0,0,0,0,0
171217,1,1,2000,0,0,0,0,0,0,0,0,0,0
171218,1,1,2000,25,25,25,25,25,25,25,25,25,25
171219,1,1,2000,0,0,0,0,0,0,0,0,0,0
171219,2,1,2000,0,0,0,0,0,0,0,0,0,0
171220,1,1,2000,0,0,0,0,0,0,0,0,0,0
171221,1,1,2000,0,0,0,0,0,0,0,0,0,0
171221,2,1,2000,0,0,0,0,0,0,0,0,0,0
171222,1,1,2000,17,17,17,17,17,17,17,17,17,17
171223,1,1,2000,0,0,0,0,0,0,0,0,0,0
171223,2,1,2000,0,0,0,0,0,0,0,0,0,0
171224,1,1,2000,0,0,0,0,0,0,0,0,0,0
171224,2,1,2000,0,0,0,0,0,0,0,0,0,0
171224,3,1,2000,0,0,0,0,0,0,0,0,0,0
171224,4,1,2000,0,0,0,0,0,0,0,0,0,0
171225,1,1,2000,0,0,0,0,0,0,0,0,0,0
171225,2,1,2000,0,0,0,0,0,0,0,0,14,0
171226,1,1,2000,0,0,0,0,0,0,0,0,0,0
171226,2,1,2000,0,0,0,0,0,0,0,0,0,0
171227,0,1,2000,3,3,3,3,3,3,3,3,3,3
171227,1,1,2000,0,0,0,0,0,0,0,0,0,0
171228,1,1,2000,0,0,0,0,0,0,0,0,0,0
171228,2,1,2000,0,0,0,0,0,0,0,0,0,0
171229,1,1,2000,0,0,0,0,0,0,0,0,0,0
171229,2,1,2000,0,0,0,0,0,0,0,0,0,0
171230,1,1,2000,25,12,14,11,14,21,19,11,11,29
171230,2,1,2000,0,0,0,0,0,0,0,0,0,0
171231,0,1,2000,0,0,0,0,0,0,0,0,0,0
171231,1,1,2000,0,0,0,0,0,0,0,0,0,0
171232,1,1,2000,24,24,24,24,24,24,24,24,24,24
171233,0,1,2000,0,0,0,0,0,0,0,0,0,0
171233,1,1,2000,0,0,0,0,0,0,10,0,0,3
171234,1,1,2000,1,1,1,1,1,1,1,1,1,1
171234,2,1,2000,0,0,0,0,0,0,0,0,0,0
171235,1,1,2000,0,34,30,10,31,26,11,17,12,19
171236,1,1,2000,0,0,0,0,0,0,0,0,0,0
171236,2,1,2000,0,0,0,0,0,0,0,0,0,0
171237,0,1,2000,4,4,4,4,4,4,4,4,4,4
171237,1,1,2000,0,0,0,0,0,0,0,0,0,0
171238,1,1,2000,0,0,0,0,0,0,0,0,0,0
171238,2,1,2000,0,0,0,0,0,0,0,0,0,0
171239,1,1,2000,0,0,0,0,0,0,0,0,0,0
171240,0,1,2000,0,0,0,0,0,0,0,0,0,0
171240,1,1,2000,0,0,0,0,0,0,0,0,0,0
171241,1,1,2000,19,19,19,19,19,19,19,19,19,19
171242,1,1,2000,17,17,17,17,17,17,17,17,17,17
171243,1,1,2000,0,0,0,0,0,0,0,0,0,0
171243,2,1,2000,0,0,0,0,0,0,0,0,0,0
171244,1,1,2000,0,0,0,0,0,0,0,0,17,0
171245,1,1,2000,0,0,0,0,0,15,0,0,0,0
171245,2,1,2000,0,0,0,0,0,0,0,0,0,0
171246,1,1,2000,25,25,25,25,25,25,25,25,25,25
171246,2,1,2000,0,0,0,18,0,0,0,0,0,0
171247,1,1,2000,0,0,0,0,0,0,0,0,0,0
171247,2,1,2000,0,0,0,0,0,0,0,0,0,0
171248,1,1,2000,21,21,21,21,21,21,21,21,21,21
171249,1,1,2000,0,0,14,0,26,0,0,9,0,0
171249,2,1,2000,0,0,0,0,0,0,0,0,0,0
171250,0,1,2000,0,0,0,0,0,0,0,0,0,0
171250,1,1,2000,0,0,0,0,0,0,0,13,0,0
171251,1,1,2000,0,0,0,0,0,0,0,0,0,0
171251,2,1,2000,33,0,0,0,0,0,0,0,0,0
171252,0,1,2000,0,0,0,0,0,0,0,0,0,0
171252,1,1,2000,13,10,9,13,20,0,8,14,11,11
171253,1,1,2000,23,23,23,23,23,23,23,23,23,23
171253,2,1,2000,0,0,0,0,0,0,0,0,0,0
171253,3,1,2000,0,0,0,0,0,0,0,0,0,0
171253,4,1,2000,0,0,0,0,7,0,0,0,0,0
171253,5,1,2000,0,7,0,0,0,0,0,0,0,0
171253,6,1,2000,0,0,0,0,0,0,0,0,0,0
171253,7,1,2000,0,0,11,0,22,0,0,0,0,0
171254,0,1,2000,0,0,0,0,0,0,0,0,0,0
171254,1,1,2000,13,13,13,13,13,13,13,13,13,13
171254,2,1,2000,0,0,17,0,0,0,0,0,0,6
171255,1,1,2000,15,15,15,15,15,15,15,15,15,15
171256,1,1,2000,0,0,0,0,0,0,0,0,0,0
171256,2,1,2000,19,10,12,19,16,12,14,22,0,9
171257,1,1,2000,3,3,3,3,3,3,3,3,3,3
171257,2,1,2000,0,0,0,0,0,0,0,0,0,0
171257,3,1,2000,0,0,0,0,0,0,0,0,0,0
171258,1,1,2000,34,34,34,34,34,34,34,34,34,34
171259,1,1,2000,0,0,0,0,0,0,0,0,0,0
171259,2,1,2000,0,0,0,0,0,0,0,0,0,0
171260,1,1,2000,20,20,20,20,20,20,20,20,20,20
171260,2,1,2000,0,0,13,0,3,15,0,0,0,0
171261,1,1,2000,0,0,0,0,0,0,0,0,0,0
171261,2,1,2000,0,0,0,0,0,0,0,0,0,7
171262,1,1,2000,0,0,0,0,0,0,0,0,0,0
171263,1,1,2000,13,13,13,13,13,13,13,13,13,13
171263,2,1,2000,0,0,0,0,0,0,0,0,0,0
171264,1,1,2000,0,0,0,0,0,0,0,0,0,0
171264,2,1,2000,0,0,0,0,0,0,0,0,0,0
171265,1,1,2000,0,0,0,0,0,0,0,0,0,0
171265,2,1,2000,0,0,0,0,0,0,0,0,0,0
171266,1,1,2000,0,0,0,0,0,0,0,0,0,0
171266,2,1,2000,0,0,0,0,0,0,0,0,0,0
171267,1,1,2000,0,0,0,0,0,0,0,0,0,0
171267,2,1,2000,0,7,0,0,0,0,0,0,0,0
171268,1,1,2000,0,0,0,0,0,0,0,0,0,0
171269,1,1,2000,0,0,0,0,0,0,0,0,0,0
171269,2,1,2000,0,0,0,0,0,0,0,0,0,0
171270,1,1,2000,0,0,0,2,0,0,2,0,0,0
171270,2,1,2000,0,0,0,0,0,0,0,0,0,0
171271,0,1,2000,0,0,0,0,0,0,0,0,0,0
171271,1,1,2000,0,0,0,0,0,0,0,0,0,0
171272,0,1,2000,0,0,0,0,0,0,0,0,0,0
171272,1,1,2000,0,0,0,0,0,0,0,0,0,0
171273,1,1,2000,0,0,0,0,0,0,0,0,0,0
171274,1,1,2000,0,0,0,0,0,0,0,0,0,0
171274,2,1,2000,0,0,14,0,0,0,0,0,10,0
171274,3,1,2000,0,0,0,12,0,0,0,0,0,0
171275,1,1,2000,0,0,0,0,0,0,0,0,0,0
171276,1,1,2000,0,0,0,0,0,0,0,0,0,0
171276,2,1,2000,0,0,0,0,0,0,0,0,0,0
171277,1,1,2000,0,0,0,0,0,0,0,0,14,0
171277,2,1,2000,0,0,0,0,0,0,0,0,0,0
171278,1,1,2000,34,34,34,34,34,34,34,34,34,34
171279,0,1,2000,32,32,32,32,32,32,32,32,32,32
171279,1,1,2000,0,0,0,0,0,0,0,13,0,0
171280,0,1,2000,24,24,24,24,24,24,24,24,24,24
171280,1,1,2000,0,12,0,3,0,0,6,0,0,0
171281,1,1,2000,0,0,0,0,0,0,0,0,0,0
171282,0,1,2000,0,0,0,0,0,0,0,0,0,0
171282,1,1,2000,0,0,0,15,0,16,0,0,19,0
171283,0,1,2000,30,30,30,30,30,30,30,30,30,30
171283,1,1,2000,0,0,0,0,0,0,0,0,0,0
171284,1,1,2000,14,14,14,14,14,14,14,14,14,14
171284,2,1,2000,0,0,0,0,0,0,0,8,0,15
171285,0,1,2000,0,0,0,0,0,0,0,0,0,0
171285,1,1,2000,0,0,0,0,0,0,0,0,0,0
180001,1,1,2000,0,0,0,0,0,0,0,0,0,0
180001,2,1,2000,0,0,0,0,0,0,0,0,0,0
180001,3,1,2000,0,0,0,0,0,0,0,8,0,0
180001,4,1,2000,0,0,0,0,0,0,0,0,0,0
180002,1,1,2000,0,0,0,0,0,0,0,0,0,0
180002,2,1,2000,0,0,0,0,0,0,0,0,0,0
180003,1,1,2000,0,0,0,0,0,0,0,0,0,0
180004,1,1,2000,1,1,1,1,1,1,1,1,1,1
180004,2,1,2000,0,0,0,0,9,0,0,0,0,0
180005,0,1,2000,0,16,0,0,0,0,0,0,0,0
180005,1,1,2000,0,0,0,0,0,0,0,0,0,0
180006,1,1,2000,0,0,0,0,0,0,0,0,0,0
180007,1,1,2000,23,23,23,23,23,23,23,23,23,23
180008,0,1,2000,0,0,0,5,0,0,0,0,0,0
180008,1,1,2000,0,0,0,0,0,0,0,0,0,0
180008,2,1,2000,0,0,0,0,0,0,0,0,0,0
180009,1,1,2000,0,0,0,0,0,0,0,0,0,0
180009,2,1,2000,0,0,0,0,0,0,0,0,0,0
180010,1,1,2000,16,16,16,16,16,16,16,16,16,16
180011,0,1,2000,0,0,0,0,0,0,0,0,0,0
180011,1,1,2000,0,0,0,0,0,0,0,0,0,0
180012,1,1,2000,14,14,14,14,14,14,14,14,14,14
180013,1,1,2000,0,0,0,0,0,0,0,0,0,0
180014,1,1,2000,0,0,0,0,0,0,0,0,0,0
180014,2,1,2000,0,0,0,0,0,0,0,0,0,0
180015,1,1,2000,0,0,0,0,0,0,0,0,0,0
180015,2,1,2000,0,0,0,0,0,0,0,0,0,0
180016,1,1,2000,0,0,0,0,0,0,0,0,0,0
180017,1,1,2000,7,11,16,0,21,0,20,0,0,25
180017,2,1,2000,10,0,0,0,0,0,11,0,0,0
180018,1,1,2000,3,3,3,3,3,3,3,3,3,3
180018,2,1,2000,0,0,0,0,0,0,0,0,0,0
180019,1,1,2000,20,20,20,20,20,20,20,20,20,20
180020,1,1,2000,0,0,0,0,0,0,0,0,0,0
180020,2,1,2000,0,0,0,0,0,0,0,0,0,0
180021,1,1,2000,0,0,0,0,0,0,0,0,0,0
180021,2,1,2000,0,0,0,0,0,0,0,0,0,0
180022,1,1,2000,0,0,0,0,0,0,0,0,22,0
180022,2,1,2000,0,0,0,0,0,0,0,0,0,0