ST_CASE,VEH_NO,PER_NO,YEAR,P1,P2,P3,P4,P5,P6,P7,P8,P9,P10
180023,1,1,2000,0,0,0,0,0,0,0,0,18,0
180023,2,1,2000,0,0,0,0,0,0,0,0,0,0
180024,1,1,2000,0,0,0,0,0,0,0,0,0,0
180024,2,1,2000,0,0,0,0,0,0,0,0,0,0
180025,1,1,2000,0,0,0,0,0,0,0,0,0,0
180025,2,1,2000,0,0,0,0,0,0,0,0,0,0
180026,1,1,2000,0,0,0,0,0,0,0,0,0,0
180026,2,1,2000,0,0,0,0,0,0,0,0,0,0
180027,1,1,2000,10,10,10,10,10,10,10,10,10,10
180027,2,1,2000,0,0,0,0,0,0,0,0,0,0
180028,0,1,2000,0,0,0,0,0,0,0,0,0,0
180028,0,2,2000,0,0,0,0,0,0,0,0,0,0
180028,1,1,2000,0,0,0,0,0,0,0,0,0,0
180029,1,1,2000,0,0,0,0,0,0,0,0,0,0
180029,2,1,2000,0,0,0,0,0,0,0,0,0,0
180030,1,1,2000,0,0,0,0,0,0,0,0,0,0
180031,1,1,2000,0,0,0,0,0,0,0,0,0,0
180032,1,1,2000,9,20,13,21,39,20,18,12,24,32
180033,1,1,2000,0,0,0,0,0,0,0,0,0,0
180033,2,1,2000,0,0,0,0,0,0,0,0,0,0
180034,1,1,2000,29,29,29,29,29,29,29,29,29,29
180034,2,1,2000,0,0,0,0,0,0,0,0,0,0
180035,1,1,2000,0,0,0,0,0,5,0,21,0,0
180036,1,1,2000,25,25,25,25,25,25,25,25,25,25
180037,1,1,2000,0,0,0,13,0,0,14,0,0,0
180038,1,1,2000,0,11,16,0,0,0,0,0,0,0
180039,1,1,2000,31,23,31,0,30,21,13,0,0,10
180040,1,1,2000,14,14,14,14,14,14,14,14,14,14
180041,1,1,2000,26,26,26,26,26,26,26,26,26,26
180041,2,1,2000,0,0,0,0,0,0,0,0,0,0
180042,1,1,2000,0,0,0,0,0,0,0,0,0,0
180042,2,1,2000,0,0,0,0,0,0,0,0,0,0
180043,1,1,2000,18,18,18,18,18,18,18,18,18,18
180044,1,1,2000,0,0,0,0,0,0,0,0,0,0
180044,2,1,2000,0,0,0,0,0,0,0,0,0,0
180044,3,1,2000,0,0,17,0,0,0,0,0,0,0
180045,1,1,2000,0,0,0,0,0,0,0,0,0,0
180045,2,1,2000,0,0,0,0,0,0,0,0,0,0
180046,1,1,2000,15,15,15,15,15,15,15,15,15,15
180047,1,1,2000,0,0,0,0,0,0,0,0,0,0
180048,1,1,2000,0,0,0,0,0,0,0,0,0,0
180048,2,1,2000,0,0,0,0,0,0,0,0,0,0
180049,1,1,2000,0,0,6,0,0,0,25,0,0,0
180050,1,1,2000,0,0,0,0,0,0,0,0,0,0
180050,2,1,2000,0,0,0,0,0,0,0,0,0,0
180051,1,1,2000,22,22,22,22,22,22,22,22,22,22
180052,1,1,2000,0,0,0,0,0,0,0,0,0,0
180053,0,1,2000,0,0,0,0,0,0,0,0,11,29
180053,1,1,2000,0,0,0,0,0,0,0,0,0,0
180054,1,1,2000,0,0,0,0,0,0,0,0,0,0
180054,2,1,2000,0,0,0,0,0,0,0,0,0,0
180055,1,1,2000,0,0,0,0,0,0,0,0,0,0
180055,2,1,2000,0,0,0,0,0,0,0,0,0,0
180055,3,1,2000,0,0,0,0,0,0,0,0,0,0
180055,4,1,2000,0,0,0,0,0,0,0,0,0,0
180056,1,1,2000,2,2,2,2,2,2,2,2,2,2
180057,1,1,2000,18,18,18,18,18,18,18,18,18,18
180058,1,1,2000,0,0,0,0,0,0,0,0,0,0
180059,1,1,2000,28,28,28,28,28,28,28,28,28,28
180060,1,1,2000,0,0,0,0,0,0,0,0,0,0
180060,2,1,2000,0,0,0,0,0,0,0,0,0,0
180061,1,1,2000,0,0,25,0,26,0,0,13,12,9
180062,1,1,2000,0,0,0,0,0,0,0,0,0,0
180062,2,1,2000,0,0,0,0,0,0,0,0,0,0
180063,1,1,2000,21,21,21,21,21,21,21,21,21,21
180064,1,1,2000,7,0,17,4,0,0,0,0,14,0
180065,1,1,2000,0,0,0,0,0,0,0,0,0,0
180065,2,1,2000,0,0,0,0,0,0,0,0,0,0
180066,1,1,2000,23,23,23,23,23,23,23,23,23,23
180067,1,1,2000,35,35,35,35,35,35,35,35,35,35
180068,1,1,2000,0,0,0,0,0,0,0,0,0,0
180069,1,1,2000,9,9,9,9,9,9,9,9,9,9
180070,1,1,2000,23,23,23,23,23,23,23,23,23,23
180071,1,1,2000,0,0,0,0,0,0,0,0,0,0
180072,1,1,2000,0,0,0,0,0,0,0,0,0,0
180072,2,1,2000,0,0,0,0,0,0,0,0,0,0
180073,1,1,2000,19,19,19,19,19,19,19,19,19,19
180073,2,1,2000,0,0,0,0,0,0,0,0,0,0
180074,1,1,2000,0,0,0,0,0,0,0,0,0,0
180075,1,1,2000,0,0,0,0,0,0,0,0,0,0
180075,2,1,2000,0,0,0,0,0,0,0,0,0,0
180076,1,1,2000,0,0,0,0,0,0,0,0,0,0
180077,1,1,2000,0,0,0,0,0,0,0,0,0,0
180077,2,1,2000,0,0,0,0,0,0,0,0,0,0
180078,1,1,2000,0,0,0,0,0,0,0,0,0,0
180078,2,1,2000,0,0,0,0,0,0,0,0,0,0
180079,1,1,2000,16,16,16,16,16,16,16,16,16,16
180080,1,1,2000,0,0,0,0,0,0,0,0,0,0
180080,2,1,2000,19,19,19,19,19,19,19,19,19,19
180081,1,1,2000,0,0,0,0,0,0,0,0,0,0
180082,0,1,2000,0,0,0,0,16,0,0,0,18,0
180082,1,1,2000,0,0,0,0,0,0,0,0,0,0
180083,1,1,2000,0,0,18,0,0,0,0,0,0,0
180083,2,1,2000,0,0,0,0,0,0,0,0,0,0
180084,1,1,2000,32,40,0,0,24,0,0,18,13,14
180084,2,1,2000,0,0,0,0,0,0,0,0,0,0
180085,1,1,2000,0,0,0,0,0,0,0,0,0,0
180086,1,1,2000,0,0,0,0,0,0,0,0,0,0
180086,2,1,2000,0,0,0,0,0,0,0,0,0,0
180086,3,1,2000,0,0,0,0,0,0,0,0,0,0
180086,4,1,2000,0,0,0,0,0,0,0,0,0,0
180087,1,1,2000,0,0,0,0,0,0,0,0,0,0
180088,1,1,2000,0,0,0,0,0,0,0,0,0,0
180089,1,1,2000,0,0,0,0,0,0,0,0,0,0
180089,2,1,2000,0,0,0,0,0,0,0,0,0,0
180090,1,1,2000,0,0,0,0,0,0,0,0,0,0
180090,2,1,2000,0,0,0,21,0,0,0,0,0,0
180091,1,1,2000,0,0,0,0,0,0,0,0,0,0
180091,2,1,2000,0,0,0,0,0,0,0,0,0,0
180092,1,1,2000,12,12,12,12,12,12,12,12,12,12
180092,2,1,2000,0,0,0,0,0,0,0,0,0,0
180093,1,1,2000,0,0,0,0,0,0,0,0,0,0
180093,2,1,2000,0,0,0,0,0,0,0,0,0,0
180094,1,1,2000,6,13,16,21,15,20,19,21,24,19
180095,0,1,2000,0,0,0,0,0,0,0,0,0,0
180095,1,1,2000,0,0,0,0,0,0,0,0,0,0
180096,1,1,2000,0,0,0,0,0,0,0,0,0,0
180096,2,1,2000,0,0,0,0,0,0,0,0,0,0
180097,1,1,2000,0,0,0,0,0,0,0,0,0,0
180097,2,1,2000,0,0,0,0,0,0,0,0,0,0
180098,1,1,2000,0,0,0,0,0,0,16,0,0,0
180098,2,1,2000,3,0,0,0,0,0,0,0,0,0
180099,1,1,2000,0,0,0,0,0,0,0,0,0,0
180100,1,1,2000,13,0,0,0,0,0,0,0,0,0
180100,2,1,2000,0,0,0,19,0,17,0,0,0,0
180101,1,1,2000,0,0,0,0,0,0,0,0,0,0
180101,2,1,2000,0,0,0,0,0,0,0,0,0,0
180102,1,1,2000,15,0,0,21,0,0,0,0,0,0
180102,2,1,2000,0,0,0,0,0,0,0,0,0,0
180103,1,1,2000,23,23,23,23,23,23,23,23,23,23
180103,2,1,2000,20,20,20,20,20,20,20,20,20,20
180104,1,1,2000,11,11,11,11,11,11,11,11,11,11
180104,2,1,2000,0,0,0,0,0,0,0,0,0,0
180105,1,1,2000,1,1,1,1,1,1,1,1,1,1
180105,2,1,2000,0,0,0,0,0,0,0,0,0,0
180106,1,1,2000,0,0,0,0,27,0,0,7,0,0
180107,1,1,2000,0,0,0,0,0,0,0,0,0,0
180107,2,1,2000,17,20,0,16,27,7,7,21,9,7
180108,1,1,2000,0,0,0,0,0,0,0,0,0,0
180108,2,1,2000,0,0,0,0,0,0,0,0,0,0
180108,3,1,2000,0,0,0,0,0,0,0,0,0,0
180109,1,1,2000,0,0,0,0,0,0,0,0,0,0
180109,2,1,2000,0,0,0,0,0,0,0,0,0,0
180110,1,1,2000,8,5,15,17,18,11,12,10,10,6
180111,1,1,2000,0,0,0,0,0,0,0,0,0,0
180111,2,1,2000,0,0,0,0,0,0,0,0,0,0
180112,1,1,2000,0,0,17,0,0,0,0,0,0,0
180112,2,1,2000,0,0,0,0,0,0,0,0,0,0
180113,1,1,2000,0,0,0,0,0,0,0,0,0,0
180113,2,1,2000,0,0,0,0,0,0,0,0,0,0
180114,1,1,2000,0,0,0,0,0,0,0,0,0,0
180115,1,1,2000,0,0,0,0,0,0,0,0,0,0
180115,2,1,2000,0,0,0,0,0,0,0,0,0,0
180117,1,1,2000,0,0,0,0,0,0,0,0,0,0
180117,2,1,2000,3,0,0,0,0,0,0,0,0,0
180117,3,1,2000,10,0,0,0,0,13,0,0,0,0
180118,0,1,2000,0,0,0,0,0,0,0,0,0,0
180118,1,1,2000,0,0,0,0,0,0,0,0,0,0
180119,1,1,2000,21,21,21,21,21,21,21,21,21,21
180120,1,1,2000,0,0,0,0,0,0,0,0,0,0
180120,2,1,2000,0,0,0,0,0,0,0,0,0,0
180121,0,1,2000,0,0,0,0,0,0,14,0,0,14
180121,1,1,2000,0,0,0,0,0,0,0,0,0,0
180121,2,1,2000,0,0,0,0,0,0,0,0,0,0
180123,1,1,2000,0,0,0,0,0,0,0,0,0,0
180123,2,1,2000,0,0,0,0,0,0,0,0,0,0
180124,1,1,2000,10,10,10,10,10,10,10,10,10,10
180124,2,1,2000,0,0,0,0,0,0,0,0,0,0
180124,3,1,2000,0,0,0,0,0,0,0,0,0,0
180125,1,1,2000,0,0,0,0,0,0,0,0,0,0
180125,2,1,2000,0,0,0,0,0,0,0,0,0,0
180126,1,1,2000,23,23,23,23,23,23,23,23,23,23
180126,2,1,2000,0,0,0,8,0,0,0,0,0,0
180127,1,1,2000,0,0,0,0,0,0,0,0,0,0
180127,2,1,2000,0,0,0,0,0,0,0,0,0,0
180129,1,1,2000,16,16,16,16,16,16,16,16,16,16
180130,1,1,2000,18,18,18,18,18,18,18,18,18,18
180131,1,1,2000,0,0,0,0,0,0,0,0,0,0
180131,2,1,2000,0,0,0,0,0,0,0,0,0,0
180132,1,1,2000,19,19,19,19,19,19,19,19,19,19
180133,1,1,2000,0,0,0,0,0,0,0,0,0,0
180133,2,1,2000,0,0,0,0,0,0,0,0,0,0
180134,1,1,2000,17,13,16,12,31,12,5,14,23,28
180135,1,1,2000,4,4,4,4,4,4,4,4,4,4
180135,2,1,2000,28,28,28,28,28,28,28,28,28,28
180136,1,1,2000,0,0,0,0,0,0,0,0,0,0
180137,1,1,2000,0,0,0,0,0,0,0,0,0,0
180137,2,1,2000,0,0,0,0,0,0,0,0,0,0
180138,1,1,2000,0,0,0,0,0,0,0,0,0,0
180138,2,1,2000,0,0,0,0,0,0,0,0,0,0
180139,1,1,2000,0,0,0,0,0,0,0,0,0,0
180140,1,1,2000,0,0,0,0,0,0,0,0,0,0
180140,2,1,2000,0,0,0,0,0,0,0,0,0,0
180141,1,1,2000,12,12,12,12,12,12,12,12,12,12
180142,1,1,2000,0,0,0,0,0,0,0,0,0,0
180143,1,1,2000,5,5,5,5,5,5,5,5,5,5
180143,2,1,2000,0,0,0,0,14,0,0,15,0,0
180144,1,1,2000,6,6,6,6,6,6,6,6,6,6
180145,1,1,2000,0,0,0,0,0,0,0,0,0,0
180145,2,1,2000,0,0,0,0,0,0,0,0,0,0
180145,3,1,2000,0,0,0,0,0,0,0,0,0,0
180145,4,1,2000,0,0,27,0,0,0,0,0,0,0
180146,1,1,2000,0,0,0,0,0,0,0,0,0,0
180147,1,1,2000,0,0,13,11,17,14,0,0,11,13
180148,1,1,2000,0,0,0,0,0,0,0,0,0,0
180148,2,1,2000,0,0,0,0,0,0,0,0,0,0
180148,3,1,2000,0,0,0,0,0,0,0,0,0,0
180149,1,1,2000,0,23,25,29,35,9,5,24,25,24
180150,1,1,2000,18,18,18,18,18,18,18,18,18,18
180151,1,1,2000,0,0,0,0,0,0,0,0,0,0
180151,2,1,2000,0,0,0,0,0,0,0,0,0,0
180151,3,1,2000,0,0,0,0,0,0,0,0,0,0
180151,4,1,2000,0,0,0,0,0,0,0,0,0,0
180152,1,1,2000,0,0,0,0,0,0,0,0,0,0
180153,1,1,2000,0,0,0,0,0,0,0,0,0,0
180153,2,2,2000,0,0,0,0,0,0,0,0,0,0
180154,1,1,2000,0,0,0,0,0,0,10,0,0,0
180155,1,1,2000,10,10,10,10,10,10,10,10,10,10
180156,1,1,2000,0,0,0,0,0,0,0,0,0,0
180156,2,1,2000,13,0,0,0,0,0,0,0,0,0
180157,1,1,2000,15,15,15,15,15,15,15,15,15,15
180158,1,1,2000,0,0,0,0,0,0,0,0,0,0
180158,2,1,2000,0,0,0,0,0,0,0,0,0,0
180159,1,1,2000,23,23,23,23,23,23,23,23,23,23
180160,1,1,2000,0,0,0,0,0,0,0,0,0,0
180160,2,1,2000,25,25,25,25,25,25,25,25,25,25
180161,1,1,2000,22,0,0,0,0,0,0,0,0,0
180162,1,1,2000,0,0,0,0,0,0,0,0,0,0
180163,1,1,2000,0,0,0,0,0,0,0,0,0,0
180163,2,1,2000,0,0,0,0,0,0,0,0,0,0
180164,1,1,2000,0,0,0,0,0,0,0,0,0,0
180165,1,1,2000,12,12,12,12,12,12,12,12,12,12
180165,2,1,2000,0,0,0,0,0,0,0,0,0,0
180166,1,1,2000,0,0,0,0,0,0,0,0,0,0
180166,2,1,2000,0,0,0,0,0,0,0,0,0,0
180167,1,1,2000,20,20,20,20,20,20,20,20,20,20
180168,1,1,2000,0,0,0,0,0,0,0,0,0,0
180169,1,1,2000,22,0,0,0,0,0,0,21,0,0
180170,1,1,2000,0,0,0,0,0,0,0,0,0,12
180171,1,1,2000,27,27,27,27,27,27,27,27,27,27
180172,1,1,2000,0,0,0,0,0,0,0,0,0,0
180172,2,1,2000,0,0,0,0,0,0,0,0,0,0
180172,3,1,2000,0,0,0,0,0,0,0,0,0,0
180173,1,1,2000,9,13,0,20,0,5,10,0,0,5
180173,2,1,2000,12,14,0,11,13,0,14,0,2,0
180173,3,1,2000,0,14,0,0,0,7,0,0,0,0
180174,1,1,2000,0,11,50,0,0,0,0,0,0,0
180175,1,1,2000,5,11,14,19,19,14,0,21,9,11
180176,1,1,2000,20,0,9,0,2,0,0,0,0,0
180177,1,1,2000,0,0,0,0,0,0,0,0,0,0
180178,1,1,2000,0,0,7,0,0,15,0,0,15,0
180178,2,1,2000,0,0,0,0,0,0,0,0,0,0
180179,1,1,2000,0,0,0,0,0,0,0,0,0,0
180179,2,1,2000,28,28,28,28,28,28,28,28,28,28
180180,1,1,2000,28,5,17,24,20,12,16,8,6,0
180181,1,1,2000,0,0,0,0,0,0,0,0,20,0
180181,2,1,2000,0,0,0,0,0,0,18,0,0,0
180181,3,1,2000,0,0,0,0,0,0,0,0,0,0
180182,1,1,2000,0,0,0,0,0,0,0,0,0,0
180182,2,1,2000,0,0,0,0,0,0,0,0,0,0
180183,1,1,2000,0,0,0,0,0,0,0,0,0,0
180184,1,1,2000,0,0,0,0,0,0,0,0,0,0
180184,2,1,2000,24,24,24,24,24,24,24,24,24,24
180185,1,1,2000,17,17,17,17,17,17,17,17,17,17
180186,1,1,2000,0,0,0,0,0,0,11,0,0,0
180187,1,1,2000,0,0,0,0,0,0,0,0,0,0
180187,2,1,2000,0,0,0,0,0,0,0,0,0,0
180188,1,1,2000,40,40,40,40,40,40,40,40,40,40
180188,2,1,2000,40,40,40,40,40,40,40,40,40,40
180189,1,1,2000,0,0,0,0,0,0,0,0,0,0
180189,2,1,2000,0,0,12,19,0,0,0,19,0,0
180190,1,1,2000,0,0,0,0,0,0,0,0,0,0
180190,2,1,2000,0,0,0,0,0,0,0,0,0,0
180191,1,1,2000,0,0,0,0,10,0,0,0,0,0
180191,2,1,2000,0,0,0,0,0,0,0,0,0,0
180191,3,1,2000,0,0,0,0,0,0,0,0,0,0
180192,1,1,2000,0,0,0,0,0,0,0,0,0,0
180192,2,1,2000,0,0,0,0,0,0,0,0,0,0
180193,1,1,2000,0,0,0,0,0,0,0,0,0,0
180193,2,1,2000,0,0,0,0,0,0,0,0,0,0
180194,0,1,2000,15,12,0,0,0,10,0,13,0,23
180194,1,1,2000,0,0,0,0,0,0,0,0,0,0
180195,1,1,2000,0,0,0,0,0,0,0,0,0,0
180196,1,1,2000,0,0,0,13,0,0,0,0,0,0
180196,2,1,2000,0,0,0,0,0,0,0,0,0,0
180196,3,1,2000,0,0,0,0,0,0,0,0,23,0
180196,4,1,2000,0,0,0,0,0,0,0,0,0,0
180197,1,1,2000,0,0,0,10,0,0,0,0,0,0
180198,1,1,2000,5,5,5,5,5,5,5,5,5,5
180198,2,1,2000,0,0,0,0,0,0,0,0,0,0
180198,3,1,2000,0,0,0,0,0,0,0,0,0,0
180199,1,1,2000,26,26,26,26,26,26,26,26,26,26
180200,1,1,2000,17,17,17,17,17,17,17,17,17,17
180200,2,1,2000,0,0,0,0,0,0,0,0,0,0
180200,3,1,2000,0,0,0,0,0,0,0,7,0,0
180201,1,1,2000,21,21,21,21,21,21,21,21,21,21
180202,1,1,2000,0,0,0,0,0,0,0,0,0,0
180203,1,1,2000,0,0,0,0,0,0,0,0,0,0
180203,2,1,2000,0,21,0,0,0,0,0,0,0,0
180204,1,1,2000,10,10,10,10,10,10,10,10,10,10
180205,1,1,2000,0,0,0,0,0,0,0,0,0,0
180205,2,1,2000,0,0,0,0,0,0,0,0,0,0
180206,0,1,2000,20,20,20,20,20,20,20,20,20,20
180206,1,1,2000,7,7,7,7,7,7,7,7,7,7
180207,1,1,2000,15,15,15,15,15,15,15,15,15,15
180208,1,1,2000,8,8,8,8,8,8,8,8,8,8
180208,2,1,2000,0,0,0,0,0,0,0,0,0,0
180209,1,1,2000,0,0,0,0,0,0,0,0,0,0
180209,2,1,2000,0,0,0,0,0,0,0,0,0,0
180209,3,1,2000,0,0,0,0,0,0,0,0,0,0
180210,1,1,2000,11,0,0,0,0,0,0,0,0,0
180211,1,1,2000,14,14,14,14,14,14,14,14,14,14
180212,1,1,2000,0,0,0,0,0,0,0,0,0,0
180212,2,1,2000,10,0,0,0,0,0,0,0,0,0
180212,3,1,2000,0,0,0,0,0,17,0,0,0,0
180213,1,1,2000,23,23,23,23,23,23,23,23,23,23
180213,2,1,2000,15,15,15,15,15,15,15,15,15,15
180214,1,1,2000,19,19,19,19,19,19,19,19,19,19
180215,1,1,2000,0,0,0,0,0,0,0,0,0,0
180215,2,1,2000,0,0,0,0,0,0,0,0,0,0
180216,1,1,2000,0,0,0,0,0,0,0,0,0,0
180216,2,1,2000,0,0,0,0,0,0,0,0,0,0
180217,0,1,2000,0,0,0,0,0,0,0,0,0,0
180217,1,1,2000,0,0,0,0,0,0,0,0,0,0
180218,1,1,2000,0,0,0,0,7,7,0,0,0,0
180219,1,1,2000,0,0,0,0,0,0,0,0,0,0
180219,2,1,2000,0,5,0,12,0,12,0,0,0,0
180220,1,1,2000,0,0,0,0,0,0,0,0,0,0
180221,1,1,2000,0,0,0,0,0,0,0,0,0,0
180221,2,1,2000,0,0,0,0,0,0,0,0,0,0
180222,1,1,2000,0,0,0,0,0,0,0,0,0,0
180223,1,1,2000,0,0,0,0,0,0,0,0,0,0
180224,1,1,2000,1,1,1,1,1,1,1,1,1,1
180225,1,1,2000,21,21,21,21,21,21,21,21,21,21
180227,1,1,2000,1,1,1,1,1,1,1,1,1,1
180228,1,1,2000,15,15,15,15,15,15,15,15,15,15
180228,2,1,2000,0,0,0,0,0,0,0,0,0,0
180229,1,1,2000,0,0,0,0,0,0,0,0,0,0
180230,1,1,2000,0,0,0,0,0,0,0,0,0,0
180230,2,1,2000,0,0,0,0,0,0,0,0,0,0
180231,1,1,2000,0,0,0,0,0,0,0,0,0,0
180232,1,1,2000,0,0,0,0,0,0,0,0,0,0
180232,2,1,2000,0,0,0,0,0,0,0,0,0,0
180233,1,1,2000,27,27,27,27,27,27,27,27,27,27
180234,1,1,2000,0,0,0,0,0,0,0,0,0,0
180234,2,1,2000,0,0,0,0,0,0,0,0,0,0
180235,1,1,2000,0,0,0,0,0,0,0,0,0,0
180236,1,1,2000,0,0,0,0,0,0,0,0,0,0
180236,2,1,2000,0,0,0,0,0,0,0,0,0,0
180237,1,1,2000,0,0,0,0,0,8,0,0,0,0
180237,2,1,2000,0,0,0,0,0,0,0,0,0,0
180238,0,1,2000,0,22,23,19,17,28,31,11,14,5
180238,0,2,2000,30,0,17,15,8,37,0,0,27,40
180238,1,1,2000,8,8,8,8,8,8,8,8,8,8
180239,1,1,2000,20,19,2,0,0,14,0,0,18,0
180239,2,1,2000,0,0,0,0,0,0,0,0,0,0
180240,1,1,2000,0,0,0,12,0,0,0,0,0,0
180241,1,1,2000,0,8,22,0,7,0,0,0,0,0
180243,1,1,2000,0,0,0,0,0,0,0,0,0,0
180243,2,1,2000,0,0,0,0,0,0,0,0,0,0
180243,3,1,2000,0,0,0,0,0,0,0,0,0,0
180244,0,1,2000,0,0,0,0,0,0,0,0,0,0
180244,1,1,2000,0,0,0,0,0,0,0,0,0,0
180245,1,1,2000,0,0,0,0,0,0,0,0,0,0
180246,1,1,2000,0,13,0,10,24,0,11,18,35,22
180247,1,1,2000,21,21,21,21,21,21,21,21,21,21
180248,1,1,2000,15,15,15,15,15,15,15,15,15,15
180249,1,1,2000,5,5,5,5,5,5,5,5,5,5
180250,1,1,2000,0,0,0,0,0,0,0,0,0,0
180251,1,1,2000,16,16,16,16,16,16,16,16,16,16
180252,1,1,2000,0,0,0,0,0,0,0,0,0,0
180252,2,1,2000,0,0,0,0,0,0,0,0,0,0
180253,1,1,2000,0,0,24,0,4,0,0,0,18,0
180253,2,1,2000,0,0,0,0,0,0,0,0,0,0
180254,1,1,2000,0,0,0,0,0,0,0,0,0,0
180254,2,1,2000,0,0,0,0,0,0,0,0,0,0
180255,0,1,2000,0,0,0,0,0,0,0,0,0,0
180255,1,1,2000,0,0,0,0,0,0,0,0,0,0
180256,1,1,2000,0,0,0,0,0,18,0,0,0,16
180257,1,1,2000,0,0,0,0,0,0,0,0,0,0
180257,2,1,2000,0,0,0,0,0,0,0,0,0,0
180258,1,1,2000,0,0,0,0,0,0,0,0,0,0
180258,2,1,2000,0,0,0,0,0,0,0,0,0,0
180259,1,1,2000,0,15,0,0,0,0,18,0,11,0
180260,1,1,2000,0,0,0,0,0,0,0,0,0,0
180261,1,1,2000,1,1,1,1,1,1,1,1,1,1
180262,1,1,2000,13,13,13,13,13,13,13,13,13,13
180262,2,1,2000,0,0,0,0,0,0,0,0,0,0
180262,3,1,2000,0,0,0,0,0,0,0,0,0,0
180263,1,1,2000,20,7,21,0,14,0,0,0,0,11
180263,2,1,2000,10,0,0,3,24,0,10,0,0,0
180264,1,1,2000,0,0,0,0,0,0,0,6,0,0
180264,2,1,2000,0,0,0,0,0,0,0,0,0,0
180265,1,1,2000,0,0,0,0,0,0,0,0,0,0
180265,2,1,2000,0,0,0,0,0,0,0,0,0,0
180266,1,1,2000,0,0,0,0,0,0,0,0,0,0
180267,1,1,2000,11,11,11,11,11,11,11,11,11,11
180268,1,1,2000,0,0,0,0,0,0,0,0,0,0
180268,2,1,2000,2,2,2,2,2,2,2,2,2,2
180269,1,1,2000,18,18,18,18,18,18,18,18,18,18
180270,1,1,2000,0,0,0,0,0,0,0,0,0,0
180270,2,1,2000,0,0,0,0,0,0,0,0,0,0
180271,1,1,2000,0,0,0,0,0,0,0,0,0,0
180271,2,1,2000,0,0,0,0,0,0,0,0,0,0
180272,1,1,2000,0,0,0,0,0,0,0,0,0,0
180272,2,1,2000,0,0,0,0,0,0,0,0,0,0
180273,1,1,2000,2,2,2,2,2,2,2,2,2,2
180274,1,1,2000,0,0,0,0,0,0,0,0,0,0
180274,2,1,2000,0,0,0,0,0,0,0,0,0,0
180275,1,1,2000,0,0,0,0,0,0,0,0,0,0
180276,1,1,2000,0,0,0,0,0,0,0,0,0,0
180276,2,1,2000,0,0,0,0,0,0,0,0,0,0
180277,1,1,2000,22,22,14,7,31,34,19,5,12,0
180278,1,1,2000,0,0,0,0,0,0,0,0,0,12
180279,1,1,2000,0,0,0,0,0,0,0,0,0,0
180279,2,1,2000,0,0,0,0,0,0,0,0,0,0
180280,1,1,2000,0,0,0,0,0,0,0,0,0,0
180280,2,1,2000,0,0,0,0,0,0,0,0,0,0
180281,1,1,2000,0,0,0,0,0,0,0,0,0,0
180282,1,1,2000,17,17,17,17,17,17,17,17,17,17
180283,1,1,2000,0,0,0,0,0,0,0,0,0,0
180283,2,1,2000,0,0,0,0,0,0,0,0,0,0
180285,1,1,2000,20,20,20,20,20,20,20,20,20,20
180286,0,1,2000,0,0,0,0,0,0,0,0,0,0
180286,0,2,2000,4,0,0,0,20,0,0,0,26,0
180286,1,1,2000,0,0,0,0,0,0,0,0,0,0
180287,0,1,2000,0,0,0,0,0,0,0,0,0,0
180287,1,1,2000,0,0,0,0,0,0,0,0,0,0
180288,1,1,2000,0,0,0,0,0,0,0,0,0,0
180288,2,1,2000,0,0,0,0,0,0,0,0,0,0
180289,1,1,2000,0,0,8,0,0,0,0,8,0,0
180290,1,1,2000,0,0,0,0,0,0,0,0,0,0
180290,2,1,2000,0,0,0,0,0,0,0,0,0,0
180290,3,1,2000,0,0,0,0,0,0,0,0,0,0
180291,1,1,2000,0,0,0,0,0,0,0,0,0,0
180291,2,1,2000,0,0,0,0,0,0,0,0,0,0
180293,1,1,2000,0,0,0,0,0,0,0,0,0,0
180293,2,1,2000,0,0,0,0,0,0,0,0,0,0
180293,3,1,2000,0,0,0,0,0,0,0,0,0,0
180294,1,1,2000,17,17,17,17,17,17,17,17,17,17
180295,1,1,2000,0,0,0,0,0,0,0,0,0,0
180295,2,1,2000,0,0,0,0,0,0,0,0,0,0
180296,1,1,2000,14,14,14,14,14,14,14,14,14,14
180296,2,1,2000,0,0,0,0,0,0,0,0,0,0
180297,1,1,2000,0,0,0,0,0,0,0,0,0,0
180298,1,1,2000,0,0,0,0,0,0,0,0,0,0
180298,2,1,2000,0,0,0,0,0,0,0,0,0,0
180298,3,1,2000,0,0,0,0,0,0,0,0,0,0
180299,1,1,2000,0,13,0,0,0,0,8,0,0,0
180300,1,1,2000,4,4,4,4,4,4,4,4,4,4
180301,1,1,2000,0,0,0,0,0,0,0,0,0,0
180301,2,1,2000,0,0,0,0,0,0,0,0,0,0
180302,1,1,2000,0,0,0,0,0,0,0,0,0,0
180302,2,1,2000,0,0,0,0,0,0,0,0,0,0
180303,1,1,2000,7,7,7,7,7,7,7,7,7,7
180304,1,1,2000,0,0,0,0,0,0,0,0,0,0
180304,2,1,2000,0,0,0,0,0,0,0,0,0,0
180305,1,1,2000,31,18,0,0,0,0,0,0,0,0
180305,2,1,2000,0,0,0,0,0,0,0,0,0,0
180306,1,1,2000,0,0,0,18,33,0,0,0,10,0
180307,1,1,2000,0,0,0,0,0,0,0,0,0,0
180307,2,1,2000,0,0,0,0,0,0,0,0,0,0
180308,1,1,2000,0,0,0,0,0,0,0,0,0,0
180308,2,1,2000,3,3,3,3,3,3,3,3,3,3
180309,1,1,2000,0,0,0,0,0,0,0,0,0,0