ST_CASE,VEH_NO,PER_NO,YEAR,P1,P2,P3,P4,P5,P6,P7,P8,P9,P10
180309,2,1,2000,0,0,0,0,0,0,0,0,0,0
180310,1,1,2000,0,0,0,0,0,0,0,0,0,0
180310,2,1,2000,0,0,0,0,0,0,0,0,0,0
180311,1,1,2000,10,10,10,10,10,10,10,10,10,10
180311,2,1,2000,0,0,0,0,0,0,0,0,0,0
180312,1,1,2000,0,0,0,0,0,0,0,0,0,0
180312,2,1,2000,0,0,0,0,0,0,0,0,0,0
180313,1,1,2000,0,0,0,0,0,0,0,0,0,0
180314,1,1,2000,0,0,0,0,0,0,0,0,0,0
180314,2,1,2000,0,0,0,0,0,0,0,0,0,0
180314,3,1,2000,0,0,0,0,0,0,0,0,0,0
180314,4,1,2000,0,0,0,0,0,0,0,0,0,0
180314,5,1,2000,0,0,0,0,0,0,0,0,0,0
180314,6,1,2000,0,0,0,0,0,0,0,0,0,0
180315,1,1,2000,17,17,17,17,17,17,17,17,17,17
180316,1,1,2000,0,0,0,0,0,0,0,0,0,0
180317,1,1,2000,4,4,4,4,4,4,4,4,4,4
180318,1,1,2000,0,13,0,0,0,0,7,0,0,0
180318,2,1,2000,8,0,0,0,29,0,0,0,10,0
180319,1,1,2000,0,0,0,0,0,0,0,0,0,0
180320,1,1,2000,7,7,7,7,7,7,7,7,7,7
180320,2,1,2000,0,0,0,0,0,0,0,0,0,0
180321,1,3,2000,29,0,4,0,30,20,20,21,12,19
180322,1,1,2000,0,0,0,0,0,0,0,0,0,0
180323,1,1,2000,27,27,27,27,27,27,27,27,27,27
180323,2,1,2000,0,0,0,0,0,0,0,0,0,0
180324,1,1,2000,0,0,0,0,0,0,0,0,0,0
180324,2,1,2000,0,0,0,0,0,0,0,0,0,0
180325,1,1,2000,0,0,0,0,0,0,0,0,0,0
180325,2,1,2000,0,0,0,0,0,0,0,0,0,0
180327,1,1,2000,0,0,0,0,0,0,0,0,0,0
180327,2,1,2000,0,0,0,0,0,0,0,0,0,0
180327,3,1,2000,0,0,0,2,0,0,0,0,0,0
180328,1,1,2000,0,0,0,0,0,0,0,0,0,0
180328,2,1,2000,0,0,0,0,0,0,0,0,0,0
180329,0,1,2000,0,0,0,0,0,0,0,0,0,0
180329,1,1,2000,29,29,29,29,29,29,29,29,29,29
180330,1,1,2000,0,0,0,0,0,0,0,0,0,0
180330,2,1,2000,0,0,0,0,0,0,0,0,11,0
180331,1,1,2000,0,0,0,0,0,0,0,0,0,0
180332,1,1,2000,0,0,0,0,0,0,0,0,0,0
180332,2,1,2000,8,0,0,0,0,0,0,0,0,0
180333,1,1,2000,0,0,0,0,0,0,0,0,0,0
180333,2,1,2000,0,0,0,0,0,0,0,0,0,0
180333,3,1,2000,0,0,0,0,0,0,0,0,0,0
180334,1,1,2000,0,0,0,0,0,0,0,0,0,0
180334,2,1,2000,0,0,0,0,0,0,0,0,0,0
180335,1,1,2000,0,0,0,0,0,0,0,0,0,0
180335,2,1,2000,0,0,0,0,0,0,0,0,0,0
180336,1,1,2000,0,0,0,0,0,0,0,0,0,0
180336,2,1,2000,0,0,0,0,0,0,0,0,0,0
180337,1,1,2000,0,0,0,0,0,0,0,0,0,0
180337,2,1,2000,0,0,0,0,0,0,0,0,0,0
180338,1,1,2000,0,0,0,0,0,0,0,0,0,0
180338,2,1,2000,0,0,0,0,0,0,0,0,0,0
180339,1,1,2000,0,0,0,0,0,0,0,0,0,0
180339,2,1,2000,0,0,0,0,0,0,0,0,0,0
180340,1,1,2000,0,0,0,0,0,0,0,0,0,0
180340,2,1,2000,0,0,0,0,0,0,0,0,0,0
180341,1,1,2000,0,0,0,0,0,0,0,0,0,0
180341,2,1,2000,0,0,0,0,0,0,0,0,0,0
180342,1,1,2000,21,21,21,21,21,21,21,21,21,21
180343,1,1,2000,0,0,0,0,0,0,0,0,0,0
180343,2,1,2000,0,0,0,0,0,0,0,0,0,0
180344,1,1,2000,0,0,0,0,0,0,0,0,0,0
180344,2,1,2000,0,0,0,0,0,0,0,0,0,0
180344,3,1,2000,0,0,0,19,0,0,0,0,0,0
180345,1,1,2000,16,16,16,16,16,16,16,16,16,16
180346,1,1,2000,0,0,0,0,0,0,0,0,0,0
180347,1,1,2000,0,0,0,0,0,0,0,0,0,0
180347,2,1,2000,0,0,6,0,0,0,0,0,0,0
180348,1,1,2000,0,0,0,0,0,0,0,0,0,0
180349,1,1,2000,30,30,30,30,30,30,30,30,30,30
180349,2,1,2000,0,0,0,0,0,0,0,0,0,0
180350,1,1,2000,0,0,5,0,0,0,0,0,0,0
180351,1,1,2000,0,0,0,0,0,0,0,0,0,0
180351,2,1,2000,0,0,0,0,12,0,0,0,0,0
180352,1,1,2000,1,1,1,1,1,1,1,1,1,1
180352,2,1,2000,0,0,0,0,0,0,0,0,0,0
180353,1,1,2000,22,22,22,22,22,22,22,22,22,22
180354,1,1,2000,0,0,0,0,0,0,0,0,0,0
180355,1,1,2000,0,20,0,0,0,0,0,0,0,0
180355,2,1,2000,0,0,0,0,0,0,0,0,0,0
180356,0,1,2000,33,0,0,0,0,0,13,0,0,0
180356,1,1,2000,0,0,0,0,0,0,0,0,0,0
180357,1,1,2000,0,0,0,0,0,0,0,0,0,0
180357,2,1,2000,0,0,0,0,0,0,0,0,0,0
180358,1,1,2000,0,0,0,0,0,0,0,0,0,0
180359,0,1,2000,0,0,0,0,0,0,0,0,0,0
180359,1,1,2000,0,0,0,0,0,0,0,0,0,0
180360,1,1,2000,2,2,2,2,2,2,2,2,2,2
180360,2,1,2000,21,22,0,14,11,13,20,32,0,35
180361,1,1,2000,0,0,0,0,0,0,0,0,0,0
180361,2,1,2000,22,22,22,22,22,22,22,22,22,22
180362,1,1,2000,10,10,10,10,10,10,10,10,10,10
180362,2,1,2000,0,0,0,0,0,0,0,0,0,0
180362,3,1,2000,0,0,0,0,0,9,0,3,0,0
180362,4,1,2000,0,0,0,0,0,0,0,0,0,0
180363,1,1,2000,29,29,29,29,29,29,29,29,29,29
180363,2,1,2000,28,28,28,28,28,28,28,28,28,28
180364,1,1,2000,0,0,0,0,0,0,0,0,0,0
180365,1,1,2000,3,3,3,3,3,3,3,3,3,3
180365,2,1,2000,17,21,10,0,0,16,8,2,6,14
180366,0,1,2000,0,0,0,0,0,0,0,0,0,0
180366,1,1,2000,0,0,0,0,0,0,0,0,21,0
180367,1,1,2000,16,16,16,16,16,16,16,16,16,16
180368,1,1,2000,0,0,27,33,12,0,0,10,0,0
180368,2,1,2000,0,0,0,0,0,0,0,0,0,0
180369,1,1,2000,0,0,0,0,0,0,0,0,0,0
180370,1,1,2000,0,0,0,0,0,0,0,0,0,0
180370,2,1,2000,0,0,0,0,0,0,0,0,0,0
180370,3,1,2000,0,0,0,0,0,0,0,0,0,0
180371,1,1,2000,20,20,20,20,20,20,20,20,20,20
180372,1,1,2000,0,0,0,0,0,0,0,0,0,0
180373,1,1,2000,0,0,15,0,4,0,0,0,0,0
180373,2,1,2000,0,0,0,0,0,0,0,0,0,0
180374,1,1,2000,0,0,0,0,0,0,0,0,0,0
180374,2,1,2000,0,0,0,0,0,0,0,0,0,0
180375,1,1,2000,0,8,0,0,0,0,0,0,0,0
180375,2,1,2000,14,0,0,0,0,0,0,0,0,0
180376,1,1,2000,0,0,0,0,0,0,0,0,0,0
180377,1,1,2000,31,31,31,31,31,31,31,31,31,31
180378,1,1,2000,0,0,0,0,0,0,0,0,0,0
180379,1,1,2000,0,0,0,0,0,0,0,0,6,0
180379,2,1,2000,0,0,0,0,0,0,0,0,0,0
180380,1,1,2000,0,0,0,0,0,0,0,0,0,0
180380,2,1,2000,0,0,0,0,0,0,0,0,0,0
180381,2,1,2000,0,0,0,0,0,0,0,0,0,0
180382,1,1,2000,26,26,26,26,26,26,26,26,26,26
180383,1,1,2000,0,0,0,0,0,0,0,0,0,0
180384,1,1,2000,0,0,0,0,0,0,0,0,0,0
180384,2,1,2000,0,0,0,0,0,0,0,0,0,0
180385,1,1,2000,0,0,0,0,0,0,0,0,0,0
180386,1,1,2000,0,0,0,0,0,0,0,10,10,0
180386,2,1,2000,0,0,0,0,0,0,0,0,0,0
180386,3,1,2000,13,0,0,0,0,4,0,0,0,16
180387,0,1,2000,0,0,0,0,0,0,0,0,0,0
180387,1,1,2000,0,0,0,0,0,0,0,0,0,0
180388,1,1,2000,23,23,23,23,23,23,23,23,23,23
180389,1,1,2000,19,19,19,19,19,19,19,19,19,19
180390,1,1,2000,0,0,0,0,0,0,0,0,0,0
180390,2,1,2000,0,0,0,0,0,0,0,0,0,0
180391,1,1,2000,37,37,37,37,37,37,37,37,37,37
180391,2,1,2000,0,0,0,0,0,0,0,0,0,0
180392,1,1,2000,0,0,0,0,0,0,0,0,0,0
180392,2,1,2000,0,0,0,0,0,0,0,0,0,0
180392,3,1,2000,0,0,0,0,0,0,0,0,0,0
180393,1,1,2000,6,6,6,6,6,6,6,6,6,6
180394,0,1,2000,0,0,26,24,35,42,12,23,17,0
180394,1,1,2000,0,0,0,0,0,0,0,0,0,0
180395,1,1,2000,0,0,0,0,0,0,0,0,0,0
180395,2,1,2000,0,0,16,0,0,17,0,0,15,0
180396,1,1,2000,0,0,0,0,0,0,0,0,0,0
180396,2,1,2000,0,0,0,0,0,0,0,0,0,0
180397,1,1,2000,0,0,0,0,0,0,0,0,0,0
180397,2,1,2000,0,0,0,0,0,0,0,0,0,0
180398,1,1,2000,7,0,0,0,6,0,0,0,0,0
180398,2,1,2000,0,0,0,0,0,0,0,0,0,0
180399,1,1,2000,25,25,25,25,25,25,25,25,25,25
180399,2,1,2000,0,0,0,0,0,0,0,0,0,0
180399,3,1,2000,0,0,0,0,0,0,0,0,0,0
180399,4,1,2000,0,0,0,0,0,0,0,0,0,0
180400,1,1,2000,0,0,0,0,0,0,0,0,0,0
180401,1,1,2000,16,16,16,16,16,16,16,16,16,16
180401,2,1,2000,0,0,0,0,0,0,0,0,0,17
180402,1,1,2000,25,25,25,25,25,25,25,25,25,25
180402,2,1,2000,0,0,0,0,0,0,0,0,0,0
180403,1,1,2000,0,0,0,0,0,0,0,0,0,0
180404,1,1,2000,4,4,4,4,4,4,4,4,4,4
180405,1,1,2000,0,0,0,0,0,0,0,0,0,0
180405,2,1,2000,0,0,0,0,0,0,0,0,0,0
180406,1,1,2000,0,0,0,0,0,0,0,0,0,0
180406,2,1,2000,0,0,0,0,0,15,0,0,0,0
180406,3,1,2000,0,8,0,0,0,0,0,0,0,0
180407,1,1,2000,0,0,0,0,0,0,0,0,0,0
180407,2,1,2000,0,0,0,0,0,0,12,0,0,0
180408,1,1,2000,0,0,0,0,0,0,0,0,0,0
180408,2,1,2000,0,0,0,0,0,0,0,0,0,0
180408,3,1,2000,0,0,0,0,0,0,0,0,0,0
180409,1,1,2000,0,0,0,0,0,0,0,0,0,0
180409,2,1,2000,0,0,0,0,0,0,0,0,0,0
180410,1,1,2000,0,0,0,0,0,0,0,0,0,0
180411,1,1,2000,0,0,0,0,0,0,0,0,0,0
180411,2,1,2000,0,0,0,0,0,0,0,0,0,0
180411,3,1,2000,0,0,0,0,0,0,0,0,0,0
180412,1,1,2000,13,13,13,13,13,13,13,13,13,13
180413,1,1,2000,0,0,0,0,0,0,0,0,0,0
180413,2,1,2000,0,0,0,0,0,0,0,0,0,0
180414,1,3,2000,15,14,19,23,0,18,23,0,12,0
180415,1,1,2000,0,0,0,0,0,0,0,0,0,0
180415,2,1,2000,0,0,0,0,0,0,0,0,0,0
180416,1,1,2000,0,0,0,5,8,0,0,12,0,0
180417,1,1,2000,0,0,0,0,0,0,0,0,0,0
180418,0,1,2000,0,0,0,0,0,0,0,0,0,0
180418,1,1,2000,0,0,0,0,0,0,0,0,0,0
180419,1,1,2000,0,0,0,0,0,0,19,0,0,0
180419,2,1,2000,0,0,0,0,0,0,0,0,0,0
180420,1,1,2000,0,0,0,0,0,0,0,0,0,0
180421,0,1,2000,0,0,0,0,0,0,0,0,0,0
180421,1,1,2000,21,21,21,21,21,21,21,21,21,21
180422,1,1,2000,0,0,0,0,0,0,0,0,0,0
180422,2,1,2000,0,10,0,0,0,0,14,23,0,8
180423,1,1,2000,0,0,0,0,0,0,0,0,0,0
180423,2,1,2000,0,0,0,0,0,0,0,0,0,0
180424,1,1,2000,0,0,0,0,0,0,0,0,0,0
180424,2,1,2000,0,0,0,0,0,0,0,0,0,0
180424,3,1,2000,0,0,0,0,0,0,0,0,0,0
180424,4,1,2000,0,0,0,0,0,0,0,0,0,0
180424,5,1,2000,0,0,0,0,0,0,0,0,0,0
180425,1,1,2000,0,0,0,0,0,0,0,0,0,0
180426,1,1,2000,24,24,24,24,24,24,24,24,24,24
180427,1,1,2000,0,0,0,0,0,0,0,0,0,0
180428,1,1,2000,0,0,0,0,0,0,0,0,0,0
180428,2,1,2000,2,2,2,2,2,2,2,2,2,2
180428,3,1,2000,3,3,3,3,3,3,3,3,3,3
180428,4,1,2000,17,17,17,17,17,17,17,17,17,17
180429,1,1,2000,0,0,0,0,0,0,0,0,0,0
180430,1,1,2000,0,0,0,0,0,0,0,0,0,0
180431,1,1,2000,0,0,0,0,0,0,0,0,0,0
180432,1,1,2000,0,0,0,0,0,0,0,11,0,0
180432,2,1,2000,0,0,0,0,0,0,0,0,0,0
180433,1,1,2000,0,0,0,0,0,0,0,0,0,0
180434,1,1,2000,0,0,0,0,0,0,0,0,0,0
180434,2,1,2000,0,0,0,0,0,0,0,0,0,0
180435,1,1,2000,0,0,0,0,0,0,0,0,0,0
180435,2,1,2000,0,0,0,0,0,0,0,0,0,0
180435,3,1,2000,0,0,0,0,0,0,0,0,0,0
180435,4,1,2000,0,0,0,0,0,0,0,0,0,0
180436,0,1,2000,0,0,0,0,0,0,0,0,0,0
180436,1,1,2000,0,0,0,0,0,0,0,0,0,0
180437,1,1,2000,19,19,19,19,19,19,19,19,19,19
180437,2,1,2000,0,0,0,0,0,0,0,0,0,0
180438,1,1,2000,0,0,0,0,0,0,0,0,0,0
180438,2,1,2000,0,0,0,0,0,0,0,0,0,0
180440,1,1,2000,12,12,12,12,12,12,12,12,12,12
180441,1,1,2000,28,28,28,28,28,28,28,28,28,28
180441,2,1,2000,0,0,0,0,0,0,0,0,0,0
180442,1,1,2000,0,0,0,0,0,16,0,0,0,0
180443,1,1,2000,0,0,0,0,0,0,0,0,0,0
180443,2,1,2000,0,0,0,0,0,0,7,0,27,0
180444,1,1,2000,0,0,0,0,0,0,0,0,0,0
180444,2,1,2000,0,0,0,0,0,0,0,0,0,0
180445,1,1,2000,1,1,1,1,1,1,1,1,1,1
180445,2,1,2000,1,1,1,1,1,1,1,1,1,1
180446,1,1,2000,0,0,0,0,0,0,0,0,0,0
180446,2,1,2000,0,0,0,0,0,0,0,0,0,0
180447,0,1,2000,0,0,0,0,0,0,0,0,0,0
180447,1,1,2000,0,0,0,0,0,0,0,0,0,0
180448,0,1,2000,24,24,24,24,24,24,24,24,24,24
180448,1,1,2000,0,0,0,0,0,0,0,0,0,0
180449,1,1,2000,14,14,14,14,14,14,14,14,14,14
180450,1,1,2000,0,0,0,0,0,0,0,0,0,0
180450,2,1,2000,0,0,0,0,0,0,0,0,0,0
180451,1,1,2000,10,16,0,21,30,32,0,0,0,24
180452,1,1,2000,0,0,0,0,0,0,0,0,0,0
180453,1,1,2000,0,0,0,0,0,0,0,0,0,0
180453,2,1,2000,0,0,0,0,0,0,0,0,0,0
180454,1,1,2000,0,0,0,0,0,0,0,0,0,0
180454,2,1,2000,0,0,0,0,0,0,0,0,0,0
180454,3,1,2000,0,0,0,0,0,0,0,0,0,0
180455,1,1,2000,0,0,0,0,0,0,0,0,0,0
180455,2,1,2000,0,0,0,0,0,0,0,0,0,0
180456,1,1,2000,7,7,7,7,7,7,7,7,7,7
180457,0,1,2000,43,43,43,43,43,43,43,43,43,43
180457,1,1,2000,0,0,0,0,0,0,0,0,0,0
180458,1,1,2000,5,5,5,5,5,5,5,5,5,5
180459,1,1,2000,15,15,15,15,15,15,15,15,15,15
180460,0,1,2000,0,0,0,0,0,0,15,0,0,0
180460,1,1,2000,0,15,0,0,0,13,0,0,11,0
180461,1,1,2000,12,12,12,12,12,12,12,12,12,12
180462,1,1,2000,24,24,24,24,24,24,24,24,24,24
180463,1,1,2000,0,0,0,0,0,0,0,0,0,0
180463,2,1,2000,0,0,0,0,0,0,0,0,0,0
180464,1,1,2000,16,16,16,16,16,16,16,16,16,16
180464,2,1,2000,2,2,2,2,2,2,2,2,2,2
180465,1,1,2000,0,0,0,0,0,0,0,0,0,0
180465,2,1,2000,0,0,0,0,0,0,0,0,0,0
180466,1,1,2000,3,3,0,0,0,3,0,0,13,0
180467,1,1,2000,0,0,0,0,0,0,0,0,0,0
180467,2,1,2000,0,0,0,0,0,0,0,0,0,0
180468,1,1,2000,13,13,13,13,13,13,13,13,13,13
180468,2,1,2000,0,0,0,0,0,0,0,0,0,0
180469,1,1,2000,0,0,0,0,0,0,0,0,0,0
180469,2,1,2000,0,0,0,0,0,0,0,0,0,0
180470,1,1,2000,22,22,22,22,22,22,22,22,22,22
180470,2,1,2000,0,0,0,0,0,0,0,0,0,0
180471,1,1,2000,0,0,0,0,0,0,0,0,0,0
180472,1,1,2000,16,16,16,16,16,16,16,16,16,16
180473,1,1,2000,19,0,0,0,0,0,0,0,0,0
180473,2,1,2000,0,0,0,0,0,0,0,0,0,0
180474,1,1,2000,0,0,0,0,0,0,0,0,0,0
180474,2,1,2000,0,0,0,0,0,0,0,0,0,0
180475,1,1,2000,0,0,0,0,0,0,0,0,0,0
180476,1,1,2000,0,0,0,0,0,0,0,0,0,0
180476,2,1,2000,0,0,0,0,0,0,0,0,0,0
180477,1,1,2000,0,0,0,0,0,0,0,0,0,0
180477,2,1,2000,0,0,0,0,0,0,0,0,0,0
180478,1,1,2000,0,0,0,0,0,0,0,0,0,0
180478,2,1,2000,0,0,0,0,0,0,0,0,0,0
180479,1,1,2000,0,0,0,0,0,0,0,0,0,0
180479,2,1,2000,0,0,0,0,0,0,0,0,0,0
180480,1,1,2000,0,0,0,0,0,0,0,0,0,0
180480,2,1,2000,0,0,0,0,0,0,0,0,0,0
180480,3,1,2000,0,0,0,0,0,0,0,0,0,0
180481,1,1,2000,0,0,0,0,0,0,0,0,0,0
180481,2,1,2000,6,6,6,6,6,6,6,6,6,6
180482,1,1,2000,0,0,0,0,0,0,0,0,11,0
180482,2,1,2000,0,0,0,0,0,0,0,0,0,0
180483,1,1,2000,10,10,10,10,10,10,10,10,10,10
180483,2,1,2000,10,10,10,10,10,10,10,10,10,10
180484,1,1,2000,0,0,0,0,0,0,0,0,0,16
180484,2,1,2000,0,0,0,0,0,0,0,0,0,0
180486,1,1,2000,0,0,0,0,0,0,0,0,0,0
180486,2,1,2000,0,0,0,0,0,0,0,6,0,0
180486,3,1,2000,0,0,0,0,0,0,0,0,0,0
180487,1,1,2000,14,14,14,14,14,14,14,14,14,14
180488,1,1,2000,5,5,5,5,5,5,5,5,5,5
180488,2,1,2000,0,0,0,0,0,0,0,0,0,0
180489,1,1,2000,0,0,0,0,0,0,0,0,13,4
180489,2,1,2000,0,0,0,0,0,11,0,0,12,0
180489,3,1,2000,0,0,0,26,0,0,0,0,0,0
180490,0,1,2000,21,21,21,21,21,21,21,21,21,21
180490,1,1,2000,12,12,12,12,12,12,12,12,12,12
180491,1,1,2000,8,0,0,0,0,0,0,0,0,0
180492,1,1,2000,0,0,0,5,6,0,0,0,0,13
180493,1,1,2000,16,16,16,16,16,16,16,16,16,16
180494,0,1,2000,0,0,0,0,0,0,0,0,0,0
180494,1,1,2000,0,0,0,0,0,0,0,0,0,0
180495,1,1,2000,0,0,0,0,19,0,0,0,0,0
180495,2,1,2000,0,0,0,0,0,0,0,0,0,0
180496,1,1,2000,0,0,0,0,0,0,0,0,0,0
180496,2,1,2000,0,0,0,0,0,0,0,0,0,0
180497,1,1,2000,16,23,14,9,22,0,0,11,10,21
180498,1,1,2000,27,27,27,27,27,27,27,27,27,27
180498,2,1,2000,0,0,0,0,0,0,6,0,0,0
180499,1,1,2000,6,0,0,13,0,0,0,0,21,0
180500,1,1,2000,0,0,0,0,0,0,0,0,0,0
180500,2,1,2000,0,0,0,0,0,0,0,0,0,0
180501,1,1,2000,0,0,0,0,0,0,0,0,0,0
180501,2,1,2000,0,0,0,0,0,0,0,0,11,0
180502,1,1,2000,0,0,0,0,0,0,0,0,0,0
180502,2,1,2000,0,0,0,0,0,0,0,0,0,0
180503,1,1,2000,21,21,21,21,21,21,21,21,21,21
180504,1,1,2000,0,0,0,0,0,0,0,0,0,0
180504,2,1,2000,53,53,53,53,53,53,53,53,53,53
180505,1,1,2000,0,0,0,0,0,0,0,18,0,0
180505,2,1,2000,0,0,3,0,0,0,0,0,0,0
180506,1,1,2000,14,14,14,14,14,14,14,14,14,14
180506,2,1,2000,0,0,0,0,0,0,0,0,0,0
180507,1,1,2000,20,20,20,20,20,20,20,20,20,20
180507,2,1,2000,0,0,0,0,0,0,0,0,0,0
180507,3,1,2000,0,0,0,0,0,0,0,0,0,0
180507,4,1,2000,0,0,0,0,0,0,0,0,0,0
180508,1,1,2000,0,0,0,0,0,0,0,0,0,0
180508,2,1,2000,0,0,0,0,0,0,0,0,0,0
180509,1,1,2000,0,0,0,0,0,0,0,0,0,0
180509,2,1,2000,0,0,0,0,0,0,0,0,0,0
180510,1,1,2000,0,0,0,0,0,0,0,0,0,0
180510,2,1,2000,0,0,0,0,0,0,0,0,0,0
180510,3,1,2000,0,0,12,6,0,0,0,0,0,0
180510,4,1,2000,0,0,0,0,0,0,0,0,9,0
180511,1,1,2000,0,0,0,0,0,0,0,0,0,0
180511,2,1,2000,0,0,0,0,0,0,0,0,0,0
180511,3,1,2000,0,0,0,0,0,0,0,0,0,0
180512,1,1,2000,0,0,0,0,15,0,0,0,0,0
180512,2,1,2000,0,0,0,0,0,0,0,0,0,0
180513,1,1,2000,11,11,11,11,11,11,11,11,11,11
180514,1,1,2000,20,20,20,20,20,20,20,20,20,20
180515,1,1,2000,0,0,0,0,0,0,0,0,0,0
180515,2,1,2000,0,0,0,0,0,0,0,0,0,0
180516,1,1,2000,0,0,0,0,0,0,0,0,0,0
180517,0,1,2000,0,0,0,0,0,0,0,0,0,0
180517,1,1,2000,9,9,9,9,9,9,9,9,9,9
180518,1,1,2000,0,0,0,0,0,0,0,0,0,0
180518,2,1,2000,0,0,0,0,0,0,0,0,0,0
180518,3,1,2000,0,0,0,0,0,0,0,0,0,0
180519,1,1,2000,0,0,0,0,0,0,0,0,9,0
180520,1,1,2000,15,0,0,0,0,0,0,0,0,0
180520,2,1,2000,0,0,0,0,24,0,0,0,0,0
180521,1,1,2000,0,0,0,0,0,8,0,0,0,0
180522,1,1,2000,0,0,0,0,0,0,0,0,0,0
180522,2,1,2000,0,0,0,15,0,0,0,0,0,0
180523,1,1,2000,10,10,10,10,10,10,10,10,10,10
180524,1,1,2000,8,8,8,8,8,8,8,8,8,8
180525,0,1,2000,7,0,0,0,0,0,0,0,0,0
180525,1,1,2000,0,0,0,0,0,0,0,0,0,0
180526,1,1,2000,0,0,0,0,0,0,0,0,0,0
180527,1,1,2000,0,0,0,0,0,0,0,0,0,0
180527,2,1,2000,0,0,0,0,0,0,3,0,0,0
180527,3,1,2000,0,0,0,0,0,0,0,0,0,0
180528,1,1,2000,13,13,13,13,13,13,13,13,13,13
180529,1,1,2000,0,0,0,0,0,0,0,0,0,0
180529,2,1,2000,0,0,0,0,0,0,0,0,0,0
180530,1,1,2000,0,0,0,0,0,0,0,0,0,0
180530,2,1,2000,0,0,0,0,0,0,0,0,0,0
180531,1,1,2000,0,0,0,0,0,0,0,0,0,0
180531,2,1,2000,1,1,1,1,1,1,1,1,1,1
180532,1,1,2000,0,0,0,0,0,0,0,0,0,0
180532,2,1,2000,0,0,0,0,0,0,0,0,0,0
180533,0,1,2000,0,0,0,0,0,0,0,0,0,0
180533,1,1,2000,0,0,0,0,0,0,0,0,0,0
180534,1,1,2000,0,0,0,0,0,0,0,0,0,0
180534,2,1,2000,0,0,0,0,0,0,0,0,0,0
180535,0,1,2000,0,0,0,0,0,0,0,0,0,0
180535,1,1,2000,0,0,0,0,0,0,0,0,0,0
180536,1,1,2000,0,0,0,0,0,0,0,0,0,0
180536,2,1,2000,0,0,0,0,0,0,0,0,0,0
180537,1,1,2000,0,0,0,0,0,0,0,0,0,0
180537,2,1,2000,0,0,0,0,0,0,0,0,0,0
180538,1,1,2000,16,14,0,12,0,0,0,0,0,0
180539,1,1,2000,0,0,0,0,10,0,0,13,0,0
180540,1,1,2000,0,0,0,0,0,0,0,0,0,0
180540,2,1,2000,19,18,0,23,0,0,0,15,0,0
180541,1,1,2000,0,0,0,0,0,0,0,0,0,0
180541,2,1,2000,0,0,0,0,0,0,0,0,0,0
180542,1,2,2000,34,6,22,19,23,21,8,26,33,12
180543,1,1,2000,0,28,10,6,3,0,0,14,14,20
180543,2,1,2000,0,0,0,4,0,0,0,0,0,0
180544,0,1,2000,0,0,0,0,0,0,0,0,0,0
180544,1,1,2000,0,0,0,0,0,0,0,0,0,0
180545,1,1,2000,0,0,0,0,0,0,0,0,0,0
180545,2,1,2000,0,0,0,0,0,0,0,0,0,0
180546,1,1,2000,30,30,30,30,30,30,30,30,30,30
180547,1,1,2000,30,30,30,30,30,30,30,30,30,30
180548,1,1,2000,9,9,9,9,9,9,9,9,9,9
180549,0,1,2000,0,0,0,0,0,0,0,0,0,0
180549,1,1,2000,0,0,0,0,0,0,0,0,0,0
180550,1,1,2000,0,0,0,0,0,0,0,0,0,0
180550,2,1,2000,0,0,0,0,0,0,0,0,0,0
180550,3,1,2000,0,0,0,0,0,0,0,0,0,0
180551,1,1,2000,0,0,0,0,0,0,0,0,0,0
180552,1,1,2000,0,0,0,0,0,0,0,0,0,0
180552,2,1,2000,0,0,0,0,0,0,0,0,0,0
180553,0,1,2000,13,13,13,13,13,13,13,13,13,13
180553,1,1,2000,0,0,0,0,0,0,0,0,0,0
180554,1,1,2000,0,11,0,0,27,0,15,0,14,0
180554,2,1,2000,0,0,0,0,0,0,0,0,0,0
180555,1,1,2000,0,0,0,0,0,0,0,0,0,0
180555,2,1,2000,0,0,0,0,0,0,2,14,0,0
180556,1,1,2000,1,1,1,1,1,1,1,1,1,1
180556,2,1,2000,0,0,0,0,0,0,0,0,0,0
180557,0,1,2000,0,0,0,0,0,0,0,0,0,0
180557,1,1,2000,0,0,0,12,0,0,0,0,0,0
180557,2,1,2000,0,0,0,0,0,0,0,0,0,0
180558,1,1,2000,0,0,0,0,0,0,0,0,0,0
180558,2,1,2000,0,0,0,0,0,7,0,0,0,0
180559,1,1,2000,19,19,19,19,19,19,19,19,19,19
180560,1,1,2000,0,0,0,0,0,0,0,0,0,0
180561,1,1,2000,0,62,4,0,0,0,17,23,24,26
180561,2,1,2000,0,0,0,0,0,0,0,0,0,0
180561,3,1,2000,0,0,0,0,0,0,0,0,0,0
180562,1,1,2000,29,0,0,0,0,0,0,0,0,16
180563,1,1,2000,0,0,0,0,0,0,0,0,0,0
180564,1,1,2000,14,14,14,14,14,14,14,14,14,14
180565,1,1,2000,0,0,0,0,0,0,0,0,0,0
180565,2,1,2000,0,0,0,0,0,0,0,0,0,0
180566,0,1,2000,0,0,0,0,0,0,0,0,0,0
180566,1,1,2000,21,21,21,21,21,21,21,21,21,21
180567,1,1,2000,0,0,0,0,0,0,0,0,0,0
180568,1,1,2000,0,0,0,0,14,0,0,0,0,0
180569,1,1,2000,26,26,26,26,26,26,26,26,26,26
180569,2,1,2000,0,0,0,0,0,0,0,0,0,0
180570,0,1,2000,0,19,0,0,0,32,0,0,0,0
180570,1,1,2000,0,0,0,0,0,0,0,0,0,0
180571,1,1,2000,0,0,0,0,0,0,0,0,0,0
180572,1,1,2000,0,0,0,0,0,4,0,0,0,0
180573,1,1,2000,0,0,0,0,0,0,0,0,0,0