ST_CASE,VEH_NO,PER_NO,YEAR,P1,P2,P3,P4,P5,P6,P7,P8,P9,P10
180574,1,1,2000,4,4,4,4,4,4,4,4,4,4
180575,1,1,2000,32,32,32,32,32,32,32,32,32,32
180576,0,1,2000,0,0,0,0,0,0,0,0,0,0
180576,1,1,2000,0,0,0,0,0,0,0,0,0,0
180577,1,1,2000,4,0,0,0,0,0,0,0,0,0
180577,2,1,2000,0,0,0,0,0,0,0,0,0,0
180577,3,1,2000,0,0,0,0,0,0,0,0,0,0
180577,4,1,2000,0,0,0,14,0,0,0,0,0,0
180578,1,1,2000,0,0,0,0,0,0,0,0,0,0
180579,0,1,2000,0,0,0,0,6,0,0,0,0,0
180579,1,1,2000,0,0,0,0,0,0,0,0,0,0
180580,1,1,2000,6,6,6,6,6,6,6,6,6,6
180581,1,1,2000,0,0,0,0,0,0,0,0,0,0
180582,1,1,2000,0,0,0,0,0,0,0,0,0,0
180582,2,1,2000,0,0,0,0,0,0,0,0,0,0
180583,1,1,2000,0,0,0,0,2,0,0,0,0,5
180583,2,1,2000,0,0,0,0,0,0,0,0,0,0
180584,1,1,2000,6,0,0,0,0,0,0,0,0,0
180584,2,1,2000,0,0,0,0,0,0,0,0,4,0
180584,3,1,2000,0,0,0,0,0,0,0,0,0,0
180584,4,1,2000,0,0,0,0,0,0,0,0,0,0
180585,1,1,2000,0,0,0,0,0,0,0,0,0,0
180585,2,1,2000,0,0,0,0,0,0,0,0,0,0
180586,1,1,2000,0,0,0,0,0,0,0,0,0,0
180587,1,1,2000,0,0,0,0,0,0,0,0,0,0
180588,1,1,2000,0,0,7,0,0,0,0,16,0,0
180588,2,1,2000,0,0,0,0,0,0,16,0,0,0
180588,3,1,2000,0,0,0,0,0,0,0,0,0,11
180589,1,1,2000,17,17,17,17,17,17,17,17,17,17
180589,2,1,2000,0,0,0,0,21,0,0,0,0,0
180590,1,1,2000,0,0,0,0,0,0,0,0,0,0
180590,2,1,2000,0,0,0,0,0,0,0,0,0,0
180591,1,1,2000,0,5,0,0,0,0,21,16,0,0
180591,2,1,2000,0,0,0,0,0,0,0,0,0,0
180592,1,1,2000,0,0,0,0,0,0,0,0,0,0
180593,1,1,2000,0,0,0,0,0,0,0,0,0,0
180593,2,1,2000,0,0,0,0,0,0,0,0,0,0
180594,0,1,2000,35,35,35,35,35,35,35,35,35,35
180594,1,1,2000,0,0,0,0,0,0,0,0,0,0
180595,1,1,2000,0,0,0,0,0,0,0,0,0,0
180595,2,1,2000,0,0,0,0,0,0,0,0,0,0
180596,1,1,2000,0,0,0,0,0,0,0,0,0,0
180596,2,1,2000,0,0,0,0,0,0,0,0,0,0
180597,1,1,2000,0,0,0,0,0,0,0,0,0,0
180597,2,1,2000,0,0,0,0,0,0,0,0,0,0
180598,0,1,2000,3,3,3,3,3,3,3,3,3,3
180598,1,1,2000,0,0,0,0,0,0,0,0,0,0
180599,1,1,2000,20,20,20,20,20,20,20,20,20,20
180599,2,1,2000,0,0,0,0,0,0,0,0,0,0
180599,3,1,2000,3,0,0,14,8,40,21,8,0,0
180600,0,1,2000,26,0,9,0,0,0,0,0,30,0
180600,1,1,2000,0,0,0,0,0,0,0,0,0,0
180601,1,1,2000,0,0,0,0,0,0,0,0,0,0
180601,2,1,2000,0,0,0,0,0,0,0,0,0,0
180602,1,1,2000,0,0,0,0,0,0,0,0,0,0
180602,2,1,2000,0,0,0,0,0,0,0,0,0,0
180603,1,1,2000,0,0,0,0,0,0,0,0,0,0
180604,1,1,2000,0,0,0,0,0,0,0,0,0,0
180604,2,1,2000,0,0,0,0,0,0,0,0,0,0
180604,3,1,2000,0,18,0,0,0,0,0,0,0,0
180604,4,1,2000,0,0,0,0,0,0,0,0,0,0
180604,5,1,2000,0,0,0,0,0,0,0,0,0,0
180605,1,1,2000,0,0,0,0,0,0,0,0,0,0
180606,1,1,2000,0,0,0,0,0,0,0,0,6,0
180606,2,1,2000,0,0,0,0,0,0,0,0,0,0
180607,1,1,2000,0,0,0,0,0,0,0,0,0,0
180607,2,1,2000,0,0,0,0,0,0,0,0,0,0
180608,1,1,2000,14,14,14,14,14,14,14,14,14,14
180608,2,1,2000,0,0,0,0,0,0,0,0,0,0
180609,1,1,2000,0,0,0,0,0,0,0,0,0,0
180609,2,1,2000,0,0,0,0,0,0,0,0,0,0
180609,3,1,2000,0,0,0,0,0,0,0,0,0,0
180610,1,1,2000,0,0,0,0,0,0,0,0,0,0
180611,1,1,2000,0,0,0,6,0,0,0,0,0,0
180612,1,1,2000,0,0,0,0,0,0,0,0,0,0
180613,1,1,2000,0,0,0,0,0,0,0,0,0,0
180613,2,1,2000,0,0,0,0,0,0,0,0,0,0
180614,1,1,2000,24,24,24,24,24,24,24,24,24,24
180615,1,1,2000,0,0,0,0,0,0,0,0,0,0
180615,2,1,2000,0,0,0,0,0,0,0,0,0,0
180616,1,1,2000,0,0,0,0,0,0,0,0,0,0
180617,1,1,2000,0,0,0,0,0,0,0,0,0,0
180617,2,1,2000,0,0,0,0,0,0,0,0,0,0
180618,1,1,2000,0,0,0,0,0,0,0,0,0,0
180619,1,1,2000,16,16,16,16,16,16,16,16,16,16
180620,1,1,2000,0,0,0,0,0,0,0,0,0,0
180620,2,1,2000,0,0,0,0,0,0,0,0,0,0
180621,1,1,2000,0,0,0,0,0,0,0,0,0,0
180621,2,1,2000,0,0,0,0,0,0,0,0,0,0
180622,1,1,2000,15,15,15,15,15,15,15,15,15,15
180623,1,1,2000,0,0,0,0,0,0,0,0,0,0
180623,2,1,2000,0,0,0,0,0,0,26,0,0,0
180624,1,1,2000,15,15,15,15,15,15,15,15,15,15
180625,1,1,2000,22,22,22,22,22,22,22,22,22,22
180626,1,1,2000,23,23,13,16,35,19,24,24,13,13
180627,0,1,2000,13,13,13,13,13,13,13,13,13,13
180627,1,1,2000,15,0,0,0,12,17,0,18,16,0
180628,1,1,2000,0,0,0,0,0,0,0,0,0,0
180628,2,1,2000,1,1,1,1,1,1,1,1,1,1
180629,1,1,2000,17,17,17,17,17,17,17,17,17,17
180630,1,1,2000,0,0,0,0,0,0,0,0,0,0
180630,2,1,2000,0,0,0,0,0,0,0,0,0,0
180631,1,1,2000,0,0,4,0,0,0,0,0,0,0
180631,2,1,2000,0,0,0,0,0,0,0,0,0,0
180632,0,1,2000,0,0,0,0,0,0,0,0,0,0
180632,1,1,2000,0,0,0,0,0,0,0,0,0,0
180633,1,1,2000,0,0,0,0,0,0,0,0,0,0
180634,0,1,2000,13,15,33,16,0,0,19,0,22,28
180634,1,1,2000,0,0,0,0,0,0,0,0,0,0
180635,1,1,2000,0,0,0,0,0,0,0,0,0,0
180635,2,1,2000,0,0,0,0,0,0,0,0,0,0
180636,1,1,2000,0,0,0,0,0,0,0,0,0,0
180637,0,1,2000,2,0,0,0,0,0,0,15,0,0
180637,0,2,2000,9,0,19,0,0,0,0,0,13,0
180637,1,1,2000,0,0,0,0,9,0,0,0,0,0
180638,1,1,2000,0,0,0,30,0,0,0,0,0,19
180638,2,1,2000,0,0,0,0,0,0,0,0,0,0
180639,1,1,2000,0,0,0,0,0,0,0,0,0,0
180639,2,1,2000,0,0,0,0,0,17,0,0,0,0
180640,1,1,2000,13,13,16,19,10,24,18,26,0,0
180641,1,1,2000,0,0,0,0,0,0,0,0,0,0
180642,1,1,2000,18,6,21,27,13,24,14,33,0,16
180643,1,1,2000,0,0,0,7,0,0,0,0,0,0
180644,1,1,2000,0,0,0,0,0,0,0,0,0,0
180644,2,1,2000,0,0,0,0,0,0,0,0,0,0
180645,1,1,2000,0,0,0,0,0,0,0,0,0,0
180646,1,1,2000,0,0,0,0,0,0,0,0,0,0
180646,2,1,2000,0,0,0,0,0,0,0,0,0,0
180647,1,1,2000,0,0,0,0,0,0,0,0,0,0
180647,2,1,2000,0,0,0,0,0,0,0,0,0,0
180648,1,1,2000,1,1,1,1,1,1,1,1,1,1
180648,2,1,2000,0,0,0,0,0,0,0,0,0,0
180649,1,1,2000,0,0,0,0,0,0,0,0,0,0
180650,1,1,2000,21,21,21,21,21,21,21,21,21,21
180650,2,1,2000,0,0,0,0,0,20,0,0,0,0
180650,3,1,2000,0,0,0,0,0,0,0,0,0,0
180650,4,1,2000,0,0,0,0,0,0,0,0,0,0
180651,1,1,2000,0,0,0,0,0,0,0,0,0,0
180651,2,1,2000,0,0,0,0,0,0,0,0,0,0
180652,1,1,2000,0,22,0,0,0,0,0,0,0,21
180652,2,1,2000,0,0,0,0,0,0,0,0,0,0
180653,1,1,2000,24,13,25,19,7,22,15,15,4,18
180654,1,1,2000,0,0,0,16,0,0,0,0,0,0
180654,2,1,2000,0,0,0,0,0,0,0,0,0,0
180654,3,1,2000,0,0,0,0,0,0,0,0,0,0
180655,1,1,2000,0,0,0,0,0,0,0,0,0,0
180655,2,1,2000,0,0,0,0,0,0,0,0,0,0
180656,1,1,2000,0,0,0,0,0,0,0,0,0,0
180656,2,1,2000,0,0,0,0,0,0,0,0,0,0
180657,1,1,2000,0,0,0,0,0,0,0,0,0,0
180657,2,1,2000,0,0,0,0,0,0,0,0,0,0
180657,3,1,2000,0,0,0,0,0,0,0,0,0,0
180657,4,1,2000,0,0,0,0,0,0,0,0,0,0
180658,1,1,2000,13,16,34,0,0,0,0,0,0,0
180659,1,1,2000,0,0,0,0,0,0,0,0,0,0
180659,2,1,2000,0,0,0,0,0,0,0,0,0,0
180660,1,1,2000,18,18,18,18,18,18,18,18,18,18
180661,1,1,2000,0,0,0,0,0,0,0,0,0,0
180661,2,1,2000,5,5,5,5,5,5,5,5,5,5
180662,1,1,2000,0,0,0,0,0,0,0,0,0,0
180662,2,1,2000,0,0,0,0,0,0,0,0,0,0
180663,0,1,2000,0,0,0,0,0,0,0,0,0,14
180663,1,1,2000,0,0,0,0,0,0,0,0,0,0
180664,1,1,2000,12,12,12,12,12,12,12,12,12,12
180664,2,1,2000,0,0,0,14,0,0,0,0,0,0
180665,1,1,2000,6,23,30,14,33,14,8,18,10,27
180666,1,1,2000,0,0,0,0,0,0,0,0,0,0
180666,2,1,2000,0,0,0,0,0,0,0,0,0,0
180667,1,1,2000,0,0,0,0,8,14,0,0,23,0
180668,1,1,2000,0,0,0,0,0,0,0,0,0,0
180669,0,1,2000,0,11,0,23,0,0,0,0,0,0
180669,1,1,2000,0,0,0,0,0,0,0,0,0,0
180670,1,1,2000,0,0,0,0,0,0,0,0,0,0
180671,1,1,2000,33,0,0,0,0,0,13,0,0,0
180671,2,1,2000,0,0,0,0,0,0,0,0,0,0
180672,1,1,2000,12,12,12,12,12,12,12,12,12,12
180673,1,1,2000,0,0,0,0,0,0,0,0,0,0
180673,2,1,2000,0,0,0,0,0,0,0,0,0,0
180673,3,1,2000,0,0,0,0,0,0,0,0,0,0
180674,1,1,2000,0,0,0,0,0,0,0,0,0,0
180674,2,1,2000,0,0,0,0,0,0,0,0,0,0
180675,1,1,2000,0,0,0,0,0,0,0,0,0,0
180675,2,1,2000,0,0,0,0,0,0,0,0,0,0
180676,1,1,2000,0,0,0,0,0,0,0,0,0,0
180676,2,1,2000,0,0,0,0,0,0,0,0,0,0
180676,3,1,2000,0,0,0,0,0,0,0,0,0,0
180677,1,1,2000,0,0,0,0,0,0,0,0,0,0
180677,2,1,2000,0,0,0,0,0,0,0,0,0,0
180678,1,1,2000,0,0,0,0,0,0,0,3,0,0
180678,2,1,2000,0,0,0,0,0,0,0,0,0,0
180679,1,1,2000,0,0,0,0,0,0,0,0,0,0
180679,2,1,2000,0,0,0,0,0,0,0,0,0,0
180680,1,1,2000,13,13,13,13,13,13,13,13,13,13
180681,1,1,2000,11,5,15,21,18,12,25,13,6,25
180682,1,1,2000,0,0,0,0,0,0,0,0,0,0
180683,1,1,2000,20,20,20,20,20,20,20,20,20,20
180684,1,1,2000,0,0,0,0,0,0,0,0,0,0
180685,1,1,2000,0,0,0,0,0,0,0,0,0,0
180685,2,1,2000,0,0,0,0,0,0,0,0,0,0
180686,1,1,2000,0,0,0,0,0,0,0,0,0,0
180687,1,1,2000,0,0,0,0,0,0,0,0,0,0
180688,1,1,2000,0,0,0,0,0,0,0,0,0,0
180689,1,1,2000,19,19,19,19,19,19,19,19,19,19
180690,0,1,2000,0,0,0,0,33,0,27,0,0,0
180690,1,1,2000,0,0,0,0,0,0,0,0,0,0
180691,1,1,2000,18,0,0,0,0,0,18,0,0,0
180691,2,1,2000,0,0,0,0,0,0,0,0,0,0
180692,1,1,2000,22,22,22,22,22,22,22,22,22,22
180693,1,1,2000,0,0,0,0,0,0,0,0,0,0
180693,2,1,2000,0,0,0,0,0,0,0,0,0,0
180694,1,1,2000,25,25,25,25,25,25,25,25,25,25
180694,2,1,2000,0,0,0,0,0,0,0,0,0,0
180695,1,1,2000,0,0,11,19,0,0,0,0,0,10
180695,2,1,2000,0,0,0,0,0,0,0,0,0,0
180696,1,1,2000,29,29,29,29,29,29,29,29,29,29
180696,2,1,2000,25,0,9,12,0,8,29,0,42,34
180697,1,1,2000,0,0,0,0,0,0,0,0,0,0
180698,1,1,2000,17,0,0,0,0,0,12,0,0,0
180698,2,1,2000,0,0,0,0,0,0,0,0,0,0
180699,1,1,2000,0,0,0,0,0,0,0,0,0,0
180700,1,1,2000,0,0,0,0,0,0,0,0,0,0
180700,2,1,2000,0,0,0,0,0,0,0,0,6,0
180701,0,1,2000,38,0,0,0,0,0,0,39,27,19
180701,1,1,2000,0,0,0,0,0,11,0,0,0,0
180702,1,1,2000,0,0,0,0,0,0,0,0,0,0
180702,2,1,2000,1,1,1,1,1,1,1,1,1,1
180703,0,1,2000,0,21,0,19,15,0,0,0,27,0
180703,1,1,2000,0,0,0,0,0,0,0,0,0,0
180704,1,1,2000,0,0,0,0,0,0,0,0,0,0
180704,2,1,2000,0,0,0,0,0,0,0,0,15,0
180705,1,1,2000,0,0,0,0,0,0,0,0,0,0
180705,2,1,2000,0,0,0,0,0,0,0,0,0,0
180706,1,1,2000,0,24,33,21,17,12,15,2,23,2
180707,1,1,2000,0,0,0,0,0,0,0,0,0,0
180707,2,1,2000,0,15,0,0,0,0,0,3,0,0
180707,3,1,2000,0,0,0,0,7,0,0,0,0,0
180707,4,1,2000,0,0,0,0,0,0,0,0,0,0
180708,0,1,2000,0,0,0,0,0,0,0,0,0,0
180708,1,1,2000,0,0,0,0,0,0,0,0,0,0
180709,0,1,2000,28,28,28,28,28,28,28,28,28,28
180709,1,1,2000,0,0,0,0,0,0,0,0,0,0
180710,1,1,2000,22,22,22,22,22,22,22,22,22,22
180710,2,1,2000,0,27,0,0,0,0,0,0,0,0
180711,1,1,2000,0,6,0,0,0,17,0,0,0,0
180711,2,1,2000,0,0,0,0,0,0,0,0,0,0
180712,1,1,2000,0,0,0,0,0,0,0,0,0,0
180713,1,1,2000,0,0,0,0,0,0,0,0,0,0
180713,2,1,2000,0,0,0,0,0,0,0,0,0,0
180714,1,1,2000,0,0,0,0,0,0,0,0,0,0
180715,1,1,2000,0,0,0,0,0,0,0,0,0,0
180716,1,1,2000,0,0,0,21,0,18,17,0,0,44
180716,2,1,2000,0,0,0,0,0,0,0,0,0,0
180717,1,1,2000,0,0,0,0,0,0,0,0,0,0
180717,2,1,2000,1,1,1,1,1,1,1,1,1,1
180718,1,1,2000,0,0,0,0,0,0,0,20,0,0
180719,1,1,2000,8,8,8,8,8,8,8,8,8,8
180720,1,1,2000,0,0,0,0,0,0,0,0,0,0
180720,2,1,2000,0,0,0,0,0,0,0,0,0,0
180721,1,1,2000,0,0,0,0,0,0,0,0,0,0
180721,2,1,2000,0,0,0,0,0,0,0,0,0,0
180722,1,1,2000,0,0,0,0,0,0,0,0,0,0
180722,2,1,2000,0,0,0,0,0,0,0,0,0,0
180723,1,1,2000,18,18,19,22,24,20,28,14,22,19
180724,1,1,2000,49,49,49,49,49,49,49,49,49,49
180725,1,1,2000,0,0,0,0,0,0,0,0,0,0
180726,1,1,2000,0,0,0,0,0,0,0,0,0,0
180726,2,1,2000,0,0,0,0,0,0,0,0,0,0
180727,0,1,2000,0,0,0,0,0,0,0,0,0,0
180727,1,1,2000,0,0,0,0,0,0,0,0,0,0
180728,1,1,2000,0,0,0,0,0,0,0,0,0,0
180728,2,1,2000,0,0,0,0,0,0,0,0,0,0
180729,0,1,2000,20,20,20,20,20,20,20,20,20,20
180729,1,1,2000,0,0,0,0,0,0,0,0,0,0
180730,1,1,2000,0,0,0,0,0,0,0,0,0,0
180730,2,1,2000,0,31,0,0,0,0,0,0,12,0
180731,1,1,2000,0,0,0,0,0,0,0,0,0,0
180731,2,1,2000,0,0,0,0,0,0,0,0,0,5
180732,1,1,2000,0,0,0,0,0,0,0,0,0,0
180732,2,1,2000,0,0,0,0,0,0,0,0,0,5
180733,1,1,2000,15,15,15,15,15,15,15,15,15,15
180734,1,1,2000,0,0,0,0,0,0,0,0,0,0
180735,1,1,2000,0,0,0,0,0,0,0,0,0,0
180735,2,1,2000,0,0,0,0,0,0,0,0,0,0
180736,1,1,2000,24,32,8,24,22,24,25,16,8,11
180737,1,1,2000,0,0,0,0,0,0,0,0,0,0
180737,2,1,2000,5,5,5,5,5,5,5,5,5,5
180738,1,1,2000,11,11,11,11,11,11,11,11,11,11
180739,1,1,2000,0,0,0,0,0,0,0,0,0,0
180740,1,1,2000,0,0,0,0,0,0,0,0,0,0
180740,2,1,2000,0,0,0,0,0,0,0,0,0,0
180741,0,1,2000,0,0,0,0,0,0,0,0,0,0
180741,1,1,2000,0,0,0,0,0,0,0,0,0,0
180742,1,1,2000,0,0,0,0,0,0,0,0,0,14
180743,1,1,2000,16,16,16,16,16,16,16,16,16,16
180744,1,1,2000,0,0,0,0,0,0,0,0,0,0
180745,1,1,2000,27,27,27,27,27,27,27,27,27,27
180746,1,1,2000,0,0,0,0,0,0,0,0,0,0
180747,1,1,2000,0,0,0,0,0,0,0,0,0,0
180747,2,1,2000,0,0,0,0,0,0,0,0,0,0
180747,3,1,2000,0,0,0,0,0,0,0,0,0,0
180748,1,1,2000,0,0,0,0,0,0,0,0,0,0
180748,2,1,2000,0,0,0,0,0,0,0,0,0,0
180749,1,1,2000,0,0,0,0,0,0,0,0,0,0
180750,1,1,2000,0,0,0,0,0,0,0,0,0,0
180751,1,1,2000,0,0,0,0,0,0,0,0,0,0
180751,2,1,2000,15,15,15,15,15,15,15,15,15,15
180752,1,1,2000,0,0,0,7,0,0,0,0,0,0
180752,2,1,2000,0,0,0,0,0,0,0,0,0,0
180753,1,1,2000,8,8,8,8,8,8,8,8,8,8
180754,1,1,2000,24,24,24,24,24,24,24,24,24,24
180755,1,1,2000,0,0,0,0,0,0,0,0,0,0
180755,2,1,2000,3,3,3,3,3,3,3,3,3,3
180756,1,1,2000,1,1,1,1,1,1,1,1,1,1
180756,2,1,2000,1,1,1,1,1,1,1,1,1,1
180757,1,1,2000,0,0,0,0,0,0,0,0,0,0
180758,1,1,2000,0,0,0,0,0,0,0,0,0,0
180759,1,1,2000,28,28,28,28,28,28,28,28,28,28
180760,1,1,2000,0,0,0,0,0,0,0,0,0,0
180760,2,1,2000,0,0,0,0,0,0,0,0,0,0
180761,1,1,2000,0,0,0,0,0,0,0,0,0,0
180762,1,1,2000,0,0,0,0,0,0,0,0,0,0
180762,2,1,2000,0,0,0,0,0,0,0,0,0,0
180763,1,1,2000,0,0,0,0,0,0,0,0,0,0
180763,2,1,2000,0,0,0,0,0,0,0,0,0,0
180764,1,1,2000,0,0,0,0,0,0,0,0,0,0
180765,0,1,2000,0,0,0,0,0,0,0,0,0,0
180765,1,1,2000,0,0,0,0,0,0,0,0,0,0
180766,1,1,2000,0,0,0,0,0,0,0,0,0,0
180766,2,1,2000,0,0,0,0,0,0,0,0,0,0
180767,1,1,2000,0,0,0,0,0,0,0,0,0,0
180767,2,1,2000,0,0,0,0,0,0,0,0,0,0
180768,1,1,2000,0,20,8,0,8,0,0,0,0,0
180769,1,1,2000,0,0,0,0,0,0,0,0,0,0
180770,1,1,2000,0,0,0,0,0,0,0,0,0,0
180770,2,1,2000,0,0,0,0,0,0,0,0,0,0
180771,1,1,2000,22,22,22,22,22,22,22,22,22,22
180772,1,1,2000,32,17,26,9,36,11,9,18,18,22
180773,1,1,2000,0,0,0,0,0,20,0,0,0,0
180773,2,1,2000,4,4,4,4,4,4,4,4,4,4
180774,1,1,2000,0,0,0,0,0,0,0,0,0,0
180774,2,1,2000,0,0,0,0,0,0,0,0,0,0
180775,1,1,2000,0,0,0,0,0,0,0,0,0,0
180776,1,1,2000,0,0,0,0,10,0,0,20,0,0
180777,1,1,2000,0,0,0,0,0,0,0,0,0,0
180777,2,1,2000,0,0,0,0,0,0,0,0,0,0
180778,1,1,2000,0,0,0,0,0,0,0,0,0,0
180778,2,1,2000,0,0,0,0,0,0,0,0,0,0
180779,1,1,2000,0,0,0,0,0,0,0,0,0,0
180779,2,1,2000,0,0,0,0,0,0,0,0,0,0
180780,1,1,2000,25,25,25,25,25,25,25,25,25,25
180781,1,1,2000,0,0,0,0,0,0,0,0,0,0
180782,1,1,2000,23,23,23,23,23,23,23,23,23,23
180782,2,1,2000,0,0,8,0,0,0,0,0,0,0
180783,1,1,2000,13,0,22,0,0,0,0,0,0,0
180784,1,1,2000,40,40,40,40,40,40,40,40,40,40
180784,2,1,2000,0,0,0,0,0,0,0,0,0,0
180785,1,1,2000,23,0,0,0,0,0,0,17,0,0
180786,1,1,2000,0,0,0,0,0,0,0,0,0,0
180786,2,1,2000,0,0,0,0,0,0,0,0,0,0
180787,1,1,2000,0,0,0,0,0,0,0,0,0,0
180787,2,1,2000,0,0,0,0,0,0,0,0,0,0
180788,0,1,2000,23,23,23,23,23,23,23,23,23,23
180788,1,1,2000,0,0,0,0,0,0,0,0,0,0
180789,1,1,2000,0,0,0,0,19,0,0,0,0,0
180789,2,1,2000,0,0,0,0,0,0,0,0,0,0
180790,1,1,2000,0,0,0,0,0,0,0,0,0,0
180791,0,1,2000,0,4,0,0,0,0,0,0,0,0
180791,1,1,2000,0,0,0,0,0,0,0,0,0,0
180792,0,1,2000,0,0,0,0,0,0,0,0,0,0
180792,1,1,2000,0,0,0,0,0,0,0,0,0,0
180793,1,1,2000,0,0,0,0,0,0,0,0,8,0
180793,2,1,2000,23,23,23,23,23,23,23,23,23,23
180794,1,1,2000,11,0,0,0,0,0,0,18,0,0
180794,2,1,2000,0,0,0,0,0,0,0,0,0,0
180794,3,1,2000,0,0,0,0,0,0,15,0,0,0
180795,1,1,2000,1,1,1,1,1,1,1,1,1,1
180795,2,1,2000,0,0,0,0,0,0,22,0,0,0
180796,0,1,2000,0,0,0,0,0,0,0,0,0,0
180796,1,1,2000,0,0,0,31,14,13,0,0,0,8
180797,1,1,2000,22,24,28,33,20,18,29,20,4,18
180798,1,1,2000,6,9,35,0,10,22,30,0,22,22
180799,1,1,2000,27,27,27,27,27,27,27,27,27,27
180800,1,1,2000,0,0,0,0,0,0,5,14,0,0
180800,2,1,2000,32,0,0,5,0,0,0,0,0,12
180801,1,1,2000,0,0,0,0,0,0,0,0,0,0
180801,2,1,2000,0,0,0,0,0,0,0,0,0,0
180802,0,1,2000,0,28,0,0,4,45,25,14,0,29
180802,1,1,2000,13,0,0,0,0,16,0,0,0,0
180803,0,1,2000,14,25,15,26,21,25,28,21,18,28
180803,1,1,2000,0,0,0,0,0,0,0,0,0,0
190001,1,1,2000,14,14,14,14,14,14,14,14,14,14
190002,1,1,2000,0,0,0,0,0,0,0,0,0,0
190002,2,1,2000,0,0,0,0,0,0,0,0,0,0
190003,1,1,2000,0,0,0,0,0,0,0,0,7,0
190003,2,1,2000,0,0,27,0,0,0,0,0,0,0
190004,1,1,2000,0,0,0,0,0,0,0,0,0,0
190005,1,1,2000,0,0,0,0,0,0,0,0,0,0
190005,2,1,2000,15,15,15,15,15,15,15,15,15,15
190006,1,1,2000,0,0,0,0,0,0,0,0,0,0
190006,2,1,2000,0,0,0,0,0,0,0,0,0,0
190007,1,1,2000,0,0,0,0,0,0,0,0,0,0
190007,2,1,2000,0,0,0,0,0,0,0,0,0,0
190008,1,1,2000,0,0,0,0,0,0,0,0,0,0
190008,2,1,2000,0,0,0,0,0,0,0,0,0,0
190009,1,1,2000,0,0,0,0,0,0,0,15,0,0
190009,2,1,2000,0,0,0,0,0,0,0,0,0,0
190010,0,1,2000,0,0,0,0,0,0,0,0,0,0
190011,0,1,2000,0,9,0,0,0,0,0,0,0,0
190011,1,1,2000,0,0,0,0,0,0,0,0,0,0
190012,1,1,2000,0,23,0,19,15,0,28,0,21,0
190013,1,1,2000,0,0,0,0,0,0,0,0,0,0
190014,1,1,2000,0,0,0,0,0,0,0,0,0,0
190014,2,1,2000,0,0,0,0,0,35,0,0,18,0
190015,1,1,2000,3,0,0,0,0,9,0,0,0,0
190016,1,1,2000,17,17,17,17,17,17,17,17,17,17
190017,1,1,2000,0,0,0,0,0,0,0,0,0,0
190018,1,1,2000,7,7,7,7,7,7,7,7,7,7
190019,1,1,2000,0,0,0,0,0,0,0,0,0,0
190019,2,1,2000,0,0,0,0,0,0,0,0,0,0
190020,1,1,2000,0,0,0,0,0,0,0,0,0,0
190020,2,1,2000,0,0,0,0,0,0,0,0,0,0
190021,1,1,2000,0,0,0,0,0,0,0,0,0,0
190021,2,1,2000,0,0,0,0,0,0,0,0,0,0
190022,1,1,2000,0,0,0,0,0,0,0,0,0,0
190022,2,1,2000,0,0,0,0,0,0,0,0,0,0
190023,1,1,2000,11,11,11,11,11,11,11,11,11,11
190023,2,1,2000,0,0,0,0,0,0,0,0,0,0
190024,1,1,2000,0,0,0,0,0,0,0,0,0,0
190024,2,1,2000,0,0,0,0,0,0,0,0,0,0
190025,1,1,2000,0,0,0,0,0,0,0,0,0,0
190025,2,1,2000,0,0,0,0,0,0,0,0,0,0
190026,0,1,2000,0,27,0,0,12,0,0,0,0,0
190026,1,1,2000,0,0,0,0,0,0,0,0,0,0
190027,1,1,2000,6,6,6,6,6,6,6,6,6,6
190027,2,1,2000,0,0,0,0,0,0,0,0,0,0
190028,1,1,2000,0,0,0,0,15,0,0,0,8,0
190028,2,1,2000,0,0,0,8,0,0,0,0,0,5
190028,3,1,2000,0,0,0,0,0,0,0,0,0,0
190029,0,1,2000,0,0,0,0,0,0,21,5,0,0
190029,1,1,2000,2,2,2,2,2,2,2,2,2,2
190030,1,1,2000,0,0,0,0,0,0,0,0,0,0
190030,2,1,2000,0,0,0,0,0,0,0,0,0,0
190031,1,1,2000,0,0,0,0,0,0,0,0,0,0
190031,2,1,2000,0,0,0,0,0,0,0,0,0,0
190032,0,1,2000,0,0,0,0,0,0,0,0,0,0
190032,1,1,2000,0,0,0,0,0,0,0,0,0,0
190033,1,1,2000,13,13,13,13,13,13,13,13,13,13
190033,2,1,2000,0,0,0,0,0,0,0,0,0,0
190034,1,1,2000,0,0,0,0,0,0,0,0,0,0
190034,2,1,2000,0,0,0,0,0,0,0,0,0,0
190035,1,1,2000,0,0,0,0,0,0,0,0,0,0
190035,2,1,2000,0,0,0,0,0,0,0,0,0,0
190035,3,1,2000,0,0,0,0,0,0,0,0,0,0
190036,1,1,2000,23,23,23,23,23,23,23,23,23,23
190037,1,1,2000,0,0,0,0,0,0,0,0,0,0
190037,2,1,2000,0,0,0,0,0,0,0,0,0,0
190037,3,1,2000,0,0,0,0,0,0,0,0,0,0
190037,4,1,2000,0,0,0,0,0,0,0,0,0,0
190037,5,1,2000,0,0,0,0,0,0,0,0,0,0
190038,1,2,2000,0,17,25,29,23,15,5,0,16,14
190039,1,1,2000,22,22,22,22,22,22,22,22,22,22
190039,2,1,2000,0,0,0,0,0,0,0,0,0,0
190040,1,1,2000,0,4,0,0,0,0,0,0,0,0
190040,2,1,2000,0,0,0,0,0,0,0,0,0,0
190040,3,1,2000,0,0,0,0,0,0,0,0,0,0
190041,1,1,2000,0,0,0,0,0,0,0,0,0,0
190042,0,1,2000,0,0,0,0,0,0,0,0,0,0
190042,1,1,2000,0,0,0,0,0,0,0,13,0,0
190043,1,1,2000,0,0,0,0,0,0,0,0,0,0