ST_CASE,VEH_NO,PER_NO,YEAR,P1,P2,P3,P4,P5,P6,P7,P8,P9,P10
190043,2,1,2000,0,0,0,0,0,0,0,0,0,0
190044,1,1,2000,0,0,0,0,0,0,0,0,0,0
190044,2,1,2000,0,0,0,0,0,0,0,0,0,0
190045,1,1,2000,0,0,0,0,0,0,0,0,0,0
190045,2,1,2000,0,0,0,0,0,0,0,0,0,0
190046,1,1,2000,28,28,28,28,28,28,28,28,28,28
190047,1,1,2000,0,0,0,0,0,0,0,0,0,0
190047,2,1,2000,0,0,0,0,0,0,0,0,0,0
190048,1,1,2000,0,0,0,0,0,0,0,0,0,0
190048,2,1,2000,0,0,0,0,0,0,0,0,0,0
190049,1,1,2000,0,0,0,0,0,0,0,0,0,0
190050,1,1,2000,14,14,14,14,14,14,14,14,14,14
190050,2,1,2000,0,0,0,0,0,0,0,0,0,0
190051,0,1,2000,10,10,10,10,10,10,10,10,10,10
190051,1,1,2000,0,0,0,0,0,0,0,0,0,0
190052,1,1,2000,0,0,0,0,0,0,0,0,0,0
190053,0,1,2000,12,0,0,0,0,0,0,0,0,0
190053,1,1,2000,0,0,0,0,0,0,0,0,0,0
190054,1,1,2000,0,0,0,0,0,0,0,0,0,0
190054,2,1,2000,0,0,0,0,0,0,0,0,0,0
190055,0,1,2000,0,0,0,0,0,0,0,0,0,0
190055,0,2,2000,0,0,0,0,0,0,0,0,0,0
190055,1,1,2000,0,0,0,0,0,0,8,0,0,0
190056,1,1,2000,0,0,11,0,10,17,0,0,0,0
190057,1,1,2000,0,0,0,0,0,0,0,0,0,0
190057,2,1,2000,0,0,0,0,0,0,0,0,0,0
190058,1,1,2000,0,0,0,0,0,0,0,0,0,0
190058,2,1,2000,0,0,0,0,0,0,0,0,0,0
190059,1,1,2000,25,25,25,25,25,25,25,25,25,25
190060,1,1,2000,0,0,0,0,0,0,0,0,0,0
190060,2,1,2000,0,0,0,0,0,0,0,0,0,0
190061,1,1,2000,15,15,15,15,15,15,15,15,15,15
190062,1,1,2000,0,0,0,0,0,0,0,0,0,0
190063,1,1,2000,37,10,0,0,0,20,0,13,7,20
190064,1,1,2000,10,10,10,10,10,10,10,10,10,10
190065,0,1,2000,20,20,20,20,20,20,20,20,20,20
190065,1,1,2000,0,13,0,0,0,11,25,0,0,0
190066,1,1,2000,27,27,27,27,27,27,27,27,27,27
190067,1,1,2000,0,17,0,0,16,15,25,0,11,0
190068,1,1,2000,0,0,0,0,0,0,0,0,0,0
190068,2,1,2000,0,0,0,0,0,0,0,0,0,0
190068,3,1,2000,0,0,0,0,0,0,0,0,0,28
190069,1,1,2000,0,0,0,0,0,0,0,0,0,24
190069,2,1,2000,0,0,0,0,0,0,0,0,0,0
190070,1,1,2000,28,0,0,0,17,22,0,11,6,0
190071,1,1,2000,0,0,0,0,0,0,0,0,0,0
190071,2,1,2000,0,0,0,0,0,0,0,0,0,0
190072,1,1,2000,0,0,0,0,0,0,0,0,0,0
190073,1,1,2000,0,0,0,0,0,0,0,0,0,0
190073,2,1,2000,0,0,0,0,0,0,0,0,0,0
190074,1,1,2000,19,19,19,19,19,19,19,19,19,19
190075,1,1,2000,0,0,0,0,0,0,0,0,0,0
190075,2,1,2000,0,0,0,0,0,0,0,0,0,0
190076,1,1,2000,23,23,23,23,23,23,23,23,23,23
190077,1,1,2000,0,0,0,0,0,0,0,0,0,0
190077,2,1,2000,0,0,0,0,0,0,0,0,0,0
190078,1,1,2000,0,0,0,6,0,0,0,0,0,0
190079,1,1,2000,0,0,0,0,0,0,0,0,0,0
190079,2,1,2000,0,0,0,0,0,0,0,0,0,0
190080,1,1,2000,0,0,0,0,0,0,0,0,0,0
190080,2,1,2000,0,0,0,0,0,0,0,0,0,0
190081,1,1,2000,0,0,0,0,6,0,0,0,0,0
190081,2,1,2000,0,0,0,0,0,0,0,0,0,0
190082,1,1,2000,0,0,0,0,0,0,0,0,8,7
190082,2,1,2000,11,11,11,11,11,11,11,11,11,11
190083,1,1,2000,5,0,4,0,0,0,11,0,0,0
190084,1,1,2000,0,0,0,0,0,0,0,0,0,0
190085,1,1,2000,0,0,0,0,0,0,0,0,0,0
190086,1,1,2000,23,23,23,23,23,23,23,23,23,23
190086,2,1,2000,9,9,9,9,9,9,9,9,9,9
190087,1,1,2000,0,0,0,0,0,0,0,0,0,0
190087,2,1,2000,0,0,0,0,0,0,0,0,0,0
190088,1,1,2000,0,0,0,0,0,0,0,0,0,0
190088,2,1,2000,0,0,0,0,0,0,0,0,0,0
190089,1,1,2000,0,0,0,0,0,0,0,0,0,0
190089,2,1,2000,0,0,0,0,0,0,0,0,0,0
190090,1,1,2000,0,0,9,0,13,0,0,0,0,7
190091,1,1,2000,0,0,0,0,0,0,0,0,0,0
190091,2,1,2000,0,0,0,0,0,0,0,0,0,0
190092,1,1,2000,24,24,24,24,24,24,24,24,24,24
190093,1,1,2000,0,0,0,0,0,0,0,0,0,0
190093,2,1,2000,18,0,0,0,0,0,0,0,0,0
190094,1,1,2000,0,0,0,0,0,0,0,0,0,0
190094,2,1,2000,0,0,0,0,0,0,0,0,0,0
190095,1,1,2000,0,0,0,0,0,0,0,0,0,0
190095,2,1,2000,0,0,0,0,0,0,0,0,0,0
190096,0,1,2000,0,0,18,17,34,0,0,14,28,0
190096,1,1,2000,0,0,0,0,0,0,0,0,0,0
190096,2,1,2000,0,0,0,0,0,0,0,0,0,0
190097,1,1,2000,0,0,0,0,0,0,0,0,0,0
190098,1,1,2000,30,0,0,0,0,0,0,0,0,0
190099,1,1,2000,0,0,0,0,11,0,13,12,0,0
190100,1,1,2000,0,0,0,0,0,0,0,0,0,0
190100,2,1,2000,0,0,0,0,0,0,0,0,0,0
190101,1,1,2000,0,0,0,0,0,0,0,4,0,0
190101,2,1,2000,19,11,0,0,14,0,0,0,0,0
190102,1,1,2000,0,0,0,0,0,0,0,0,0,0
190102,2,1,2000,0,0,0,0,0,0,0,0,0,0
190102,3,1,2000,0,0,0,0,0,0,0,0,0,13
190102,4,1,2000,0,0,0,0,0,22,0,0,0,0
190103,1,1,2000,11,11,11,11,11,11,11,11,11,11
190104,1,1,2000,0,0,0,0,0,0,0,0,0,0
190105,1,1,2000,19,19,19,19,19,19,19,19,19,19
190106,1,1,2000,22,22,22,22,22,22,22,22,22,22
190107,1,1,2000,0,30,0,0,0,0,5,0,24,0
190108,1,1,2000,0,0,0,0,0,0,0,0,0,0
190109,1,1,2000,9,9,9,9,9,9,9,9,9,9
190109,2,1,2000,0,0,0,0,0,0,0,0,0,0
190110,1,1,2000,0,0,0,0,0,0,0,0,0,0
190111,1,1,2000,0,0,0,0,0,0,0,0,0,0
190111,2,1,2000,0,0,0,0,0,0,0,0,0,0
190112,0,1,2000,0,0,0,0,0,0,0,0,0,0
190112,1,1,2000,0,0,0,0,0,0,0,0,0,0
190113,1,1,2000,0,0,0,0,0,0,0,0,0,0
190113,2,1,2000,0,0,0,0,0,0,0,0,0,0
190114,1,1,2000,0,0,0,0,0,0,0,0,0,0
190114,2,1,2000,0,0,0,0,0,0,0,0,0,0
190115,1,1,2000,29,29,29,29,29,29,29,29,29,29
190116,1,1,2000,4,4,4,4,4,4,4,4,4,4
190117,1,1,2000,0,0,0,0,0,0,0,0,0,0
190117,2,1,2000,0,0,0,0,0,0,0,0,0,0
190118,1,1,2000,20,20,20,20,20,20,20,20,20,20
190119,1,1,2000,21,21,21,21,21,21,21,21,21,21
190120,1,1,2000,5,5,5,5,5,5,5,5,5,5
190120,2,1,2000,0,0,0,0,0,0,13,0,0,0
190121,1,1,2000,0,0,0,0,0,0,0,0,0,0
190121,2,1,2000,10,10,10,10,10,10,10,10,10,10
190121,3,1,2000,0,0,0,0,0,0,0,0,0,0
190122,1,1,2000,0,0,0,0,0,0,0,0,0,0
190123,1,1,2000,0,0,0,0,0,0,0,0,0,0
190124,1,1,2000,0,0,0,0,0,0,0,0,0,0
190124,2,1,2000,0,0,0,0,0,0,0,0,0,0
190125,1,1,2000,0,0,0,0,0,0,0,0,0,0
190125,2,1,2000,0,0,0,0,0,0,0,0,0,0
190126,1,1,2000,0,0,0,0,0,0,0,0,0,0
190127,1,1,2000,0,0,0,0,0,0,0,0,0,0
190127,2,1,2000,0,0,0,0,0,0,0,0,0,0
190128,1,1,2000,0,0,0,0,0,0,0,0,0,0
190128,2,1,2000,0,0,0,0,0,0,0,0,0,0
190129,1,1,2000,20,20,20,20,20,20,20,20,20,20
190130,1,1,2000,17,17,17,17,17,17,17,17,17,17
190131,1,1,2000,0,0,0,0,0,0,0,0,0,0
190131,2,1,2000,0,0,0,0,0,0,0,0,0,0
190132,1,1,2000,0,0,0,0,0,0,0,0,0,0
190132,2,1,2000,0,0,0,0,0,0,0,0,0,0
190133,1,1,2000,0,0,0,0,0,0,0,0,0,0
190133,2,1,2000,0,0,0,0,0,0,0,0,0,0
190134,1,1,2000,0,0,0,0,0,0,0,0,0,0
190135,1,1,2000,0,0,0,0,0,0,0,0,0,0
190135,2,1,2000,0,0,0,0,0,0,0,0,0,0
190136,1,1,2000,0,0,0,0,0,0,0,0,0,0
190136,2,1,2000,0,0,0,0,0,0,0,0,0,0
190137,1,1,2000,0,0,0,0,0,0,0,0,0,0
190137,2,1,2000,0,0,0,0,0,0,0,0,0,0
190138,1,1,2000,0,0,0,0,0,0,0,0,0,0
190138,2,1,2000,0,0,0,0,0,0,0,0,0,0
190139,1,1,2000,13,13,13,13,13,13,13,13,13,13
190140,1,1,2000,0,0,0,0,0,0,0,0,0,0
190140,2,1,2000,0,0,0,0,0,0,0,0,0,0
190141,1,1,2000,0,0,0,0,0,0,0,0,0,0
190142,1,1,2000,0,0,0,0,0,0,0,0,0,0
190142,2,1,2000,0,0,0,0,0,0,0,0,0,0
190143,1,1,2000,11,11,11,11,11,11,11,11,11,11
190144,1,1,2000,0,0,0,0,0,0,0,0,0,0
190144,2,1,2000,0,0,0,0,0,0,0,0,0,2
190145,1,1,2000,0,0,0,0,0,0,0,0,0,0
190146,1,1,2000,22,16,0,14,11,24,17,18,38,26
190147,1,1,2000,0,0,0,0,0,0,0,0,0,0
190147,2,1,2000,0,0,0,0,0,0,0,0,0,0
190148,1,1,2000,25,25,25,25,25,25,25,25,25,25
190149,1,1,2000,18,18,18,18,18,18,18,18,18,18
190150,0,1,2000,0,0,0,0,0,0,0,0,0,0
190150,1,1,2000,0,0,0,0,0,0,0,0,0,0
190151,1,1,2000,0,0,0,0,0,0,0,0,0,0
190152,1,1,2000,0,0,0,0,0,0,0,0,0,13
190152,2,1,2000,0,0,0,0,0,0,0,0,0,0
190153,1,1,2000,0,0,9,0,0,0,0,0,0,0
190153,2,1,2000,6,6,6,6,6,6,6,6,6,6
190154,1,1,2000,0,0,0,0,0,0,0,0,0,0
190154,2,1,2000,0,0,0,0,0,0,0,0,0,0
190155,1,1,2000,0,0,0,0,0,0,0,0,0,0
190155,2,1,2000,0,0,0,0,0,0,0,0,0,0
190156,0,1,2000,0,0,0,0,0,0,0,0,0,0
190156,1,1,2000,14,8,19,0,7,0,0,8,0,0
190157,1,1,2000,25,25,25,25,25,25,25,25,25,25
190158,1,1,2000,0,0,0,0,0,0,0,0,0,0
190158,2,1,2000,0,0,0,0,0,0,0,0,0,0
190159,1,1,2000,0,0,0,0,0,0,0,0,0,0
190159,2,1,2000,0,0,0,0,0,0,0,0,0,0
190159,3,1,2000,0,0,0,0,0,0,0,0,0,0
190160,1,1,2000,0,0,0,0,0,0,0,0,0,0
190160,2,1,2000,0,0,0,0,0,0,0,0,0,0
190161,1,1,2000,32,19,34,0,0,22,15,24,0,17
190162,1,1,2000,22,22,22,22,22,22,22,22,22,22
190163,1,1,2000,0,12,0,0,0,17,0,0,14,0
190164,1,1,2000,0,0,0,0,0,0,0,0,0,0
190164,2,1,2000,0,0,0,0,0,0,0,0,0,7
190164,3,1,2000,0,0,0,0,0,9,0,7,0,0
190165,1,1,2000,13,13,13,13,13,13,13,13,13,13
190165,2,1,2000,2,2,2,2,2,2,2,2,2,2
190166,1,1,2000,0,0,0,0,0,0,0,0,0,0
190166,2,1,2000,0,0,0,0,0,0,0,0,0,0
190167,1,1,2000,0,0,0,0,0,0,0,0,0,0
190167,2,1,2000,0,0,0,11,0,0,0,0,0,0
190168,1,1,2000,3,3,3,3,3,3,3,3,3,3
190168,2,1,2000,0,0,0,0,0,7,0,0,0,0
190169,1,1,2000,13,13,13,13,13,13,13,13,13,13
190169,2,1,2000,0,0,0,0,0,0,0,0,0,0
190170,1,1,2000,0,0,0,0,0,0,0,0,0,0
190170,2,1,2000,0,0,0,0,0,0,0,0,0,0
190171,1,1,2000,0,0,0,0,0,0,0,0,0,0
190171,2,1,2000,0,0,0,0,0,0,0,0,0,0
190172,1,1,2000,0,0,0,0,0,0,0,0,0,0
190172,2,1,2000,1,1,1,1,1,1,1,1,1,1
190173,1,1,2000,0,0,0,0,0,0,0,0,0,0
190173,2,1,2000,0,0,0,0,0,0,0,0,0,0
190174,1,1,2000,9,9,9,9,9,9,9,9,9,9
190175,1,1,2000,0,0,0,0,0,0,0,0,0,0
190176,1,1,2000,15,15,15,15,15,15,15,15,15,15
190177,1,1,2000,0,0,6,10,0,6,0,0,0,0
190178,1,1,2000,0,0,0,0,0,0,0,0,0,0
190178,2,1,2000,0,0,0,0,0,0,0,0,0,0
190179,1,1,2000,0,0,0,0,0,0,0,0,0,0
190180,1,1,2000,0,0,0,0,0,0,0,0,0,0
190180,2,1,2000,0,0,0,0,0,0,0,0,0,0
190181,1,1,2000,0,0,0,0,0,0,0,0,0,0
190182,1,1,2000,20,20,20,20,20,20,20,20,20,20
190184,1,1,2000,0,0,0,0,0,0,0,0,0,0
190185,1,1,2000,0,0,0,0,0,0,0,0,0,0
190186,1,1,2000,0,0,0,0,0,0,0,0,0,0
190186,2,1,2000,0,0,0,0,0,0,0,0,0,0
190187,1,1,2000,8,8,8,8,8,8,8,8,8,8
190188,1,1,2000,0,0,27,0,0,0,0,0,0,0
190188,2,1,2000,0,0,0,0,0,0,0,0,0,0
190189,0,1,2000,0,0,0,0,0,0,0,0,0,0
190189,1,1,2000,0,0,0,0,0,0,0,0,0,0
190190,1,1,2000,0,0,0,0,0,0,0,0,0,0
190190,2,1,2000,0,0,0,0,0,0,0,0,0,0
190191,1,1,2000,0,0,0,0,0,0,0,0,0,0
190191,2,1,2000,0,0,0,0,0,0,0,0,0,0
190192,1,1,2000,20,20,20,20,20,20,20,20,20,20
190193,1,1,2000,19,19,19,19,19,19,19,19,19,19
190194,1,1,2000,16,5,15,10,26,0,14,5,17,6
190195,1,1,2000,0,0,0,0,0,0,0,0,0,0
190195,2,1,2000,0,0,0,0,0,0,0,0,0,0
190196,1,1,2000,0,0,0,13,0,0,0,0,0,0
190197,1,1,2000,0,0,0,0,0,0,0,0,0,0
190197,2,1,2000,0,0,0,0,0,0,0,0,0,0
190198,1,1,2000,0,0,0,0,0,0,0,0,0,0
190199,1,1,2000,0,0,0,0,0,0,0,0,0,0
190199,2,1,2000,0,0,0,0,0,0,0,0,0,0
190200,1,1,2000,0,0,0,0,0,0,0,0,0,0
190200,2,1,2000,0,0,0,0,0,0,0,0,0,0
190201,1,1,2000,0,0,0,0,0,0,0,0,0,0
190201,2,1,2000,0,0,0,7,0,12,0,0,0,0
190202,1,1,2000,25,25,25,25,25,25,25,25,25,25
190203,1,1,2000,14,14,14,14,14,14,14,14,14,14
190204,1,1,2000,0,0,0,0,0,0,0,0,8,0
190205,1,1,2000,0,0,0,0,0,0,0,0,0,0
190205,2,1,2000,0,0,0,0,0,0,0,0,0,0
190206,1,1,2000,0,0,13,0,0,0,0,0,0,0
190207,1,1,2000,0,0,0,0,0,0,0,0,0,0
190207,2,1,2000,0,0,0,6,5,0,0,0,0,0
190208,1,1,2000,0,0,0,0,0,0,0,0,0,0
190208,2,1,2000,0,0,0,0,0,0,0,0,0,0
190209,1,1,2000,0,0,0,0,0,0,0,0,0,0
190210,1,1,2000,0,0,0,0,0,0,0,0,0,0
190210,2,1,2000,0,0,0,0,0,0,0,0,0,0
190211,1,1,2000,5,5,5,5,5,5,5,5,5,5
190212,1,1,2000,0,0,0,18,0,16,0,0,6,27
190213,1,1,2000,0,0,0,0,0,0,0,0,0,0
190214,1,1,2000,0,0,0,0,0,0,0,0,0,0
190214,2,1,2000,0,0,0,0,0,0,0,0,0,0
190215,1,1,2000,0,0,0,0,0,0,0,0,0,0
190215,2,1,2000,0,0,0,0,0,0,0,0,0,0
190216,1,1,2000,8,8,8,8,8,8,8,8,8,8
190216,2,1,2000,0,0,0,0,0,0,0,0,0,0
190217,1,1,2000,0,0,0,0,0,0,0,0,0,0
190217,2,1,2000,0,0,0,0,0,0,0,0,0,0
190218,1,1,2000,18,0,14,0,0,7,0,0,5,7
190218,2,1,2000,0,3,0,15,5,16,21,0,0,0
190219,1,1,2000,0,0,0,0,0,0,0,0,0,0
190219,2,1,2000,0,0,0,0,0,0,0,0,0,0
190220,1,1,2000,8,0,0,0,0,0,0,0,0,0
190220,2,1,2000,0,0,0,0,0,0,0,0,0,0
190221,0,1,2000,0,0,0,0,0,0,0,0,0,0
190221,1,1,2000,21,21,21,21,21,21,21,21,21,21
190222,1,1,2000,0,0,0,0,0,0,0,0,0,0
190222,2,1,2000,0,0,0,0,0,0,0,0,0,0
190223,1,1,2000,0,0,0,0,0,0,0,0,0,0
190224,1,1,2000,16,16,16,16,16,16,16,16,16,16
190225,1,1,2000,0,0,0,0,0,0,0,0,0,0
190225,2,1,2000,0,0,0,0,0,0,0,0,0,0
190226,0,1,2000,0,0,0,0,0,0,0,0,0,0
190226,1,1,2000,0,0,0,0,0,0,0,0,0,0
190227,1,1,2000,31,0,0,0,0,0,0,0,0,0
190228,1,1,2000,0,0,0,0,0,0,0,0,0,0
190228,2,1,2000,0,0,0,0,0,0,0,0,0,0
190229,1,1,2000,0,0,0,0,0,0,0,0,0,0
190229,2,1,2000,0,0,0,0,0,0,0,0,0,0
190230,1,1,2000,19,19,19,19,19,19,19,19,19,19
190231,1,1,2000,10,5,0,0,0,0,0,0,0,0
190232,1,1,2000,0,0,0,0,0,0,0,0,4,0
190232,2,1,2000,0,0,0,0,0,0,0,0,0,0
190234,0,1,2000,0,0,0,0,27,0,0,0,0,0
190234,1,1,2000,0,0,0,0,0,0,0,0,0,0
190235,1,1,2000,8,0,0,26,0,0,35,0,14,16
190236,1,1,2000,0,0,0,0,0,0,0,0,0,0
190236,2,1,2000,0,0,0,0,0,0,0,0,16,0
190237,1,1,2000,0,0,0,0,0,0,0,0,0,0
190237,2,1,2000,0,0,0,0,0,0,0,0,0,0
190238,1,1,2000,6,6,6,6,6,6,6,6,6,6
190239,1,1,2000,0,0,0,0,0,0,0,0,0,0
190240,1,1,2000,15,15,15,15,15,15,15,15,15,15
190241,1,1,2000,0,0,0,0,0,0,0,0,0,0
190241,2,1,2000,0,0,0,0,0,0,0,0,0,0
190241,3,1,2000,11,0,18,13,0,0,0,10,0,0
190242,1,1,2000,22,22,22,22,22,22,22,22,22,22
190243,1,1,2000,0,0,0,0,0,0,0,0,0,0
190244,1,1,2000,19,19,19,19,19,19,19,19,19,19
190245,1,1,2000,13,0,0,0,6,9,0,0,0,0
190245,2,1,2000,0,0,0,0,0,0,0,0,0,0
190246,1,1,2000,0,18,0,6,0,0,0,13,0,0
190247,0,1,2000,0,39,15,34,0,0,0,3,29,0
190247,1,1,2000,0,0,0,0,0,0,0,0,0,0
190248,1,1,2000,0,0,0,0,0,0,0,0,0,0
190248,2,1,2000,0,0,0,0,0,0,0,0,0,0
190249,1,1,2000,0,0,0,0,0,0,0,0,0,0
190249,2,1,2000,0,0,0,0,0,0,0,0,0,0
190250,1,1,2000,0,0,0,0,0,0,0,0,0,0
190250,2,1,2000,0,0,0,0,0,0,0,0,0,0
190251,1,1,2000,0,0,0,0,0,0,0,0,0,0
190251,2,1,2000,0,0,0,0,0,0,0,0,0,0
190251,3,1,2000,0,0,0,0,0,0,0,0,0,0
190252,1,1,2000,17,17,17,17,17,17,17,17,17,17
190253,1,1,2000,0,0,9,0,0,0,0,0,0,0
190253,2,1,2000,0,0,0,0,0,0,0,0,0,0
190254,1,1,2000,0,0,0,0,0,0,0,0,0,0
190254,2,1,2000,0,0,0,0,0,0,0,0,0,0
190255,1,1,2000,0,0,0,0,0,0,0,0,0,0
190255,2,1,2000,0,0,0,0,0,0,0,0,0,0
190255,3,1,2000,0,0,0,0,0,0,0,0,0,0
190256,1,1,2000,0,0,0,0,0,0,0,0,0,0
190256,2,1,2000,0,0,0,0,0,0,0,0,0,0
190257,1,1,2000,0,0,0,0,0,0,0,0,0,0
190257,2,1,2000,0,0,0,0,0,0,0,0,0,0
190258,1,1,2000,0,0,0,0,0,0,0,0,0,0
190258,2,1,2000,0,0,0,0,0,0,0,0,0,0
190259,1,1,2000,0,0,0,0,0,0,0,0,0,0
190259,2,1,2000,0,0,0,0,0,0,0,0,0,0
190259,3,1,2000,0,0,0,0,0,0,0,0,0,0
190260,1,1,2000,0,5,0,0,0,0,0,0,0,0
190261,1,1,2000,0,0,0,0,0,0,0,0,0,0
190261,2,1,2000,0,0,0,0,0,0,0,0,0,0
190262,1,1,2000,0,0,0,0,0,0,0,0,0,0
190262,2,1,2000,0,0,0,0,0,0,0,8,0,0
190263,1,1,2000,0,0,0,0,0,0,0,0,0,0
190263,2,1,2000,0,0,10,0,0,0,0,0,0,0
190264,1,1,2000,16,16,16,16,16,16,16,16,16,16
190265,1,1,2000,0,0,0,0,0,0,0,0,0,0
190265,2,1,2000,0,0,0,0,0,0,0,0,11,0
190266,1,1,2000,0,0,0,0,0,0,0,0,0,0
190267,1,1,2000,0,0,0,0,0,0,0,0,0,0
190267,2,1,2000,0,0,0,0,0,0,0,0,0,0
190268,1,1,2000,0,13,13,0,0,0,0,0,0,0
190269,1,1,2000,0,0,2,0,0,0,0,0,0,0
190269,2,1,2000,0,0,0,0,0,0,0,0,0,0
190270,1,1,2000,0,0,0,0,0,0,0,0,0,0
190270,2,1,2000,1,1,1,1,1,1,1,1,1,1
190271,1,1,2000,15,15,15,15,15,15,15,15,15,15
190272,1,1,2000,0,0,0,0,0,0,0,0,0,19
190272,2,1,2000,0,0,0,0,0,0,0,0,0,0
190273,1,1,2000,0,0,0,0,0,0,0,0,0,0
190273,2,1,2000,0,0,0,0,0,14,0,0,0,0
190274,1,1,2000,0,0,0,0,0,0,0,0,0,0
190274,2,1,2000,0,0,0,0,0,0,8,0,0,0
190275,1,1,2000,0,0,0,0,0,3,0,0,0,0
190275,2,1,2000,0,0,0,0,0,0,0,0,0,0
190276,1,1,2000,14,14,14,14,14,14,14,14,14,14
190277,1,1,2000,0,0,0,0,0,0,0,0,0,0
190278,1,1,2000,0,0,0,0,0,0,0,0,0,0
190278,2,1,2000,0,0,0,0,0,0,0,0,0,0
190279,1,1,2000,6,6,6,6,6,6,6,6,6,6
190280,1,1,2000,14,14,14,14,14,14,14,14,14,14
190282,1,1,2000,0,0,0,0,0,0,0,0,0,0
190282,2,1,2000,0,0,0,0,0,0,0,0,0,0
190283,1,1,2000,0,0,0,0,0,0,0,0,0,0
190283,2,1,2000,0,0,0,0,0,0,0,0,0,0
190284,1,1,2000,0,0,0,0,0,0,0,0,0,0
190284,2,1,2000,0,0,0,0,0,0,0,0,0,0
190285,1,1,2000,0,16,11,0,0,9,0,0,0,0
190286,1,1,2000,0,0,8,0,0,0,0,12,0,0
190287,1,1,2000,21,21,21,21,21,21,21,21,21,21
190288,1,1,2000,0,0,0,0,0,0,0,0,0,0
190288,2,1,2000,0,0,0,0,0,0,0,0,0,0
190289,1,1,2000,17,17,17,17,17,17,17,17,17,17
190289,2,1,2000,0,0,0,0,0,0,0,0,0,0
190290,1,1,2000,0,0,0,19,0,0,0,0,0,0
190290,2,1,2000,0,0,0,0,0,0,0,0,0,0
190291,1,1,2000,0,0,0,0,0,0,0,0,0,0
190292,1,1,2000,14,14,14,14,14,14,14,14,14,14
190292,2,1,2000,0,0,0,0,0,0,0,0,0,0
190292,3,1,2000,0,0,0,0,0,0,0,0,0,0
190293,1,1,2000,0,0,0,0,0,0,0,0,0,0
190293,2,1,2000,0,0,0,0,0,0,0,0,0,0
190294,1,1,2000,38,38,38,38,38,38,38,38,38,38
190295,0,1,2000,0,0,0,0,0,0,0,0,0,0
190295,1,1,2000,0,0,0,0,0,0,0,0,0,0
190297,1,1,2000,0,0,0,0,0,0,0,0,0,0
190297,2,1,2000,0,0,0,0,0,0,0,0,0,0
190298,1,1,2000,0,0,0,0,0,0,0,6,0,0
190298,2,1,2000,0,0,0,0,0,0,0,0,0,0
190299,1,1,2000,25,25,25,25,25,25,25,25,25,25
190300,1,1,2000,0,0,0,0,0,0,0,0,0,0
190300,2,1,2000,0,0,0,0,0,0,0,0,0,0
190301,1,1,2000,0,0,0,0,0,0,0,0,0,0
190302,1,1,2000,0,0,0,0,0,0,0,0,0,0
190302,2,1,2000,0,0,0,0,0,0,0,0,0,0
190303,1,1,2000,0,0,0,0,0,0,0,0,0,0
190303,2,1,2000,0,0,0,0,0,0,0,0,0,0
190304,1,1,2000,0,0,0,0,0,0,0,0,0,0
190304,2,1,2000,0,0,0,0,0,0,0,0,0,0
190305,1,1,2000,0,0,0,0,0,0,0,0,0,0
190305,2,1,2000,0,0,0,0,0,0,0,0,0,0
190306,1,1,2000,0,0,0,0,0,0,0,0,0,0
190306,2,1,2000,0,0,0,0,0,0,0,0,0,0
190307,1,1,2000,0,0,0,0,0,0,0,0,0,0
190308,1,1,2000,0,0,22,11,0,0,0,0,0,0
190308,2,1,2000,0,6,13,19,13,13,17,0,27,15
190309,0,1,2000,0,0,0,0,0,0,0,0,0,0
190309,1,1,2000,0,0,0,0,0,0,0,0,0,0
190310,0,1,2000,10,0,0,0,0,0,25,0,0,0
190310,1,1,2000,0,0,0,0,0,0,0,0,0,0
190311,1,1,2000,0,0,0,0,0,0,0,0,0,0
190312,1,1,2000,0,0,0,0,0,0,0,0,0,0
190312,2,1,2000,0,0,0,0,0,0,0,0,0,0
190312,3,1,2000,0,0,0,0,0,0,0,0,0,0
190313,0,1,2000,0,0,0,0,0,0,0,0,0,0
190313,1,1,2000,0,0,0,0,0,0,0,0,0,0
190314,1,1,2000,0,0,0,0,0,0,21,0,0,0
190314,2,1,2000,0,0,0,0,0,0,0,0,0,0
190315,1,1,2000,0,0,0,0,0,0,0,0,0,0
190316,1,1,2000,0,0,0,0,0,0,0,0,0,0
190317,1,1,2000,26,26,26,26,26,26,26,26,26,26
190318,1,1,2000,24,24,24,24,24,24,24,24,24,24
190318,2,1,2000,0,0,0,0,0,0,0,0,0,0
190319,1,1,2000,0,0,14,0,0,35,0,0,10,13
190320,1,1,2000,0,0,0,0,0,0,0,0,0,0
190321,1,1,2000,0,0,0,0,0,0,0,0,0,0
190321,2,1,2000,0,0,0,0,0,0,0,0,0,0
190322,1,1,2000,0,0,0,0,0,0,0,0,0,0
190322,2,1,2000,0,0,0,0,0,0,0,0,0,0
190323,1,1,2000,15,15,15,15,15,15,15,15,15,15
190324,1,1,2000,17,17,17,17,17,17,17,17,17,17
190324,2,1,2000,0,16,0,0,0,0,0,0,0,0
190325,1,1,2000,0,0,0,0,0,0,0,0,0,0
190325,2,1,2000,0,0,0,0,0,0,0,0,0,0
190325,3,1,2000,1,1,1,1,1,1,1,1,1,1
190326,1,1,2000,0,0,0,0,0,0,0,0,0,0
190327,1,1,2000,0,0,0,0,0,0,0,0,0,0
190327,2,1,2000,0,0,0,0,0,0,0,0,0,0
190328,1,1,2000,28,28,28,28,28,28,28,28,28,28
190329,1,1,2000,0,0,0,0,0,0,0,0,0,0
190329,2,1,2000,0,0,0,0,0,0,0,0,0,0
190329,3,1,2000,0,0,0,0,0,5,0,0,0,0
190330,1,1,2000,0,0,0,8,0,0,0,0,0,0
190330,2,1,2000,0,0,0,0,0,0,0,0,0,0
190331,1,1,2000,0,0,0,0,0,0,0,0,0,0
190331,2,1,2000,0,0,0,0,0,0,0,0,0,0
190332,1,1,2000,0,0,0,0,0,0,0,0,0,0