ST_CASE,VEH_NO,PER_NO,YEAR,P1,P2,P3,P4,P5,P6,P7,P8,P9,P10
200232,1,1,2000,0,0,0,0,0,0,0,0,0,0
200233,1,1,2000,52,52,52,52,52,52,52,52,52,52
200234,1,1,2000,0,0,0,0,0,0,0,0,0,0
200234,2,1,2000,33,33,33,33,33,33,33,33,33,33
200235,1,1,2000,9,9,9,9,9,9,9,9,9,9
200236,1,1,2000,0,0,0,0,0,0,0,0,0,0
200236,2,1,2000,0,0,0,0,0,0,0,0,0,0
200237,1,1,2000,0,0,0,0,0,0,0,0,0,0
200238,1,1,2000,0,0,0,0,0,28,0,0,0,0
200238,2,1,2000,0,0,0,0,0,0,0,0,0,0
200239,1,1,2000,0,0,0,0,0,9,0,0,0,0
200240,1,1,2000,0,0,0,0,0,0,0,0,0,0
200240,2,1,2000,0,0,0,0,0,0,0,0,0,0
200241,1,1,2000,0,0,0,0,0,0,0,0,0,0
200241,2,1,2000,0,0,0,0,0,0,0,0,0,0
200242,1,1,2000,2,2,2,2,2,2,2,2,2,2
200243,0,1,2000,0,0,0,0,0,0,0,0,0,0
200243,1,1,2000,0,0,0,0,0,0,0,0,0,0
200244,1,1,2000,0,0,0,0,0,0,0,0,0,0
200245,1,1,2000,0,0,0,0,0,0,0,0,0,0
200245,2,1,2000,0,0,0,0,0,0,0,0,0,0
200245,3,1,2000,0,9,0,0,0,0,0,0,0,0
200246,1,1,2000,17,17,17,17,17,17,17,17,17,17
200247,1,1,2000,19,19,19,19,19,19,19,19,19,19
200247,2,1,2000,0,0,0,0,0,0,0,0,0,0
200248,1,1,2000,23,23,23,23,23,23,23,23,23,23
200249,1,1,2000,16,16,16,16,16,16,16,16,16,16
200250,1,1,2000,0,0,0,0,0,0,0,0,0,0
200250,2,1,2000,0,0,0,0,0,0,0,0,0,0
200251,1,1,2000,9,9,9,9,9,9,9,9,9,9
200252,1,1,2000,2,2,2,2,2,2,2,2,2,2
200253,1,1,2000,0,0,0,0,0,0,0,0,0,0
200253,2,1,2000,3,0,0,0,0,0,0,0,0,0
200254,1,1,2000,14,14,14,14,14,14,14,14,14,14
200255,1,1,2000,9,9,9,9,9,9,9,9,9,9
200256,1,1,2000,0,0,0,0,0,0,0,0,0,0
200257,1,1,2000,16,16,16,16,16,16,16,16,16,16
200258,1,1,2000,0,0,0,0,0,0,0,0,0,0
200259,1,1,2000,0,0,0,0,0,0,0,0,0,0
200260,1,1,2000,0,0,0,0,0,0,0,0,0,0
200260,2,1,2000,0,0,0,0,0,0,0,0,0,0
200261,1,1,2000,0,0,0,0,0,0,0,0,0,0
200262,1,1,2000,0,0,0,0,0,0,0,0,0,0
200262,2,1,2000,0,0,0,0,0,0,0,0,0,0
200262,3,1,2000,0,0,0,0,0,0,0,0,0,0
200262,4,1,2000,0,0,0,0,0,0,0,0,0,0
200263,1,1,2000,0,0,0,0,0,0,0,0,0,0
200263,2,1,2000,0,0,0,0,0,0,0,0,0,0
200264,1,1,2000,0,0,0,0,0,0,0,0,0,0
200264,2,1,2000,0,0,0,0,0,0,0,0,0,0
200265,0,1,2000,21,44,0,0,0,0,0,0,0,0
200265,1,1,2000,0,0,0,0,0,0,0,0,0,0
200266,1,1,2000,21,21,21,21,21,21,21,21,21,21
200267,1,1,2000,13,13,15,27,21,33,17,0,30,18
200267,2,1,2000,0,0,0,0,0,0,0,0,0,0
200268,1,1,2000,0,0,0,0,0,0,0,0,0,0
200268,2,1,2000,0,0,0,0,0,0,0,0,0,0
200269,1,1,2000,10,10,10,10,10,10,10,10,10,10
200269,2,1,2000,0,0,0,0,0,0,0,0,0,0
200270,1,1,2000,0,0,0,0,14,0,0,0,0,0
200271,1,1,2000,0,0,0,0,0,0,0,0,0,0
200271,2,1,2000,0,0,0,0,0,0,0,0,0,0
200272,1,1,2000,0,0,0,0,0,0,0,0,0,0
200272,2,1,2000,0,0,0,0,0,0,0,0,0,0
200273,1,1,2000,0,0,0,0,0,0,0,0,0,0
200274,0,1,2000,0,0,0,0,0,0,0,0,0,0
200274,0,2,2000,0,0,10,0,0,0,0,0,0,0
200274,1,1,2000,0,0,0,0,0,0,0,0,0,0
200274,2,1,2000,0,0,0,0,0,0,0,0,0,0
200275,1,1,2000,0,0,0,0,0,0,0,0,0,0
200276,1,1,2000,0,0,0,0,0,0,0,0,0,0
200276,2,1,2000,0,0,0,0,0,0,0,0,0,0
200279,1,1,2000,31,31,31,31,31,31,31,31,31,31
200280,1,1,2000,5,5,5,5,5,5,5,5,5,5
200280,2,1,2000,0,0,25,0,7,11,13,0,0,0
200281,1,1,2000,0,0,0,0,0,3,0,0,0,0
200281,2,1,2000,0,0,0,10,11,0,0,10,0,0
200282,0,1,2000,0,0,0,0,0,0,0,0,0,0
200282,1,1,2000,0,0,0,0,0,0,0,0,0,0
200283,1,1,2000,0,0,0,0,0,0,0,0,0,0
200283,2,1,2000,17,17,17,17,17,17,17,17,17,17
200284,0,1,2000,0,0,0,0,0,0,0,0,0,0
200284,1,1,2000,0,0,0,0,0,0,0,0,0,0
200285,1,1,2000,0,0,0,0,0,0,0,0,0,0
200285,2,1,2000,0,7,0,0,0,0,0,0,0,0
200285,3,1,2000,0,0,0,0,0,0,0,0,0,0
200285,4,1,2000,0,0,0,0,0,0,0,0,0,0
200286,1,1,2000,0,0,0,0,0,0,0,0,0,0
200286,2,1,2000,0,0,0,0,0,17,0,0,0,16
200287,1,1,2000,15,15,15,15,15,15,15,15,15,15
200287,2,1,2000,0,0,0,0,0,0,0,0,0,0
200289,1,1,2000,14,17,20,0,10,9,0,30,10,18
200289,2,1,2000,30,30,30,30,30,30,30,30,30,30
200290,1,1,2000,0,0,0,0,0,0,0,0,0,0
200290,2,1,2000,0,0,0,0,0,0,0,0,0,7
200291,1,1,2000,0,0,0,0,0,0,0,0,0,0
200292,0,1,2000,0,0,0,0,0,0,0,0,0,0
200292,1,1,2000,0,0,0,0,0,0,0,0,0,0
200294,1,1,2000,0,0,0,0,0,0,0,0,0,0
200294,2,1,2000,0,0,0,0,0,0,19,0,0,0
200295,1,1,2000,0,0,0,0,0,0,0,0,0,0
200295,2,1,2000,0,0,0,0,0,0,0,0,0,0
200296,1,1,2000,0,0,0,0,0,0,0,0,0,0
200296,2,1,2000,0,0,0,0,0,0,0,0,0,0
200297,1,1,2000,0,0,0,0,0,0,0,0,0,0
200297,2,1,2000,0,0,0,0,0,0,0,0,0,0
200298,1,1,2000,21,21,21,21,21,21,21,21,21,21
200298,2,1,2000,0,0,0,0,0,0,0,0,0,0
200299,1,1,2000,0,0,0,0,0,0,0,0,0,0
200299,2,1,2000,0,0,0,0,0,0,0,0,0,0
200300,1,1,2000,0,0,0,0,0,0,0,0,0,0
200301,1,1,2000,0,0,0,0,0,0,0,0,0,0
200301,2,1,2000,0,0,0,0,0,0,0,0,0,0
200302,1,1,2000,0,0,0,0,0,0,0,0,0,0
200303,1,1,2000,0,0,0,0,0,0,0,0,0,0
200303,2,1,2000,0,0,0,0,0,14,0,0,0,0
200304,1,1,2000,0,0,0,0,0,0,0,0,0,0
200304,2,1,2000,0,0,0,0,0,0,0,0,0,0
200304,3,1,2000,0,0,0,0,0,0,0,0,0,0
200305,1,1,2000,0,0,0,0,0,0,0,0,0,0
200305,2,1,2000,0,0,0,0,0,0,0,0,0,0
200306,1,1,2000,0,0,0,0,0,0,0,0,0,0
200306,2,1,2000,0,0,0,0,0,0,0,0,0,0
200307,1,1,2000,0,0,0,0,0,0,0,0,0,0
200308,1,1,2000,14,14,14,14,14,14,14,14,14,14
200309,1,1,2000,29,29,29,29,29,29,29,29,29,29
200310,1,1,2000,0,0,0,0,0,0,0,0,10,0
200310,2,1,2000,0,6,0,0,0,0,0,0,0,0
200311,1,1,2000,0,0,0,0,0,0,0,0,0,0
200311,2,1,2000,0,0,0,0,0,0,0,0,0,0
200312,1,1,2000,16,16,16,16,16,16,16,16,16,16
200313,1,1,2000,0,0,28,0,0,0,22,0,0,0
200314,1,1,2000,0,0,0,0,0,0,0,0,0,0
200314,2,1,2000,0,0,0,0,0,0,0,0,0,0
200314,3,1,2000,0,0,0,0,0,0,0,0,0,0
200315,1,1,2000,22,22,22,22,22,22,22,22,22,22
200316,1,1,2000,0,0,0,0,0,0,0,11,27,0
200316,2,1,2000,0,0,0,0,0,0,0,0,0,0
200317,1,1,2000,0,0,0,0,0,0,0,0,0,0
200317,2,1,2000,0,0,0,0,0,0,0,0,0,0
200317,3,1,2000,0,0,0,0,0,0,0,0,0,0
200318,1,1,2000,0,0,0,0,0,0,0,0,0,0
200319,1,1,2000,0,0,0,0,0,0,0,0,0,0
200319,2,1,2000,0,0,0,0,0,0,0,0,0,0
200320,1,1,2000,0,0,0,0,0,0,0,0,0,0
200321,1,1,2000,27,11,18,28,28,19,30,28,0,18
200321,2,1,2000,0,0,0,0,0,0,0,0,0,0
200322,1,1,2000,20,20,20,20,20,20,20,20,20,20
200323,0,1,2000,0,0,0,0,0,0,0,0,0,0
200323,1,1,2000,0,0,0,0,0,0,0,0,0,0
200323,2,1,2000,0,0,0,0,0,0,0,0,0,0
200323,3,1,2000,0,0,0,0,0,0,0,0,0,0
200323,4,1,2000,0,0,0,0,0,0,0,0,0,0
200323,5,1,2000,0,0,0,0,0,0,0,0,0,0
200324,1,1,2000,0,0,0,0,0,11,0,0,0,0
200325,1,1,2000,0,0,0,0,0,0,0,0,0,0
200325,2,1,2000,0,0,0,0,0,0,0,0,0,0
200326,1,1,2000,25,25,25,25,25,25,25,25,25,25
200327,1,1,2000,0,0,0,0,0,0,0,0,0,27
200327,2,1,2000,0,0,0,0,0,0,0,0,0,0
200328,1,1,2000,21,21,21,21,21,21,21,21,21,21
200328,2,1,2000,0,0,0,0,0,0,0,0,0,0
200329,1,1,2000,18,18,18,18,18,18,18,18,18,18
200330,1,1,2000,23,23,23,23,23,23,23,23,23,23
200330,2,1,2000,0,0,0,0,0,0,0,0,0,0
200331,1,1,2000,10,10,10,10,10,10,10,10,10,10
200331,2,1,2000,0,0,0,0,0,0,0,0,0,0
200332,1,1,2000,6,6,6,6,6,6,6,6,6,6
200332,2,1,2000,0,0,0,0,18,0,0,0,0,0
200333,1,1,2000,18,18,18,18,18,18,18,18,18,18
200333,2,1,2000,0,0,0,0,0,0,0,0,0,0
200334,0,1,2000,0,0,0,0,0,0,0,0,0,0
200334,1,1,2000,22,14,4,27,18,19,9,14,12,20
200335,1,1,2000,0,0,0,0,0,0,0,0,0,0
200335,2,1,2000,0,0,0,0,0,0,0,0,0,0
200336,1,1,2000,0,0,0,0,0,0,0,0,0,0
200336,2,1,2000,0,0,0,0,0,0,0,0,0,0
200337,0,1,2000,0,0,0,0,0,0,0,0,0,0
200338,1,1,2000,7,7,7,7,7,7,7,7,7,7
200339,1,1,2000,0,0,0,0,0,0,0,0,0,0
200339,2,1,2000,0,0,0,0,0,0,0,0,0,0
200340,1,1,2000,21,21,21,21,21,21,21,21,21,21
200340,2,1,2000,0,0,0,0,0,0,0,0,0,0
200341,1,1,2000,0,0,0,5,14,0,0,0,18,0
200341,2,1,2000,0,12,18,0,0,22,23,0,12,0
200342,1,1,2000,0,0,0,0,0,0,0,0,0,0
200342,2,1,2000,0,0,0,0,0,0,0,0,0,0
200343,1,1,2000,0,0,0,0,0,0,0,0,0,0
200344,1,1,2000,0,0,0,0,0,0,0,0,0,0
200344,2,1,2000,0,0,0,0,0,0,0,0,0,0
200345,1,1,2000,9,9,9,9,9,9,9,9,9,9
200346,1,1,2000,0,0,0,0,0,0,0,0,0,0
200346,2,1,2000,0,0,0,12,0,0,16,0,0,0
200346,3,1,2000,3,0,0,0,0,12,0,13,0,0
200347,1,1,2000,0,0,0,0,0,0,0,0,0,0
200347,2,1,2000,0,0,0,0,0,0,0,0,0,0
200347,3,1,2000,0,0,0,0,0,0,0,0,0,0
200348,1,1,2000,0,0,0,0,0,0,0,0,0,0
200349,1,1,2000,12,12,12,12,12,12,12,12,12,12
200349,2,1,2000,0,0,0,0,0,0,0,0,0,0
200350,1,1,2000,19,19,19,19,19,19,19,19,19,19
200351,1,1,2000,16,13,28,15,22,32,21,36,25,24
200352,1,1,2000,0,0,0,0,0,0,0,0,0,0
200352,2,1,2000,14,14,14,14,14,14,14,14,14,14
200353,1,1,2000,0,0,0,0,0,0,0,0,0,0
200354,1,1,2000,19,35,24,23,0,25,9,38,18,13
200355,1,1,2000,0,0,11,0,0,0,0,0,0,0
200355,2,1,2000,0,10,0,0,0,0,0,0,0,0
200356,1,1,2000,0,0,0,0,0,0,0,0,0,0
200356,2,1,2000,39,0,0,0,0,0,0,0,0,0
200357,1,1,2000,0,0,0,0,0,0,0,0,0,3
200358,1,1,2000,17,17,17,17,17,17,17,17,17,17
200359,1,1,2000,19,19,19,19,19,19,19,19,19,19
200359,2,1,2000,0,0,0,0,0,0,0,0,0,0
200360,1,1,2000,0,0,0,0,0,0,0,0,0,0
200361,1,1,2000,0,0,14,0,0,0,0,0,0,0
200362,1,1,2000,0,0,0,0,0,0,0,0,0,0
200363,1,1,2000,6,6,6,6,6,6,6,6,6,6
200364,1,1,2000,0,0,0,0,0,0,0,0,0,0
200364,2,1,2000,0,0,0,0,0,0,0,0,0,0
200365,1,1,2000,0,0,0,0,0,0,0,0,0,0
200365,2,1,2000,0,0,0,0,0,0,0,0,0,0
200366,1,1,2000,0,0,0,0,0,0,0,0,0,0
200366,2,1,2000,34,34,34,34,34,34,34,34,34,34
200367,1,1,2000,0,0,0,0,0,0,0,0,0,0
200367,2,1,2000,0,0,0,0,0,0,13,0,0,0
200368,1,1,2000,15,15,15,15,15,15,15,15,15,15
200368,2,1,2000,20,20,20,20,20,20,20,20,20,20
200369,1,1,2000,8,17,22,15,9,10,20,11,14,18
200370,1,1,2000,0,0,0,0,0,0,0,0,0,0
200371,1,1,2000,0,0,0,0,0,0,0,0,0,0
200371,2,1,2000,0,0,0,0,0,0,0,0,0,0
200372,1,1,2000,0,0,0,0,0,0,0,0,0,0
200373,0,1,2000,0,0,0,0,0,0,0,0,0,0
200373,1,1,2000,0,0,0,0,0,0,0,0,0,0
200374,1,1,2000,0,0,0,0,0,18,0,0,0,0
200375,0,1,2000,0,15,0,0,12,0,0,0,0,0
200375,1,1,2000,0,0,0,0,0,0,0,0,0,0
200376,1,1,2000,0,0,0,0,0,0,0,0,0,0
200376,2,1,2000,0,0,0,0,0,0,0,0,0,0
200377,1,1,2000,0,0,0,0,0,0,0,0,0,14
200378,1,1,2000,19,19,19,19,19,19,19,19,19,19
200379,1,1,2000,0,0,0,0,0,0,0,0,0,0
200380,1,1,2000,0,0,0,0,0,7,0,0,0,17
200380,2,1,2000,0,0,0,0,0,0,0,0,0,0
200380,3,1,2000,0,0,0,0,0,0,0,0,0,0
200381,1,1,2000,0,0,0,0,0,6,0,0,0,0
200382,1,1,2000,40,40,40,40,40,40,40,40,40,40
200383,1,1,2000,0,0,0,0,0,0,0,0,0,0
200384,0,1,2000,0,0,0,0,0,0,0,0,0,0
200384,1,1,2000,5,0,0,0,0,0,0,0,0,0
200384,3,1,2000,0,0,0,0,0,0,0,0,0,0
200385,1,1,2000,0,0,0,0,0,0,0,0,0,0
200386,1,1,2000,25,25,25,25,25,25,25,25,25,25
200386,2,1,2000,0,0,0,0,0,0,0,0,0,0
200387,1,1,2000,0,0,0,0,0,0,0,0,0,0
200387,2,1,2000,0,0,0,0,0,0,0,0,15,0
200387,3,1,2000,0,0,0,0,0,0,0,0,0,0
200387,4,1,2000,0,0,0,0,0,0,0,0,0,0
200388,1,1,2000,0,0,0,0,0,0,0,0,0,0
200388,2,1,2000,0,0,0,0,0,0,0,0,0,0
200389,1,1,2000,0,0,0,0,0,0,0,0,0,0
200389,2,1,2000,8,0,0,0,0,0,0,0,0,0
200390,1,1,2000,0,0,0,0,0,0,0,0,0,0
200391,1,1,2000,0,0,0,0,0,0,0,0,0,0
200392,1,1,2000,0,0,0,0,0,0,0,0,0,0
200392,2,1,2000,0,0,0,0,0,0,0,0,0,0
200393,1,1,2000,0,0,0,0,0,0,0,0,6,0
200393,2,1,2000,0,0,0,0,0,0,0,0,0,0
200393,3,1,2000,0,0,0,0,0,0,0,0,0,0
200394,1,1,2000,1,1,1,1,1,1,1,1,1,1
200394,2,1,2000,0,0,0,0,0,0,0,0,0,0
200395,1,1,2000,0,0,0,0,0,0,0,0,0,0
200395,2,1,2000,0,0,0,0,0,0,0,0,0,0
200396,1,1,2000,0,0,0,0,0,0,0,0,0,0
200396,2,1,2000,0,0,0,0,0,0,0,0,0,0
200397,1,1,2000,0,0,0,0,0,0,0,0,0,0
200397,2,1,2000,0,0,0,0,0,0,0,0,0,0
200398,1,1,2000,18,0,0,0,0,0,0,0,0,0
200398,2,1,2000,0,0,0,0,0,0,0,0,0,0
200399,1,1,2000,8,8,8,8,8,8,8,8,8,8
200399,2,1,2000,0,0,0,0,0,0,0,0,0,0
200400,1,1,2000,19,19,19,19,19,19,19,19,19,19
200401,1,1,2000,0,0,0,0,0,0,0,0,0,0
200401,2,1,2000,0,0,0,0,0,0,0,0,0,0
200402,1,1,2000,0,0,0,0,0,0,0,0,0,0
200402,2,1,2000,0,0,0,0,0,0,0,0,0,0
200402,3,1,2000,16,0,0,0,0,0,0,0,0,0
200403,1,1,2000,30,0,10,6,7,12,12,10,13,0
200404,1,1,2000,0,0,0,0,0,0,0,0,0,0
200404,2,1,2000,0,0,0,0,0,0,0,0,0,0
200405,1,1,2000,0,0,16,0,0,0,0,0,0,0
200406,1,1,2000,15,15,15,15,15,15,15,15,15,15
200407,1,1,2000,19,19,19,19,19,19,19,19,19,19
200408,2,1,2000,0,0,0,0,0,0,0,0,0,0
200408,3,1,2000,0,0,0,0,0,0,0,0,0,0
200409,1,1,2000,0,0,7,0,0,21,0,0,29,0
200409,2,1,2000,0,0,0,0,0,0,0,0,10,0
200410,1,1,2000,0,0,0,0,0,0,0,0,0,0
200411,1,1,2000,0,0,0,0,0,0,0,0,0,0
200411,2,1,2000,0,0,0,0,0,0,0,0,0,16
200412,1,1,2000,25,25,25,25,25,25,25,25,25,25
200413,1,1,2000,0,0,0,0,0,0,0,0,0,0
200413,2,1,2000,0,0,0,0,0,0,0,0,0,0
200414,1,1,2000,0,0,0,0,0,0,0,0,0,0
200414,2,1,2000,0,0,0,0,0,0,0,0,0,0
200415,1,1,2000,18,19,26,20,2,13,14,24,14,6
200416,1,1,2000,0,0,0,0,0,0,0,0,0,29
200417,1,1,2000,0,0,0,0,0,0,0,0,0,0
200418,1,1,2000,31,31,31,31,31,31,31,31,31,31
210001,1,1,2000,0,0,0,0,0,17,0,0,0,0
210002,1,1,2000,0,0,0,0,0,0,0,0,0,0
210002,2,1,2000,0,0,0,0,0,0,0,0,0,0
210003,1,1,2000,0,0,0,10,0,0,0,0,0,0
210004,1,1,2000,0,0,0,0,0,0,0,0,0,0
210005,1,1,2000,0,0,9,20,0,0,0,0,0,0
210006,1,1,2000,0,0,0,0,0,0,0,0,0,0
210007,1,1,2000,11,14,8,16,4,19,31,6,19,7
210009,0,1,2000,0,0,0,0,0,0,0,0,0,0
210009,1,1,2000,0,0,0,0,0,0,0,0,0,0
210010,1,1,2000,23,23,23,23,23,23,23,23,23,23
210010,2,1,2000,0,0,0,0,25,0,0,0,0,0
210011,1,1,2000,0,0,0,0,0,0,0,0,0,0
210011,2,1,2000,0,0,0,0,0,0,0,0,0,0
210012,1,1,2000,0,0,0,0,0,0,0,0,0,0
210013,1,1,2000,0,0,0,0,0,0,0,0,0,0
210014,0,1,2000,21,13,0,0,0,9,25,0,0,0
210014,1,1,2000,0,0,0,0,0,0,0,0,0,0
210015,1,1,2000,19,19,19,19,19,19,19,19,19,19
210016,1,1,2000,8,0,0,0,0,0,0,0,0,0
210017,1,1,2000,0,0,0,0,0,0,0,0,0,0
210017,2,1,2000,0,0,0,0,0,0,0,0,0,0
210018,1,1,2000,0,0,0,0,0,0,0,0,0,0
210018,2,1,2000,0,0,0,0,0,0,0,0,0,0
210018,3,1,2000,0,0,0,0,0,0,0,0,0,0
210019,1,1,2000,22,22,22,22,22,22,22,22,22,22
210020,1,1,2000,28,28,28,28,28,28,28,28,28,28
210021,1,1,2000,2,2,2,2,2,2,2,2,2,2
210022,1,1,2000,0,0,0,0,0,0,0,9,0,26
210023,1,1,2000,0,0,0,0,0,0,0,0,0,0
210023,2,1,2000,0,0,0,0,0,0,0,0,0,0
210023,3,1,2000,0,0,0,0,0,0,0,0,0,0
210024,1,1,2000,28,28,28,28,28,28,28,28,28,28
210025,1,1,2000,0,0,0,0,0,0,0,0,0,0
210025,2,1,2000,0,0,0,0,0,0,0,0,0,0
210026,1,1,2000,0,0,22,0,0,0,0,8,0,23
210026,2,1,2000,11,0,16,0,19,0,8,17,0,6
210027,1,1,2000,9,30,12,20,24,9,20,43,30,21
210028,1,1,2000,44,44,44,44,44,44,44,44,44,44
210029,0,1,2000,0,0,0,0,12,0,0,0,0,0
210029,1,1,2000,0,0,0,0,0,0,0,0,0,0
210030,1,1,2000,0,0,0,0,0,0,0,0,0,0
210030,2,1,2000,0,0,0,0,0,0,0,0,0,0
210031,1,1,2000,0,0,0,0,0,0,0,0,0,0
210031,2,1,2000,0,0,0,0,0,0,0,0,0,0
210032,1,1,2000,0,11,0,0,15,0,0,0,0,0
210033,1,1,2000,0,0,0,0,0,0,0,0,0,0
210033,2,1,2000,0,0,0,0,0,0,0,0,0,0
210034,1,1,2000,0,0,0,0,0,0,0,0,0,0
210035,1,1,2000,8,0,0,0,0,0,0,0,0,0
210035,2,1,2000,0,0,0,0,0,0,0,0,10,0
210036,0,1,2000,0,0,0,0,0,0,0,0,0,0
210036,1,1,2000,0,0,0,0,0,0,0,0,9,0
210037,1,1,2000,0,11,0,0,0,0,0,0,7,0
210038,1,1,2000,0,0,0,0,0,0,0,0,0,0
210038,2,1,2000,0,9,0,0,0,0,0,0,0,0
210039,1,1,2000,0,0,0,0,0,0,0,0,0,0
210039,2,1,2000,0,0,0,0,0,0,0,0,0,0
210040,1,1,2000,13,13,13,13,13,13,13,13,13,13
210041,1,1,2000,21,0,28,20,23,14,18,21,17,0
210042,1,1,2000,0,0,4,0,0,0,0,0,0,0
210043,1,1,2000,0,0,0,0,0,0,0,0,0,0
210043,2,1,2000,0,0,0,0,0,0,0,0,0,0
210044,1,1,2000,0,0,0,0,0,0,0,0,0,0
210044,2,1,2000,0,0,0,0,0,0,0,0,0,9
210045,1,1,2000,0,0,0,0,0,0,0,0,0,0
210046,1,1,2000,17,17,17,17,17,17,17,17,17,17
210046,2,1,2000,0,0,0,0,0,0,0,0,0,0
210046,3,1,2000,0,0,0,0,0,0,0,0,0,0
210047,1,1,2000,10,4,26,14,17,18,7,25,19,18
210048,1,1,2000,21,17,15,10,21,26,18,24,4,12
210049,1,1,2000,11,11,11,11,11,11,11,11,11,11
210050,1,1,2000,0,0,5,0,11,0,0,0,0,12
210051,1,1,2000,24,24,24,24,24,24,24,24,24,24
210052,1,1,2000,16,16,16,16,16,16,16,16,16,16
210053,1,1,2000,19,19,19,19,19,19,19,19,19,19
210054,1,1,2000,0,0,0,0,0,0,0,0,0,0
210054,2,1,2000,0,0,0,0,0,0,0,0,0,28
210055,1,1,2000,17,17,17,17,17,17,17,17,17,17
210056,1,1,2000,0,0,0,0,0,0,0,0,0,0
210057,1,1,2000,0,0,0,0,0,0,0,0,0,0
210057,2,1,2000,0,0,0,0,0,0,0,0,0,0
210058,1,1,2000,23,23,23,23,23,23,23,23,23,23
210059,1,1,2000,0,0,22,0,9,0,0,0,0,0
210060,1,1,2000,0,0,0,0,0,0,0,0,0,0
210060,2,1,2000,0,0,0,0,0,0,0,0,0,0
210060,3,1,2000,0,0,0,0,0,0,0,0,0,0
210061,1,1,2000,20,20,20,20,20,20,20,20,20,20
210062,1,1,2000,28,28,28,28,28,28,28,28,28,28
210063,1,1,2000,0,0,0,0,0,0,0,0,0,0
210064,1,1,2000,6,6,6,6,6,6,6,6,6,6
210065,1,1,2000,14,14,14,14,14,14,14,14,14,14
210066,1,1,2000,12,12,12,12,12,12,12,12,12,12
210067,1,1,2000,0,7,0,0,0,16,20,0,0,0
210067,2,1,2000,0,0,0,0,0,0,0,0,0,0
210068,1,1,2000,0,0,0,0,0,0,0,0,0,0
210069,1,1,2000,23,23,23,23,23,23,23,23,23,23
210070,1,1,2000,17,0,0,0,0,0,0,0,0,0
210070,2,1,2000,0,0,0,0,0,0,0,0,0,0
210071,1,1,2000,0,0,0,0,0,0,0,0,0,0
210072,0,1,2000,0,0,0,30,6,29,0,38,0,16
210072,1,1,2000,0,0,0,0,0,0,0,0,0,0
210073,1,1,2000,0,0,0,0,0,0,0,0,0,0
210073,2,1,2000,0,0,0,0,0,0,0,0,0,0
210073,3,1,2000,0,0,0,0,0,0,0,0,0,0
210074,1,1,2000,0,0,0,0,0,0,0,0,0,0
210074,2,1,2000,0,0,0,0,0,0,0,0,0,0
210075,1,1,2000,0,0,0,0,0,0,7,0,0,0
210075,2,1,2000,0,0,0,0,0,0,0,0,0,0
210076,0,1,2000,22,22,22,22,22,22,22,22,22,22
210076,1,1,2000,0,0,14,19,0,0,0,1,0,0
210077,1,1,2000,0,0,0,0,0,0,0,0,0,0
210077,2,1,2000,0,0,0,0,0,0,0,0,0,0
210078,1,1,2000,0,0,0,0,0,6,0,0,0,0
210079,1,1,2000,0,0,0,0,0,0,0,0,0,0
210080,1,1,2000,29,29,29,29,29,29,29,29,29,29
210080,2,1,2000,0,0,0,0,0,0,0,0,0,0
210081,1,1,2000,16,16,16,16,16,16,16,16,16,16
210082,1,1,2000,24,0,0,14,14,0,0,0,0,0
210083,1,1,2000,0,0,0,0,0,0,0,0,0,0
210083,2,1,2000,0,0,0,0,0,0,0,0,0,0
210083,3,1,2000,0,0,0,0,0,0,0,0,0,0
210084,1,1,2000,0,0,0,0,0,0,0,0,0,0
210085,1,1,2000,0,0,0,0,0,0,0,0,0,0
210085,2,1,2000,0,0,0,0,0,0,0,0,0,0
210086,1,1,2000,0,0,0,0,0,0,0,0,0,0
210086,2,1,2000,0,0,0,0,0,0,0,0,0,0
210087,1,1,2000,14,14,14,14,14,14,14,14,14,14
210088,1,1,2000,0,0,0,0,0,0,0,0,0,0
210088,2,1,2000,18,18,18,18,18,18,18,18,18,18
210088,3,1,2000,0,0,0,0,0,0,0,0,0,0
210089,1,1,2000,0,0,0,0,0,0,0,0,0,0
210090,1,1,2000,9,0,12,4,17,4,6,12,28,0
210091,0,1,2000,0,0,0,0,0,0,0,0,0,0
210091,1,1,2000,0,0,0,0,0,0,0,0,0,0
210092,1,1,2000,0,0,0,0,5,6,0,0,0,0
210093,1,1,2000,15,3,16,29,31,18,10,19,16,30
210094,1,1,2000,25,25,25,25,25,25,25,25,25,25
210094,2,1,2000,0,0,0,0,0,0,0,0,0,0
210095,1,1,2000,11,15,23,11,5,29,57,25,15,20
210096,1,1,2000,11,0,0,0,0,0,0,0,0,0
210097,1,1,2000,0,0,0,0,0,0,0,0,0,0
210097,2,1,2000,0,0,0,0,0,0,0,0,0,0
210098,1,1,2000,0,0,0,0,0,0,0,0,0,0
210099,1,1,2000,0,10,0,0,0,0,0,0,0,0
210099,2,1,2000,0,17,0,0,0,0,0,0,0,0
210100,1,1,2000,0,0,0,0,0,0,0,0,0,0
210101,1,1,2000,0,8,0,0,0,0,0,0,0,0
210102,1,1,2000,0,0,0,0,0,0,0,16,0,8
210103,1,1,2000,0,12,9,0,27,32,9,17,0,0
210104,1,1,2000,10,10,10,10,10,10,10,10,10,10
210105,1,1,2000,0,0,0,0,0,0,0,0,0,0
210105,2,1,2000,0,0,0,0,0,0,0,0,0,0