ST_CASE,VEH_NO,PER_NO,YEAR,P1,P2,P3,P4,P5,P6,P7,P8,P9,P10
210106,1,1,2000,21,21,21,21,21,21,21,21,21,21
210107,1,1,2000,0,0,0,0,0,0,0,0,0,0
210108,1,1,2000,0,0,0,0,0,13,0,0,0,0
210109,1,1,2000,0,0,0,0,0,0,0,0,0,0
210109,2,1,2000,0,0,0,0,0,0,0,0,0,0
210110,1,1,2000,20,20,20,20,20,20,20,20,20,20
210111,1,1,2000,0,0,0,0,0,0,0,0,0,0
210112,1,1,2000,0,0,0,0,0,0,0,0,0,0
210112,2,1,2000,1,1,1,1,1,1,1,1,1,1
210113,1,1,2000,4,4,4,4,4,4,4,4,4,4
210113,2,1,2000,0,0,0,0,0,0,0,0,0,0
210114,1,1,2000,0,0,0,12,7,0,0,0,0,0
210115,1,1,2000,0,0,0,0,0,0,0,0,0,0
210115,2,1,2000,0,0,0,0,0,0,0,0,0,0
210116,0,1,2000,0,0,0,0,21,0,0,0,0,0
210116,1,1,2000,0,0,0,4,0,0,0,0,0,0
210117,1,1,2000,0,0,0,0,0,0,0,0,0,0
210118,1,1,2000,0,0,0,0,0,0,0,0,0,0
210119,1,1,2000,0,0,0,0,0,0,0,0,0,0
210119,2,1,2000,0,0,0,0,0,0,0,0,0,0
210120,1,1,2000,0,0,0,0,0,0,0,0,0,0
210121,1,1,2000,0,0,13,0,0,0,0,0,0,0
210121,2,1,2000,0,17,0,0,0,0,0,0,0,0
210121,3,1,2000,0,0,0,0,0,0,0,0,0,0
210122,1,1,2000,0,0,0,0,0,0,0,0,0,0
210122,2,1,2000,0,0,0,0,0,0,0,0,0,0
210123,1,1,2000,0,0,0,0,0,0,0,0,0,0
210123,2,1,2000,0,0,0,0,0,0,0,0,0,0
210124,1,1,2000,0,0,0,0,0,0,0,0,0,0
210124,2,1,2000,0,0,0,0,0,0,0,0,0,0
210124,3,1,2000,0,0,0,0,0,0,0,0,0,0
210125,1,1,2000,19,19,19,19,19,19,19,19,19,19
210126,1,1,2000,0,0,0,0,0,0,0,0,0,0
210127,1,1,2000,0,0,0,0,0,0,0,0,0,0
210127,2,1,2000,0,0,0,0,0,0,0,0,0,0
210128,1,1,2000,13,13,13,13,13,13,13,13,13,13
210128,2,1,2000,0,0,0,10,0,0,0,6,0,0
210129,1,1,2000,0,5,0,0,0,0,0,0,0,0
210130,1,1,2000,0,0,0,0,0,0,0,0,0,0
210130,2,1,2000,0,0,0,0,0,0,0,0,0,0
210130,3,1,2000,0,0,0,0,0,0,0,0,0,0
210131,1,1,2000,32,10,0,5,17,14,22,11,5,14
210131,2,1,2000,0,0,0,0,0,6,0,0,0,12
210132,1,1,2000,0,0,0,0,0,0,0,0,0,0
210133,1,1,2000,20,20,20,20,20,20,20,20,20,20
210134,1,1,2000,0,0,0,0,0,0,0,0,0,0
210134,2,1,2000,0,0,0,0,0,0,0,0,0,0
210135,1,1,2000,6,6,6,6,6,6,6,6,6,6
210135,2,1,2000,0,0,0,0,0,0,0,0,0,0
210136,1,1,2000,0,0,0,0,0,0,0,0,0,0
210137,1,1,2000,0,0,0,0,0,0,0,0,0,0
210137,2,1,2000,0,0,0,0,0,0,0,0,0,0
210137,3,1,2000,0,0,0,0,0,0,0,0,0,0
210138,0,1,2000,0,0,0,0,0,0,0,0,0,0
210138,1,1,2000,0,12,0,0,6,0,0,0,7,0
210139,1,1,2000,15,15,15,15,15,15,15,15,15,15
210140,1,1,2000,17,17,17,17,17,17,17,17,17,17
210140,2,1,2000,0,0,12,18,0,0,0,0,0,0
210141,1,1,2000,11,11,11,11,11,11,11,11,11,11
210141,2,1,2000,0,0,0,0,0,0,0,0,0,0
210142,1,1,2000,0,0,0,0,0,0,0,0,0,0
210143,1,1,2000,21,21,21,21,21,21,21,21,21,21
210144,1,1,2000,0,0,0,0,0,0,0,0,0,0
210145,1,1,2000,0,0,0,0,0,0,0,0,0,0
210145,2,1,2000,0,0,0,0,0,0,0,0,0,0
210146,1,1,2000,0,0,0,0,0,0,0,0,0,0
210147,1,1,2000,0,0,0,0,0,0,0,0,0,0
210147,2,1,2000,0,0,0,0,0,0,0,0,0,0
210148,1,1,2000,0,0,0,0,0,0,0,0,0,0
210148,2,1,2000,0,0,0,0,0,0,0,0,0,0
210149,1,1,2000,0,0,0,0,0,0,0,0,0,0
210150,1,1,2000,6,6,6,6,6,6,6,6,6,6
210150,2,1,2000,5,5,5,5,5,5,5,5,5,5
210151,1,1,2000,0,0,0,0,0,0,0,0,0,0
210152,1,1,2000,0,0,0,0,0,0,0,0,0,0
210152,2,1,2000,0,0,0,0,0,0,0,0,0,0
210153,1,1,2000,24,13,27,20,23,12,23,26,19,11
210154,1,1,2000,0,0,10,0,0,0,0,0,0,0
210154,2,1,2000,0,0,0,0,0,0,0,0,0,0
210155,1,1,2000,32,32,32,32,32,32,32,32,32,32
210156,1,1,2000,11,11,11,11,11,11,11,11,11,11
210157,0,1,2000,0,0,6,0,0,0,0,0,0,0
210157,1,1,2000,0,0,0,0,0,0,0,0,0,0
210158,1,1,2000,11,11,11,11,11,11,11,11,11,11
210159,1,1,2000,15,15,15,15,15,15,15,15,15,15
210160,1,1,2000,0,0,0,0,0,12,0,0,0,0
210161,1,1,2000,10,12,15,7,32,10,0,23,0,0
210162,1,1,2000,18,18,18,18,18,18,18,18,18,18
210163,1,1,2000,0,0,0,0,0,0,0,0,0,15
210163,2,1,2000,0,0,0,0,0,0,0,0,0,0
210164,1,1,2000,0,0,0,0,0,0,0,0,0,0
210164,2,1,2000,0,0,0,0,0,0,0,0,0,0
210165,1,1,2000,0,0,0,0,0,0,0,0,0,0
210165,2,1,2000,0,0,0,0,0,0,0,0,0,0
210166,0,1,2000,0,0,0,0,0,0,0,0,0,18
210166,1,1,2000,0,0,0,0,0,0,0,0,0,0
210167,1,1,2000,0,0,0,0,0,0,0,0,0,0
210168,1,1,2000,13,0,0,0,0,0,0,0,0,0
210168,2,1,2000,5,0,0,6,0,0,0,0,0,0
210169,1,1,2000,0,0,0,0,0,0,0,0,0,0
210170,1,1,2000,1,1,1,1,1,1,1,1,1,1
210171,0,1,2000,0,0,0,17,27,0,0,30,0,0
210171,1,1,2000,0,0,0,0,0,0,0,0,0,0
210172,1,1,2000,0,0,0,0,0,0,0,0,0,0
210172,2,1,2000,0,0,0,0,0,0,0,0,0,26
210173,1,1,2000,0,0,0,0,0,0,0,0,0,0
210173,2,1,2000,0,0,0,0,0,0,0,0,0,0
210174,1,1,2000,28,28,28,28,28,28,28,28,28,28
210175,0,1,2000,0,0,0,0,0,34,0,0,0,0
210175,1,1,2000,0,0,0,0,0,0,0,0,0,0
210175,2,1,2000,0,0,0,0,0,0,0,0,0,0
210176,1,1,2000,0,0,0,0,0,0,0,0,0,0
210176,2,1,2000,0,0,11,0,0,0,0,0,0,0
210177,1,1,2000,0,0,0,0,0,0,0,0,0,0
210177,2,1,2000,12,12,12,12,12,12,12,12,12,12
210178,1,1,2000,0,0,0,0,0,0,0,0,0,0
210178,2,1,2000,0,0,0,0,0,0,0,0,0,0
210179,1,1,2000,0,0,0,0,0,0,0,0,0,0
210179,2,1,2000,0,0,0,0,0,0,0,0,0,0
210180,0,1,2000,16,0,0,0,0,0,0,0,0,18
210180,1,1,2000,0,0,11,0,0,0,0,0,0,0
210181,1,1,2000,0,0,0,0,0,0,0,0,0,0
210181,2,1,2000,0,0,0,0,0,0,0,0,0,0
210181,3,1,2000,0,0,0,0,0,0,0,0,0,0
210182,0,1,2000,0,0,0,0,0,0,0,0,0,0
210182,1,1,2000,0,0,0,0,0,0,0,0,0,0
210183,0,1,2000,0,0,0,0,0,0,0,0,0,0
210183,1,1,2000,0,0,0,3,0,0,0,0,0,0
210184,1,1,2000,0,0,0,0,0,0,0,0,0,0
210184,2,1,2000,0,0,0,0,0,0,0,0,0,0
210185,1,1,2000,0,0,0,0,0,0,0,0,0,0
210185,2,1,2000,0,0,0,0,0,0,0,0,0,0
210186,1,1,2000,0,0,0,0,0,0,0,0,0,0
210186,2,1,2000,0,0,0,0,0,0,0,0,0,0
210187,1,1,2000,0,0,0,0,0,0,0,0,0,0
210187,2,1,2000,0,0,0,0,0,0,0,0,0,0
210187,3,1,2000,0,0,0,0,0,0,0,0,0,0
210187,4,1,2000,0,0,13,0,0,0,0,0,0,0
210187,5,1,2000,0,0,0,0,0,0,0,0,0,0
210188,1,1,2000,0,0,0,0,0,0,0,0,0,0
210189,1,1,2000,0,0,0,27,0,0,0,0,0,0
210189,2,1,2000,0,0,0,0,0,0,9,0,0,0
210190,1,1,2000,0,0,0,0,0,0,0,0,0,0
210191,1,1,2000,0,0,0,0,0,0,0,0,0,0
210192,1,1,2000,0,0,0,0,0,0,0,0,0,0
210193,1,1,2000,0,13,0,8,0,0,18,0,0,0
210194,1,1,2000,0,0,0,0,0,0,0,0,0,0
210195,1,1,2000,0,0,0,0,8,0,0,0,0,0
210196,1,1,2000,0,0,0,0,0,0,0,0,0,0
210196,2,1,2000,0,0,0,0,0,0,0,0,0,0
210197,1,1,2000,0,0,0,0,0,0,0,0,0,0
210197,2,1,2000,0,0,0,0,0,0,0,0,0,0
210198,1,1,2000,0,0,0,0,0,0,0,0,0,0
210198,2,1,2000,0,0,0,0,0,0,0,0,0,0
210199,1,1,2000,0,0,0,0,0,0,0,0,0,0
210200,0,1,2000,53,23,26,0,30,14,0,0,16,15
210200,1,1,2000,0,0,0,0,0,0,0,0,0,0
210201,1,1,2000,17,17,17,17,17,17,17,17,17,17
210201,2,1,2000,0,0,0,0,0,0,0,0,0,0
210202,1,1,2000,17,17,17,17,17,17,17,17,17,17
210202,2,1,2000,0,0,0,0,0,0,0,0,0,0
210203,1,1,2000,20,20,20,20,20,20,20,20,20,20
210204,1,1,2000,0,0,0,0,0,0,0,11,0,12
210205,1,1,2000,0,0,0,0,0,0,0,0,0,0
210205,2,1,2000,0,0,0,0,0,0,0,0,0,0
210206,1,1,2000,0,0,0,0,0,0,0,0,0,0
210206,2,1,2000,0,0,0,0,0,0,0,0,0,0
210206,3,1,2000,0,0,0,0,0,0,0,0,0,0
210207,1,1,2000,15,15,15,15,15,15,15,15,15,15
210208,1,1,2000,0,3,14,0,0,7,16,27,0,0
210209,1,1,2000,0,0,0,0,0,0,0,0,0,0
210209,2,1,2000,0,0,0,0,0,0,0,0,0,0
210210,1,1,2000,0,0,0,0,0,0,0,0,0,0
210211,1,1,2000,0,0,0,0,0,0,0,0,0,0
210211,2,1,2000,0,0,0,0,0,0,0,0,0,0
210212,1,1,2000,0,0,0,0,0,0,0,0,0,0
210213,1,1,2000,0,11,0,0,0,0,0,9,0,0
210214,1,1,2000,0,0,0,0,0,0,0,0,0,0
210215,1,1,2000,0,0,0,0,0,0,0,0,0,0
210215,2,1,2000,0,0,0,0,0,0,0,0,0,0
210216,1,1,2000,0,0,0,0,0,0,0,0,0,0
210216,2,1,2000,0,0,0,0,0,0,0,0,0,0
210217,1,1,2000,0,0,0,0,0,0,0,0,5,0
210218,0,1,2000,0,0,0,0,0,0,0,34,0,0
210218,1,1,2000,0,0,0,0,0,0,0,0,0,0
210219,1,1,2000,0,0,0,0,0,0,0,0,0,0
210219,2,1,2000,0,0,0,0,0,0,0,0,0,0
210220,1,1,2000,0,0,0,0,0,0,0,0,0,0
210220,2,1,2000,0,0,0,0,0,0,0,0,0,0
210221,1,1,2000,0,0,0,0,0,0,0,0,0,0
210222,0,1,2000,0,0,0,0,0,0,0,0,0,0
210222,1,1,2000,0,0,0,0,0,12,0,0,0,0
210223,1,1,2000,0,0,0,0,0,0,0,0,0,0
210223,2,1,2000,0,0,0,0,0,0,0,0,0,0
210224,1,1,2000,17,17,17,17,17,17,17,17,17,17
210225,1,1,2000,0,0,0,0,0,0,0,0,0,0
210225,2,1,2000,0,0,0,3,0,0,0,0,0,0
210226,1,1,2000,0,0,0,0,0,0,0,0,0,0
210226,2,1,2000,0,0,0,0,0,0,0,0,0,0
210227,1,1,2000,0,0,0,0,0,0,0,0,0,0
210228,0,1,2000,0,0,0,0,0,0,0,0,0,0
210228,1,1,2000,0,0,0,0,0,0,0,0,0,0
210229,1,1,2000,0,0,0,0,0,0,0,0,0,0
210230,1,1,2000,0,32,0,0,17,0,29,26,0,0
210231,1,1,2000,18,16,9,15,24,34,14,14,10,27
210232,1,1,2000,0,0,0,0,0,0,0,0,0,0
210232,2,1,2000,0,0,0,0,0,0,0,0,0,0
210233,1,1,2000,0,0,0,0,0,0,0,0,0,0
210233,2,1,2000,0,0,0,0,0,0,0,0,0,0
210233,3,1,2000,0,0,0,0,0,0,0,0,0,0
210234,1,1,2000,3,3,3,3,3,3,3,3,3,3
210234,2,1,2000,8,8,8,8,8,8,8,8,8,8
210235,1,1,2000,0,0,0,0,0,0,0,0,0,0
210235,2,1,2000,0,0,0,0,0,0,0,0,0,0
210236,1,1,2000,17,17,17,17,17,17,17,17,17,17
210237,1,1,2000,16,16,16,16,16,16,16,16,16,16
210237,2,1,2000,0,0,0,0,0,0,0,0,3,0
210238,0,1,2000,17,0,0,7,0,0,0,0,24,0
210238,1,1,2000,0,0,0,0,0,14,0,0,0,0
210239,1,1,2000,19,19,19,19,19,19,19,19,19,19
210240,0,1,2000,0,0,0,0,0,0,0,0,0,0
210240,1,1,2000,0,3,0,13,0,0,0,6,0,0
210241,1,1,2000,18,18,18,18,18,18,18,18,18,18
210242,1,1,2000,0,0,0,0,0,0,0,0,0,0
210243,1,1,2000,18,18,18,18,18,18,18,18,18,18
210244,0,1,2000,0,0,0,11,0,0,0,0,0,0
210244,0,2,2000,0,0,0,0,0,0,0,0,0,0
210244,0,3,2000,0,0,0,0,0,0,0,0,0,0
210244,1,1,2000,0,0,0,0,0,0,0,0,0,0
210245,1,1,2000,14,0,0,0,0,0,0,0,0,0
210245,2,1,2000,0,0,0,0,0,0,0,0,0,0
210246,1,1,2000,33,33,33,33,33,33,33,33,33,33
210247,1,1,2000,16,16,16,16,16,16,16,16,16,16
210248,1,1,2000,28,28,28,28,28,28,28,28,28,28
210248,2,1,2000,0,0,0,0,0,0,0,0,0,0
210249,1,1,2000,0,0,0,0,0,0,0,0,0,0
210250,1,1,2000,27,27,27,27,27,27,27,27,27,27
210251,1,1,2000,0,0,0,0,18,0,0,0,10,6
210252,1,1,2000,12,12,12,12,12,12,12,12,12,12
210253,1,1,2000,0,0,0,0,0,0,0,0,0,0
210253,2,1,2000,0,0,0,0,0,0,0,0,0,0
210254,1,1,2000,9,9,9,9,9,9,9,9,9,9
210255,1,1,2000,19,0,0,18,13,12,0,18,0,14
210256,1,1,2000,0,0,5,0,0,0,0,0,0,0
210257,1,1,2000,0,0,0,0,0,0,0,0,0,0
210257,2,1,2000,0,0,0,0,0,0,0,0,0,0
210258,0,1,2000,6,6,6,6,6,6,6,6,6,6
210258,1,1,2000,0,0,0,0,0,0,0,0,0,0
210259,1,1,2000,0,0,0,0,0,0,0,0,0,0
210259,2,1,2000,0,0,0,0,0,0,0,0,0,0
210260,1,1,2000,30,30,30,30,30,30,30,30,30,30
210260,2,1,2000,0,0,0,0,0,0,0,0,0,0
210261,1,1,2000,0,0,0,0,0,0,13,0,15,0
210262,0,1,2000,22,22,22,22,22,22,22,22,22,22
210262,1,1,2000,17,17,17,17,17,17,17,17,17,17
210263,1,1,2000,12,0,0,0,0,0,0,0,21,0
210264,1,1,2000,23,23,23,23,23,23,23,23,23,23
210265,1,1,2000,16,16,16,16,16,16,16,16,16,16
210266,1,1,2000,0,0,0,0,0,0,0,0,0,0
210267,0,1,2000,0,0,0,0,0,0,0,0,0,0
210267,1,1,2000,0,0,0,0,0,0,0,0,0,0
210268,1,1,2000,0,0,0,0,0,0,0,1,0,13
210269,1,1,2000,23,23,23,23,23,23,23,23,23,23
210270,1,1,2000,0,0,0,0,0,0,0,0,0,0
210270,2,1,2000,0,0,0,0,0,0,0,0,0,0
210271,1,1,2000,0,0,0,0,0,0,0,0,0,0
210272,1,1,2000,0,0,0,0,0,0,0,0,0,0
210272,2,1,2000,0,0,0,0,0,0,0,0,0,0
210272,3,1,2000,0,0,0,0,0,0,0,0,0,0
210273,1,1,2000,0,0,0,0,0,0,0,0,0,0
210274,1,1,2000,0,0,0,0,0,0,0,0,0,0
210275,1,1,2000,0,0,0,0,0,0,0,0,0,0
210276,1,1,2000,16,16,16,16,16,16,16,16,16,16
210277,1,1,2000,0,0,0,0,0,0,0,0,0,0
210278,1,1,2000,0,15,0,25,7,0,0,8,14,11
210279,1,1,2000,0,0,0,0,0,21,0,0,0,0
210280,1,1,2000,21,21,21,21,21,21,21,21,21,21
210280,2,1,2000,0,0,0,0,0,0,0,0,0,0
210281,1,1,2000,26,26,26,26,26,26,26,26,26,26
210282,1,1,2000,0,0,0,0,0,0,0,0,0,0
210282,2,1,2000,0,0,0,0,0,0,0,0,0,0
210283,1,1,2000,0,0,0,0,0,0,0,0,0,0
210283,2,1,2000,0,0,0,0,0,0,0,0,0,0
210283,3,1,2000,0,0,0,0,0,0,0,0,0,14
210284,1,1,2000,26,0,11,25,0,28,12,0,17,5
210285,1,1,2000,24,24,24,24,24,24,24,24,24,24
210286,1,1,2000,0,0,0,0,0,0,0,0,0,0
210287,1,1,2000,0,0,0,0,0,0,0,0,0,0
210288,1,1,2000,0,0,0,0,0,0,0,0,0,0
210288,2,1,2000,0,0,0,0,0,0,0,0,0,0
210289,1,1,2000,0,0,0,0,0,0,0,0,0,0
210289,2,1,2000,0,0,0,0,0,0,0,0,0,0
210290,1,1,2000,16,16,16,16,16,16,16,16,16,16
210291,0,1,2000,0,0,0,0,0,0,0,0,0,0
210291,1,1,2000,24,4,37,12,13,12,23,0,15,28
210292,1,1,2000,0,0,0,0,0,0,0,0,0,0
210293,1,1,2000,0,0,0,0,0,0,12,0,0,0
210293,2,1,2000,0,0,0,0,0,0,0,0,0,0
210293,3,1,2000,0,0,0,0,0,0,0,0,0,0
210293,4,1,2000,0,0,0,0,0,0,0,0,0,0
210294,0,1,2000,0,0,0,0,0,0,0,0,0,0
210294,1,1,2000,0,0,0,0,0,0,0,0,0,0
210295,1,1,2000,0,0,0,0,0,0,0,0,0,0
210295,2,1,2000,0,0,0,0,0,0,0,0,0,0
210296,1,1,2000,15,15,15,15,15,15,15,15,15,15
210297,1,1,2000,13,0,0,0,0,0,20,0,0,0
210298,1,1,2000,0,0,12,0,0,0,0,0,0,0
210299,1,1,2000,0,0,0,0,0,0,0,0,0,8
210300,1,1,2000,0,0,0,0,0,0,0,0,0,0
210300,2,1,2000,0,0,0,0,0,0,0,0,0,0
210301,1,1,2000,0,0,0,0,0,0,0,0,0,0
210302,1,1,2000,6,6,6,6,6,6,6,6,6,6
210303,1,1,2000,0,0,0,0,0,0,0,0,0,0
210303,2,1,2000,0,0,0,0,0,0,0,0,0,0
210304,1,1,2000,30,17,34,12,14,25,13,0,21,15
210305,1,1,2000,13,13,13,13,13,13,13,13,13,13
210306,1,1,2000,0,0,0,0,0,0,0,0,0,0
210307,1,1,2000,13,13,13,13,13,13,13,13,13,13
210308,1,1,2000,0,0,0,0,0,0,0,0,0,0
210308,2,1,2000,0,0,0,0,0,0,0,0,0,0
210308,3,1,2000,0,0,0,0,0,0,0,0,0,0
210308,4,1,2000,0,0,0,0,0,0,0,0,0,0
210308,5,1,2000,0,0,0,0,0,0,0,0,0,16
210309,1,1,2000,0,15,16,29,3,4,18,0,26,11
210310,1,1,2000,0,0,0,0,0,0,0,0,0,0
210311,1,1,2000,0,0,0,0,0,0,0,0,0,0
210311,2,1,2000,0,0,0,0,0,0,0,0,0,0
210311,3,1,2000,0,0,0,0,0,0,0,0,0,0
210312,1,1,2000,15,15,15,15,15,15,15,15,15,15
210313,1,1,2000,21,21,21,21,21,21,21,21,21,21
210314,1,1,2000,0,0,0,0,0,0,0,0,0,0
210315,0,1,2000,0,0,0,0,20,0,0,0,0,0
210315,1,1,2000,0,0,0,0,0,0,0,0,0,0
210316,1,1,2000,12,17,8,15,0,28,0,21,11,19
210317,1,1,2000,0,0,0,0,0,0,0,0,0,0
210318,1,1,2000,22,0,0,0,0,0,0,0,0,0
210318,2,1,2000,0,0,0,0,0,0,0,0,0,0
210319,1,1,2000,24,0,16,30,0,0,13,16,0,0
210320,1,1,2000,23,23,23,23,23,23,23,23,23,23
210321,1,1,2000,0,0,0,0,0,0,0,0,0,0
210321,2,1,2000,0,0,0,0,0,0,0,0,0,0
210321,3,1,2000,0,0,3,0,0,0,0,0,0,0
210322,1,1,2000,10,10,10,10,10,10,10,10,10,10
210323,1,1,2000,0,0,18,19,0,0,0,0,0,0
210324,1,1,2000,6,13,0,10,29,10,0,11,14,27
210324,2,1,2000,0,0,0,0,0,0,0,0,0,0
210325,1,1,2000,0,0,0,0,0,0,0,0,0,0
210325,2,1,2000,0,0,0,0,0,0,0,0,0,0
210326,1,1,2000,13,13,13,13,13,13,13,13,13,13
210327,1,1,2000,0,0,0,0,0,0,0,0,0,0
210328,1,1,2000,0,0,0,29,0,0,0,20,0,0
210329,1,1,2000,13,13,13,13,13,13,13,13,13,13
210329,2,1,2000,0,0,0,0,0,0,0,0,0,0
210330,1,1,2000,13,13,13,13,13,13,13,13,13,13
210330,2,1,2000,0,0,0,0,0,0,0,0,0,0
210331,1,1,2000,0,0,0,0,0,0,0,0,0,0
210332,1,1,2000,0,0,0,0,0,0,0,0,0,0
210333,1,1,2000,0,0,0,0,0,0,0,0,0,0
210333,2,1,2000,0,0,0,0,0,11,0,0,0,8
210334,1,1,2000,22,22,22,22,22,22,22,22,22,22
210335,1,1,2000,28,28,28,28,28,28,28,28,28,28
210335,2,1,2000,0,0,0,0,0,0,0,0,0,0
210336,1,1,2000,0,0,0,0,0,0,0,0,0,0
210336,2,1,2000,0,0,0,0,0,0,0,0,0,0
210337,1,1,2000,0,0,0,0,0,0,0,0,0,0
210338,1,1,2000,0,0,0,0,0,0,0,0,0,0
210338,2,1,2000,0,0,0,0,0,0,0,0,0,0
210339,1,1,2000,0,0,0,0,0,0,0,0,0,0
210339,2,1,2000,0,0,0,0,0,0,0,0,0,0
210340,1,1,2000,0,0,0,0,0,0,0,0,0,0
210340,2,1,2000,0,0,0,0,0,0,0,0,0,0
210341,1,1,2000,22,22,22,22,22,22,22,22,22,22
210341,2,1,2000,0,0,0,0,0,0,0,0,0,0
210342,1,1,2000,12,12,12,12,12,12,12,12,12,12
210343,1,1,2000,0,0,0,0,0,0,0,0,0,0
210344,1,1,2000,15,0,0,16,0,0,0,0,0,0
210345,0,1,2000,0,0,0,0,0,0,0,0,0,0
210345,1,1,2000,0,0,0,0,0,0,0,0,0,0
210346,1,1,2000,0,0,0,0,0,0,0,0,0,0
210347,1,1,2000,22,22,22,22,22,22,22,22,22,22
210347,2,1,2000,0,0,0,0,0,0,0,0,0,0
210348,1,1,2000,0,0,0,0,0,0,0,0,0,12
210349,0,1,2000,0,0,0,0,0,0,0,0,0,0
210349,1,1,2000,0,0,0,0,0,0,0,0,0,0
210350,1,1,2000,0,0,0,0,0,0,0,0,0,0
210350,2,1,2000,0,0,0,0,0,0,0,0,0,0
210351,1,1,2000,0,0,0,0,0,0,0,0,0,0
210351,2,1,2000,0,0,0,0,0,9,0,0,0,0
210351,3,1,2000,0,0,0,0,0,0,0,0,0,0
210352,1,1,2000,0,0,0,0,0,0,0,0,0,0
210353,1,1,2000,0,0,0,0,0,0,0,0,0,0
210353,2,1,2000,0,0,0,0,0,0,0,0,0,0
210354,2,1,2000,0,0,0,0,0,0,0,0,0,0
210354,3,1,2000,0,0,0,0,0,0,0,0,0,0
210354,4,1,2000,0,0,0,0,0,0,0,17,0,0
210355,1,1,2000,0,0,0,9,0,0,0,0,0,14
210356,1,1,2000,7,7,7,7,7,7,7,7,7,7
210356,2,1,2000,0,0,0,0,0,0,0,0,0,0
210357,1,1,2000,0,0,0,0,0,0,0,0,0,0
210357,2,1,2000,0,0,0,0,0,0,0,0,0,0
210358,1,1,2000,13,13,13,13,13,13,13,13,13,13
210359,1,1,2000,13,13,13,13,13,13,13,13,13,13
210359,2,1,2000,0,0,0,0,0,0,0,0,0,0
210360,1,1,2000,0,0,0,0,0,0,0,0,0,0
210360,2,1,2000,0,0,0,0,0,0,0,0,0,0
210361,1,1,2000,19,19,19,19,19,19,19,19,19,19
210362,1,1,2000,10,10,10,10,10,10,10,10,10,10
210363,1,1,2000,0,0,0,0,0,0,0,0,0,0
210363,2,1,2000,0,0,0,0,0,0,0,0,0,0
210364,1,1,2000,23,9,15,23,22,20,18,0,13,17
210365,1,1,2000,17,17,17,17,17,17,17,17,17,17
210366,1,1,2000,0,0,0,0,0,0,0,0,0,0
210366,2,1,2000,0,0,0,0,0,0,0,0,0,0
210367,1,1,2000,20,20,20,20,20,20,20,20,20,20
210368,1,1,2000,26,26,26,26,26,26,26,26,26,26
210369,1,1,2000,14,14,14,14,14,14,14,14,14,14
210369,2,1,2000,0,0,0,0,23,0,0,0,0,0
210370,1,1,2000,6,6,6,6,6,6,6,6,6,6
210371,1,1,2000,20,20,20,20,20,20,20,20,20,20
210372,1,1,2000,0,0,0,0,0,0,0,0,0,0
210373,0,1,2000,0,0,0,0,0,0,0,0,0,0
210373,1,1,2000,7,7,7,7,7,7,7,7,7,7
210374,1,1,2000,0,0,0,0,0,0,0,0,0,0
210375,1,1,2000,0,0,0,0,0,0,0,18,0,0
210375,2,1,2000,0,0,0,0,0,0,0,0,0,0
210376,1,1,2000,0,0,0,0,0,0,0,0,0,0
210376,2,1,2000,0,0,0,0,0,0,0,0,0,0
210377,1,1,2000,19,19,19,19,19,19,19,19,19,19
210377,2,1,2000,0,0,0,0,0,0,0,0,0,0
210378,1,1,2000,0,0,0,0,0,0,0,0,0,0
210378,2,1,2000,0,0,0,0,0,0,0,0,0,0
210378,3,1,2000,0,0,0,24,0,0,0,0,0,0
210379,1,1,2000,0,0,0,10,0,0,0,0,0,0
210380,1,1,2000,0,0,0,0,0,0,0,0,0,0
210381,0,1,2000,0,0,0,0,0,0,0,0,0,0
210381,1,1,2000,0,0,0,0,0,0,0,0,0,0
210382,1,1,2000,0,0,0,0,0,0,0,0,0,0
210382,2,1,2000,0,0,0,0,0,0,0,0,0,0
210383,1,1,2000,16,16,16,16,16,16,16,16,16,16
210384,1,1,2000,22,22,22,22,22,22,22,22,22,22
210384,2,1,2000,12,0,0,0,16,0,0,0,14,0
210385,1,1,2000,0,0,0,0,0,10,23,0,0,0
210386,1,1,2000,27,27,27,27,27,27,27,27,27,27
210387,1,1,2000,0,0,0,0,0,0,0,0,0,0
210387,2,1,2000,0,0,0,0,0,0,0,0,0,0
210387,3,1,2000,0,0,0,0,0,17,0,0,0,0
210387,4,1,2000,0,0,0,0,0,0,0,0,0,0
210388,0,1,2000,0,0,0,0,0,19,0,0,19,0
210388,0,2,2000,24,0,33,0,0,0,14,0,49,0
210388,1,1,2000,0,13,0,24,0,0,11,20,0,22
210389,1,1,2000,0,0,7,0,9,0,8,0,0,0
210389,2,1,2000,0,7,0,0,0,0,0,0,0,0
210390,1,1,2000,19,19,19,19,19,19,19,19,19,19
210390,2,1,2000,11,11,11,11,11,11,11,11,11,11
210391,1,1,2000,0,0,0,0,0,0,0,0,0,0
210392,1,1,2000,26,3,20,0,19,12,0,9,32,44
210393,1,1,2000,0,0,0,0,0,0,0,0,0,0
210394,1,1,2000,17,0,0,0,0,0,0,0,0,11
210394,2,1,2000,0,0,12,0,0,0,0,0,0,0
210395,1,1,2000,0,0,0,0,0,0,0,0,0,0
210395,2,1,2000,0,0,0,0,0,0,0,0,0,0
210395,3,1,2000,0,0,0,0,0,0,0,0,0,0
210396,1,1,2000,0,0,0,0,0,0,0,0,0,0