ST_CASE,VEH_NO,PER_NO,YEAR,P1,P2,P3,P4,P5,P6,P7,P8,P9,P10
210683,1,1,2000,0,0,0,0,0,0,0,0,0,0
210684,1,1,2000,0,0,0,0,0,0,0,0,0,0
210684,2,1,2000,0,0,0,0,0,0,0,0,0,0
210685,1,1,2000,0,0,0,0,0,0,8,0,0,0
210686,1,1,2000,0,0,0,0,0,0,0,0,0,0
210687,1,1,2000,0,0,0,0,0,0,0,0,0,0
210688,1,1,2000,0,0,0,0,0,0,0,0,0,0
210689,1,1,2000,0,0,0,0,0,0,0,0,8,0
210689,2,1,2000,0,0,0,0,0,0,0,13,0,0
210690,1,1,2000,0,0,0,0,0,0,0,0,0,0
210690,2,1,2000,0,0,0,0,0,0,0,0,0,0
210691,1,1,2000,0,0,0,0,0,0,11,0,0,0
210691,2,1,2000,0,0,0,0,12,0,0,0,0,0
210691,3,1,2000,0,0,0,0,0,0,0,0,0,0
210691,4,1,2000,0,0,0,0,0,0,0,0,0,0
210692,1,1,2000,5,5,5,5,5,5,5,5,5,5
210693,1,1,2000,0,0,0,0,0,0,0,0,0,0
210694,1,1,2000,0,34,12,0,29,0,35,0,26,16
210694,2,1,2000,0,0,0,0,0,0,0,0,0,0
210695,1,1,2000,0,0,0,27,0,15,0,0,0,0
210696,1,1,2000,0,0,0,12,0,0,0,0,0,0
210697,1,1,2000,0,0,0,0,0,0,0,0,0,0
210698,1,1,2000,0,0,0,0,0,0,0,0,8,0
210699,1,1,2000,0,0,0,0,0,0,0,0,0,0
210700,1,1,2000,0,0,0,0,0,0,0,18,12,26
210700,2,1,2000,0,0,0,0,0,0,0,0,0,0
210700,3,1,2000,0,0,0,0,0,0,0,0,0,0
210701,1,1,2000,0,0,0,0,0,0,0,0,0,0
210701,2,1,2000,0,0,0,0,0,0,0,0,0,0
210702,1,1,2000,0,0,0,0,0,0,0,0,0,0
210702,2,1,2000,0,0,0,0,0,0,0,0,0,0
210703,1,1,2000,0,0,0,0,0,0,0,0,0,0
210704,1,1,2000,0,0,0,0,0,0,0,0,0,0
210704,2,1,2000,0,0,0,0,0,0,0,0,0,0
210705,1,1,2000,18,18,18,18,18,18,18,18,18,18
210706,0,1,2000,0,0,0,0,0,0,0,0,0,0
210706,1,1,2000,0,0,0,0,0,0,0,0,0,0
210707,1,1,2000,20,20,20,20,20,20,20,20,20,20
210708,1,1,2000,0,0,0,0,0,0,0,0,0,19
210709,1,1,2000,0,0,0,0,0,0,0,0,0,0
210710,1,1,2000,1,1,1,1,1,1,1,1,1,1
210711,1,1,2000,15,15,15,15,15,15,15,15,15,15
210712,1,1,2000,0,0,0,0,7,0,4,0,0,0
210712,2,1,2000,0,0,0,0,0,0,0,0,12,0
210713,1,1,2000,13,0,0,0,0,0,0,0,0,0
210713,2,1,2000,0,0,0,0,0,0,0,0,0,0
210714,1,1,2000,6,0,0,0,0,0,0,0,0,10
210715,1,1,2000,9,0,0,14,15,30,12,15,0,15
210715,2,1,2000,0,0,0,0,0,0,0,0,0,0
210716,1,1,2000,0,0,0,0,0,0,0,0,0,0
210716,2,1,2000,0,0,0,17,0,0,0,0,0,0
210717,1,1,2000,0,0,0,0,0,0,0,0,0,0
210717,2,1,2000,0,0,0,0,0,0,0,0,0,0
210718,1,1,2000,0,0,0,0,0,0,0,0,0,0
210719,1,1,2000,0,0,0,0,0,0,0,0,0,0
210720,1,1,2000,0,0,0,13,0,17,0,0,0,0
210721,1,1,2000,0,0,0,0,0,0,0,0,0,0
210721,2,1,2000,0,0,0,0,0,12,0,0,0,0
210722,1,1,2000,0,0,0,0,0,0,0,0,0,0
210723,0,1,2000,0,0,0,0,0,0,0,0,0,0
210723,1,1,2000,0,0,0,3,0,0,0,0,0,8
210724,1,1,2000,9,9,9,9,9,9,9,9,9,9
220001,1,1,2000,16,23,17,18,5,15,23,19,19,29
220002,1,1,2000,24,24,24,24,24,24,24,24,24,24
220002,2,1,2000,0,0,0,0,0,0,0,0,0,0
220002,3,1,2000,0,0,0,0,0,0,0,0,0,0
220003,1,1,2000,0,0,0,0,0,0,0,0,17,0
220004,1,1,2000,0,12,17,0,0,0,0,31,16,0
220005,1,1,2000,0,0,0,0,0,0,0,0,0,0
220006,1,1,2000,8,8,8,8,8,8,8,8,8,8
220007,1,1,2000,0,18,18,21,0,0,10,0,0,21
220008,1,1,2000,0,0,0,0,0,0,0,0,0,0
220009,1,1,2000,0,0,0,0,0,0,0,0,0,0
220009,2,1,2000,0,0,0,0,0,0,0,0,0,0
220010,1,1,2000,0,0,0,0,0,0,0,0,0,0
220010,2,1,2000,0,0,0,0,0,0,0,0,0,0
220011,1,1,2000,0,0,0,0,0,0,0,0,0,0
220012,1,1,2000,0,0,0,0,0,15,0,0,0,0
220013,0,1,2000,23,23,23,23,23,23,23,23,23,23
220013,1,1,2000,30,0,18,0,16,16,16,0,19,12
220014,1,1,2000,21,21,21,21,21,21,21,21,21,21
220015,1,1,2000,0,0,0,0,0,0,0,0,0,0
220015,2,1,2000,0,0,0,0,0,0,0,0,0,0
220015,3,1,2000,0,0,0,0,0,0,0,0,0,0
220016,1,1,2000,0,0,0,0,0,0,0,0,0,0
220017,1,1,2000,0,0,0,0,0,0,0,0,0,0
220017,2,1,2000,0,0,0,0,0,0,0,0,0,0
220018,1,1,2000,0,0,0,0,0,0,0,0,0,0
220018,2,1,2000,0,0,0,0,0,0,0,0,0,0
220019,0,1,2000,0,0,0,0,0,0,0,0,0,0
220019,1,1,2000,0,0,0,0,0,0,0,0,0,0
220020,1,1,2000,0,0,0,0,0,0,0,0,0,0
220020,2,1,2000,0,0,0,0,0,0,0,0,0,0
220020,3,1,2000,8,6,13,16,14,11,0,9,0,8
220021,1,1,2000,9,0,22,0,7,28,29,26,23,42
220022,1,1,2000,0,0,0,0,16,0,0,0,0,0
220023,1,1,2000,0,0,0,0,0,0,0,0,0,0
220024,1,1,2000,0,0,0,0,0,0,0,0,0,0
220024,2,1,2000,0,0,0,0,0,0,0,0,0,0
220024,3,1,2000,0,0,0,0,0,0,0,0,0,0
220025,1,1,2000,16,16,16,16,16,16,16,16,16,16
220026,1,1,2000,0,0,0,0,0,0,0,0,0,0
220026,2,1,2000,0,0,0,0,0,12,0,16,0,0
220027,1,1,2000,0,0,0,0,0,0,0,4,0,9
220028,1,1,2000,0,0,0,0,0,0,0,0,0,0
220029,1,1,2000,0,0,0,0,0,0,0,0,0,0
220030,1,1,2000,0,0,14,26,0,0,0,11,0,0
220031,1,1,2000,0,0,0,0,0,0,0,0,0,0
220031,2,1,2000,0,0,27,0,0,0,0,0,0,24
220032,1,1,2000,0,0,0,0,0,11,0,0,0,0
220032,2,1,2000,0,0,0,0,0,0,0,0,0,0
220033,1,1,2000,0,0,0,0,0,0,0,0,0,0
220033,2,1,2000,0,0,0,0,0,0,0,0,0,0
220033,3,1,2000,0,0,0,0,0,0,0,0,0,0
220033,4,1,2000,0,0,0,0,0,0,0,0,0,0
220034,1,1,2000,0,0,0,0,0,0,0,0,0,0
220035,1,1,2000,0,0,0,0,0,23,23,0,15,0
220035,2,1,2000,0,0,0,0,0,0,0,0,0,0
220036,1,1,2000,22,22,22,22,22,22,22,22,22,22
220036,2,1,2000,0,0,0,0,0,0,0,0,0,0
220037,1,1,2000,24,24,24,24,24,24,24,24,24,24
220037,2,1,2000,0,0,0,0,0,0,0,0,0,0
220038,1,1,2000,14,14,14,14,14,14,14,14,14,14
220038,2,1,2000,12,12,12,12,12,12,12,12,12,12
220039,1,1,2000,0,15,12,0,14,0,16,0,0,10
220039,2,1,2000,0,0,0,0,0,0,0,0,0,10
220040,1,1,2000,0,0,0,0,0,0,0,0,0,11
220040,2,1,2000,0,0,0,0,0,0,0,0,0,0
220041,0,1,2000,0,0,21,32,20,18,0,24,7,0
220041,1,1,2000,0,0,0,15,0,0,0,0,0,0
220042,1,1,2000,0,0,0,0,0,0,0,0,0,0
220042,2,1,2000,0,0,0,0,0,0,0,0,15,0
220043,1,1,2000,14,14,14,14,14,14,14,14,14,14
220044,1,1,2000,0,0,0,0,0,0,0,0,0,0
220045,1,1,2000,0,0,0,0,0,0,0,0,0,0
220045,2,1,2000,0,0,0,0,0,0,0,0,0,0
220046,1,1,2000,18,21,0,11,28,14,0,39,17,17
220047,1,1,2000,0,0,0,18,0,17,0,0,0,0
220047,2,1,2000,0,0,0,0,0,0,0,0,0,0
220047,3,1,2000,13,13,13,13,13,13,13,13,13,13
220048,1,1,2000,0,0,0,0,0,0,0,0,0,0
220048,2,1,2000,7,27,0,0,0,0,24,20,0,8
220049,1,1,2000,18,28,22,27,11,18,28,23,0,7
220049,2,1,2000,0,0,0,0,0,0,0,0,0,0
220050,1,1,2000,0,0,0,0,0,0,0,0,0,0
220051,1,1,2000,0,0,0,0,0,0,0,0,0,0
220051,2,1,2000,0,0,0,0,0,0,0,0,0,0
220052,0,1,2000,0,0,0,0,0,0,0,0,0,11
220052,1,1,2000,0,0,0,0,0,0,0,0,0,0
220052,2,1,2000,0,0,0,0,0,0,0,0,0,0
220053,1,1,2000,0,0,0,13,0,0,0,0,0,0
220053,2,1,2000,15,0,0,0,0,0,0,0,0,0
220054,1,1,2000,15,15,15,15,15,15,15,15,15,15
220055,1,1,2000,0,0,20,0,19,15,17,11,18,14
220056,1,1,2000,0,0,0,0,0,0,0,0,0,0
220056,2,1,2000,3,0,0,0,0,0,0,0,0,0
220056,3,1,2000,0,0,0,0,0,0,0,0,0,0
220057,1,1,2000,0,0,0,0,0,0,0,0,0,0
220057,2,1,2000,0,0,0,0,0,0,0,0,0,0
220058,1,1,2000,13,24,7,4,37,17,29,23,14,15
220059,0,1,2000,14,14,14,14,14,14,14,14,14,14
220059,1,1,2000,0,11,0,0,0,0,0,0,0,18
220060,1,1,2000,0,0,0,0,0,0,0,0,0,0
220060,2,1,2000,6,0,0,0,21,6,0,15,0,0
220061,1,1,2000,24,27,6,28,19,14,7,18,31,25
220062,1,1,2000,9,18,19,23,5,12,4,28,29,19
220063,1,1,2000,26,26,26,26,26,26,26,26,26,26
220064,1,1,2000,16,16,16,16,16,16,16,16,16,16
220065,1,1,2000,0,0,0,0,0,0,0,0,0,0
220065,2,1,2000,0,0,0,0,0,0,0,0,0,0
220066,1,1,2000,0,0,0,0,0,0,0,0,0,0
220066,2,1,2000,0,0,0,0,0,0,0,0,0,0
220067,1,1,2000,0,0,0,0,0,0,0,0,0,0
220068,1,1,2000,22,9,18,13,3,18,21,22,0,17
220069,1,1,2000,12,12,12,12,12,12,12,12,12,12
220070,1,1,2000,26,0,13,10,18,19,25,9,0,22
220071,0,1,2000,0,0,0,0,0,0,0,0,0,0
220071,1,1,2000,0,0,0,0,0,0,0,0,0,0
220072,1,1,2000,0,0,0,0,0,0,0,0,0,0
220072,2,1,2000,5,5,5,5,5,5,5,5,5,5
220073,1,1,2000,27,0,0,0,0,18,4,0,2,16
220074,1,1,2000,0,0,0,0,0,0,0,0,0,0
220074,2,1,2000,0,0,0,0,0,0,0,0,0,0
220075,1,1,2000,25,25,25,25,25,25,25,25,25,25
220075,2,1,2000,0,0,0,0,0,0,0,0,0,0
220076,1,1,2000,25,15,20,12,35,13,32,18,11,20
220077,1,1,2000,0,0,0,0,0,0,0,0,0,0
220078,0,1,2000,0,0,0,0,0,0,0,0,0,0
220078,1,1,2000,0,0,0,0,0,0,0,0,0,0
220079,1,1,2000,22,22,22,22,22,22,22,22,22,22
220079,2,1,2000,0,6,0,0,0,0,0,0,0,25
220080,1,1,2000,0,0,0,0,0,0,0,0,0,0
220081,1,1,2000,14,14,14,14,14,14,14,14,14,14
220081,2,1,2000,0,0,0,0,0,0,0,0,0,0
220082,0,1,2000,15,15,15,15,15,15,15,15,15,15
220082,1,1,2000,12,12,12,12,12,12,12,12,12,12
220083,1,1,2000,11,0,0,0,25,0,14,15,15,4
220083,2,1,2000,5,0,0,0,0,0,0,0,0,0
220084,1,1,2000,0,22,14,14,12,0,15,0,0,0
220085,1,1,2000,0,0,0,0,0,0,0,0,0,0
220085,2,1,2000,0,0,0,0,0,0,0,0,0,0
220086,1,1,2000,0,0,0,0,0,0,0,0,0,0
220086,2,1,2000,0,0,0,0,0,0,0,0,0,0
220087,1,1,2000,1,1,1,1,1,1,1,1,1,1
220087,2,1,2000,0,0,0,0,0,0,0,0,0,0
220088,1,1,2000,0,0,0,0,0,0,0,0,0,0
220088,2,1,2000,0,0,0,0,0,0,0,0,0,0
220089,1,1,2000,18,18,18,18,18,18,18,18,18,18
220090,1,1,2000,0,0,0,0,0,0,0,0,0,0
220090,2,1,2000,0,0,10,0,2,0,0,0,0,0
220091,1,1,2000,0,0,0,0,0,0,0,0,0,0
220091,2,1,2000,0,0,0,0,0,0,0,0,0,0
220092,1,1,2000,0,0,0,0,0,0,0,0,0,0
220092,2,1,2000,0,0,0,0,0,0,0,0,0,0
220092,3,1,2000,0,0,0,0,0,0,0,0,0,0
220093,1,1,2000,0,0,0,0,0,0,0,0,0,0
220093,2,1,2000,0,0,0,0,0,0,0,0,0,0
220094,1,1,2000,0,0,0,0,0,0,0,0,0,0
220094,2,1,2000,0,0,0,0,0,0,0,0,0,0
220094,3,1,2000,0,0,0,0,0,0,0,0,0,0
220095,0,1,2000,0,0,0,43,0,0,0,0,0,0
220095,1,1,2000,0,0,0,0,0,0,0,0,0,0
220096,1,1,2000,19,19,19,19,19,19,19,19,19,19
220097,1,1,2000,0,0,0,0,0,0,0,0,0,0
220097,2,1,2000,0,0,0,0,0,10,0,0,0,0
220098,1,1,2000,0,0,5,20,14,11,0,9,0,0
220098,2,1,2000,0,0,0,0,0,0,0,0,0,0
220098,3,1,2000,0,0,0,0,0,0,0,0,0,0
220098,4,1,2000,0,17,0,7,0,0,0,0,0,0
220099,0,1,2000,0,0,0,0,0,0,0,0,0,0
220099,0,2,2000,0,0,0,0,0,0,0,0,0,0
220099,1,1,2000,0,0,0,0,0,0,0,0,0,0
220100,1,1,2000,15,15,15,15,15,15,15,15,15,15
220101,0,1,2000,0,0,0,0,0,0,0,0,0,0
220101,1,1,2000,0,0,0,0,0,0,0,0,0,0
220102,1,1,2000,19,19,19,19,19,19,19,19,19,19
220103,1,1,2000,0,0,0,0,0,0,0,0,0,0
220104,1,1,2000,15,15,15,15,15,15,15,15,15,15
220105,1,1,2000,26,26,26,26,26,26,26,26,26,26
220106,1,1,2000,19,19,19,19,19,19,19,19,19,19
220107,0,1,2000,0,0,0,0,0,0,0,0,0,0
220107,1,1,2000,0,0,0,0,0,0,0,0,0,0
220108,1,1,2000,0,0,0,0,0,0,0,0,0,0
220108,2,1,2000,0,0,0,0,0,0,0,0,0,0
220108,3,1,2000,0,0,0,0,0,0,0,0,0,0
220109,1,1,2000,33,33,33,33,33,33,33,33,33,33
220110,0,1,2000,0,0,0,0,0,0,0,0,0,0
220110,1,1,2000,0,0,0,0,0,0,0,0,0,0
220111,0,1,2000,0,0,0,0,0,0,0,0,0,0
220111,1,1,2000,0,0,0,0,0,0,7,15,0,0
220112,0,1,2000,20,15,23,19,10,8,25,17,20,18
220112,1,1,2000,6,6,6,6,6,6,6,6,6,6
220113,1,1,2000,7,7,7,7,7,7,7,7,7,7
220114,1,1,2000,29,29,29,29,29,29,29,29,29,29
220115,1,1,2000,0,0,0,0,0,0,0,0,0,0
220115,2,1,2000,0,0,0,0,0,0,0,0,0,0
220116,1,1,2000,0,17,0,0,0,0,0,0,0,6
220117,1,1,2000,36,28,7,32,12,15,14,21,19,14
220118,1,1,2000,0,0,0,0,0,0,0,0,0,0
220119,1,1,2000,0,0,0,0,4,9,0,0,12,4
220120,1,1,2000,0,0,0,0,0,0,0,0,0,0
220121,0,1,2000,0,0,0,0,24,0,0,0,0,0
220121,1,1,2000,0,0,0,0,0,0,0,0,0,0
220122,1,1,2000,20,20,20,20,20,20,20,20,20,20
220123,1,1,2000,0,0,0,0,0,0,0,0,0,0
220123,2,1,2000,0,0,0,0,0,0,0,0,0,0
220124,1,1,2000,7,0,0,0,0,13,0,0,0,0
220124,2,1,2000,0,0,0,0,0,0,0,0,0,0
220126,0,1,2000,17,21,0,0,0,0,0,0,0,13
220126,0,2,2000,13,0,0,0,0,0,0,0,33,0
220126,1,1,2000,13,13,13,13,13,13,13,13,13,13
220127,1,1,2000,23,0,17,0,35,17,17,13,12,11
220128,1,1,2000,19,14,18,27,38,17,14,18,10,17
220129,1,1,2000,0,0,0,0,0,0,0,0,0,0
220130,1,1,2000,4,4,4,4,4,4,4,4,4,4
220131,1,1,2000,6,6,6,6,6,6,6,6,6,6
220131,2,1,2000,9,9,9,9,9,9,9,9,9,9
220132,1,1,2000,13,13,13,13,13,13,13,13,13,13
220133,1,1,2000,11,8,18,15,12,12,9,7,21,6
220134,1,1,2000,0,0,0,0,0,0,0,0,0,0
220134,2,1,2000,0,0,0,0,0,0,0,0,0,0
220135,1,1,2000,17,17,22,15,0,9,0,23,0,8
220135,2,1,2000,7,7,7,7,7,7,7,7,7,7
220136,1,1,2000,21,21,21,21,21,21,21,21,21,21
220137,1,1,2000,0,0,0,0,0,0,0,0,0,0
220138,1,1,2000,20,20,20,20,20,20,20,20,20,20
220138,2,1,2000,19,19,19,19,19,19,19,19,19,19
220139,1,1,2000,40,40,40,40,40,40,40,40,40,40
220140,1,1,2000,22,22,22,22,22,22,22,22,22,22
220141,1,1,2000,0,0,0,0,0,0,0,0,0,0
220141,2,1,2000,0,0,0,0,0,0,0,0,0,0
220142,1,1,2000,22,22,22,22,22,22,22,22,22,22
220143,1,1,2000,0,0,0,0,0,0,0,0,0,0
220144,1,1,2000,0,0,0,0,0,0,0,0,0,0
220144,2,1,2000,0,0,0,0,0,0,0,0,0,0
220145,1,1,2000,14,14,14,14,14,14,14,14,14,14
220146,1,1,2000,0,12,0,0,13,0,0,0,0,20
220147,1,1,2000,12,12,12,12,12,12,12,12,12,12
220147,2,1,2000,0,0,0,0,0,0,0,0,0,0
220148,0,1,2000,0,0,0,0,0,0,0,0,0,0
220148,1,1,2000,0,0,0,18,0,0,0,0,0,0
220149,1,1,2000,0,22,25,14,25,6,11,11,31,19
220150,1,1,2000,0,0,0,0,0,0,0,0,0,0
220150,2,1,2000,0,0,0,0,0,0,0,0,0,0
220151,1,1,2000,5,24,27,27,17,21,33,0,17,21
220152,1,1,2000,0,0,0,0,0,0,0,0,0,0
220153,1,1,2000,2,2,2,2,2,2,2,2,2,2
220154,1,1,2000,0,0,0,0,0,0,0,0,0,0
220155,1,1,2000,18,18,18,18,18,18,18,18,18,18
220156,0,1,2000,0,0,0,0,0,0,0,0,0,0
220156,1,1,2000,0,0,0,0,0,0,0,0,0,0
220157,1,1,2000,3,3,3,3,3,3,3,3,3,3
220157,2,1,2000,0,0,0,0,0,0,0,0,0,0
220158,1,1,2000,22,22,22,22,22,22,22,22,22,22
220159,0,1,2000,11,11,11,11,11,11,11,11,11,11
220159,1,1,2000,0,12,0,20,20,14,0,0,0,0
220160,1,1,2000,0,0,0,0,0,0,0,0,0,0
220160,2,1,2000,0,0,0,0,0,0,0,0,0,0
220160,3,1,2000,0,2,0,0,0,0,0,0,0,0
220161,1,1,2000,0,5,0,0,14,13,0,0,15,0
220162,1,1,2000,7,7,7,7,7,7,7,7,7,7
220163,1,1,2000,0,16,9,24,13,0,8,0,10,4
220163,2,1,2000,0,0,0,0,0,0,0,0,0,0
220164,1,1,2000,24,24,24,24,24,24,24,24,24,24
220164,2,1,2000,0,0,0,0,0,0,0,0,0,0
220165,1,1,2000,23,23,23,23,23,23,23,23,23,23
220166,1,1,2000,0,0,0,0,0,0,0,0,0,0
220167,1,1,2000,0,0,0,0,0,0,0,14,0,0
220168,1,1,2000,17,17,17,17,17,17,17,17,17,17
220168,2,1,2000,0,0,0,0,0,0,0,0,0,0
220169,1,1,2000,0,0,0,0,0,0,0,0,0,0
220169,2,1,2000,0,0,0,0,0,0,0,0,0,0
220170,1,1,2000,0,0,14,0,0,0,0,19,0,0
220171,1,1,2000,0,0,0,0,0,0,0,0,0,0
220171,2,1,2000,0,0,0,0,0,0,0,0,0,0
220172,1,1,2000,16,16,16,16,16,16,16,16,16,16
220173,1,1,2000,0,13,7,14,12,15,14,17,16,18
220174,1,1,2000,18,18,18,18,18,18,18,18,18,18
220175,0,1,2000,0,0,0,0,0,0,0,0,0,0
220175,1,1,2000,0,0,0,0,0,0,0,0,0,0
220176,1,1,2000,6,6,6,6,6,6,6,6,6,6
220176,2,1,2000,6,6,6,6,6,6,6,6,6,6
220177,1,1,2000,7,7,7,7,7,7,7,7,7,7
220177,2,1,2000,0,0,0,0,0,0,0,0,0,0
220178,1,1,2000,9,0,0,4,0,0,0,0,22,16
220179,1,1,2000,0,0,0,0,0,0,0,0,0,0
220179,2,1,2000,0,0,0,0,0,0,0,0,0,0
220180,1,1,2000,16,16,16,16,16,16,16,16,16,16
220180,2,1,2000,1,1,1,1,1,1,1,1,1,1
220181,1,1,2000,0,0,0,0,0,0,0,0,0,0
220181,2,1,2000,0,0,0,0,0,0,0,0,0,0
220182,1,1,2000,6,6,6,6,6,6,6,6,6,6
220183,1,1,2000,0,0,0,0,0,0,0,0,0,0
220183,2,1,2000,12,12,12,12,12,12,12,12,12,12
220184,1,1,2000,13,13,13,13,13,13,13,13,13,13
220184,2,1,2000,0,0,0,0,0,0,0,0,0,0
220185,1,1,2000,14,14,14,14,14,14,14,14,14,14
220186,1,1,2000,23,23,23,23,23,23,23,23,23,23
220187,1,1,2000,23,23,23,23,23,23,23,23,23,23
220188,1,1,2000,0,0,0,0,0,0,0,0,0,0
220189,1,1,2000,0,0,0,0,0,0,0,0,0,0
220189,2,1,2000,0,0,8,0,0,0,0,0,0,0
220189,3,1,2000,0,0,0,0,0,0,0,0,0,0
220189,4,1,2000,0,0,0,0,0,0,0,0,0,0
220189,5,1,2000,0,0,0,0,0,0,0,0,0,0
220190,1,1,2000,24,24,24,24,24,24,24,24,24,24
220190,2,1,2000,0,0,0,0,0,0,0,0,0,0
220191,0,1,2000,0,0,0,0,0,0,0,0,0,0
220191,1,1,2000,0,0,0,0,0,0,0,0,0,0
220192,1,1,2000,0,0,0,0,0,0,0,0,0,0
220192,2,1,2000,0,0,0,0,0,0,0,0,0,0
220193,1,1,2000,0,0,0,0,0,0,0,0,0,0
220193,2,1,2000,0,0,0,0,0,0,0,0,0,0
220194,1,1,2000,12,12,12,12,12,12,12,12,12,12
220194,2,1,2000,0,13,0,0,0,0,8,0,0,0
220195,1,1,2000,24,16,22,12,8,13,16,20,14,9
220196,1,1,2000,0,0,0,0,0,0,0,0,0,0
220196,2,1,2000,0,0,0,0,0,0,0,0,0,0
220197,1,1,2000,3,3,3,3,3,3,3,3,3,3
220197,2,1,2000,0,0,0,0,0,0,0,0,0,0
220198,1,1,2000,20,20,20,20,20,20,20,20,20,20
220199,1,1,2000,21,21,21,21,21,21,21,21,21,21
220200,1,1,2000,0,0,0,0,0,0,0,0,0,0
220200,2,1,2000,0,0,0,0,0,0,0,0,0,0
220201,1,1,2000,0,0,0,0,0,0,0,0,0,0
220201,2,1,2000,0,0,0,0,0,0,0,0,0,0
220202,1,1,2000,0,0,0,0,0,0,0,0,0,0
220202,2,1,2000,0,0,0,0,0,0,0,0,5,0
220203,1,1,2000,0,0,0,0,0,0,0,0,0,0
220203,2,1,2000,0,0,0,0,0,0,0,0,0,12
220204,1,1,2000,0,0,0,0,0,0,0,0,0,0
220205,1,1,2000,17,17,17,17,17,17,17,17,17,17
220206,1,1,2000,19,19,19,19,19,19,19,19,19,19
220207,1,1,2000,7,7,7,7,7,7,7,7,7,7
220208,1,1,2000,11,11,11,11,11,11,11,11,11,11
220209,1,1,2000,0,29,0,0,16,0,5,9,0,0
220209,2,1,2000,0,0,0,0,0,0,0,0,0,0
220210,1,1,2000,21,21,21,21,21,21,21,21,21,21
220211,1,1,2000,13,13,13,13,13,13,13,13,13,13
220212,1,1,2000,5,5,5,5,5,5,5,5,5,5
220213,0,1,2000,25,25,25,25,25,25,25,25,25,25
220213,1,1,2000,0,0,0,0,0,0,0,0,0,0
220214,1,1,2000,16,16,16,16,16,16,16,16,16,16
220215,1,1,2000,0,0,0,0,0,0,0,0,0,0
220215,2,1,2000,0,0,0,0,0,0,0,0,0,0
220216,1,1,2000,0,0,0,0,0,0,0,0,0,0
220216,2,1,2000,0,0,0,0,0,0,0,0,0,0
220217,1,1,2000,3,3,3,3,3,3,3,3,3,3
220217,2,1,2000,0,0,0,0,0,0,0,0,0,0
220218,1,1,2000,0,0,0,0,0,0,0,0,0,0
220218,2,1,2000,0,0,0,0,0,0,0,0,0,0
220219,0,1,2000,31,31,31,31,31,31,31,31,31,31
220219,1,1,2000,0,0,0,0,0,0,0,0,0,0
220220,1,1,2000,17,0,0,0,0,0,0,0,0,0
220220,2,1,2000,0,0,0,0,9,0,0,0,0,0
220220,3,1,2000,0,0,0,0,0,0,7,0,0,0
220221,1,1,2000,16,16,16,16,16,16,16,16,16,16
220221,2,1,2000,0,0,0,0,0,0,0,0,0,0
220222,0,1,2000,0,0,0,0,0,0,0,0,0,0
220222,1,1,2000,0,0,0,0,0,0,0,0,0,0
220223,1,1,2000,0,0,0,0,0,0,0,0,0,0
220224,1,1,2000,17,17,17,17,17,17,17,17,17,17
220225,0,1,2000,0,0,0,0,0,0,0,0,0,0
220225,1,1,2000,0,0,0,0,0,0,0,0,0,0
220226,1,1,2000,12,12,12,12,12,12,12,12,12,12
220227,1,1,2000,0,0,0,0,12,0,0,0,0,0
220227,2,1,2000,0,0,0,0,0,0,0,0,0,0
220228,1,1,2000,0,0,0,0,0,0,0,0,0,0
220229,1,1,2000,17,17,17,17,17,17,17,17,17,17
220230,1,1,2000,0,0,0,0,0,0,0,0,0,0
220230,2,1,2000,0,0,0,0,0,0,0,0,0,6
220231,1,1,2000,8,8,8,8,8,8,8,8,8,8
220232,1,1,2000,14,14,14,14,14,14,14,14,14,14
220233,1,1,2000,15,15,15,15,15,15,15,15,15,15
220233,2,1,2000,0,0,0,0,0,0,0,0,0,0
220234,1,1,2000,0,0,0,0,0,0,0,0,0,0
220234,2,1,2000,0,0,0,0,0,0,0,0,0,0
220235,1,1,2000,0,0,0,0,0,0,0,0,0,0
220235,2,1,2000,0,0,0,0,0,0,0,0,0,0
220236,0,1,2000,19,0,0,21,0,0,0,0,19,0
220236,1,1,2000,4,4,4,4,4,4,4,4,4,4
220237,1,1,2000,8,8,8,8,8,8,8,8,8,8
220238,1,1,2000,17,17,17,17,17,17,17,17,17,17
220238,2,1,2000,0,0,0,0,0,0,0,0,0,0
220239,1,1,2000,16,16,16,16,16,16,16,16,16,16
220239,2,1,2000,0,0,0,0,0,0,0,0,0,0
220240,1,1,2000,14,14,14,14,14,14,14,14,14,14
220241,1,1,2000,0,0,0,0,0,0,0,0,0,0
220241,2,1,2000,0,0,0,0,0,0,0,0,0,0
220242,1,1,2000,15,15,15,15,15,15,15,15,15,15
220243,1,1,2000,0,0,0,0,0,0,0,0,0,0
220243,2,1,2000,0,0,0,0,0,0,0,0,0,30
220243,3,1,2000,14,25,0,0,19,14,0,0,0,0
220244,1,1,2000,19,19,19,19,19,19,19,19,19,19
220245,0,1,2000,10,10,10,10,10,10,10,10,10,10
220245,1,1,2000,21,21,21,21,21,21,21,21,21,21
220246,1,1,2000,20,20,20,20,20,20,20,20,20,20