ST_CASE,VEH_NO,PER_NO,YEAR,P1,P2,P3,P4,P5,P6,P7,P8,P9,P10
220247,1,1,2000,13,13,13,13,13,13,13,13,13,13
220248,1,1,2000,19,19,19,19,19,19,19,19,19,19
220249,1,1,2000,9,9,9,9,9,9,9,9,9,9
220249,2,1,2000,0,0,0,0,0,0,0,0,0,0
220250,0,1,2000,0,0,0,0,0,0,0,0,0,0
220250,1,1,2000,0,0,0,0,0,0,0,0,0,0
220251,1,1,2000,0,0,0,0,0,0,0,0,0,0
220251,2,1,2000,0,0,0,0,0,0,0,0,0,0
220252,0,1,2000,3,3,3,3,3,3,3,3,3,3
220252,1,1,2000,0,0,0,0,0,0,0,0,0,0
220253,1,1,2000,0,0,0,0,0,0,0,0,0,0
220254,1,1,2000,0,0,0,0,0,0,0,0,0,0
220255,1,1,2000,12,34,25,0,25,0,12,33,31,25
220256,0,1,2000,35,35,35,35,35,35,35,35,35,35
220256,1,1,2000,0,0,0,0,0,0,0,0,0,0
220256,2,1,2000,0,0,0,0,0,0,0,0,0,0
220257,1,1,2000,0,0,0,0,0,0,0,0,0,0
220257,2,1,2000,0,0,0,0,0,0,0,0,0,0
220258,1,1,2000,0,0,0,0,0,0,0,0,0,0
220259,1,1,2000,20,20,20,20,20,20,20,20,20,20
220260,1,1,2000,14,14,14,14,14,14,14,14,14,14
220261,1,1,2000,0,0,0,0,0,0,0,0,0,0
220262,1,1,2000,0,0,0,0,0,0,0,0,0,0
220262,2,1,2000,0,0,0,0,0,0,0,0,0,0
220262,3,1,2000,0,0,0,0,0,0,0,0,0,0
220263,1,1,2000,0,0,0,0,0,0,0,0,0,0
220263,2,1,2000,0,0,0,0,0,0,0,0,0,0
220264,1,1,2000,12,12,12,12,12,12,12,12,12,12
220265,1,1,2000,4,4,4,4,4,4,4,4,4,4
220265,2,1,2000,4,4,4,4,4,4,4,4,4,4
220265,3,1,2000,8,13,0,0,0,0,0,0,0,0
220266,1,1,2000,15,15,15,15,15,15,15,15,15,15
220267,1,1,2000,23,23,23,23,23,23,23,23,23,23
220268,1,1,2000,9,9,9,9,9,9,9,9,9,9
220269,1,1,2000,7,22,12,42,12,12,35,18,19,19
220270,1,1,2000,0,0,0,0,0,0,0,0,12,0
220270,2,1,2000,0,0,0,0,0,0,0,0,0,0
220271,1,1,2000,7,7,7,7,7,7,7,7,7,7
220271,2,1,2000,0,0,0,0,0,0,0,0,0,0
220271,3,1,2000,0,0,0,0,0,0,0,0,0,0
220272,1,1,2000,12,12,12,12,12,12,12,12,12,12
220273,1,1,2000,0,0,0,0,0,0,0,0,0,0
220273,2,1,2000,0,0,0,0,0,0,0,0,0,0
220274,1,1,2000,0,0,0,0,0,0,0,0,0,0
220275,1,1,2000,0,0,13,11,0,0,0,0,0,0
220275,2,1,2000,0,0,0,0,0,0,0,0,0,0
220276,1,1,2000,0,0,0,0,0,0,0,0,0,0
220276,2,1,2000,0,0,0,0,0,0,0,0,0,0
220277,1,1,2000,0,0,0,0,0,0,0,0,0,0
220278,1,1,2000,0,0,0,0,0,0,0,0,0,0
220278,2,1,2000,0,0,0,0,0,0,0,0,0,0
220279,1,1,2000,27,27,27,27,27,27,27,27,27,27
220280,1,1,2000,0,0,0,0,0,0,0,0,0,0
220280,2,1,2000,0,0,0,0,0,0,0,0,0,0
220281,1,1,2000,0,0,0,0,0,0,0,0,0,0
220281,2,1,2000,0,0,0,0,0,0,0,0,0,0
220282,1,1,2000,22,22,22,22,22,22,22,22,22,22
220283,0,1,2000,10,0,26,10,0,8,0,21,41,0
220283,1,1,2000,0,14,0,28,0,0,0,0,0,0
220283,2,1,2000,0,3,0,15,25,7,0,0,26,0
220284,1,1,2000,14,14,14,14,14,14,14,14,14,14
220285,1,1,2000,30,11,7,0,31,20,8,31,16,28
220286,1,1,2000,0,0,0,0,35,0,0,0,16,0
220287,1,1,2000,0,0,0,0,0,0,0,0,0,0
220287,2,1,2000,0,0,0,0,0,0,0,0,0,0
220288,1,1,2000,2,2,2,2,2,2,2,2,2,2
220288,2,1,2000,0,0,0,16,0,0,0,0,0,0
220289,1,1,2000,0,0,0,0,0,0,0,0,0,0
220290,0,1,2000,0,0,0,0,0,0,0,0,0,0
220290,1,1,2000,0,0,0,0,0,0,0,0,0,0
220291,0,1,2000,0,0,0,0,0,0,0,0,0,0
220291,1,1,2000,0,0,0,0,0,0,0,0,0,0
220292,1,1,2000,0,0,0,0,0,0,0,0,0,0
220292,2,1,2000,0,0,0,0,0,0,0,0,0,0
220293,1,1,2000,0,0,0,0,0,18,10,15,0,0
220294,1,1,2000,0,13,0,0,0,0,0,0,12,0
220295,1,1,2000,0,0,0,0,0,0,0,0,0,0
220296,1,1,2000,9,9,9,9,9,9,9,9,9,9
220297,1,1,2000,0,0,0,0,0,0,0,24,0,0
220298,0,1,2000,0,0,0,0,0,0,0,0,0,0
220298,1,1,2000,0,0,12,3,15,0,0,0,0,0
220299,1,1,2000,33,21,8,17,0,19,15,23,24,25
220300,0,1,2000,0,0,0,13,0,25,0,0,0,0
220300,1,1,2000,3,3,3,3,3,3,3,3,3,3
220301,1,1,2000,21,22,11,41,18,12,5,16,33,0
220302,1,1,2000,2,2,2,2,2,2,2,2,2,2
220302,2,1,2000,0,0,0,0,0,0,0,0,0,0
220303,1,1,2000,0,0,0,0,0,0,0,0,0,0
220303,2,1,2000,0,0,0,0,0,0,0,0,0,0
220304,1,1,2000,0,0,0,0,0,0,15,0,0,0
220304,2,1,2000,0,0,0,0,0,0,0,0,0,0
220305,0,1,2000,0,0,0,0,0,0,0,0,0,0
220305,1,1,2000,0,0,0,0,0,0,0,0,0,0
220306,0,1,2000,0,0,0,0,0,0,0,0,0,0
220306,1,1,2000,0,0,0,0,0,0,0,0,0,0
220307,0,1,2000,0,40,19,0,0,0,19,0,0,0
220307,1,1,2000,0,0,0,0,0,0,0,0,0,0
220308,1,1,2000,8,8,8,8,8,8,8,8,8,8
220309,0,1,2000,18,27,18,17,21,0,15,13,15,17
220309,1,1,2000,12,19,0,0,10,3,11,0,0,8
220310,1,1,2000,9,9,9,9,9,9,9,9,9,9
220311,1,1,2000,0,0,0,0,0,0,0,0,0,0
220312,1,1,2000,10,10,10,10,10,10,10,10,10,10
220313,0,1,2000,23,10,26,20,10,0,0,38,17,0
220313,1,1,2000,15,3,21,31,9,0,18,0,10,0
220314,1,1,2000,0,0,0,0,0,0,0,0,0,0
220315,1,1,2000,15,15,15,15,15,15,15,15,15,15
220315,2,1,2000,0,0,0,0,0,0,0,0,0,0
220316,1,1,2000,0,0,0,0,0,0,0,0,0,0
220316,2,1,2000,0,0,0,0,0,0,0,0,0,0
220317,0,1,2000,15,15,15,15,15,15,15,15,15,15
220317,1,1,2000,21,21,21,21,21,21,21,21,21,21
220318,1,1,2000,16,16,16,16,16,16,16,16,16,16
220319,1,1,2000,0,0,0,0,0,0,0,0,0,0
220320,1,1,2000,0,0,0,0,0,0,0,0,0,0
220320,2,1,2000,0,0,0,0,0,0,0,0,0,0
220321,1,1,2000,0,0,0,0,0,0,0,0,0,0
220322,1,1,2000,0,0,0,0,0,0,0,0,0,0
220323,1,1,2000,18,18,18,18,18,18,18,18,18,18
220324,1,1,2000,0,0,0,13,0,0,0,13,0,0
220325,0,1,2000,0,12,15,33,28,27,10,0,30,15
220325,1,1,2000,0,0,0,0,0,0,0,0,0,0
220326,1,1,2000,0,0,0,0,0,0,0,0,0,0
220326,2,1,2000,10,0,0,0,0,0,0,0,0,0
220327,1,1,2000,30,30,30,30,30,30,30,30,30,30
220328,1,1,2000,0,0,0,0,0,0,0,0,0,0
220329,1,1,2000,17,17,17,17,17,17,17,17,17,17
220329,2,1,2000,0,0,0,0,0,0,0,0,0,0
220329,3,1,2000,0,0,0,0,0,0,0,0,0,0
220330,1,1,2000,10,10,10,10,10,10,10,10,10,10
220331,1,1,2000,0,0,0,0,0,0,0,0,0,0
220331,2,1,2000,0,0,0,0,0,0,0,0,0,0
220332,1,1,2000,13,13,13,13,13,13,13,13,13,13
220332,2,1,2000,0,0,0,0,0,0,0,0,0,0
220333,1,1,2000,0,0,0,0,0,0,0,0,0,0
220333,2,1,2000,0,0,0,0,0,0,0,0,0,0
220334,1,1,2000,25,25,25,25,25,25,25,25,25,25
220335,1,1,2000,16,16,16,16,16,16,16,16,16,16
220335,2,1,2000,0,0,0,0,0,0,0,0,0,0
220336,1,1,2000,0,0,0,0,0,0,0,0,0,0
220337,0,1,2000,0,0,15,6,13,23,21,18,0,0
220337,1,1,2000,0,0,0,0,0,0,0,0,0,0
220337,2,1,2000,0,0,0,0,4,0,0,0,0,0
220338,1,1,2000,0,0,0,0,0,0,0,0,15,0
220339,1,1,2000,0,0,0,0,0,0,0,0,0,0
220340,1,1,2000,20,17,0,22,0,0,0,0,0,0
220341,1,1,2000,0,0,0,0,0,0,0,0,0,0
220341,2,1,2000,0,0,0,0,0,0,0,0,0,0
220342,1,1,2000,17,17,17,17,17,17,17,17,17,17
220342,2,1,2000,24,8,0,38,14,0,14,17,10,10
220343,1,1,2000,0,0,0,0,0,0,0,0,0,0
220343,2,1,2000,0,0,0,0,0,0,0,0,0,0
220344,1,1,2000,22,35,27,19,0,18,25,31,27,42
220345,1,1,2000,27,19,11,13,17,22,28,23,8,12
220346,1,1,2000,11,11,11,11,11,11,11,11,11,11
220346,2,1,2000,0,0,0,0,0,0,0,0,0,0
220347,1,1,2000,0,0,0,0,0,0,0,0,0,0
220347,2,1,2000,0,0,0,0,0,0,0,0,0,0
220348,1,1,2000,8,8,8,8,8,8,8,8,8,8
220349,1,1,2000,0,0,0,0,0,0,0,0,0,0
220349,2,1,2000,0,0,0,0,0,0,0,0,0,0
220349,3,1,2000,0,0,0,12,0,0,0,0,0,0
220350,1,1,2000,0,0,0,0,0,9,0,0,0,0
220351,1,1,2000,26,26,26,26,26,26,26,26,26,26
220352,1,1,2000,12,26,11,4,11,33,16,27,17,25
220353,0,1,2000,26,26,26,26,26,26,26,26,26,26
220353,1,1,2000,16,16,16,16,16,16,16,16,16,16
220354,1,1,2000,23,23,23,23,23,23,23,23,23,23
220355,1,1,2000,0,0,0,0,0,0,0,0,0,0
220356,1,1,2000,0,0,0,0,0,0,0,0,0,0
220357,0,1,2000,0,0,0,0,0,0,0,0,0,0
220357,1,1,2000,0,0,0,0,0,0,0,0,0,0
220358,1,1,2000,0,0,0,0,0,0,0,0,0,0
220359,1,1,2000,24,24,24,24,24,24,24,24,24,24
220360,1,1,2000,0,0,0,0,0,0,12,0,0,0
220360,2,1,2000,7,7,7,7,7,7,7,7,7,7
220361,1,1,2000,0,0,0,0,0,0,0,0,0,0
220362,1,1,2000,0,0,13,0,0,0,0,0,0,0
220363,1,1,2000,0,0,0,0,0,0,0,0,0,32
220364,1,1,2000,0,0,0,0,0,0,0,0,0,0
220365,1,1,2000,4,4,4,4,4,4,4,4,4,4
220366,1,1,2000,0,0,0,0,0,0,0,0,0,0
220366,2,1,2000,0,0,0,0,0,0,0,0,0,0
220366,3,1,2000,0,0,0,0,0,0,0,0,0,0
220366,4,1,2000,0,0,0,0,0,0,0,0,0,0
220366,5,1,2000,0,0,0,0,0,0,0,0,0,26
220367,0,1,2000,25,25,25,25,25,25,25,25,25,25
220367,1,1,2000,3,3,3,3,3,3,3,3,3,3
220368,1,1,2000,0,0,0,0,0,0,0,0,0,0
220368,2,1,2000,0,0,0,0,0,0,0,0,0,0
220369,1,1,2000,0,0,0,0,0,0,0,0,0,0
220369,2,1,2000,0,0,0,0,0,0,0,0,0,0
220370,1,1,2000,0,0,0,0,0,0,0,0,0,0
220370,2,1,2000,0,0,0,0,0,0,0,0,0,0
220371,0,1,2000,12,0,34,30,0,16,5,0,37,9
220371,1,1,2000,0,0,0,5,0,0,0,0,0,0
220371,2,1,2000,0,0,0,0,0,0,0,0,0,0
220372,1,1,2000,19,19,19,19,19,19,19,19,19,19
220373,1,1,2000,0,0,0,0,0,0,0,0,0,0
220373,2,1,2000,0,0,0,0,0,0,0,0,0,0
220374,1,1,2000,7,7,7,7,7,7,7,7,7,7
220375,1,1,2000,18,18,18,18,18,18,18,18,18,18
220376,1,1,2000,0,0,0,0,0,0,0,0,0,0
220377,1,1,2000,0,0,0,0,0,0,0,0,0,0
220378,1,1,2000,26,26,26,26,26,26,26,26,26,26
220379,0,1,2000,36,18,0,6,31,0,26,23,21,28
220379,1,1,2000,0,0,0,0,0,0,0,0,0,0
220380,1,1,2000,5,5,5,5,5,5,5,5,5,5
220381,1,1,2000,16,16,16,16,16,16,16,16,16,16
220382,1,1,2000,9,9,9,9,9,9,9,9,9,9
220383,1,1,2000,17,9,16,27,10,21,17,13,0,0
220384,1,1,2000,22,20,24,10,0,0,37,0,16,14
220385,1,1,2000,0,20,0,0,0,7,0,0,0,0
220385,2,1,2000,0,0,0,0,0,0,0,0,0,0
220386,1,1,2000,17,0,0,14,0,0,0,0,5,0
220388,1,1,2000,0,0,0,0,0,0,0,0,0,0
220388,2,1,2000,0,0,0,0,0,0,0,0,0,0
220389,1,1,2000,0,22,27,0,23,25,8,33,0,12
220390,1,1,2000,0,0,0,0,0,0,0,0,0,16
220390,2,1,2000,0,12,0,0,0,0,0,9,0,0
220391,1,1,2000,0,0,0,0,18,0,12,0,0,0
220391,2,1,2000,0,0,13,10,0,9,0,0,0,0
220392,1,1,2000,0,0,0,0,0,0,0,0,0,0
220392,2,1,2000,0,0,0,0,0,0,0,0,0,0
220393,1,1,2000,22,6,20,19,8,13,15,19,27,18
220394,0,1,2000,0,0,0,0,0,0,0,0,0,0
220394,1,1,2000,0,0,0,0,0,0,0,0,0,0
220395,1,1,2000,0,28,14,18,20,23,13,0,0,22
220396,1,1,2000,0,15,8,20,12,0,0,0,0,0
220396,2,1,2000,0,0,0,0,0,0,0,0,0,0
220397,1,1,2000,0,0,0,0,0,0,0,0,0,0
220397,2,1,2000,0,0,0,0,0,0,0,0,0,0
220398,1,1,2000,0,0,0,0,0,0,0,0,0,0
220398,2,1,2000,18,20,6,0,0,0,15,16,0,16
220399,0,8,2000,0,0,0,0,0,0,0,0,0,0
220399,0,9,2000,14,0,0,0,0,0,0,0,0,19
220399,0,10,2000,20,0,0,0,0,24,0,0,0,0
220399,0,11,2000,3,0,0,0,0,0,0,0,0,0
220399,1,1,2000,0,0,0,0,0,0,0,0,0,0
220400,1,1,2000,3,3,3,3,3,3,3,3,3,3
220401,1,1,2000,0,0,0,0,0,0,0,0,0,0
220401,2,1,2000,0,0,0,0,0,0,0,0,0,0
220402,0,1,2000,15,34,20,8,6,7,16,25,0,25
220402,1,1,2000,0,0,0,0,0,0,0,0,0,0
220403,1,1,2000,0,10,17,7,0,26,0,15,11,0
220404,0,1,2000,0,0,0,0,0,0,0,0,0,0
220404,1,1,2000,0,0,0,0,0,0,0,0,0,0
220404,2,1,2000,0,0,0,0,0,0,0,0,0,0
220405,1,1,2000,0,0,0,0,0,0,0,0,0,0
220405,2,1,2000,0,0,0,0,0,0,0,0,0,0
220405,3,1,2000,0,0,0,0,0,0,0,0,0,0
220406,1,1,2000,20,20,20,20,20,20,20,20,20,20
220407,1,1,2000,0,0,0,0,0,0,0,0,0,0
220407,2,1,2000,0,0,0,0,0,0,0,0,0,0
220408,1,1,2000,32,32,32,32,32,32,32,32,32,32
220409,1,1,2000,0,0,0,0,0,0,0,0,0,0
220409,2,1,2000,0,0,0,0,0,0,0,0,0,0
220410,1,1,2000,29,29,29,29,29,29,29,29,29,29
220411,1,1,2000,0,0,0,28,30,11,31,25,0,15
220412,1,1,2000,6,6,6,6,6,6,6,6,6,6
220413,1,1,2000,18,18,18,18,18,18,18,18,18,18
220414,1,1,2000,19,19,19,19,19,19,19,19,19,19
220414,2,1,2000,0,0,0,0,0,0,0,0,0,0
220415,1,1,2000,22,0,9,11,12,15,36,0,17,13
220416,1,1,2000,0,0,0,0,0,0,0,0,0,0
220417,1,1,2000,0,0,0,0,0,0,0,0,0,0
220418,1,1,2000,0,13,4,19,8,6,14,26,9,8
220419,1,1,2000,0,0,0,13,0,0,0,0,0,0
220419,2,1,2000,0,0,0,0,0,0,0,0,0,0
220420,1,1,2000,0,0,0,0,0,0,0,0,0,0
220420,2,1,2000,0,0,0,0,0,0,0,0,0,0
220420,3,1,2000,0,0,0,0,0,0,0,0,0,0
220421,1,1,2000,12,12,12,12,12,12,12,12,12,12
220422,1,1,2000,0,0,0,0,0,0,0,0,0,0
220423,1,1,2000,0,0,0,0,0,0,0,0,0,0
220423,2,1,2000,0,0,0,0,0,0,0,0,0,0
220424,1,1,2000,17,17,17,17,17,17,17,17,17,17
220425,1,1,2000,0,0,0,0,0,0,0,0,0,0
220426,1,1,2000,9,9,9,9,9,9,9,9,9,9
220427,1,1,2000,8,8,8,8,8,8,8,8,8,8
220428,1,1,2000,0,0,0,0,0,0,0,0,0,0
220428,2,1,2000,0,0,0,0,0,0,0,0,0,0
220429,1,1,2000,12,12,12,12,12,12,12,12,12,12
220430,1,1,2000,13,13,13,13,13,13,13,13,13,13
220431,1,1,2000,0,0,0,0,0,0,0,0,0,0
220431,2,1,2000,0,0,0,0,0,0,0,0,0,0
220432,0,1,2000,14,14,14,14,14,14,14,14,14,14
220432,1,1,2000,0,0,0,22,29,12,0,12,6,17
220433,1,1,2000,0,0,0,0,0,0,0,0,0,0
220434,1,1,2000,0,0,0,0,0,0,0,0,0,0
220435,1,1,2000,0,0,0,0,0,0,0,0,0,0
220436,1,1,2000,0,0,0,0,0,0,0,0,0,0
220436,2,1,2000,0,0,0,0,0,0,0,0,0,0
220437,1,1,2000,17,17,17,17,17,17,17,17,17,17
220437,2,1,2000,0,0,0,0,0,0,0,0,0,0
220437,3,1,2000,0,0,0,0,0,0,0,0,0,0
220438,1,1,2000,0,0,0,0,0,0,0,0,0,0
220438,2,1,2000,0,0,0,0,12,0,0,0,17,0
220439,1,1,2000,0,0,15,0,25,9,0,24,14,35
220440,1,1,2000,0,0,0,0,0,0,0,0,0,0
220440,2,1,2000,0,0,0,0,0,0,0,0,0,0
220440,3,1,2000,18,0,0,0,0,0,0,0,0,0
220440,4,1,2000,0,0,0,0,0,0,0,0,0,0
220441,0,1,2000,0,0,0,0,0,0,0,0,0,0
220441,1,1,2000,0,0,0,0,14,0,0,0,0,0
220442,1,1,2000,0,0,0,22,0,14,0,0,13,0
220443,1,1,2000,0,0,0,0,0,0,0,0,0,0
220443,2,1,2000,0,0,0,0,0,0,0,0,0,0
220444,1,1,2000,0,0,0,0,0,0,36,0,0,0
220444,2,1,2000,0,18,0,0,0,0,24,0,0,0
220445,1,1,2000,0,0,0,0,0,0,0,0,0,0
220446,1,1,2000,0,0,0,0,0,0,0,0,0,0
220446,2,1,2000,0,0,0,0,0,0,0,0,0,0
220446,3,1,2000,0,0,0,0,0,0,27,0,0,0
220446,4,1,2000,0,0,0,0,0,0,0,0,0,0
220446,5,1,2000,0,0,0,0,0,0,0,0,0,0
220446,6,1,2000,0,0,0,0,0,0,0,0,0,0
220446,7,1,2000,0,3,0,0,0,0,0,0,0,0
220447,1,1,2000,9,9,9,9,9,9,9,9,9,9
220448,1,1,2000,36,36,36,36,36,36,36,36,36,36
220449,0,1,2000,18,0,0,0,0,0,0,0,0,0
220449,1,1,2000,0,0,0,0,0,0,0,0,0,0
220450,1,1,2000,0,0,0,0,0,0,0,0,0,0
220451,1,1,2000,0,0,0,0,0,0,0,0,0,0
220451,2,1,2000,0,0,0,0,0,0,0,0,0,0
220452,1,1,2000,0,0,0,0,0,0,0,0,0,0
220452,2,1,2000,0,0,0,0,0,0,0,0,0,0
220453,0,1,2000,0,0,0,0,0,0,0,0,0,0
220453,1,1,2000,0,0,0,0,0,0,0,0,0,0
220454,1,1,2000,0,0,0,0,0,0,0,0,0,0
220454,2,1,2000,0,0,0,0,0,0,0,0,0,0
220455,1,1,2000,0,0,0,0,0,0,0,0,0,0
220456,1,1,2000,0,0,0,0,0,0,0,0,0,0
220456,2,1,2000,14,6,0,0,0,0,21,0,0,0
220457,1,1,2000,0,0,0,0,0,0,0,0,0,0
220458,1,1,2000,2,9,17,11,5,5,28,15,21,21
220459,1,1,2000,16,16,16,16,16,16,16,16,16,16
220460,0,1,2000,0,0,0,0,2,0,0,0,0,15
220460,1,1,2000,2,2,2,2,2,2,2,2,2,2
220461,1,1,2000,0,0,0,15,23,25,0,0,0,0
220461,2,1,2000,0,26,0,0,13,0,0,0,0,0
220462,1,1,2000,2,2,2,2,2,2,2,2,2,2
220462,2,1,2000,7,7,7,7,7,7,7,7,7,7
220463,1,1,2000,0,0,0,0,0,0,0,0,0,12
220463,2,1,2000,0,0,0,0,0,0,0,0,0,0
220464,1,1,2000,0,0,0,0,0,0,0,0,0,0
220464,2,1,2000,0,0,0,0,0,0,0,0,0,0
220464,3,1,2000,0,0,0,0,0,0,0,0,0,0
220465,1,1,2000,6,6,6,6,6,6,6,6,6,6
220466,0,1,2000,17,15,25,16,42,20,0,28,18,30
220466,1,1,2000,0,0,0,0,0,0,0,0,0,0
220467,1,1,2000,0,0,0,0,0,0,0,0,0,0
220467,2,1,2000,0,0,0,0,0,0,0,0,0,0
220468,1,1,2000,0,0,0,0,0,0,0,0,0,0
220468,2,1,2000,0,0,0,0,0,0,0,0,0,0
220469,1,1,2000,27,27,27,27,27,27,27,27,27,27
220470,1,1,2000,0,0,0,0,0,0,0,0,0,0
220470,2,1,2000,0,0,0,0,0,0,0,0,0,0
220471,1,1,2000,0,0,0,0,0,0,0,0,0,0
220472,0,1,2000,3,0,0,0,0,0,0,0,0,0
220472,1,1,2000,0,0,0,0,0,0,0,0,0,0
220473,1,1,2000,0,0,0,0,0,0,0,0,0,0
220473,2,1,2000,0,0,0,0,0,0,0,0,0,0
220474,1,1,2000,11,0,12,0,6,8,7,5,0,0
220475,1,1,2000,1,1,1,1,1,1,1,1,1,1
220476,0,1,2000,0,0,0,0,0,0,0,0,0,0
220476,1,1,2000,27,27,27,27,27,27,27,27,27,27
220477,1,1,2000,0,13,0,0,0,0,0,0,0,0
220477,2,1,2000,0,0,0,5,0,0,0,0,0,0
220477,3,1,2000,0,0,0,0,0,0,0,0,0,0
220478,1,1,2000,10,10,10,10,10,10,10,10,10,10
220478,2,1,2000,0,0,0,0,0,0,0,0,0,0
220479,1,1,2000,0,0,0,0,0,0,0,0,0,0
220479,2,1,2000,0,0,0,0,0,0,0,0,0,0
220480,1,1,2000,22,14,25,22,27,13,0,29,16,18
220481,1,1,2000,1,1,1,1,1,1,1,1,1,1
220482,1,1,2000,0,0,16,23,0,23,15,0,0,0
220483,1,1,2000,0,0,0,0,0,10,22,0,13,0
220484,1,1,2000,0,0,0,0,0,0,13,0,0,0
220485,1,1,2000,19,19,19,19,19,19,19,19,19,19
220486,1,1,2000,11,11,11,11,11,11,11,11,11,11
220487,1,1,2000,0,0,0,0,0,0,0,0,0,0
220488,1,1,2000,0,0,0,0,0,0,0,0,0,0
220489,1,1,2000,17,17,17,17,17,17,17,17,17,17
220490,1,1,2000,0,0,0,0,0,0,0,0,0,0
220490,2,1,2000,0,0,0,0,0,0,0,0,0,0
220490,3,1,2000,0,0,0,0,0,0,0,0,0,0
220491,1,1,2000,0,0,0,0,0,0,0,0,0,0
220491,2,1,2000,0,0,0,0,0,0,0,0,0,0
220492,1,1,2000,0,0,0,0,0,0,0,0,0,0
220492,2,1,2000,0,0,0,0,0,0,0,0,0,0
220492,3,1,2000,0,0,0,0,0,0,0,0,0,0
220493,1,1,2000,0,0,0,0,0,0,0,0,0,0
220493,2,1,2000,0,0,0,0,0,0,0,0,0,0
220494,1,1,2000,17,17,17,17,17,17,17,17,17,17
220495,1,1,2000,0,0,0,0,0,0,0,0,0,0
220495,2,1,2000,0,0,0,0,0,0,0,0,0,0
220495,3,1,2000,0,0,0,0,0,0,0,0,0,0
220496,1,1,2000,15,15,15,15,15,15,15,15,15,15
220497,1,1,2000,0,0,27,0,0,0,0,0,0,0
220497,2,1,2000,0,0,0,0,0,0,0,0,0,0
220498,1,1,2000,3,3,3,3,3,3,3,3,3,3
220498,2,1,2000,2,2,2,2,2,2,2,2,2,2
220499,1,1,2000,20,20,20,20,20,20,20,20,20,20
220500,1,1,2000,5,33,8,19,15,13,18,22,13,28
220501,1,1,2000,18,18,18,18,18,18,18,18,18,18
220502,1,1,2000,21,21,21,21,21,21,21,21,21,21
220502,2,1,2000,0,0,0,0,0,0,0,0,0,0
220503,1,1,2000,0,0,13,0,0,0,11,0,0,0
220504,1,1,2000,0,0,0,0,0,0,0,0,0,0
220505,1,1,2000,0,0,0,0,0,0,0,0,0,18
220506,1,1,2000,0,0,0,0,0,0,0,0,0,0
220507,1,1,2000,0,0,0,0,0,0,0,0,0,0
220508,1,1,2000,0,0,0,0,0,0,0,0,0,0
220509,1,1,2000,0,0,0,0,0,0,0,0,0,0
220509,2,1,2000,3,0,0,0,0,0,0,0,0,0
220509,3,1,2000,0,0,0,24,0,0,0,0,0,0
220509,4,1,2000,0,0,0,0,0,0,0,0,0,0
220509,5,1,2000,0,0,0,0,0,0,0,0,0,0
220509,6,1,2000,0,0,0,0,0,0,0,0,0,0
220510,1,1,2000,17,17,17,17,17,17,17,17,17,17
220510,2,1,2000,0,0,0,0,0,0,0,0,7,0
220511,0,1,2000,28,0,24,38,5,0,6,25,16,0
220511,1,1,2000,0,9,0,0,0,0,0,0,0,0
220512,1,1,2000,29,25,0,10,0,24,12,0,22,21
220513,0,1,2000,16,16,16,16,16,16,16,16,16,16
220513,1,1,2000,4,4,4,4,4,4,4,4,4,4
220514,1,1,2000,6,25,4,31,0,0,0,0,0,17
220515,1,1,2000,18,38,36,27,0,11,27,6,0,6
220516,0,1,2000,24,24,24,24,24,24,24,24,24,24
220516,1,1,2000,16,16,16,16,16,16,16,16,16,16
220517,1,1,2000,0,0,16,0,13,25,0,16,11,0
220518,1,1,2000,15,15,15,15,15,15,15,15,15,15
220519,1,1,2000,0,0,0,0,0,0,0,0,0,0
220519,2,1,2000,0,0,0,0,9,0,0,0,0,0
220520,1,1,2000,0,0,0,0,0,0,0,0,0,0
220521,1,1,2000,0,0,0,7,0,0,0,0,0,0
220521,2,1,2000,0,0,0,0,0,0,0,0,0,0
220522,1,1,2000,0,0,0,0,0,0,0,0,0,0
220522,2,1,2000,0,0,0,0,0,0,0,0,0,0
220523,0,1,2000,0,0,0,0,0,0,0,0,0,0
220524,1,1,2000,6,6,6,6,6,6,6,6,6,6
220525,1,1,2000,10,10,10,10,10,10,10,10,10,10
220525,2,1,2000,0,0,0,0,0,0,0,0,0,0
220526,0,1,2000,0,0,0,0,0,0,0,0,0,0
220526,1,1,2000,0,0,0,0,0,0,0,0,0,0
220527,1,1,2000,0,0,0,0,0,0,0,0,0,10
220528,1,1,2000,0,0,0,0,0,0,0,0,0,0
220528,2,1,2000,0,0,0,0,0,0,0,0,0,0
220529,0,1,2000,11,27,0,6,0,0,0,18,0,0
220529,1,1,2000,0,0,0,0,0,0,0,0,5,0
220530,1,1,2000,18,18,18,18,18,18,18,18,18,18
220531,1,1,2000,8,8,8,8,8,8,8,8,8,8
220532,1,1,2000,13,13,13,13,13,13,13,13,13,13
220533,0,1,2000,0,0,0,0,0,0,0,0,0,0
220533,1,1,2000,0,0,0,0,0,0,0,0,0,0
220534,1,1,2000,20,20,20,20,20,20,20,20,20,20
220535,1,1,2000,16,16,16,16,16,16,16,16,16,16
220536,1,1,2000,0,0,24,0,16,0,0,0,0,0