ST_CASE,VEH_NO,PER_NO,YEAR,P1,P2,P3,P4,P5,P6,P7,P8,P9,P10
220537,1,1,2000,15,15,15,15,15,15,15,15,15,15
220538,1,1,2000,17,17,17,17,17,17,17,17,17,17
220539,1,1,2000,11,0,0,6,0,0,0,0,0,0
220540,0,1,2000,36,36,36,36,36,36,36,36,36,36
220540,1,1,2000,0,0,0,14,0,9,22,0,0,21
220541,0,1,2000,0,0,18,17,0,32,0,0,0,0
220541,1,1,2000,0,0,0,0,0,0,0,0,0,0
220542,0,1,2000,0,0,0,0,0,0,0,0,0,0
220542,1,1,2000,0,0,0,0,0,0,0,0,0,0
220543,0,1,2000,20,20,20,20,20,20,20,20,20,20
220543,1,1,2000,0,0,0,0,0,0,17,0,17,0
220544,1,1,2000,11,11,11,11,11,11,11,11,11,11
220544,2,1,2000,0,0,0,0,0,0,0,0,0,0
220545,0,1,2000,22,22,22,22,22,22,22,22,22,22
220545,1,1,2000,15,15,15,15,15,15,15,15,15,15
220545,2,1,2000,0,0,0,11,11,0,19,0,10,0
220546,1,1,2000,12,31,12,0,13,4,17,27,17,23
220547,1,1,2000,19,0,12,0,19,17,0,20,13,23
220548,1,1,2000,14,3,10,19,15,6,25,22,12,23
220549,1,1,2000,0,0,0,0,0,0,0,0,0,0
220550,1,1,2000,0,0,0,0,0,0,0,0,0,0
220551,1,1,2000,0,0,0,0,0,0,0,0,0,0
220552,0,1,2000,0,15,0,0,0,0,5,0,0,20
220552,1,1,2000,0,0,0,0,0,0,0,0,0,0
220553,1,1,2000,0,0,0,0,0,0,0,0,0,0
220554,1,1,2000,0,0,0,0,0,0,10,15,26,0
220555,1,1,2000,0,0,0,0,0,0,0,0,0,0
220555,2,1,2000,0,0,0,0,0,0,0,0,0,0
220555,3,1,2000,0,0,0,0,0,0,34,0,0,0
220556,1,1,2000,0,0,0,0,0,0,0,0,0,0
220557,1,1,2000,0,0,0,0,0,0,0,0,0,0
220558,1,1,2000,0,0,0,0,0,0,0,0,0,0
220559,1,1,2000,18,0,0,0,10,0,0,0,0,0
220560,1,1,2000,4,0,8,0,0,0,6,11,0,0
220561,1,1,2000,0,0,0,0,0,0,0,0,0,0
220562,1,1,2000,30,30,30,30,30,30,30,30,30,30
220563,1,1,2000,0,0,0,0,0,0,0,0,0,0
220564,1,1,2000,25,25,25,25,25,25,25,25,25,25
220565,0,1,2000,31,31,31,31,31,31,31,31,31,31
220565,1,1,2000,0,0,0,0,0,0,0,0,0,0
220566,1,1,2000,16,16,16,16,16,16,16,16,16,16
220567,1,1,2000,0,0,0,0,0,0,0,0,0,0
220567,2,1,2000,0,0,0,0,0,0,0,0,0,0
220568,1,1,2000,19,19,19,19,19,19,19,19,19,19
220569,1,1,2000,0,0,0,0,0,0,0,0,0,0
220570,1,1,2000,0,0,0,12,0,0,0,0,0,0
220571,1,1,2000,19,6,20,11,28,17,8,0,9,34
220572,1,1,2000,0,0,0,0,0,0,0,0,0,0
220572,2,1,2000,0,0,0,0,0,0,0,0,0,0
220573,1,1,2000,0,0,0,0,0,0,0,0,0,0
220573,2,1,2000,0,0,0,0,0,0,0,0,0,0
220574,1,1,2000,0,0,0,0,0,0,0,0,0,0
220575,1,1,2000,11,11,11,11,11,11,11,11,11,11
220576,1,1,2000,0,0,0,0,18,0,0,0,0,0
220576,2,1,2000,0,8,0,35,16,0,0,0,0,0
220577,1,1,2000,17,14,0,0,14,5,17,8,0,0
220578,0,1,2000,0,0,0,0,0,0,0,0,0,0
220578,1,1,2000,0,0,0,0,0,0,0,0,0,0
220579,1,1,2000,0,0,0,0,0,0,0,0,0,0
220580,1,1,2000,0,0,0,0,0,0,0,0,0,0
220581,1,1,2000,0,26,13,18,16,41,16,0,0,30
220582,1,1,2000,0,0,0,0,0,0,0,0,10,0
220582,2,1,2000,16,15,0,0,0,0,0,0,0,0
220583,1,1,2000,0,0,0,0,0,0,0,0,0,0
220584,1,1,2000,24,21,0,25,25,19,23,22,4,30
220584,2,1,2000,0,20,15,0,0,0,4,5,0,0
220585,1,1,2000,13,26,18,0,0,15,14,19,12,23
220586,1,1,2000,0,13,21,11,21,15,17,7,15,35
220587,0,1,2000,0,0,0,0,0,19,0,0,0,0
220587,1,1,2000,0,0,0,0,0,0,0,0,0,0
220587,2,1,2000,20,0,0,0,0,0,0,0,0,0
220588,1,1,2000,0,14,0,14,0,0,15,0,0,10
220588,2,1,2000,0,0,0,0,0,5,0,0,0,0
220589,1,1,2000,0,0,0,21,0,5,25,15,0,0
220590,0,1,2000,0,0,0,17,0,0,8,0,22,0
220590,1,1,2000,6,6,6,6,6,6,6,6,6,6
220591,1,1,2000,0,0,17,4,16,18,22,13,8,28
220592,1,1,2000,26,27,14,13,9,12,14,7,19,29
220593,1,1,2000,0,0,0,0,0,0,0,0,0,0
220594,0,1,2000,0,0,40,4,9,20,0,17,5,19
220594,1,1,2000,22,22,22,22,22,22,22,22,22,22
220595,1,1,2000,0,0,0,0,0,0,0,0,0,0
220595,2,1,2000,0,0,0,0,0,0,0,0,0,0
220596,1,1,2000,21,21,21,21,21,21,21,21,21,21
220596,2,1,2000,0,0,0,0,0,0,0,0,0,0
220597,1,1,2000,0,0,0,0,0,0,0,0,0,0
220597,2,1,2000,0,0,0,0,0,0,0,0,0,0
220598,1,1,2000,18,18,18,18,18,18,18,18,18,18
220598,2,1,2000,0,0,0,0,0,0,26,0,0,0
220598,3,1,2000,0,0,0,0,0,0,0,0,4,0
220599,1,1,2000,0,0,0,0,0,0,0,0,0,0
220599,2,1,2000,0,0,0,0,0,11,0,0,0,0
220600,1,1,2000,11,0,0,0,0,0,9,0,0,0
220600,2,1,2000,0,0,0,0,0,0,0,0,0,0
220601,1,1,2000,0,0,0,0,0,0,0,0,0,0
220602,1,1,2000,0,0,0,0,0,0,0,0,0,3
220602,2,1,2000,0,0,0,0,0,0,0,0,0,0
220603,1,1,2000,9,9,9,9,9,9,9,9,9,9
220603,2,1,2000,0,0,0,0,0,0,0,0,0,0
220603,3,1,2000,0,17,15,0,18,8,0,0,0,0
220604,1,1,2000,16,28,21,25,17,25,9,21,32,7
220605,1,1,2000,0,0,0,3,0,0,0,21,18,10
220606,0,1,2000,11,20,0,15,0,0,0,0,0,27
220606,1,1,2000,0,0,0,0,0,0,0,0,0,0
220607,0,1,2000,0,0,0,0,6,0,0,0,0,0
220607,0,2,2000,0,0,0,0,0,0,0,0,0,0
220607,0,3,2000,0,0,0,0,0,0,0,0,0,0
220607,1,1,2000,0,0,0,0,0,0,0,0,0,0
220608,1,1,2000,0,0,0,0,0,0,0,0,0,0
220608,2,1,2000,0,0,0,0,0,0,0,0,0,0
220608,3,1,2000,0,0,0,0,0,0,0,0,0,0
220609,1,1,2000,0,0,0,0,0,0,0,0,0,0
220610,0,1,2000,21,32,36,23,18,23,0,0,38,17
220610,1,1,2000,11,11,11,11,11,11,11,11,11,11
220611,0,1,2000,0,0,0,0,0,0,0,0,0,0
220611,1,1,2000,0,0,0,0,0,0,0,0,0,0
220612,0,1,2000,12,12,12,12,12,12,12,12,12,12
220612,1,1,2000,0,0,0,0,0,0,0,0,0,0
220613,1,1,2000,0,0,0,0,0,0,0,0,0,0
220613,2,1,2000,0,0,0,0,0,0,28,0,11,4
220613,3,1,2000,0,0,0,0,0,0,0,0,0,0
220614,1,1,2000,23,23,23,23,23,23,23,23,23,23
220615,1,1,2000,13,13,13,13,13,13,13,13,13,13
220616,1,1,2000,0,9,0,0,0,0,0,11,0,17
220618,1,1,2000,24,22,18,23,16,19,6,35,8,28
220619,0,1,2000,0,0,40,22,34,0,0,23,0,0
220619,1,1,2000,0,0,0,0,0,0,0,0,0,0
220620,1,1,2000,13,13,13,13,13,13,13,13,13,13
220620,2,1,2000,0,0,27,27,17,4,8,0,3,0
220621,1,1,2000,13,17,22,13,0,7,19,12,10,16
220621,2,1,2000,8,0,11,0,0,13,0,11,0,0
220622,0,1,2000,30,30,30,30,30,30,30,30,30,30
220622,1,1,2000,8,26,14,15,12,19,14,11,26,5
220623,1,1,2000,0,0,0,10,0,0,13,0,0,0
220623,2,1,2000,0,40,0,0,0,0,0,0,0,0
220624,1,1,2000,0,0,0,0,0,0,0,0,0,0
220624,2,1,2000,0,25,0,0,0,0,0,8,0,0
220625,1,1,2000,0,0,0,0,0,0,0,12,0,0
220626,1,1,2000,0,0,0,0,0,0,0,0,0,0
220627,0,1,2000,0,0,0,0,0,0,0,0,0,0
220627,1,1,2000,0,0,0,0,0,0,0,0,0,0
220628,0,1,2000,0,0,0,0,12,12,7,19,0,0
220628,1,1,2000,0,0,0,0,0,0,0,0,0,0
220629,1,1,2000,0,0,0,0,0,0,0,0,0,0
220629,2,1,2000,0,0,0,4,0,0,0,0,0,0
220629,3,1,2000,0,0,0,0,0,0,0,0,0,0
220630,1,1,2000,0,0,0,0,9,0,31,0,0,0
220631,1,1,2000,0,28,0,15,0,6,0,0,12,0
220631,2,1,2000,0,0,0,0,0,20,0,0,0,0
220632,0,1,2000,8,27,9,0,0,29,0,9,28,0
220632,1,1,2000,0,0,0,0,0,0,0,0,0,0
220632,2,1,2000,0,0,0,0,0,0,0,0,0,0
220633,0,1,2000,22,0,27,22,23,0,0,29,0,0
220633,1,1,2000,6,6,6,6,6,6,6,6,6,6
220634,0,1,2000,34,21,26,20,29,22,17,27,10,24
220634,1,1,2000,35,15,6,25,0,18,0,21,0,30
220635,1,1,2000,0,0,16,0,0,0,0,0,0,0
220635,2,1,2000,0,0,0,0,0,0,0,0,0,0
220636,1,1,2000,0,0,0,0,0,0,0,0,0,0
220636,2,1,2000,0,0,0,0,0,0,0,0,0,0
220636,3,1,2000,0,0,0,0,0,0,0,0,0,0
220637,1,1,2000,0,0,0,0,0,0,0,0,0,0
220637,2,1,2000,0,0,0,0,0,0,0,0,0,0
220638,1,1,2000,20,0,0,0,0,0,0,16,0,0
220638,2,1,2000,0,0,0,0,0,0,0,0,0,21
220639,1,1,2000,0,0,0,0,0,0,0,0,0,0
220640,1,1,2000,0,0,0,0,0,0,0,0,0,0
220640,2,1,2000,2,2,2,2,2,2,2,2,2,2
220641,1,1,2000,0,0,0,0,9,0,0,0,0,0
220641,2,1,2000,0,0,0,0,0,0,0,0,0,0
220642,1,1,2000,12,0,21,12,4,18,21,0,7,11
220643,1,1,2000,0,0,0,18,32,0,0,20,5,0
220644,1,1,2000,0,23,0,25,9,0,32,25,6,11
220645,1,1,2000,0,0,0,0,0,0,19,0,0,0
220645,2,1,2000,0,0,0,0,0,0,0,0,0,0
220645,3,1,2000,0,0,0,5,0,38,13,0,0,0
220645,4,1,2000,0,0,0,0,0,0,0,0,0,0
220646,1,1,2000,0,0,0,0,0,0,0,0,0,0
220646,2,1,2000,0,0,0,0,0,0,0,0,0,0
220647,1,1,2000,0,0,0,0,0,0,0,0,0,0
220647,2,1,2000,0,0,0,0,0,0,0,0,0,0
220648,1,1,2000,23,23,23,23,23,23,23,23,23,23
220649,1,1,2000,47,47,47,47,47,47,47,47,47,47
220650,1,1,2000,0,0,0,0,0,5,0,0,0,0
220650,2,2,2000,0,0,0,0,0,0,0,0,0,0
220651,1,1,2000,0,0,0,0,0,0,0,0,0,0
220651,2,1,2000,0,0,0,0,0,0,0,0,0,0
220651,3,1,2000,0,0,0,0,0,0,0,0,0,24
220652,1,2,2000,15,13,0,11,21,16,13,15,16,0
220653,1,1,2000,4,0,0,0,0,0,0,0,0,0
220654,1,1,2000,18,0,8,4,17,0,9,28,6,0
220654,2,1,2000,0,0,0,0,0,0,0,0,0,0
220654,3,1,2000,0,0,0,21,0,0,0,0,0,0
220654,4,1,2000,0,0,0,0,0,0,0,0,0,0
220655,1,1,2000,25,27,18,24,21,20,5,20,35,39
220656,1,1,2000,0,0,0,0,0,0,0,0,0,0
220656,2,1,2000,0,0,0,0,0,0,0,0,0,0
220657,1,1,2000,0,0,0,0,0,0,0,0,0,0
220657,2,1,2000,0,12,0,0,0,0,8,0,0,0
220658,1,1,2000,0,0,0,0,0,0,0,0,0,0
220659,1,1,2000,0,0,0,0,14,0,0,20,5,0
220659,2,1,2000,0,0,0,0,0,0,0,0,0,0
220660,1,1,2000,0,0,0,0,0,0,0,0,0,0
220660,2,1,2000,0,0,0,0,0,0,0,0,0,0
220661,1,1,2000,0,0,0,0,0,0,0,0,0,0
220661,2,1,2000,0,0,0,0,0,0,0,0,0,0
220661,3,1,2000,0,0,0,0,0,0,0,0,0,0
220662,1,1,2000,0,0,0,0,0,0,0,0,0,0
220662,2,1,2000,0,0,0,0,0,0,0,0,0,0
220662,3,1,2000,0,0,0,0,0,0,0,0,0,0
220662,4,1,2000,0,0,0,0,0,0,0,0,0,0
220663,1,1,2000,13,13,13,13,13,13,13,13,13,13
220664,1,1,2000,0,0,17,0,0,10,20,16,6,0
220665,1,1,2000,0,0,0,0,0,0,0,0,0,0
220665,2,1,2000,0,0,0,0,0,0,0,0,0,8
220666,1,1,2000,0,9,0,0,0,0,0,0,0,8
220666,2,1,2000,0,0,0,0,0,0,0,0,0,0
220667,1,1,2000,0,0,0,0,0,0,0,0,0,0
220667,2,1,2000,0,0,0,0,0,0,0,0,0,0
220668,1,1,2000,14,20,0,5,0,0,20,16,0,26
220668,2,1,2000,0,0,0,0,0,0,0,0,0,0
220670,1,1,2000,23,23,23,23,23,23,23,23,23,23
220671,1,1,2000,4,4,4,4,4,4,4,4,4,4
220672,1,1,2000,6,0,0,9,40,13,0,0,13,0
220673,1,1,2000,6,13,7,11,18,24,0,7,11,20
220674,0,1,2000,0,23,0,12,16,0,6,0,13,0
220674,1,1,2000,10,10,10,10,10,10,10,10,10,10
220675,1,1,2000,0,0,0,0,0,0,10,19,0,0
220675,2,1,2000,0,0,0,0,0,0,0,0,0,0
220676,1,1,2000,0,0,0,0,0,0,0,0,0,0
220676,2,1,2000,0,0,0,0,0,0,0,0,0,0
220677,1,1,2000,0,0,0,0,18,0,0,0,0,13
220678,1,1,2000,0,0,0,2,0,12,0,11,0,0
220679,1,1,2000,31,31,31,31,31,31,31,31,31,31
220680,1,1,2000,0,0,0,0,0,0,0,0,0,0
220680,2,1,2000,0,0,0,0,0,0,0,0,0,0
220681,1,1,2000,0,0,0,0,0,0,0,0,0,0
220681,2,1,2000,0,0,0,0,0,0,0,0,0,0
220682,1,1,2000,14,20,0,0,0,4,0,14,52,15
220683,1,1,2000,0,0,0,0,0,0,0,0,0,0
220683,2,1,2000,0,0,0,0,0,0,0,0,0,0
220684,1,1,2000,64,64,64,64,64,64,64,64,64,64
220684,2,1,2000,0,0,0,0,0,0,0,0,0,0
220685,0,1,2000,0,0,0,0,0,0,0,0,0,0
220685,1,1,2000,0,0,0,0,0,0,0,0,0,0
220686,0,1,2000,24,24,24,24,24,24,24,24,24,24
220686,1,1,2000,0,14,0,0,0,0,0,0,9,0
220687,1,1,2000,0,0,0,0,0,0,0,0,0,0
220688,1,1,2000,0,0,0,0,0,0,0,0,0,0
220689,0,1,2000,20,0,47,0,3,0,3,19,0,0
220689,1,1,2000,0,0,0,0,0,0,0,0,0,0
220690,1,1,2000,0,0,0,0,0,0,0,0,0,0
220691,1,1,2000,14,14,14,14,14,14,14,14,14,14
220691,2,1,2000,0,0,0,0,0,0,0,0,0,0
220692,1,1,2000,0,0,0,0,0,0,0,0,0,0
220693,1,1,2000,26,26,26,26,26,26,26,26,26,26
220694,0,1,2000,32,32,32,32,32,32,32,32,32,32
220694,1,1,2000,4,4,4,4,4,4,4,4,4,4
220695,1,1,2000,13,13,13,13,13,13,13,13,13,13
220695,2,1,2000,0,0,0,0,0,0,0,0,0,0
220696,1,1,2000,0,10,24,0,0,12,0,12,16,0
220697,0,1,2000,0,0,0,0,0,0,0,0,0,0
220697,1,1,2000,13,13,13,13,13,13,13,13,13,13
220698,1,1,2000,18,18,18,18,18,18,18,18,18,18
220698,2,1,2000,0,0,0,0,0,0,0,0,0,0
220699,1,1,2000,11,11,11,11,11,11,11,11,11,11
220700,1,1,2000,11,0,17,14,0,32,9,22,0,26
220701,1,1,2000,8,7,0,0,0,0,0,0,0,0
220701,2,1,2000,0,0,0,0,0,0,0,0,0,0
220702,1,1,2000,0,0,0,0,0,0,0,0,0,0
220702,2,1,2000,0,0,0,0,0,0,0,0,0,0
220702,3,1,2000,0,0,0,0,0,0,0,0,0,0
220703,0,1,2000,6,6,6,6,6,6,6,6,6,6
220703,0,2,2000,27,27,27,27,27,27,27,27,27,27
220703,1,1,2000,4,4,4,4,4,4,4,4,4,4
220704,1,1,2000,0,0,0,0,0,0,0,0,0,0
220705,1,1,2000,10,10,10,10,10,10,10,10,10,10
220706,0,1,2000,33,33,33,33,33,33,33,33,33,33
220706,1,1,2000,0,0,0,0,0,0,0,0,0,0
220707,1,1,2000,10,10,10,10,10,10,10,10,10,10
220708,1,1,2000,0,0,0,0,0,0,0,0,0,0
220708,2,1,2000,0,0,0,0,0,0,0,0,0,0
220709,1,1,2000,17,17,17,17,17,17,17,17,17,17
220709,2,1,2000,0,0,0,0,0,0,0,0,0,0
220709,3,1,2000,0,0,0,0,0,0,0,0,0,0
220710,1,1,2000,19,19,19,19,19,19,19,19,19,19
220711,1,1,2000,10,15,14,0,13,13,15,16,31,17
220711,2,1,2000,0,0,0,0,0,0,0,0,0,0
220712,1,1,2000,0,0,0,0,0,0,17,16,7,0
220712,2,1,2000,0,0,0,0,0,0,0,0,0,0
220713,1,1,2000,12,11,21,33,5,9,10,27,18,0
220714,1,1,2000,0,0,0,0,0,0,0,0,0,0
220714,2,1,2000,0,0,0,3,0,0,0,0,0,0
220715,0,1,2000,0,0,0,0,0,0,0,0,0,0
220715,1,1,2000,0,0,0,0,0,0,0,0,0,0
220716,1,1,2000,0,0,0,0,0,0,0,0,0,0
220716,2,1,2000,0,0,0,0,0,0,0,0,0,0
220717,1,1,2000,0,0,0,0,0,0,0,0,0,0
220717,2,1,2000,0,0,0,0,0,0,0,0,0,0
220718,1,1,2000,0,0,0,0,0,0,0,0,0,0
220718,2,1,2000,0,0,0,0,0,0,0,0,0,0
220719,1,1,2000,15,15,15,15,15,15,15,15,15,15
220720,1,1,2000,0,0,0,0,0,0,0,0,0,0
220720,2,1,2000,0,0,0,0,0,0,0,0,0,0
220721,1,1,2000,0,0,0,0,0,0,0,20,0,0
220721,2,1,2000,0,0,0,0,0,0,0,0,0,0
220722,0,1,2000,20,0,0,0,0,0,0,0,0,0
220722,1,1,2000,0,0,0,0,0,0,0,10,0,0
220723,1,1,2000,0,0,0,0,0,0,0,0,0,0
220724,1,1,2000,20,20,20,20,20,20,20,20,20,20
220725,1,1,2000,0,0,0,0,0,0,0,0,0,0
220726,1,1,2000,0,0,0,0,0,0,0,0,0,0
220726,2,1,2000,0,0,0,0,0,0,0,0,0,0
220727,1,1,2000,14,14,14,14,14,14,14,14,14,14
220727,2,1,2000,0,0,0,0,0,0,0,0,0,0
220728,1,1,2000,0,20,0,0,0,0,0,0,0,0
220728,2,1,2000,0,0,0,0,0,0,0,0,0,0
220729,1,1,2000,0,0,0,0,0,0,0,0,0,0
220729,2,1,2000,0,0,11,0,0,0,25,0,0,11
220730,1,1,2000,27,27,27,27,27,27,27,27,27,27
220731,0,1,2000,4,4,4,4,4,4,4,4,4,4
220731,1,1,2000,0,0,0,0,0,0,0,0,0,0
220732,1,1,2000,14,14,14,14,14,14,14,14,14,14
220733,1,1,2000,8,0,0,0,0,0,0,0,0,0
220733,2,1,2000,0,0,0,0,0,0,0,0,0,0
220733,3,1,2000,0,0,0,0,0,0,0,0,0,0
220734,1,1,2000,5,3,11,26,23,10,5,3,0,3
220734,2,1,2000,0,0,0,0,0,0,0,0,0,0
220735,0,1,2000,8,8,8,8,8,8,8,8,8,8
220735,1,1,2000,4,4,4,4,4,4,4,4,4,4
220736,1,1,2000,0,0,0,0,0,0,0,0,0,0
220737,1,1,2000,21,21,21,21,21,21,21,21,21,21
220738,1,1,2000,12,12,12,12,12,12,12,12,12,12
220738,2,1,2000,0,0,0,0,0,0,0,0,0,0
220739,0,1,2000,0,0,25,0,0,0,5,14,0,14
220739,0,2,2000,17,31,0,0,0,0,0,0,13,0
220739,1,1,2000,0,0,21,0,0,19,0,14,8,11
220740,0,1,2000,0,0,0,0,0,0,0,0,0,0
220740,1,1,2000,0,0,0,0,0,0,0,0,0,0
220741,1,1,2000,14,14,14,14,14,14,14,14,14,14
220741,2,1,2000,0,0,0,0,0,10,7,0,0,0
220742,1,1,2000,0,23,21,20,0,0,19,0,17,0
220743,1,1,2000,19,38,0,0,0,12,0,0,0,0
220744,1,1,2000,12,12,12,12,12,12,12,12,12,12
220745,1,1,2000,0,0,0,0,0,0,0,0,0,0
220745,2,1,2000,0,0,0,0,0,0,0,0,0,0
220746,1,1,2000,28,28,28,28,28,28,28,28,28,28
220747,1,1,2000,0,0,0,0,0,0,0,0,0,0
220748,1,1,2000,0,0,0,0,0,0,0,0,0,0
220748,2,1,2000,0,0,0,0,0,0,0,0,0,0
220749,1,1,2000,0,0,0,0,0,0,0,0,0,0
220749,2,1,2000,0,0,0,0,0,0,0,0,0,0
220749,3,1,2000,0,0,0,0,0,0,0,0,0,0
220750,1,1,2000,0,0,0,0,0,0,0,0,0,0
220750,2,1,2000,0,0,0,0,0,0,0,0,0,0
220751,1,1,2000,0,0,0,0,0,0,0,0,0,0
220751,2,1,2000,0,0,0,0,0,0,0,0,0,0
220752,1,1,2000,12,12,12,12,12,12,12,12,12,12
220752,2,1,2000,0,0,24,24,19,23,8,0,0,0
220753,0,1,2000,0,0,0,0,0,0,0,0,0,0
220753,1,1,2000,0,0,0,0,0,0,0,0,0,0
220753,2,1,2000,0,0,0,0,0,0,0,0,0,0
220754,1,1,2000,4,34,30,6,15,7,3,5,16,14
220755,1,1,2000,8,8,8,8,8,8,8,8,8,8
220756,1,1,2000,17,17,17,17,17,17,17,17,17,17
220757,1,1,2000,0,0,0,0,0,0,0,0,0,0
220757,2,1,2000,0,0,0,0,0,0,0,0,0,0
220758,1,1,2000,0,0,0,0,0,0,0,0,0,0
220758,2,1,2000,0,0,0,0,0,0,0,0,0,0
220759,1,1,2000,0,0,0,0,0,0,0,0,0,0
220759,2,1,2000,0,0,0,0,0,0,0,0,0,0
220760,1,1,2000,0,0,0,0,0,0,0,0,0,0
220760,2,1,2000,0,0,0,0,0,0,0,0,0,0
220761,1,1,2000,0,0,0,0,0,0,0,0,0,0
220761,2,1,2000,0,0,0,0,0,0,0,0,0,0
220762,1,1,2000,0,0,0,0,0,0,0,0,0,0
220762,2,1,2000,0,0,0,0,0,0,0,0,0,0
220763,1,1,2000,0,0,0,0,0,0,0,0,21,0
220763,2,1,2000,0,0,0,0,0,0,0,0,0,0
220764,1,1,2000,25,25,25,25,25,25,25,25,25,25
220764,2,1,2000,10,19,16,14,0,6,0,12,0,20
220765,1,1,2000,9,9,9,9,9,9,9,9,9,9
220765,2,1,2000,0,0,0,0,0,0,8,22,0,0
220766,1,1,2000,0,11,19,0,26,0,12,0,31,0
220767,1,1,2000,19,19,19,19,19,19,19,19,19,19
220768,1,1,2000,0,0,0,0,0,0,13,0,0,0
220769,1,1,2000,0,0,0,0,0,0,0,0,0,0
220769,2,1,2000,9,15,17,19,0,11,17,15,0,0
220770,1,1,2000,8,8,8,8,8,8,8,8,8,8
220771,2,1,2000,0,0,0,0,0,0,0,0,0,0
220771,3,1,2000,0,0,0,0,0,0,0,0,0,0
220772,1,1,2000,34,16,21,10,21,33,14,0,0,13
220773,1,1,2000,24,24,24,24,24,24,24,24,24,24
220774,1,1,2000,10,10,10,10,10,10,10,10,10,10
220775,1,1,2000,0,0,0,12,0,7,0,0,0,0
220776,1,1,2000,9,0,26,22,4,23,9,0,0,0
220777,1,1,2000,0,0,0,0,0,0,0,0,0,0
220778,0,1,2000,0,0,0,0,0,0,0,0,17,0
220778,1,1,2000,0,0,0,0,0,0,0,0,0,0
220778,3,1,2000,0,0,0,0,0,0,0,0,0,0
220780,1,1,2000,5,11,20,0,11,4,17,15,23,14
220781,1,1,2000,0,0,0,0,0,0,0,0,0,0
220782,1,1,2000,0,0,0,0,0,0,0,0,0,0
220782,2,1,2000,0,0,0,0,0,0,0,0,0,0
220783,1,1,2000,15,15,15,15,15,15,15,15,15,15
220784,1,1,2000,22,22,22,22,22,22,22,22,22,22
220785,1,1,2000,0,0,0,0,10,0,0,0,0,0
220786,1,1,2000,17,17,17,17,17,17,17,17,17,17
220787,0,1,2000,10,10,10,10,10,10,10,10,10,10
220787,1,1,2000,11,11,11,11,11,11,11,11,11,11
220788,1,1,2000,14,34,34,26,19,37,20,20,33,19
220789,0,1,2000,0,0,0,0,0,0,0,0,0,44
220789,1,1,2000,0,0,0,0,0,0,0,0,0,0
220790,2,1,2000,0,0,0,0,0,0,0,0,0,0
220790,3,1,2000,0,0,0,0,0,0,0,0,0,0
220791,0,1,2000,8,11,17,35,15,15,19,3,25,48
220791,1,1,2000,0,0,10,0,0,0,0,0,0,0
220792,1,1,2000,0,0,0,20,0,0,0,0,0,0
220793,1,1,2000,9,9,9,9,9,9,9,9,9,9
220794,1,1,2000,20,20,20,20,20,20,20,20,20,20
220795,1,1,2000,22,22,22,22,22,22,22,22,22,22
220796,1,1,2000,0,0,0,0,12,0,0,15,13,0
220797,1,1,2000,0,0,0,0,0,0,0,0,0,0
220797,2,1,2000,0,0,0,0,0,0,0,0,0,0
220798,1,1,2000,16,16,16,16,16,16,16,16,16,16
220799,1,1,2000,17,0,18,12,5,13,4,12,19,15
220800,1,1,2000,0,0,0,0,0,0,0,0,0,0
220800,2,1,2000,0,0,0,0,0,0,0,0,0,0
220801,0,1,2000,0,0,0,0,0,0,0,0,0,0
220801,1,1,2000,0,0,0,0,0,0,0,0,0,0
220802,1,1,2000,0,21,0,12,0,0,0,0,0,0
220803,0,1,2000,0,0,0,0,0,0,0,0,0,0
220803,1,1,2000,0,0,0,0,0,0,0,0,0,0
220804,1,1,2000,0,0,0,0,0,0,0,0,0,0
220805,0,1,2000,0,0,0,0,0,0,0,0,0,0
220805,1,1,2000,0,0,0,0,0,0,0,0,0,0
220806,1,1,2000,13,0,10,17,8,15,0,0,0,12
220807,1,1,2000,6,0,0,13,0,12,0,18,9,0
220808,0,1,2000,30,8,17,0,0,0,21,38,0,0
220808,1,1,2000,14,14,14,14,14,14,14,14,14,14
220809,1,1,2000,0,17,19,0,0,7,0,0,0,0
220810,1,1,2000,0,0,0,0,0,0,0,0,0,0
220810,2,1,2000,0,0,0,0,0,0,0,0,0,0
220811,1,1,2000,7,7,7,7,7,7,7,7,7,7
220812,1,1,2000,0,0,0,0,0,0,0,0,0,0
220812,2,1,2000,0,0,0,0,0,0,0,0,0,0
220813,1,1,2000,0,0,0,0,0,0,0,0,0,0
220814,1,1,2000,6,0,0,0,0,0,0,0,0,0
220815,0,1,2000,0,0,0,0,0,0,0,0,0,0
220815,1,1,2000,0,0,0,0,0,0,0,0,0,0
220816,1,1,2000,7,7,7,7,7,7,7,7,7,7
220817,1,1,2000,12,12,12,12,12,12,12,12,12,12
220817,2,1,2000,0,0,0,0,0,0,0,0,0,0
220818,0,1,2000,21,21,21,21,21,21,21,21,21,21
220818,1,1,2000,33,0,8,10,0,0,0,0,13,5
220819,1,1,2000,0,0,0,0,0,0,0,0,0,0