ST_CASE,VEH_NO,PER_NO,YEAR,P1,P2,P3,P4,P5,P6,P7,P8,P9,P10
240090,1,1,2000,0,0,0,0,0,0,0,0,0,0
240090,2,1,2000,0,0,0,0,0,0,0,0,0,0
240091,0,1,2000,0,0,0,0,0,0,0,0,0,0
240091,1,1,2000,0,0,0,0,0,0,0,0,14,13
240092,1,1,2000,0,0,0,0,0,0,0,0,0,0
240093,1,1,2000,0,0,0,0,0,0,0,0,0,0
240093,2,1,2000,0,0,0,0,0,0,0,0,0,0
240093,3,1,2000,0,0,0,0,0,0,0,0,0,0
240094,1,1,2000,0,0,0,0,0,0,0,0,0,0
240095,1,1,2000,0,0,0,0,0,0,0,0,0,0
240095,2,1,2000,0,0,17,4,2,0,0,0,25,18
240095,3,1,2000,0,11,0,0,0,2,0,23,11,0
240095,4,1,2000,0,0,0,0,0,0,0,0,0,11
240096,0,1,2000,14,14,14,14,14,14,14,14,14,14
240096,1,1,2000,0,0,0,0,0,0,0,0,0,0
240097,1,1,2000,0,0,0,0,0,0,0,0,0,0
240097,2,1,2000,0,0,0,0,0,0,0,0,0,0
240097,3,1,2000,0,0,0,0,0,0,0,0,0,0
240098,1,1,2000,0,0,0,0,0,0,0,0,0,0
240098,2,1,2000,0,0,0,0,0,0,0,0,0,0
240099,1,1,2000,8,8,8,8,8,8,8,8,8,8
240099,2,1,2000,0,0,0,0,0,0,0,0,0,31
240100,1,1,2000,6,6,6,6,6,6,6,6,6,6
240100,2,1,2000,0,0,0,0,0,0,0,0,18,0
240101,1,1,2000,0,0,0,0,0,0,0,0,0,0
240102,1,1,2000,0,0,0,0,0,0,0,0,0,0
240103,1,1,2000,17,17,17,17,17,17,17,17,17,17
240103,2,1,2000,0,0,0,0,0,0,0,0,0,0
240104,0,1,2000,0,0,0,0,0,0,0,0,0,0
240104,1,1,2000,0,0,0,0,0,0,0,0,0,0
240105,1,1,2000,0,0,0,0,0,0,0,0,0,0
240105,2,1,2000,9,20,14,24,0,15,26,10,3,20
240106,1,1,2000,0,0,0,0,0,0,0,0,0,0
240107,1,1,2000,21,7,11,6,23,9,8,10,7,13
240108,1,1,2000,0,0,0,0,0,0,0,0,0,0
240108,2,1,2000,0,0,0,0,0,0,0,0,0,0
240109,1,1,2000,13,13,13,13,13,13,13,13,13,13
240109,2,1,2000,0,0,0,0,0,0,0,5,10,0
240110,1,1,2000,3,18,32,4,12,10,21,10,5,8
240110,2,1,2000,0,0,0,0,0,0,0,0,0,0
240110,3,1,2000,0,0,0,0,0,0,0,0,0,0
240110,4,1,2000,0,0,0,0,0,0,0,0,0,0
240110,5,1,2000,0,0,0,0,0,0,0,0,0,0
240110,6,1,2000,0,13,11,0,9,0,14,0,12,11
240111,0,1,2000,0,0,0,0,0,0,0,0,0,0
240111,1,1,2000,0,0,0,0,0,0,0,0,0,0
240112,1,1,2000,0,0,0,0,0,0,0,0,23,3
240112,2,1,2000,0,0,0,0,0,0,0,0,0,0
240112,3,1,2000,0,0,0,0,0,0,0,0,0,0
240113,0,1,2000,31,31,31,31,31,31,31,31,31,31
240113,1,1,2000,0,0,0,0,0,0,0,0,0,0
240114,1,1,2000,0,0,0,0,0,0,0,0,0,0
240114,2,1,2000,0,0,0,0,0,0,0,0,0,0
240115,1,1,2000,0,0,0,0,0,0,0,0,0,0
240115,2,1,2000,0,0,0,0,0,0,0,0,0,0
240115,3,1,2000,0,0,0,0,0,0,0,0,0,0
240116,1,1,2000,11,11,11,11,11,11,11,11,11,11
240117,1,1,2000,0,0,0,0,0,0,0,0,0,0
240117,2,1,2000,7,17,17,0,0,0,0,0,0,0
240118,1,1,2000,0,0,0,0,0,0,0,0,0,0
240119,1,1,2000,0,0,0,0,0,0,0,0,0,0
240119,2,1,2000,0,0,0,0,0,0,0,0,0,0
240120,1,1,2000,0,0,0,0,0,0,0,0,0,0
240121,1,1,2000,0,0,0,0,0,0,0,0,0,0
240121,2,1,2000,0,0,0,0,0,0,0,0,0,0
240122,1,1,2000,22,22,22,22,22,22,22,22,22,22
240123,0,1,2000,0,0,0,0,0,0,0,0,0,0
240123,1,1,2000,0,0,0,0,0,0,0,0,0,0
240124,1,1,2000,16,16,16,16,16,16,16,16,16,16
240125,0,1,2000,0,0,0,0,0,0,0,0,0,0
240125,1,1,2000,0,0,8,0,0,0,12,0,0,0
240126,1,1,2000,10,0,0,18,0,0,17,0,0,0
240127,1,1,2000,0,0,0,0,0,0,0,0,0,0
240128,1,1,2000,16,26,25,35,11,30,14,25,12,11
240129,1,1,2000,0,0,0,0,0,0,0,0,0,0
240129,2,1,2000,2,2,2,2,2,2,2,2,2,2
240130,0,1,2000,0,0,0,0,0,0,0,0,0,0
240130,1,1,2000,0,0,0,21,0,0,0,0,0,0
240131,1,1,2000,10,10,10,10,10,10,10,10,10,10
240131,2,1,2000,0,0,13,0,0,0,0,0,0,0
240131,3,1,2000,0,0,3,0,0,0,0,0,0,0
240133,1,1,2000,0,0,0,0,0,0,0,0,0,0
240133,2,1,2000,21,21,21,21,21,21,21,21,21,21
240134,1,1,2000,0,0,0,0,0,0,0,0,0,0
240134,2,1,2000,0,0,0,0,0,0,0,0,0,0
240135,1,1,2000,0,0,11,0,0,0,8,0,0,0
240136,1,1,2000,0,0,0,0,0,0,0,0,0,0
240136,2,1,2000,0,0,0,0,0,0,0,0,0,0
240137,1,1,2000,0,0,0,0,0,0,0,0,0,0
240137,2,1,2000,0,0,0,0,0,0,0,0,0,0
240138,0,1,2000,0,0,0,0,0,0,0,0,0,0
240138,0,2,2000,0,0,0,0,0,0,0,0,0,0
240138,0,3,2000,0,0,20,0,0,0,0,0,0,4
240138,1,1,2000,16,16,16,16,16,16,16,16,16,16
240139,1,1,2000,10,10,10,10,10,10,10,10,10,10
240140,1,1,2000,0,0,0,0,0,0,0,0,0,0
240141,1,1,2000,0,0,0,0,0,0,0,0,0,0
240142,0,1,2000,0,0,0,0,0,0,0,0,0,0
240142,1,1,2000,0,0,0,0,0,0,0,0,0,0
240143,1,1,2000,0,0,0,0,0,0,0,0,0,0
240144,1,1,2000,0,0,0,0,0,0,0,0,0,0
240145,1,1,2000,11,11,11,11,11,11,11,11,11,11
240146,1,1,2000,0,0,0,0,0,0,0,0,0,18
240146,2,1,2000,0,0,0,0,0,0,0,0,0,0
240146,3,1,2000,0,0,0,0,0,0,0,0,0,0
240146,4,1,2000,0,0,0,0,0,0,0,0,0,0
240147,1,1,2000,0,0,0,0,0,0,0,0,0,0
240148,1,1,2000,15,37,16,9,7,15,19,12,9,26
240149,1,1,2000,0,0,0,0,0,0,0,0,0,0
240149,2,1,2000,0,0,0,0,0,0,0,0,0,0
240149,3,1,2000,0,0,0,0,0,0,0,0,0,0
240150,1,1,2000,0,0,0,0,0,0,0,0,0,0
240151,0,1,2000,27,27,27,27,27,27,27,27,27,27
240151,1,1,2000,0,0,0,0,0,0,0,0,0,0
240152,1,1,2000,0,0,0,0,0,0,0,0,0,0
240153,1,1,2000,3,3,3,3,3,3,3,3,3,3
240154,1,1,2000,0,0,0,0,0,0,0,0,0,0
240155,1,1,2000,0,0,0,0,0,0,0,0,0,0
240155,2,1,2000,0,0,0,0,0,0,0,0,0,0
240156,1,1,2000,7,7,7,7,7,7,7,7,7,7
240157,1,1,2000,13,13,13,13,13,13,13,13,13,13
240158,1,1,2000,24,12,11,16,12,10,0,9,22,34
240159,0,1,2000,0,0,0,0,0,0,0,0,0,0
240159,1,1,2000,0,0,0,0,0,0,0,0,0,0
240160,0,1,2000,29,29,29,29,29,29,29,29,29,29
240160,1,1,2000,18,0,0,9,0,0,35,14,5,0
240161,1,1,2000,0,0,0,0,0,0,0,0,0,0
240161,2,1,2000,1,1,1,1,1,1,1,1,1,1
240162,1,1,2000,16,16,16,16,16,16,16,16,16,16
240163,0,1,2000,0,0,0,0,0,0,0,0,0,0
240163,1,1,2000,0,0,0,0,0,0,0,0,5,0
240164,1,1,2000,20,20,20,20,20,20,20,20,20,20
240165,1,1,2000,10,10,10,10,10,10,10,10,10,10
240166,1,1,2000,7,7,7,7,7,7,7,7,7,7
240167,1,1,2000,0,0,0,0,0,0,0,0,0,0
240167,2,1,2000,0,0,0,0,0,0,0,0,0,0
240168,1,1,2000,6,6,6,6,6,6,6,6,6,6
240169,1,1,2000,0,0,0,0,0,0,0,0,0,0
240169,2,1,2000,0,0,10,0,0,0,0,0,0,0
240169,3,1,2000,0,0,0,0,0,0,0,0,0,0
240169,4,1,2000,0,0,0,0,0,0,0,0,0,12
240169,5,1,2000,0,0,0,0,0,0,0,0,0,0
240169,6,1,2000,0,0,0,0,0,0,0,0,0,0
240169,7,1,2000,0,0,0,0,0,0,0,0,0,0
240170,1,1,2000,0,0,0,0,0,0,0,0,0,0
240170,2,1,2000,0,0,0,0,0,0,0,0,0,0
240171,1,1,2000,0,0,0,0,0,0,0,0,0,0
240171,2,1,2000,0,0,0,0,0,0,0,0,0,0
240172,1,1,2000,0,0,0,0,0,0,0,0,0,0
240172,2,1,2000,0,0,0,0,0,0,0,0,0,10
240173,1,1,2000,0,0,0,0,0,0,0,0,0,0
240173,2,1,2000,0,0,0,0,0,0,0,0,0,0
240174,1,1,2000,8,8,10,19,0,15,10,0,4,4
240174,2,1,2000,0,0,0,0,0,0,0,0,0,0
240175,1,1,2000,20,20,20,20,20,20,20,20,20,20
240175,2,1,2000,10,0,20,0,24,0,0,0,0,0
240176,0,1,2000,0,0,0,0,0,0,0,0,0,0
240176,2,1,2000,0,0,0,0,16,0,0,0,0,0
240177,1,1,2000,0,0,0,0,0,0,0,0,0,0
240177,2,1,2000,3,3,3,3,3,3,3,3,3,3
240177,3,1,2000,0,0,0,0,0,0,0,0,0,0
240178,0,1,2000,7,7,7,7,7,7,7,7,7,7
240178,1,1,2000,0,0,0,0,0,0,0,0,0,0
240178,2,1,2000,0,0,0,0,0,0,0,0,0,0
240179,1,1,2000,0,0,0,0,0,0,0,0,0,0
240179,2,1,2000,0,0,0,0,0,0,0,0,0,0
240180,1,1,2000,0,0,0,0,0,0,0,0,0,0
240180,2,1,2000,0,0,0,0,0,0,0,0,0,0
240181,0,1,2000,0,0,0,0,8,0,0,0,0,0
240181,0,2,2000,20,0,0,0,0,0,0,0,0,18
240181,1,1,2000,0,0,0,0,0,0,0,0,0,0
240182,1,1,2000,0,0,0,0,0,0,0,0,0,0
240182,2,1,2000,0,0,0,0,0,0,0,0,0,0
240183,0,1,2000,0,0,0,0,0,0,0,0,0,0
240183,1,1,2000,0,0,0,0,0,0,6,0,0,0
240184,1,1,2000,0,0,0,0,0,0,0,0,0,0
240184,2,1,2000,0,0,0,0,0,0,0,0,0,0
240185,1,1,2000,0,0,0,0,0,0,0,12,0,0
240185,2,1,2000,0,0,0,6,0,0,0,0,0,0
240186,1,1,2000,0,0,0,0,0,0,0,0,0,8
240186,2,1,2000,0,0,0,0,0,0,0,0,0,17
240187,1,1,2000,0,0,0,0,11,0,0,5,22,4
240188,1,1,2000,0,0,0,0,0,0,0,0,0,0
240189,1,1,2000,0,0,0,0,0,0,0,0,0,0
240189,2,1,2000,0,0,0,0,0,0,0,0,0,0
240190,1,1,2000,17,17,17,17,17,17,17,17,17,17
240190,2,1,2000,0,0,0,3,0,0,0,0,0,0
240191,1,1,2000,0,0,0,0,0,0,0,0,0,0
240191,2,1,2000,0,0,0,0,0,0,0,0,0,0
240192,1,1,2000,11,11,11,11,11,11,11,11,11,11
240193,1,1,2000,9,9,9,9,9,9,9,9,9,9
240193,2,1,2000,0,0,0,0,8,0,0,0,0,0
240194,1,1,2000,0,0,0,0,0,0,0,0,0,0
240194,2,1,2000,0,0,0,0,0,0,0,0,0,0
240195,1,1,2000,0,0,0,0,0,0,0,0,0,0
240196,1,1,2000,17,17,17,17,17,17,17,17,17,17
240197,1,1,2000,0,0,0,0,0,0,0,0,0,0
240197,2,1,2000,0,0,0,0,0,0,0,0,0,0
240198,1,1,2000,0,0,0,0,0,0,0,0,0,0
240198,2,1,2000,0,0,6,0,0,8,14,0,18,0
240199,1,1,2000,11,11,11,11,11,11,11,11,11,11
240200,0,1,2000,14,14,14,14,14,14,14,14,14,14
240200,1,1,2000,0,9,16,0,0,0,0,0,0,0
240201,0,1,2000,0,0,0,0,0,0,0,0,0,0
240201,1,1,2000,0,0,0,0,0,0,0,0,0,0
240202,1,1,2000,0,0,0,0,0,0,0,0,0,0
240202,2,1,2000,0,0,0,0,0,0,0,0,0,0
240203,1,1,2000,0,0,0,0,0,0,0,0,0,0
240203,2,1,2000,0,0,0,0,0,0,0,0,0,0
240204,1,1,2000,6,6,6,6,6,6,6,6,6,6
240204,2,1,2000,0,17,0,0,9,0,0,0,31,0
240205,1,1,2000,0,0,9,0,0,0,0,0,0,0
240205,2,1,2000,0,0,0,0,0,0,0,0,0,0
240206,1,1,2000,0,13,0,0,0,0,0,0,0,0
240206,2,1,2000,0,0,0,0,0,0,0,0,0,0
240206,3,1,2000,14,0,0,0,0,0,0,0,0,0
240207,1,1,2000,0,0,0,0,0,0,0,0,0,0
240207,2,1,2000,0,0,0,12,0,0,0,0,0,0
240208,0,1,2000,0,0,0,0,0,0,0,0,0,0
240208,1,1,2000,0,0,0,0,0,0,0,0,0,0
240209,1,1,2000,14,3,18,20,8,14,0,7,16,11
240209,2,1,2000,0,0,0,0,0,0,0,0,0,0
240210,1,1,2000,0,0,0,0,0,0,0,0,0,0
240210,2,1,2000,0,0,0,0,0,6,0,0,0,0
240211,1,1,2000,0,0,0,0,0,0,0,0,0,0
240211,2,1,2000,12,0,0,0,0,0,0,18,0,0
240212,1,1,2000,0,0,0,0,0,0,0,0,0,0
240212,2,1,2000,0,0,0,0,0,0,0,0,0,0
240213,1,1,2000,0,0,0,0,0,0,0,0,0,0
240213,2,1,2000,18,10,0,32,26,6,12,16,13,14
240213,3,1,2000,0,15,0,20,0,0,9,0,0,9
240214,1,1,2000,0,0,0,0,0,0,0,14,0,6
240214,2,1,2000,0,0,0,0,0,0,0,0,0,0
240215,1,1,2000,0,0,0,0,0,0,0,0,0,0
240215,2,1,2000,0,0,0,0,0,0,0,0,20,0
240217,1,1,2000,15,15,15,15,15,15,15,15,15,15
240218,0,1,2000,25,25,25,25,25,25,25,25,25,25
240218,1,1,2000,21,0,0,0,0,11,0,0,0,0
240219,1,1,2000,0,0,0,0,0,0,0,0,0,0
240219,2,1,2000,0,0,0,0,0,0,0,0,0,0
240220,1,1,2000,15,15,15,15,15,15,15,15,15,15
240221,1,1,2000,7,0,0,0,0,0,0,0,0,0
240221,2,1,2000,0,0,0,0,0,0,0,0,0,0
240223,1,1,2000,0,0,0,0,0,0,0,0,0,0
240223,2,1,2000,2,2,2,2,2,2,2,2,2,2
240224,1,1,2000,0,0,0,0,0,0,0,0,0,0
240224,2,1,2000,0,0,0,0,0,0,0,0,0,0
240225,1,1,2000,0,0,0,0,0,0,0,0,0,0
240226,1,1,2000,10,10,10,10,10,10,10,10,10,10
240226,2,1,2000,0,0,0,0,0,0,0,0,0,0
240227,1,1,2000,0,0,0,0,0,0,0,0,0,0
240228,1,1,2000,8,8,8,8,8,8,8,8,8,8
240229,1,1,2000,20,43,20,0,19,27,33,13,18,37
240230,1,1,2000,0,0,0,0,0,0,0,0,0,0
240230,2,1,2000,0,0,0,0,0,0,0,0,0,0
240231,0,1,2000,30,30,30,30,30,30,30,30,30,30
240231,1,1,2000,0,0,0,0,0,0,0,0,19,0
240232,1,1,2000,6,6,6,6,6,6,6,6,6,6
240233,1,1,2000,0,0,0,0,0,0,0,0,0,0
240233,2,1,2000,0,0,0,0,0,0,0,17,0,0
240233,3,1,2000,0,0,0,0,0,0,0,0,0,13
240234,1,1,2000,8,23,16,3,17,11,13,19,0,0
240234,2,1,2000,0,0,0,0,0,0,0,0,0,0
240235,1,1,2000,0,0,0,0,0,0,0,0,0,0
240235,2,1,2000,8,0,0,0,0,0,0,0,0,0
240235,3,1,2000,0,21,0,0,0,0,0,0,0,0
240236,1,1,2000,0,0,0,0,0,0,0,0,0,0
240236,2,1,2000,0,0,0,0,0,0,0,0,0,0
240237,1,1,2000,0,0,0,0,0,0,0,0,0,0
240238,0,1,2000,0,0,0,0,0,0,0,0,0,0
240238,1,1,2000,14,14,14,14,14,14,14,14,14,14
240239,1,1,2000,0,0,0,0,0,0,0,0,0,0
240239,2,1,2000,0,0,0,0,0,0,0,0,0,0
240240,1,1,2000,0,0,0,0,0,0,0,0,0,0
240240,2,1,2000,17,0,0,0,0,0,0,0,0,0
240241,1,1,2000,0,0,0,0,0,0,0,0,0,0
240241,2,1,2000,0,0,0,0,0,0,0,0,0,0
240242,1,1,2000,0,0,0,0,0,0,0,0,0,0
240242,2,1,2000,0,0,0,0,0,0,0,0,0,0
240243,1,1,2000,0,0,0,0,0,0,0,0,0,0
240243,2,1,2000,0,0,0,0,0,0,0,0,0,0
240244,1,1,2000,0,0,0,0,0,0,0,0,0,0
240244,2,1,2000,0,0,0,0,0,0,0,0,0,0
240245,1,1,2000,0,0,0,0,0,0,0,16,0,0
240245,2,1,2000,0,0,0,0,0,0,0,0,0,0
240246,1,1,2000,0,0,0,0,0,0,0,0,0,0
240246,2,1,2000,0,0,0,0,0,0,0,0,0,0
240247,1,1,2000,0,0,0,0,0,0,0,0,0,0
240248,1,1,2000,7,7,7,7,7,7,7,7,7,7
240249,1,1,2000,12,12,12,12,12,12,12,12,12,12
240249,2,1,2000,0,0,0,0,0,0,0,0,0,0
240250,1,1,2000,14,14,14,14,14,14,14,14,14,14
240251,1,1,2000,0,0,0,0,0,0,0,0,0,0
240251,2,1,2000,0,0,0,0,0,0,0,0,0,0
240252,1,1,2000,0,0,0,0,0,0,0,0,0,0
240253,1,1,2000,24,24,24,24,24,24,24,24,24,24
240253,2,1,2000,0,0,0,0,0,0,0,0,0,0
240254,1,1,2000,0,36,12,12,8,16,7,35,0,9
240254,2,1,2000,36,36,36,36,36,36,36,36,36,36
240255,1,1,2000,0,0,0,0,0,0,0,0,0,0
240255,2,1,2000,0,0,0,0,0,0,0,0,0,0
240256,0,1,2000,0,0,0,0,0,0,0,0,0,0
240256,1,1,2000,0,0,0,0,0,0,0,0,0,8
240257,1,1,2000,0,0,0,0,0,0,0,0,0,0
240257,2,1,2000,0,0,0,0,0,0,0,0,0,0
240258,1,1,2000,0,0,0,0,0,0,0,0,0,0
240259,1,1,2000,0,0,0,0,0,0,0,0,0,0
240259,2,1,2000,0,0,0,0,0,0,0,0,0,0
240260,1,1,2000,12,12,12,12,12,12,12,12,12,12
240261,1,1,2000,2,2,2,2,2,2,2,2,2,2
240262,1,1,2000,0,0,0,0,0,0,0,0,0,0
240262,2,1,2000,0,0,0,0,0,0,0,0,0,0
240263,1,1,2000,0,0,29,0,0,22,0,0,0,7
240264,0,1,2000,0,0,0,0,0,0,0,0,0,0
240264,1,1,2000,0,0,0,0,0,14,0,0,0,0
240265,0,1,2000,0,0,0,0,0,0,0,0,0,0
240265,1,1,2000,0,0,0,0,0,0,0,6,0,0
240266,1,1,2000,0,0,0,0,0,0,0,0,0,0
240267,1,1,2000,0,0,0,0,0,0,0,0,0,0
240268,1,1,2000,0,0,0,0,0,0,0,0,0,0
240268,2,1,2000,0,0,0,0,0,0,0,0,0,0
240269,1,1,2000,16,16,16,16,16,16,16,16,16,16
240270,1,1,2000,0,0,0,0,0,0,0,0,0,0
240271,1,1,2000,0,0,0,0,0,0,0,0,0,0
240271,2,1,2000,0,0,0,0,0,0,0,0,0,0
240271,3,1,2000,0,0,0,0,0,0,0,0,0,0
240272,0,1,2000,0,0,8,42,0,0,10,0,0,28
240272,1,1,2000,0,0,0,0,0,0,0,0,0,0
240273,1,1,2000,0,0,0,0,0,0,0,0,0,0
240273,2,1,2000,0,0,0,0,0,0,0,0,0,0
240274,1,1,2000,0,0,0,0,0,0,0,0,0,0
240274,2,1,2000,0,0,0,0,0,0,0,0,0,0
240275,1,1,2000,16,16,16,16,16,16,16,16,16,16
240275,2,1,2000,0,0,0,0,0,0,0,0,0,0
240276,1,1,2000,0,0,0,0,0,0,0,0,0,0
240277,1,1,2000,0,0,0,0,0,9,0,0,10,0
240277,2,1,2000,0,0,0,0,0,0,0,0,0,0
240278,0,1,2000,26,26,26,26,26,26,26,26,26,26
240278,1,1,2000,0,0,0,0,0,0,0,0,0,0
240278,2,1,2000,0,0,0,0,0,0,0,0,0,0
240279,1,1,2000,0,0,0,0,9,0,0,0,0,18
240279,2,1,2000,0,0,0,0,0,0,0,29,0,0
240280,1,1,2000,12,12,12,12,12,12,12,12,12,12
240281,1,1,2000,0,0,0,0,0,0,0,0,0,0
240281,2,1,2000,0,0,0,0,0,0,0,0,0,0
240282,1,1,2000,18,18,18,18,18,18,18,18,18,18
240282,2,1,2000,11,11,11,11,11,11,11,11,11,11
240282,3,1,2000,0,0,0,0,0,0,0,0,0,0
240282,4,1,2000,0,0,0,0,0,0,0,0,0,0
240283,1,1,2000,1,1,1,1,1,1,1,1,1,1
240284,1,1,2000,0,0,0,0,0,0,0,0,0,0
240285,1,1,2000,0,0,0,0,0,0,0,0,0,0
240286,1,1,2000,0,0,0,0,0,0,0,0,0,0
240287,1,1,2000,4,4,4,4,4,4,4,4,4,4
240288,1,1,2000,0,0,0,0,0,0,0,0,0,0
240288,2,1,2000,0,0,0,0,0,0,0,0,0,0
240289,1,1,2000,27,27,27,27,27,27,27,27,27,27
240289,2,1,2000,0,0,0,0,0,0,0,0,0,0
240290,1,1,2000,0,0,0,0,0,0,0,0,0,0
240291,1,1,2000,0,0,0,0,0,0,0,0,0,0
240291,2,1,2000,0,0,0,0,0,0,0,0,0,0
240292,0,1,2000,39,39,39,39,39,39,39,39,39,39
240292,1,1,2000,0,0,0,0,0,0,0,0,0,0
240293,1,1,2000,0,0,0,0,0,0,0,0,0,0
240293,2,1,2000,0,0,0,0,0,0,0,0,0,0
240294,1,1,2000,0,0,0,0,0,14,0,0,0,0
240294,2,1,2000,0,0,0,0,0,0,0,0,0,0
240295,0,1,2000,0,19,0,0,0,0,0,0,0,0
240295,1,1,2000,0,0,0,0,0,0,0,0,0,0
240296,1,1,2000,0,0,0,0,0,0,0,0,0,0
240296,2,1,2000,0,0,0,0,0,0,0,0,0,0
240297,1,1,2000,0,0,0,0,0,0,0,0,0,0
240298,0,1,2000,0,0,0,0,0,0,0,0,0,0
240298,1,1,2000,0,0,0,0,0,0,0,0,0,0
240299,1,1,2000,0,0,0,0,0,0,0,0,0,0
240299,2,1,2000,0,0,0,0,0,0,0,0,0,0
240300,1,1,2000,6,0,8,18,9,25,13,9,7,18
240301,1,1,2000,0,7,0,0,0,0,0,0,25,0
240301,2,1,2000,0,0,0,0,0,0,0,0,0,0
240302,1,1,2000,0,0,0,0,0,0,0,0,0,0
240303,1,1,2000,0,0,0,0,0,0,0,0,0,0
240303,2,1,2000,0,0,0,0,0,0,0,0,0,0
240304,1,1,2000,0,0,0,0,0,0,0,0,0,0
240304,2,1,2000,0,0,0,0,0,0,0,0,0,0
240305,1,1,2000,0,0,0,0,0,0,0,0,0,0
240305,2,1,2000,0,0,0,0,0,0,0,0,0,0
240306,1,1,2000,10,19,10,36,18,21,15,9,3,27
240307,1,1,2000,14,8,7,27,15,4,10,19,14,16
240307,2,1,2000,0,0,0,0,0,0,0,0,0,0
240308,1,1,2000,20,20,20,20,20,20,20,20,20,20
240309,1,1,2000,7,10,10,0,7,8,7,18,10,9
240309,2,1,2000,0,0,0,0,0,0,0,0,0,0
240310,1,1,2000,0,0,0,0,0,0,0,0,0,0
240311,1,1,2000,0,0,0,0,0,0,0,0,0,0
240311,2,1,2000,0,0,0,0,0,0,0,0,0,0
240312,1,1,2000,0,0,0,0,0,0,0,0,0,0
240313,1,1,2000,27,27,27,27,27,27,27,27,27,27
240314,0,1,2000,0,0,0,0,0,0,0,0,0,0
240314,0,2,2000,0,0,0,0,0,0,0,0,0,0
240314,1,1,2000,0,0,0,0,0,0,0,0,0,0
240315,1,1,2000,0,0,0,0,0,0,0,0,0,0
240315,2,1,2000,0,0,0,0,0,0,0,0,0,0
240316,1,1,2000,0,0,3,0,0,0,0,0,0,0
240317,1,1,2000,0,0,0,0,12,13,0,0,0,0
240317,2,1,2000,0,0,0,0,0,0,0,0,0,0
240318,1,1,2000,0,0,0,0,0,0,0,0,0,0
240318,2,1,2000,0,0,0,0,0,0,0,0,0,0
240319,1,1,2000,0,0,0,0,0,0,0,0,0,0
240319,2,1,2000,0,0,0,0,0,0,0,0,0,0
240320,1,1,2000,0,0,0,0,0,0,0,0,0,0
240320,2,1,2000,0,0,0,0,0,15,0,0,0,0
240321,1,1,2000,0,0,0,0,0,0,0,0,0,26
240321,2,1,2000,0,0,0,0,0,0,0,0,0,0
240322,1,1,2000,0,0,0,0,0,0,0,0,0,0
240323,1,1,2000,0,0,0,0,0,0,0,6,0,0
240324,1,1,2000,0,0,0,0,0,0,0,0,0,0
240324,2,1,2000,0,0,0,0,0,0,0,12,0,0
240325,1,1,2000,4,4,4,4,4,4,4,4,4,4
240326,1,1,2000,12,12,12,12,12,12,12,12,12,12
240327,1,1,2000,0,0,0,0,0,0,0,0,0,0
240327,2,1,2000,0,0,0,0,0,0,0,0,0,0
240328,0,1,2000,4,4,4,4,4,4,4,4,4,4
240328,1,1,2000,0,0,0,0,0,0,0,0,0,0
240329,1,1,2000,0,0,0,0,0,0,0,0,0,0
240329,2,1,2000,0,0,0,0,0,0,0,0,0,0
240330,1,1,2000,0,0,0,0,0,0,0,0,0,0
240330,2,1,2000,0,0,0,0,0,0,0,0,0,0
240331,1,1,2000,4,4,4,4,4,4,4,4,4,4
240331,2,1,2000,0,0,0,0,0,0,0,0,0,0
240332,1,1,2000,0,0,0,0,0,0,7,0,0,7
240332,2,1,2000,0,0,0,0,0,0,0,0,0,0
240332,3,1,2000,0,0,0,0,0,0,0,0,0,0
240333,1,1,2000,0,0,0,0,0,0,0,0,0,0
240333,2,1,2000,0,0,0,0,0,0,0,0,0,0
240334,1,1,2000,17,17,17,17,17,17,17,17,17,17
240335,1,1,2000,14,14,14,14,14,14,14,14,14,14
240335,2,1,2000,0,11,0,0,0,0,0,0,0,0
240336,1,1,2000,5,5,5,5,5,5,5,5,5,5
240336,2,1,2000,0,0,0,0,0,0,0,0,0,0
240337,1,1,2000,0,0,0,0,0,0,0,0,0,0
240338,1,1,2000,10,10,10,10,10,10,10,10,10,10
240338,2,1,2000,0,0,0,0,0,0,0,0,0,0
240339,1,1,2000,4,4,4,4,4,4,4,4,4,4
240340,1,1,2000,19,19,19,19,19,19,19,19,19,19
240340,2,1,2000,0,0,0,0,0,0,0,0,0,0
240340,3,1,2000,0,0,0,0,0,0,0,0,0,0
240341,1,1,2000,0,0,0,0,0,0,0,0,0,0
240341,2,1,2000,0,0,0,0,0,0,0,0,0,0
240341,3,1,2000,0,0,0,0,0,0,0,0,0,0
240341,4,1,2000,0,0,0,0,0,0,0,0,0,0
240341,5,1,2000,0,0,0,0,0,0,0,0,0,0
240341,6,1,2000,0,0,0,0,0,0,0,0,0,0
240341,7,1,2000,0,0,0,0,0,0,0,0,0,0
240342,1,1,2000,0,0,0,0,0,0,0,0,0,0
240342,2,1,2000,0,0,0,0,0,0,0,0,0,0
240343,1,1,2000,0,8,0,0,0,0,0,0,0,0
240343,2,1,2000,0,0,31,0,0,15,0,0,0,0
240344,1,1,2000,0,0,0,0,0,0,0,0,0,0
240344,2,1,2000,0,0,0,0,0,0,0,0,0,0
240344,3,1,2000,0,0,0,0,0,0,0,0,0,0
240345,1,1,2000,19,19,11,14,28,0,23,21,23,13
240345,2,1,2000,0,0,0,0,0,0,0,0,0,0
240346,1,1,2000,18,18,18,18,18,18,18,18,18,18
240347,1,1,2000,0,0,0,0,0,0,0,0,0,0
240348,1,1,2000,0,0,0,0,0,0,0,0,0,0
240348,2,1,2000,0,0,0,0,0,0,0,0,0,0
240349,1,1,2000,16,16,16,16,16,16,16,16,16,16
240349,2,1,2000,0,0,0,0,0,0,0,0,0,0
240350,0,1,2000,22,22,22,22,22,22,22,22,22,22