ST_CASE,VEH_NO,PER_NO,YEAR,P1,P2,P3,P4,P5,P6,P7,P8,P9,P10
260450,2,1,2000,0,0,0,0,0,0,0,0,0,0
260451,0,1,2000,2,39,4,20,29,0,6,0,6,4
260451,0,2,2000,20,11,0,17,26,11,0,6,0,0
260451,0,3,2000,12,5,0,27,7,20,0,0,12,0
260451,0,4,2000,36,0,0,16,10,10,13,5,0,13
260451,0,5,2000,9,0,4,0,12,0,0,0,35,17
260451,0,6,2000,13,0,9,9,0,21,0,0,0,0
260451,1,1,2000,0,0,4,0,0,0,0,0,0,0
260452,0,1,2000,0,0,0,0,0,0,0,0,0,0
260452,0,2,2000,0,0,0,0,0,0,0,0,0,0
260452,1,1,2000,0,0,0,0,0,0,0,0,0,0
260453,1,1,2000,0,0,0,0,0,0,0,0,0,0
260454,1,1,2000,15,15,15,15,15,15,15,15,15,15
260455,0,1,2000,0,0,0,0,0,0,0,32,0,8
260455,1,1,2000,0,0,0,0,0,0,0,0,0,0
260456,0,1,2000,12,0,23,33,21,20,14,30,2,9
260456,1,1,2000,0,0,0,0,0,0,0,0,0,0
260457,1,1,2000,0,0,0,0,0,0,0,0,0,0
260457,2,1,2000,0,0,0,0,0,0,0,0,0,0
260458,1,1,2000,10,10,10,10,10,10,10,10,10,10
260459,1,1,2000,2,2,2,2,2,2,2,2,2,2
260460,1,1,2000,5,5,5,5,5,5,5,5,5,5
260461,1,1,2000,0,0,0,0,0,0,0,0,0,0
260461,2,1,2000,0,0,0,0,0,0,0,0,0,0
260461,3,1,2000,0,0,0,0,0,0,0,0,0,0
260462,1,1,2000,0,0,0,0,0,0,0,0,0,0
260462,2,1,2000,0,0,0,0,0,0,0,0,0,0
260463,1,1,2000,0,0,0,0,0,0,0,0,0,0
260464,1,1,2000,0,0,0,0,0,0,0,0,0,0
260464,2,1,2000,0,0,0,0,0,0,0,0,0,0
260465,1,1,2000,0,0,0,0,0,0,0,0,0,0
260465,2,1,2000,0,0,0,0,0,0,0,0,0,0
260466,0,1,2000,0,0,0,0,0,0,0,0,0,0
260466,0,2,2000,0,0,0,0,0,0,0,0,0,0
260466,1,1,2000,0,0,0,5,0,0,0,12,0,0
260467,1,1,2000,0,0,0,0,0,0,0,0,0,0
260468,1,1,2000,7,7,7,7,7,7,7,7,7,7
260469,1,1,2000,0,0,0,0,0,0,0,0,0,0
260469,2,1,2000,0,0,0,0,0,0,0,0,0,0
260470,1,1,2000,0,0,0,0,2,0,0,0,0,0
260470,2,1,2000,0,0,0,0,0,0,0,0,0,0
260471,1,1,2000,0,0,0,0,8,0,0,0,0,0
260471,2,1,2000,0,0,0,0,0,0,0,0,0,0
260471,3,1,2000,0,0,0,0,0,0,0,0,0,0
260472,1,1,2000,0,0,0,0,0,0,0,0,0,0
260472,2,1,2000,0,0,0,0,0,0,0,0,0,0
260473,0,1,2000,17,17,17,17,17,17,17,17,17,17
260473,1,1,2000,4,4,4,4,4,4,4,4,4,4
260474,1,1,2000,23,23,23,23,23,23,23,23,23,23
260475,1,1,2000,20,0,0,8,0,8,0,6,13,9
260475,2,1,2000,0,0,0,0,0,0,0,0,0,0
260476,1,1,2000,0,0,0,0,0,0,0,0,0,0
260476,2,1,2000,0,0,0,0,0,0,0,0,0,0
260476,3,1,2000,0,0,0,9,0,0,0,0,0,0
260477,1,1,2000,0,0,5,0,0,0,0,0,0,10
260477,2,1,2000,0,0,0,0,0,0,0,0,0,0
260478,1,1,2000,0,0,0,4,0,0,0,0,0,15
260479,0,1,2000,0,0,0,0,0,0,0,0,0,0
260479,1,1,2000,0,0,0,0,0,0,0,0,0,0
260480,1,1,2000,0,0,0,0,0,0,0,0,0,0
260481,1,1,2000,0,0,0,0,0,0,0,0,0,0
260482,0,1,2000,21,28,0,20,17,13,13,0,0,7
260482,1,1,2000,11,14,22,33,10,21,11,46,16,16
260483,1,1,2000,0,0,0,0,0,0,0,0,0,0
260483,2,1,2000,0,0,0,0,0,0,0,0,0,0
260484,1,1,2000,0,0,0,0,0,0,0,0,0,0
260484,2,1,2000,0,0,0,0,0,0,0,0,0,0
260485,1,1,2000,0,0,0,0,0,0,0,0,0,0
260485,2,1,2000,0,0,0,0,0,0,0,0,0,0
260486,0,1,2000,35,35,35,35,35,35,35,35,35,35
260486,1,1,2000,0,0,0,0,0,0,0,0,0,0
260487,1,1,2000,0,0,0,0,0,0,0,0,0,0
260487,2,1,2000,0,0,0,0,0,0,0,0,0,0
260488,0,1,2000,0,6,0,11,0,22,36,15,0,20
260488,1,1,2000,0,0,9,0,0,0,6,0,0,0
260489,0,1,2000,0,0,0,0,0,0,0,0,0,0
260489,1,1,2000,0,0,0,0,0,0,0,0,0,0
260490,1,1,2000,0,0,0,0,0,0,0,0,0,0
260490,2,1,2000,0,0,0,0,0,0,0,0,0,0
260491,1,1,2000,0,0,0,0,0,0,0,0,0,0
260491,2,1,2000,0,0,0,0,0,0,0,0,0,0
260492,0,1,2000,0,0,0,0,0,0,0,0,0,0
260492,1,1,2000,0,0,0,0,0,0,0,0,0,0
260493,1,1,2000,17,17,17,17,17,17,17,17,17,17
260493,2,1,2000,0,0,0,0,0,0,0,0,0,0
260493,3,1,2000,21,0,0,0,29,7,9,11,10,19
260494,1,1,2000,0,0,0,0,0,0,0,0,0,0
260495,1,1,2000,0,0,0,0,0,0,0,0,0,0
260495,2,1,2000,0,0,0,0,0,0,0,0,0,0
260496,1,1,2000,0,0,0,0,0,9,0,0,0,0
260496,2,1,2000,0,0,0,0,0,0,0,0,0,0
260497,1,1,2000,3,3,3,3,3,3,3,3,3,3
260497,2,1,2000,0,0,0,0,0,0,0,0,0,0
260498,1,1,2000,35,18,19,18,12,25,13,18,13,21
260499,1,1,2000,5,5,5,5,5,5,5,5,5,5
260500,1,1,2000,0,0,0,0,0,0,0,0,0,0
260500,2,1,2000,0,0,0,21,0,0,0,0,0,0
260501,1,1,2000,0,0,0,0,0,0,0,0,0,0
260501,2,1,2000,0,0,0,0,0,0,9,0,0,0
260502,1,1,2000,0,0,0,0,0,0,0,0,0,0
260503,1,1,2000,0,0,0,0,0,0,0,0,0,0
260503,2,1,2000,0,0,0,0,0,0,0,0,0,0
260503,3,1,2000,11,0,0,0,0,0,0,0,12,0
260503,4,1,2000,0,0,0,0,0,0,0,0,0,0
260504,1,1,2000,0,0,0,0,0,0,0,0,0,0
260504,2,1,2000,0,0,0,0,0,0,0,0,0,0
260505,1,1,2000,0,0,0,0,0,0,0,0,8,0
260505,2,1,2000,0,0,0,0,0,0,0,0,0,0
260506,1,1,2000,0,0,0,0,0,0,0,0,0,0
260507,1,1,2000,0,0,0,0,0,0,0,0,0,0
260508,1,1,2000,0,0,0,0,0,0,0,0,0,0
260509,1,1,2000,0,0,0,0,0,0,0,0,0,0
260510,1,1,2000,0,0,0,0,0,0,0,0,0,0
260511,1,1,2000,10,18,13,25,19,25,26,25,14,11
260512,1,1,2000,4,4,4,4,4,4,4,4,4,4
260513,1,1,2000,16,16,16,16,16,16,16,16,16,16
260513,2,1,2000,0,0,0,0,0,0,0,0,0,0
260514,1,1,2000,30,30,30,30,30,30,30,30,30,30
260514,2,1,2000,0,0,0,0,0,0,0,0,0,0
260515,0,1,2000,15,0,0,0,0,0,0,0,0,0
260515,0,2,2000,0,0,0,0,0,0,0,0,0,0
260515,1,1,2000,0,0,0,0,0,0,0,0,0,0
260516,1,1,2000,13,13,13,13,13,13,13,13,13,13
260518,1,1,2000,18,23,17,22,9,0,10,15,14,0
260519,1,1,2000,10,10,10,10,10,10,10,10,10,10
260519,2,1,2000,0,0,0,0,0,0,0,0,0,0
260520,1,1,2000,0,0,0,0,0,0,0,20,0,0
260520,2,1,2000,0,0,0,0,0,0,0,0,0,0
260521,0,1,2000,19,19,19,19,19,19,19,19,19,19
260521,1,1,2000,0,0,0,0,0,0,0,0,0,0
260522,1,1,2000,16,16,16,16,16,16,16,16,16,16
260523,1,1,2000,5,5,5,5,5,5,5,5,5,5
260523,2,1,2000,29,0,0,18,0,9,12,14,33,8
260524,0,1,2000,0,0,0,0,0,0,0,0,0,0
260524,1,1,2000,0,0,0,0,0,0,0,0,0,0
260525,1,1,2000,17,17,17,17,17,17,17,17,17,17
260526,1,1,2000,0,0,0,0,0,0,0,0,0,0
260527,0,1,2000,0,0,0,0,0,0,0,0,0,0
260527,1,1,2000,0,11,0,7,8,0,0,0,2,17
260528,0,1,2000,0,0,0,0,0,0,0,0,0,0
260528,1,1,2000,0,0,0,0,0,0,0,0,0,0
260529,1,1,2000,7,7,7,7,7,7,7,7,7,7
260529,2,1,2000,0,0,0,0,0,0,0,0,0,0
260530,1,1,2000,5,5,5,5,5,5,5,5,5,5
260531,1,1,2000,0,0,0,0,0,0,0,0,0,0
260531,2,1,2000,0,0,0,0,0,0,0,0,0,0
260532,1,1,2000,17,17,17,17,17,17,17,17,17,17
260533,1,1,2000,21,21,21,21,21,21,21,21,21,21
260534,1,1,2000,0,0,0,0,0,0,0,0,0,0
260534,2,1,2000,0,0,0,0,0,0,0,0,0,0
260534,3,1,2000,0,0,0,0,0,0,16,0,0,0
260535,1,1,2000,0,0,0,0,0,0,0,0,0,0
260536,1,1,2000,0,0,0,0,0,0,0,0,0,0
260537,1,1,2000,0,0,0,0,0,0,0,0,0,0
260538,0,1,2000,0,0,0,0,0,0,0,0,0,0
260538,1,1,2000,0,0,0,0,0,0,0,0,0,0
260539,1,1,2000,0,0,0,0,0,0,0,0,0,0
260539,2,1,2000,0,0,0,0,0,0,0,0,0,0
260540,1,1,2000,0,0,0,0,0,0,0,0,0,0
260540,2,1,2000,0,0,0,0,0,0,0,12,0,0
260540,3,1,2000,0,24,0,0,0,0,0,0,0,12
260541,1,1,2000,0,0,0,0,0,0,0,0,0,0
260541,2,1,2000,27,0,0,0,13,0,0,11,0,0
260542,1,1,2000,0,0,0,0,0,0,0,0,0,0
260542,2,1,2000,0,0,0,0,0,0,0,0,0,0
260543,1,1,2000,0,0,0,0,0,0,0,0,0,0
260543,2,1,2000,0,0,0,0,0,0,0,0,0,0
260543,3,1,2000,0,6,0,3,3,25,0,0,0,0
260544,1,1,2000,0,0,0,0,0,0,0,0,0,0
260544,2,1,2000,0,0,0,0,0,0,0,0,0,0
260544,3,1,2000,0,0,0,0,0,0,0,0,0,0
260544,4,1,2000,0,0,0,0,0,0,0,0,0,0
260545,0,1,2000,0,0,28,0,0,0,0,0,0,0
260545,1,1,2000,9,9,9,9,9,9,9,9,9,9
260546,1,1,2000,0,0,0,0,0,0,0,0,0,0
260547,1,1,2000,0,0,0,0,0,0,0,0,13,0
260547,2,1,2000,0,0,0,0,0,0,0,0,0,0
260548,1,1,2000,0,0,0,0,0,0,10,0,0,9
260549,1,1,2000,0,0,0,0,0,0,0,0,0,0
260549,2,1,2000,0,0,0,0,0,0,0,0,0,0
260549,3,1,2000,0,0,0,0,0,0,0,0,0,0
260550,1,1,2000,0,0,0,0,0,0,0,0,0,0
260551,0,1,2000,0,0,0,0,0,0,0,0,0,0
260551,1,1,2000,0,7,0,19,14,12,11,14,0,0
260551,2,1,2000,13,0,0,0,0,17,12,0,17,10
260552,1,1,2000,11,11,11,11,11,11,11,11,11,11
260552,2,1,2000,10,0,15,0,0,13,31,0,0,0
260553,1,1,2000,0,0,0,0,0,0,0,0,0,0
260554,0,1,2000,0,0,0,0,0,0,0,0,0,0
260554,1,1,2000,0,0,0,0,0,0,0,0,0,0
260555,1,1,2000,9,9,15,7,0,19,36,28,15,25
260555,2,1,2000,0,0,0,0,0,0,0,0,0,0
260556,1,1,2000,19,19,19,19,19,19,19,19,19,19
260557,1,1,2000,0,0,0,0,0,0,0,0,0,0
260557,2,1,2000,7,0,0,0,0,0,0,0,18,7
260558,1,1,2000,12,12,12,12,12,12,12,12,12,12
260559,0,1,2000,0,0,0,0,0,0,0,0,0,0
260559,1,1,2000,0,0,0,0,0,0,0,0,0,0
260560,1,1,2000,39,39,39,39,39,39,39,39,39,39
260560,2,1,2000,14,16,0,8,0,0,0,0,0,0
260561,1,1,2000,0,0,0,0,0,0,0,0,0,0
260562,0,1,2000,0,0,0,0,0,0,0,0,0,0
260562,1,1,2000,0,0,0,0,0,0,0,0,0,0
260563,1,1,2000,0,0,0,0,0,0,0,0,0,0
260564,1,1,2000,0,0,0,0,0,0,0,0,0,0
260565,1,1,2000,14,19,0,42,0,9,0,15,0,17
260565,2,1,2000,5,5,5,5,5,5,5,5,5,5
260566,1,1,2000,0,0,0,0,0,0,0,0,0,0
260566,2,1,2000,0,0,0,0,0,0,0,0,0,0
260567,0,1,2000,0,0,0,0,0,0,0,0,0,0
260567,1,1,2000,9,14,28,0,0,0,0,26,20,17
260568,0,1,2000,0,0,0,0,0,0,0,0,0,0
260568,1,1,2000,0,0,0,0,24,0,0,0,0,0
260569,1,1,2000,0,0,0,0,0,0,0,0,0,0
260569,2,1,2000,0,0,0,0,0,0,0,19,0,0
260570,1,1,2000,25,25,25,25,25,25,25,25,25,25
260570,2,1,2000,0,0,0,0,0,0,0,0,0,0
260570,3,1,2000,0,0,0,20,0,0,0,0,18,0
260570,4,1,2000,0,0,0,15,8,29,0,0,0,8
260571,1,1,2000,0,0,0,0,0,0,0,0,0,0
260572,1,1,2000,0,0,0,0,0,0,0,0,0,0
260573,1,1,2000,0,0,0,0,0,0,0,0,0,0
260573,2,1,2000,0,0,0,0,0,0,0,0,0,0
260574,1,1,2000,5,5,5,5,5,5,5,5,5,5
260575,1,1,2000,16,16,16,16,16,16,16,16,16,16
260576,1,1,2000,0,0,0,0,0,0,0,0,0,0
260576,2,1,2000,0,0,0,0,0,0,0,0,0,0
260577,1,1,2000,0,0,10,0,0,0,0,0,0,18
260577,2,1,2000,0,0,0,0,0,0,0,0,0,0
260578,1,1,2000,0,0,0,0,0,0,0,0,0,0
260578,2,1,2000,0,0,0,0,0,0,0,0,0,0
260579,1,1,2000,0,0,0,0,0,0,0,0,0,0
260580,1,1,2000,20,20,20,20,20,20,20,20,20,20
260581,1,1,2000,10,10,10,10,10,10,10,10,10,10
260582,1,1,2000,0,0,0,0,0,0,0,0,0,0
260582,2,1,2000,10,0,0,0,0,0,0,0,0,0
260583,0,1,2000,0,0,0,0,0,0,0,0,0,0
260583,1,1,2000,18,24,13,0,22,3,0,0,29,0
260584,1,1,2000,0,0,0,0,0,0,0,0,0,0
260584,2,1,2000,0,0,0,0,0,0,0,0,0,0
260585,0,1,2000,0,0,0,0,0,0,0,0,0,0
260585,1,1,2000,0,0,0,0,0,0,0,0,0,0
260586,1,1,2000,0,0,13,0,0,10,0,0,0,0
260586,2,1,2000,0,0,0,0,0,0,0,0,0,0
260587,1,1,2000,0,0,0,0,0,0,0,0,0,0
260588,1,1,2000,0,0,0,0,0,0,0,0,0,0
260588,2,1,2000,0,0,0,0,0,0,0,0,0,0
260589,1,1,2000,13,13,13,13,13,13,13,13,13,13
260590,1,1,2000,27,27,27,27,27,27,27,27,27,27
260590,2,1,2000,0,0,0,0,0,0,0,0,0,0
260591,0,1,2000,0,0,0,0,0,0,0,0,0,0
260591,1,1,2000,0,0,0,0,0,0,0,0,0,0
260592,1,1,2000,0,0,0,0,0,0,0,0,0,0
260592,2,1,2000,0,0,0,0,0,0,0,0,0,0
260592,3,1,2000,0,0,0,0,0,0,0,0,0,0
260593,1,1,2000,0,0,0,0,0,0,0,0,0,0
260593,2,1,2000,0,0,0,0,0,0,0,0,0,0
260594,1,1,2000,0,0,0,0,0,0,0,0,0,0
260595,1,1,2000,15,15,15,15,15,15,15,15,15,15
260596,1,1,2000,0,0,0,0,0,0,0,0,0,0
260597,1,1,2000,0,0,0,0,0,0,0,0,0,0
260597,2,1,2000,0,0,0,0,0,0,0,0,0,0
260598,1,1,2000,11,11,11,11,11,11,11,11,11,11
260598,2,1,2000,0,0,0,0,0,0,0,0,0,0
260598,3,1,2000,0,0,0,0,0,0,0,0,0,0
260599,1,1,2000,0,0,0,0,0,0,0,0,0,0
260599,2,1,2000,0,0,0,0,0,0,0,0,0,0
260600,1,1,2000,0,0,0,0,0,0,0,0,0,0
260600,2,1,2000,15,15,15,15,15,15,15,15,15,15
260601,1,1,2000,16,16,16,16,16,16,16,16,16,16
260601,2,1,2000,0,0,13,0,0,0,0,0,0,0
260602,1,1,2000,30,30,30,30,30,30,30,30,30,30
260602,2,1,2000,0,0,0,0,0,0,0,0,0,0
260603,1,1,2000,18,18,18,18,18,18,18,18,18,18
260604,1,1,2000,0,0,0,0,0,0,0,0,0,0
260604,2,1,2000,0,0,0,0,0,0,0,0,0,0
260605,1,1,2000,9,18,20,17,32,13,12,15,32,0
260606,1,1,2000,16,16,16,16,16,16,16,16,16,16
260607,1,1,2000,0,0,0,0,0,0,0,0,0,0
260607,2,1,2000,0,0,0,0,0,0,0,0,0,0
260608,1,1,2000,26,26,26,26,26,26,26,26,26,26
260609,1,1,2000,0,0,0,0,0,0,0,0,0,0
260610,1,1,2000,0,0,0,0,0,0,0,0,0,0
260610,2,1,2000,0,0,0,0,0,0,0,0,0,0
260611,1,1,2000,0,0,0,0,0,0,0,0,0,0
260612,1,1,2000,0,0,0,0,0,0,0,0,0,0
260612,2,1,2000,0,0,0,0,0,0,0,0,0,0
260613,1,1,2000,0,0,0,0,0,0,0,0,0,0
260613,2,1,2000,0,0,0,0,0,0,0,0,0,0
260614,1,1,2000,0,0,0,0,0,0,0,0,0,8
260614,2,1,2000,0,0,0,0,0,0,0,0,0,0
260615,0,1,2000,40,40,40,40,40,40,40,40,40,40
260615,1,1,2000,0,0,0,0,0,0,0,0,0,0
260616,1,1,2000,0,0,0,0,0,0,0,0,0,0
260616,2,1,2000,0,0,0,0,0,0,0,0,0,0
260616,3,1,2000,0,0,0,0,0,0,0,0,0,0
260617,1,1,2000,0,0,0,0,0,0,0,0,0,0
260618,1,1,2000,8,0,0,0,0,6,0,0,20,23
260618,2,1,2000,0,0,0,0,0,0,0,0,0,0
260619,1,1,2000,0,0,0,0,9,0,0,0,0,0
260619,2,1,2000,0,0,0,0,0,0,0,0,0,0
260620,1,1,2000,0,0,0,0,0,0,0,0,0,0
260620,2,1,2000,0,0,0,0,0,0,0,0,0,0
260621,1,1,2000,0,0,0,0,0,0,0,0,0,0
260622,1,1,2000,0,0,0,0,0,0,0,0,0,0
260622,2,1,2000,2,2,2,2,2,2,2,2,2,2
260622,3,1,2000,19,11,13,15,19,10,17,14,15,11
260623,1,1,2000,0,0,0,27,0,0,0,0,0,0
260624,1,1,2000,0,0,0,0,0,0,0,0,0,0
260625,1,1,2000,20,20,20,20,20,20,20,20,20,20
260626,1,1,2000,0,0,0,0,0,0,0,0,0,0
260626,2,1,2000,0,0,0,0,0,0,0,0,0,0
260627,1,1,2000,9,0,0,0,0,0,0,0,0,0
260627,2,1,2000,0,0,0,0,0,0,0,0,0,0
260628,1,1,2000,1,1,1,1,1,1,1,1,1,1
260628,2,1,2000,17,17,17,17,17,17,17,17,17,17
260629,1,1,2000,0,0,0,0,0,0,0,0,14,6
260630,1,1,2000,2,2,2,2,2,2,2,2,2,2
260630,2,1,2000,0,0,0,0,0,0,0,0,0,0
260630,3,1,2000,0,0,0,0,0,0,0,0,0,0
260631,1,1,2000,0,0,0,0,0,11,20,0,18,0
260632,1,1,2000,0,0,0,0,0,0,0,0,0,0
260632,2,1,2000,0,0,0,0,0,0,0,0,0,0
260633,1,1,2000,0,0,0,0,0,0,0,0,0,0
260633,2,1,2000,0,0,0,0,0,0,0,0,0,0
260634,1,1,2000,16,16,16,16,16,16,16,16,16,16
260634,2,1,2000,0,0,0,0,0,0,0,0,0,0
260635,0,1,2000,12,12,12,12,12,12,12,12,12,12
260635,1,1,2000,22,22,22,22,22,22,22,22,22,22
260636,1,1,2000,2,2,2,2,2,2,2,2,2,2
260637,1,1,2000,0,0,0,0,0,0,0,0,0,0
260637,2,1,2000,0,0,0,0,0,0,17,0,0,0
260637,3,1,2000,0,0,0,0,0,0,0,0,0,0
260637,4,1,2000,0,0,0,0,0,0,0,0,0,7
260638,1,1,2000,26,26,26,26,26,26,26,26,26,26
260639,1,1,2000,0,0,0,0,0,0,0,0,0,0
260640,0,1,2000,0,0,0,0,0,0,0,0,0,0
260640,1,1,2000,0,0,0,0,0,0,0,0,0,0
260641,1,1,2000,0,0,0,0,0,0,0,0,0,0
260641,2,1,2000,28,0,0,0,0,0,0,0,0,0
260642,1,1,2000,0,0,0,0,0,0,0,0,0,0
260642,2,1,2000,0,0,0,0,0,0,0,0,0,0
260642,3,1,2000,0,0,0,0,0,0,0,0,0,0
260643,1,1,2000,0,0,0,0,0,0,0,0,0,0
260643,2,1,2000,0,0,0,0,0,0,0,0,0,0
260644,0,1,2000,0,0,0,0,0,0,0,0,0,0
260644,1,1,2000,0,0,0,0,0,0,0,0,0,0
260645,1,1,2000,0,0,0,0,0,0,0,0,0,0
260645,2,1,2000,0,0,0,0,0,0,0,0,0,0
260646,1,1,2000,18,18,18,18,18,18,18,18,18,18
260647,1,1,2000,0,0,0,0,28,0,0,0,0,0
260647,2,1,2000,0,0,0,0,0,0,0,0,0,0
260648,1,1,2000,16,16,16,16,16,16,16,16,16,16
260648,2,1,2000,0,0,0,0,0,0,0,0,0,0
260649,1,1,2000,0,0,0,0,0,0,0,0,0,0
260650,0,1,2000,0,0,0,0,0,0,0,0,0,0
260650,1,1,2000,0,0,0,0,0,0,0,0,0,0
260651,1,1,2000,22,22,22,22,22,22,22,22,22,22
260651,2,1,2000,0,0,0,0,0,0,0,0,0,0
260652,1,1,2000,28,28,28,28,28,28,28,28,28,28
260652,2,1,2000,0,0,0,0,0,0,0,0,0,0
260653,0,1,2000,0,0,0,0,0,0,0,0,0,0
260653,1,1,2000,0,0,15,0,0,0,0,0,0,0
260654,1,1,2000,0,0,0,0,0,9,0,0,0,0
260654,2,1,2000,0,0,0,0,0,0,0,0,0,0
260655,1,1,2000,0,0,0,0,0,0,0,0,0,0
260655,2,1,2000,0,0,0,0,0,0,0,0,0,0
260656,1,1,2000,0,0,0,0,0,0,0,0,0,0
260656,2,1,2000,0,0,0,0,0,0,0,0,0,0
260657,1,1,2000,0,0,0,0,0,0,0,0,0,0
260658,1,1,2000,0,0,0,0,0,0,0,0,0,0
260658,2,1,2000,0,0,0,0,0,0,0,0,0,0
260659,1,1,2000,0,0,0,0,0,0,0,0,0,0
260659,2,1,2000,0,0,0,0,0,0,0,0,0,0
260660,1,1,2000,36,27,0,28,20,16,15,15,10,0
260660,2,1,2000,0,0,0,0,0,0,0,0,0,0
260661,1,1,2000,0,0,0,0,0,0,0,0,0,0
260661,2,1,2000,0,0,0,0,0,0,0,0,0,0
260662,1,1,2000,0,0,0,0,0,0,0,0,0,0
260662,2,1,2000,0,0,0,0,0,0,0,0,0,0
260663,1,1,2000,0,0,0,0,0,0,0,0,0,0
260663,2,1,2000,0,0,0,0,12,0,0,0,0,0
260664,0,1,2000,23,23,23,23,23,23,23,23,23,23
260664,1,1,2000,0,0,0,0,0,0,0,0,0,0
260665,1,1,2000,0,8,0,0,0,0,0,0,0,0
260665,2,1,2000,0,0,0,0,0,0,0,0,0,0
260666,1,1,2000,17,17,17,17,17,17,17,17,17,17
260666,2,1,2000,0,0,0,0,0,0,0,0,0,0
260667,1,1,2000,0,0,0,0,0,0,0,0,0,0
260668,1,1,2000,0,0,0,0,0,0,0,0,0,0
260668,2,1,2000,0,0,0,0,0,0,0,0,0,0
260669,1,1,2000,21,21,21,21,21,21,21,21,21,21
260670,1,1,2000,28,28,28,28,28,28,28,28,28,28
260671,1,1,2000,31,31,31,31,31,31,31,31,31,31
260672,1,1,2000,0,0,0,0,0,0,0,0,0,0
260672,2,1,2000,0,0,0,0,0,0,0,0,0,0
260673,1,1,2000,0,0,0,0,0,0,0,0,0,0
260673,2,1,2000,0,0,0,0,0,0,0,0,0,0
260674,1,1,2000,0,0,0,0,0,0,29,0,0,0
260674,2,1,2000,0,0,0,0,0,0,0,0,18,0
260674,3,1,2000,0,0,0,0,0,0,0,0,0,0
260675,1,1,2000,0,0,0,0,0,0,0,0,0,0
260675,2,1,2000,0,0,0,0,0,0,0,0,0,0
260675,3,1,2000,0,0,0,0,0,19,0,0,0,0
260675,4,1,2000,0,0,0,0,0,0,0,0,0,0
260675,5,1,2000,0,0,0,0,0,0,0,0,0,0
260675,6,1,2000,0,0,0,0,0,0,0,0,0,0
260676,1,1,2000,2,2,2,2,2,2,2,2,2,2
260676,2,1,2000,0,0,0,0,0,0,0,0,0,0
260677,1,1,2000,0,0,0,0,0,0,0,0,0,0
260677,2,1,2000,0,0,0,0,0,0,0,0,0,0
260678,1,1,2000,16,16,16,16,16,16,16,16,16,16
260679,1,1,2000,0,0,0,0,0,0,0,0,0,0
260679,2,1,2000,0,0,0,0,0,0,0,0,0,0
260680,1,1,2000,0,0,0,0,0,0,0,0,0,0
260680,2,1,2000,0,0,0,0,0,0,0,0,0,0
260681,1,1,2000,11,11,11,11,11,11,11,11,11,11
260682,1,1,2000,34,9,21,9,0,22,9,0,23,15
260683,0,1,2000,0,0,0,0,0,0,0,0,0,0
260683,1,1,2000,0,0,0,0,0,0,0,0,0,0
260684,1,1,2000,1,1,1,1,1,1,1,1,1,1
260684,2,1,2000,0,0,0,0,0,0,0,0,0,0
260685,1,1,2000,0,0,0,0,0,0,0,0,0,0
260686,1,1,2000,0,0,0,0,0,0,0,0,0,0
260686,2,1,2000,0,0,0,0,0,0,0,0,0,0
260686,3,1,2000,0,0,0,0,0,0,0,0,0,0
260686,4,1,2000,0,0,0,0,0,0,0,0,0,0
260687,0,1,2000,0,0,0,0,0,0,0,0,0,0
260687,1,1,2000,0,0,0,0,0,0,0,0,0,0
260688,0,1,2000,0,0,0,0,0,0,0,0,0,0
260688,1,1,2000,7,0,0,0,0,0,0,0,0,0
260689,1,1,2000,0,0,0,0,0,0,0,0,0,0
260690,1,1,2000,26,26,26,26,26,26,26,26,26,26
260690,2,1,2000,0,0,21,0,0,0,0,0,0,0
260691,1,1,2000,0,0,0,0,0,0,0,0,0,0
260691,2,1,2000,0,0,0,0,0,0,0,0,0,0
260692,1,1,2000,0,0,0,0,0,0,0,0,0,0
260692,2,1,2000,0,0,0,0,0,0,0,0,0,0
260693,2,1,2000,0,0,0,0,0,0,0,0,0,0
260694,1,1,2000,0,0,0,0,0,0,0,0,0,0
260695,1,1,2000,14,14,14,14,14,14,14,14,14,14
260695,2,1,2000,0,0,0,0,0,0,0,0,0,0
260696,1,1,2000,0,0,0,0,0,0,0,0,0,0
260696,2,1,2000,23,19,16,20,3,5,0,14,8,19
260697,1,1,2000,21,21,21,21,21,21,21,21,21,21
260698,1,1,2000,0,0,0,0,0,0,0,0,0,0
260698,2,1,2000,0,0,0,0,0,0,0,0,0,0
260699,1,1,2000,0,0,0,0,0,0,0,14,0,11
260699,2,1,2000,0,0,7,0,0,0,0,0,0,0
260700,0,1,2000,29,36,23,0,36,22,31,8,0,25
260700,1,1,2000,0,0,0,0,0,13,0,0,0,0
260700,2,1,2000,0,0,0,0,0,0,0,0,0,0
260700,3,1,2000,0,0,0,0,0,0,0,0,0,0
260701,1,1,2000,0,0,0,0,0,0,0,0,0,0
260701,2,1,2000,0,0,0,0,0,0,0,0,0,0
260702,0,1,2000,0,0,0,0,0,0,0,0,0,0
260702,0,2,2000,0,0,0,0,4,14,10,0,0,0
260702,1,1,2000,0,0,0,0,0,0,0,0,0,0
260703,1,1,2000,0,0,0,0,0,13,0,0,0,0
260703,2,1,2000,0,0,0,0,0,0,0,0,0,0
260704,0,1,2000,6,6,6,6,6,6,6,6,6,6
260704,1,1,2000,7,14,0,0,17,15,0,19,0,19
260705,1,1,2000,0,0,0,0,0,0,0,0,0,0
260705,2,1,2000,0,0,0,0,0,0,0,0,0,0
260706,0,1,2000,0,0,0,0,0,0,0,0,0,0
260706,1,1,2000,0,0,0,0,0,0,0,0,0,0
260707,1,1,2000,0,18,0,0,0,0,0,0,0,0