ST_CASE,VEH_NO,PER_NO,YEAR,P1,P2,P3,P4,P5,P6,P7,P8,P9,P10
260708,1,1,2000,20,20,20,20,20,20,20,20,20,20
260708,2,1,2000,0,0,0,0,0,0,0,0,0,0
260708,3,1,2000,0,0,0,11,0,0,0,0,0,0
260709,1,1,2000,0,0,0,0,0,0,0,0,0,0
260709,2,1,2000,0,0,0,0,0,0,0,0,0,0
260710,0,1,2000,0,0,0,0,0,0,0,0,0,0
260710,1,1,2000,0,0,0,0,0,0,0,0,0,0
260711,1,1,2000,0,0,0,0,0,0,0,19,0,0
260711,2,1,2000,0,0,0,0,23,0,0,0,0,0
260712,1,1,2000,0,0,0,0,0,0,0,0,0,0
260712,2,1,2000,0,0,0,0,0,0,0,0,0,0
260713,1,1,2000,37,37,37,37,37,37,37,37,37,37
260713,2,1,2000,0,0,0,0,0,3,0,0,0,0
260713,3,1,2000,0,0,0,0,0,0,0,0,0,0
260714,1,1,2000,12,12,12,12,12,12,12,12,12,12
260715,1,1,2000,0,0,0,0,0,0,0,0,0,0
260716,1,1,2000,0,0,0,0,0,0,0,0,0,0
260717,1,1,2000,0,0,17,0,0,0,0,0,0,0
260718,1,1,2000,0,0,0,0,0,0,0,0,0,0
260719,1,1,2000,0,0,0,0,0,0,0,0,0,0
260720,1,1,2000,0,0,0,12,0,28,0,0,0,0
260721,1,1,2000,0,0,0,0,0,0,0,0,0,0
260721,2,1,2000,0,0,0,0,0,0,0,0,0,0
260722,1,1,2000,0,0,0,0,0,0,0,0,0,0
260723,0,1,2000,0,0,0,0,0,0,0,0,0,0
260723,1,1,2000,0,0,0,0,0,0,0,0,0,0
260724,1,1,2000,4,4,4,4,4,4,4,4,4,4
260724,2,1,2000,0,0,0,0,0,0,0,0,0,0
260725,1,1,2000,16,16,16,16,16,16,16,16,16,16
260725,2,1,2000,0,0,0,0,0,0,0,0,0,0
260726,1,1,2000,0,0,0,0,0,0,0,0,0,0
260727,1,1,2000,32,32,32,32,32,32,32,32,32,32
260727,2,1,2000,0,0,0,0,0,0,0,0,0,0
260728,1,1,2000,0,0,0,0,0,0,0,0,0,0
260728,2,1,2000,0,0,0,0,0,0,0,0,0,0
260729,0,1,2000,15,11,51,0,0,35,0,0,19,25
260729,1,1,2000,0,0,0,0,0,0,0,0,0,0
260730,1,1,2000,0,0,0,0,0,0,0,0,0,0
260731,1,1,2000,0,0,0,0,0,0,0,0,0,0
260731,2,1,2000,0,0,0,0,0,0,0,0,0,0
260732,1,1,2000,0,0,0,0,0,0,0,0,0,0
260733,1,1,2000,28,28,28,28,28,28,28,28,28,28
260734,1,1,2000,0,0,0,0,0,0,0,0,0,0
260734,2,1,2000,0,0,0,0,0,0,0,0,0,0
260734,3,1,2000,0,0,0,0,0,0,0,0,0,0
260734,4,1,2000,0,0,0,0,0,0,0,0,0,0
260735,1,1,2000,0,0,0,0,0,6,0,0,0,0
260735,2,1,2000,0,0,0,0,0,0,0,0,0,0
260736,1,1,2000,0,0,0,0,0,0,0,0,0,0
260736,2,1,2000,30,16,47,22,6,9,7,22,3,15
260737,1,1,2000,0,0,0,0,0,0,0,0,0,0
260738,1,1,2000,19,20,5,17,18,27,7,7,13,10
260739,1,1,2000,0,0,0,0,0,0,0,0,0,0
260739,2,1,2000,0,0,0,0,0,0,3,0,0,0
260740,1,1,2000,0,0,0,0,0,0,0,0,0,7
260740,2,1,2000,0,0,0,0,0,0,0,0,0,0
260741,1,1,2000,0,0,0,0,0,0,0,0,0,0
260741,2,1,2000,0,0,0,0,0,0,0,0,0,0
260742,0,1,2000,0,0,0,0,0,0,0,0,0,0
260742,0,2,2000,0,0,0,0,0,0,0,0,0,0
260742,1,1,2000,0,0,0,0,0,0,0,38,0,0
260743,0,1,2000,0,0,0,0,0,0,0,0,0,0
260743,1,1,2000,0,0,0,0,0,0,0,0,0,0
260744,1,1,2000,0,0,0,0,0,0,0,0,0,0
260745,0,1,2000,0,0,0,0,0,0,0,0,0,0
260745,1,1,2000,6,6,6,6,6,6,6,6,6,6
260746,1,1,2000,0,0,0,0,0,0,0,0,0,0
260746,2,1,2000,0,0,0,0,0,0,0,0,0,0
260747,0,1,2000,0,0,0,0,0,0,0,0,0,0
260747,1,1,2000,0,0,0,0,0,0,0,0,0,0
260748,1,1,2000,6,19,4,5,19,11,18,5,10,21
260748,2,1,2000,0,0,0,0,0,0,0,0,0,0
260748,3,1,2000,0,0,0,0,0,0,0,0,0,16
260749,0,1,2000,0,0,0,0,0,0,0,0,0,0
260749,1,1,2000,0,0,0,0,0,0,0,0,0,0
260750,0,1,2000,0,0,0,0,0,0,0,0,0,0
260750,1,1,2000,0,0,0,0,0,0,18,0,8,0
260751,1,1,2000,0,0,0,0,0,0,0,0,0,0
260752,1,1,2000,24,0,0,0,32,0,0,19,16,18
260753,1,1,2000,0,7,24,8,0,21,0,23,0,20
260753,2,1,2000,0,0,0,0,0,0,0,12,0,0
260754,1,1,2000,0,0,0,0,0,0,0,0,0,0
260754,2,1,2000,0,0,0,0,0,0,0,0,0,0
260755,1,1,2000,0,0,8,0,15,11,0,0,4,26
260756,1,1,2000,13,13,13,13,13,13,13,13,13,13
260757,1,1,2000,26,26,26,26,26,26,26,26,26,26
260758,1,1,2000,0,0,0,0,0,0,0,0,0,0
260758,2,1,2000,0,0,0,0,0,0,0,0,0,0
260759,1,1,2000,0,0,0,0,10,0,0,0,0,0
260760,1,1,2000,19,19,19,19,19,19,19,19,19,19
260761,1,1,2000,0,13,0,0,0,0,0,0,0,0
260762,1,1,2000,19,19,11,17,0,23,0,18,24,40
260762,2,1,2000,3,3,3,3,3,3,3,3,3,3
260763,1,1,2000,4,4,4,4,4,4,4,4,4,4
260763,2,1,2000,0,0,0,0,0,0,0,0,0,0
260764,0,1,2000,0,0,0,0,0,0,0,0,0,0
260764,1,1,2000,19,10,4,15,21,9,13,12,0,10
260765,1,1,2000,0,7,12,0,0,11,10,6,0,16
260766,0,1,2000,5,5,5,5,5,5,5,5,5,5
260766,1,1,2000,15,0,12,18,0,24,13,15,24,28
260767,1,1,2000,0,0,0,0,0,0,0,0,0,0
260767,2,1,2000,0,0,0,0,0,0,0,0,0,0
260767,3,1,2000,0,0,0,0,0,0,0,0,0,0
260767,4,1,2000,0,0,0,0,0,0,0,19,0,0
260768,1,1,2000,9,15,0,0,4,9,0,0,3,0
260768,2,1,2000,0,5,14,17,28,0,25,0,0,21
260769,1,1,2000,0,0,0,0,0,0,0,0,0,0
260770,1,1,2000,0,0,0,0,0,0,0,0,0,0
260770,2,1,2000,0,0,0,0,0,0,0,0,0,0
260771,1,1,2000,0,0,0,0,0,0,0,0,0,0
260771,2,1,2000,0,8,0,0,0,0,0,0,0,0
260772,1,1,2000,21,21,21,21,21,21,21,21,21,21
260772,2,1,2000,0,0,0,0,0,0,0,0,0,0
260773,0,1,2000,0,0,0,0,0,0,0,0,0,0
260773,1,1,2000,1,1,1,1,1,1,1,1,1,1
260774,1,1,2000,19,0,0,26,12,31,22,17,31,19
260775,1,1,2000,0,0,0,8,0,0,0,0,0,0
260776,1,1,2000,0,0,0,0,0,0,0,0,0,0
260776,2,1,2000,0,0,0,0,0,0,0,0,0,0
260777,1,1,2000,0,0,0,0,0,0,0,0,0,0
260777,2,1,2000,0,0,0,0,0,0,0,0,0,0
260778,1,1,2000,15,15,15,15,15,15,15,15,15,15
260779,0,1,2000,0,0,0,0,0,0,0,0,0,11
260779,1,1,2000,0,0,0,0,0,0,0,0,0,0
260780,0,1,2000,0,0,0,0,21,0,0,0,0,0
260780,1,1,2000,0,0,0,0,0,0,0,0,0,0
260781,1,1,2000,0,0,0,0,0,0,0,0,0,0
260781,2,1,2000,0,0,0,0,0,0,0,0,0,0
260781,3,1,2000,0,0,0,0,0,0,0,0,0,0
260782,1,1,2000,0,0,0,0,0,0,0,0,0,0
260782,2,1,2000,0,0,0,0,0,0,0,0,0,0
260783,1,1,2000,0,0,0,0,0,0,0,0,0,0
260784,1,1,2000,15,14,0,17,0,22,0,0,14,0
260784,2,1,2000,0,0,0,0,0,0,0,0,0,0
260785,1,1,2000,24,24,24,24,24,24,24,24,24,24
260786,1,1,2000,0,0,0,0,0,0,0,0,0,0
260786,2,1,2000,0,0,0,0,0,0,0,0,0,0
260787,1,1,2000,18,18,18,18,18,18,18,18,18,18
260788,1,1,2000,28,28,28,28,28,28,28,28,28,28
260789,1,1,2000,0,0,0,0,0,0,0,0,0,0
260790,1,1,2000,15,15,15,15,15,15,15,15,15,15
260790,2,1,2000,0,0,0,0,0,0,0,0,0,0
260791,1,1,2000,22,22,22,22,22,22,22,22,22,22
260791,2,1,2000,0,0,0,0,0,0,0,0,0,0
260792,1,1,2000,11,11,11,11,11,11,11,11,11,11
260793,1,1,2000,0,0,0,0,0,0,0,0,0,0
260794,1,1,2000,0,0,0,0,0,0,0,0,0,0
260794,2,1,2000,0,0,0,0,0,0,0,0,0,0
260795,1,1,2000,0,0,0,0,0,0,0,0,0,0
260795,2,1,2000,0,0,0,0,0,0,0,0,0,0
260796,1,1,2000,0,0,0,0,0,0,0,0,0,0
260796,2,1,2000,0,0,0,0,0,0,0,0,0,0
260797,1,1,2000,22,22,22,22,22,22,22,22,22,22
260798,0,4,2000,32,16,0,31,0,0,23,0,13,16
260798,0,5,2000,5,0,13,0,16,0,10,0,0,0
260798,1,1,2000,13,13,13,13,13,13,13,13,13,13
260799,1,1,2000,0,0,0,0,9,0,0,0,0,16
260799,2,1,2000,0,0,0,0,0,0,0,0,0,0
260799,3,1,2000,0,14,0,0,15,0,0,0,0,15
260799,4,1,2000,0,9,37,24,0,0,0,3,0,0
260800,0,1,2000,21,21,21,21,21,21,21,21,21,21
260800,1,1,2000,0,0,0,0,0,0,0,0,0,0
260801,1,1,2000,0,0,0,0,0,0,0,0,0,0
260801,2,1,2000,14,14,14,14,14,14,14,14,14,14
260802,1,1,2000,0,0,0,0,0,0,0,0,0,0
260802,2,1,2000,0,0,0,0,0,0,0,0,0,0
260802,3,1,2000,0,0,0,0,0,0,0,0,0,0
260803,1,1,2000,0,0,0,0,0,0,0,0,0,0
260803,2,1,2000,0,0,0,0,0,0,0,0,0,0
260804,1,1,2000,4,4,4,4,4,4,4,4,4,4
260805,1,1,2000,14,6,8,14,0,3,16,6,6,31
260806,1,1,2000,35,35,35,35,35,35,35,35,35,35
260807,0,1,2000,0,0,0,0,0,0,0,0,0,0
260807,1,1,2000,0,0,0,0,0,0,0,0,0,0
260808,0,1,2000,0,0,0,0,0,0,0,0,0,0
260808,1,1,2000,0,0,0,0,0,0,0,0,0,0
260809,1,1,2000,0,0,0,0,0,0,0,0,0,0
260809,2,1,2000,0,0,0,0,0,0,0,0,0,0
260810,1,1,2000,24,24,24,24,24,24,24,24,24,24
260810,2,1,2000,4,0,0,5,0,16,0,0,0,19
260811,1,1,2000,0,0,0,0,0,0,0,0,0,0
260811,2,1,2000,0,0,0,0,0,0,0,0,0,0
260811,3,1,2000,0,0,0,0,0,0,0,0,0,0
260812,1,1,2000,18,18,18,18,18,18,18,18,18,18
260812,2,1,2000,16,16,16,16,16,16,16,16,16,16
260813,1,1,2000,0,0,0,0,0,0,0,0,0,0
260813,2,1,2000,0,0,0,0,0,0,0,0,0,0
260814,1,1,2000,0,0,0,0,0,0,0,0,0,0
260814,2,1,2000,0,0,0,0,0,0,0,0,0,0
260815,0,1,2000,25,16,12,11,27,13,25,8,21,30
260815,1,1,2000,3,3,3,3,3,3,3,3,3,3
260816,1,1,2000,16,15,0,9,0,11,16,17,23,18
260816,2,1,2000,9,0,0,0,0,0,0,0,0,0
260817,1,1,2000,19,16,16,0,0,18,17,30,11,29
260817,2,1,2000,0,0,0,0,0,0,0,0,0,0
260818,0,1,2000,0,0,0,0,0,0,0,0,0,0
260818,1,1,2000,0,0,0,0,0,0,0,0,0,0
260819,1,1,2000,0,0,0,0,0,0,0,0,0,0
260819,2,1,2000,0,0,0,0,0,0,0,0,0,0
260820,1,1,2000,17,17,17,17,17,17,17,17,17,17
260821,1,1,2000,1,1,1,1,1,1,1,1,1,1
260822,1,1,2000,0,0,0,0,0,0,0,0,0,0
260822,2,1,2000,0,0,0,0,0,0,0,0,0,0
260823,1,1,2000,20,20,20,20,20,20,20,20,20,20
260824,1,1,2000,0,0,0,0,0,0,0,0,0,0
260824,2,1,2000,0,0,0,0,0,0,0,0,0,0
260825,1,1,2000,16,16,16,16,16,16,16,16,16,16
260826,1,1,2000,0,0,0,0,0,0,0,0,0,0
260826,2,1,2000,0,0,0,0,0,0,0,0,0,0
260826,3,1,2000,0,0,0,0,0,0,0,0,0,0
260826,4,1,2000,0,0,0,0,0,0,0,0,0,0
260827,1,1,2000,68,68,68,68,68,68,68,68,68,68
260828,1,1,2000,0,0,0,0,0,0,0,0,0,0
260828,2,1,2000,0,0,0,0,0,0,0,0,0,0
260829,1,1,2000,22,22,22,22,22,22,22,22,22,22
260829,2,1,2000,0,0,0,0,0,0,0,0,0,0
260830,1,1,2000,25,25,25,25,25,25,25,25,25,25
260831,1,1,2000,10,10,10,10,10,10,10,10,10,10
260831,2,1,2000,0,0,0,0,0,0,0,0,0,0
260832,1,1,2000,26,26,26,26,26,26,26,26,26,26
260833,1,1,2000,0,0,0,0,0,0,0,0,0,0
260833,2,1,2000,0,0,0,0,0,0,0,0,0,0
260834,1,1,2000,0,0,0,0,0,0,0,0,0,0
260834,2,1,2000,0,0,0,0,0,0,0,0,0,0
260835,1,1,2000,0,0,0,0,0,0,0,0,0,0
260835,2,1,2000,19,19,19,19,19,19,19,19,19,19
260836,1,1,2000,17,7,10,15,4,18,4,9,4,0
260836,2,1,2000,0,10,0,0,0,0,0,16,0,9
260836,3,1,2000,0,0,0,0,0,0,0,8,0,0
260837,1,1,2000,1,1,1,1,1,1,1,1,1,1
260837,2,1,2000,0,0,0,0,0,0,0,0,0,0
260838,0,1,2000,0,0,0,0,0,0,0,0,0,13
260838,1,1,2000,0,0,0,0,0,0,0,0,0,0
260838,2,1,2000,0,0,0,0,0,0,0,0,0,0
260839,1,1,2000,0,3,0,0,0,0,0,0,0,0
260839,2,1,2000,0,0,0,5,0,0,0,23,8,0
260840,1,1,2000,0,0,0,14,14,12,18,17,0,19
260840,2,1,2000,0,13,0,0,0,0,0,20,7,21
260842,1,1,2000,0,11,15,17,17,0,30,0,0,26
260842,2,1,2000,0,0,0,0,0,0,0,0,0,0
260843,1,1,2000,11,13,12,19,18,13,16,10,18,17
260844,0,1,2000,0,0,0,0,0,0,0,0,0,0
260844,1,1,2000,0,0,0,0,0,0,0,0,0,0
260845,1,1,2000,0,0,0,0,0,0,0,0,0,0
260845,2,1,2000,19,4,0,0,0,0,0,10,0,0
260846,1,1,2000,0,0,0,0,0,0,0,0,0,0
260847,0,1,2000,0,13,22,0,0,0,0,28,0,0
260847,1,1,2000,0,0,0,0,0,0,0,0,0,0
260848,1,1,2000,0,0,0,0,0,0,0,0,0,0
260848,2,1,2000,0,0,0,0,0,0,0,0,0,0
260848,3,1,2000,0,0,0,0,0,0,0,0,0,0
260849,1,1,2000,25,25,25,25,25,25,25,25,25,25
260850,1,1,2000,0,0,0,0,0,0,0,0,0,0
260851,1,1,2000,0,0,0,0,0,0,0,0,0,0
260851,2,1,2000,0,0,0,0,0,0,0,0,0,0
260851,3,1,2000,0,0,0,0,0,0,0,0,0,0
260852,1,1,2000,0,0,0,0,0,0,0,0,0,0
260853,1,1,2000,13,0,8,9,28,33,0,0,14,8
260853,2,1,2000,0,0,0,0,0,0,0,0,0,0
260854,1,1,2000,0,0,0,0,0,0,0,0,0,0
260854,2,1,2000,0,0,0,0,0,0,0,4,0,9
260855,1,1,2000,0,0,0,0,0,0,0,0,0,0
260855,2,1,2000,0,0,0,0,0,0,0,0,0,0
260856,1,1,2000,0,0,0,0,0,0,0,0,0,0
260856,2,1,2000,0,0,0,0,0,0,0,0,0,0
260856,3,1,2000,0,0,0,0,0,0,0,0,0,0
260857,0,1,2000,0,0,0,0,0,0,0,0,0,0
260857,1,1,2000,0,0,0,0,0,0,0,0,0,0
260858,0,1,2000,0,0,0,0,0,0,0,0,0,0
260858,1,1,2000,0,0,0,0,0,0,0,0,0,0
260859,1,1,2000,37,37,37,37,37,37,37,37,37,37
260859,2,1,2000,0,0,0,0,0,0,0,0,0,0
260860,1,1,2000,0,0,0,0,0,0,0,0,0,0
260860,2,1,2000,0,0,0,0,0,0,0,0,0,0
260861,0,1,2000,0,0,0,0,0,0,0,0,0,0
260861,1,1,2000,0,0,0,0,0,0,0,0,12,15
260862,1,1,2000,0,0,0,0,0,0,0,0,0,0
260863,1,1,2000,0,0,0,0,0,0,0,0,0,0
260863,2,1,2000,0,0,0,0,0,0,0,0,0,0
260864,1,1,2000,0,0,0,0,0,0,0,0,0,0
260864,2,1,2000,0,0,0,0,0,0,0,0,0,0
260865,1,1,2000,0,0,0,0,0,0,0,0,0,0
260865,2,1,2000,0,0,0,0,0,0,0,0,0,0
260865,3,1,2000,7,7,7,7,7,7,7,7,7,7
260866,1,1,2000,0,0,0,0,0,0,0,0,0,0
260866,2,1,2000,0,0,0,0,0,0,0,0,0,0
260867,1,1,2000,14,14,14,14,14,14,14,14,14,14
260868,1,1,2000,2,23,14,10,20,0,26,2,16,10
260869,1,1,2000,0,0,0,0,0,0,0,0,0,0
260869,2,1,2000,0,0,0,0,0,0,0,0,0,0
260870,1,1,2000,0,0,0,0,18,12,0,0,0,28
260871,1,1,2000,24,24,24,24,24,24,24,24,24,24
260872,1,1,2000,0,0,0,0,0,0,0,0,0,0
260872,2,1,2000,0,0,0,0,0,0,0,0,0,0
260873,1,1,2000,17,17,17,17,17,17,17,17,17,17
260874,0,1,2000,0,0,0,0,0,0,0,0,0,0
260874,1,1,2000,0,0,0,0,0,0,0,0,0,0
260875,1,1,2000,0,0,0,0,0,0,0,0,0,0
260875,2,1,2000,0,0,0,0,0,10,0,0,0,0
260876,1,1,2000,17,29,19,0,15,7,17,0,7,9
260876,2,1,2000,0,0,28,0,0,0,0,0,0,0
260877,1,1,2000,2,2,2,2,2,2,2,2,2,2
260877,2,1,2000,0,0,0,0,0,0,0,0,0,0
260878,1,1,2000,0,0,0,0,0,0,0,0,0,0
260878,2,1,2000,0,0,0,0,0,0,0,0,0,0
260879,0,1,2000,0,0,0,19,0,0,0,0,0,17
260879,1,1,2000,0,0,0,0,0,0,0,0,0,0
260880,1,1,2000,0,0,0,0,0,0,0,0,0,0
260881,1,1,2000,0,0,0,0,0,0,0,0,0,0
260881,2,1,2000,0,0,0,0,0,0,0,0,0,0
260881,3,1,2000,0,0,0,0,12,0,0,0,0,0
260881,4,1,2000,0,0,0,0,0,0,0,0,0,0
260882,1,1,2000,16,16,16,16,16,16,16,16,16,16
260883,1,1,2000,0,0,0,0,0,0,0,0,0,0
260883,2,1,2000,23,23,23,23,23,23,23,23,23,23
260884,1,1,2000,19,19,19,19,19,19,19,19,19,19
260885,1,1,2000,22,22,22,22,22,22,22,22,22,22
260886,1,1,2000,0,0,0,0,0,0,0,0,0,0
260886,2,1,2000,0,0,0,0,0,0,0,0,0,0
260887,1,1,2000,0,0,0,0,0,0,0,0,0,0
260887,2,1,2000,0,0,0,0,0,0,0,0,0,0
260888,1,1,2000,0,0,0,0,0,0,0,0,0,0
260888,2,1,2000,0,0,0,0,0,0,0,0,0,0
260889,1,1,2000,10,10,10,10,10,10,10,10,10,10
260890,1,1,2000,0,0,0,0,0,0,0,0,0,0
260891,1,1,2000,22,22,22,22,22,22,22,22,22,22
260891,2,1,2000,0,0,0,0,0,0,0,0,0,0
260891,3,1,2000,0,0,0,0,0,0,15,0,0,0
260892,1,1,2000,0,0,0,0,0,0,0,0,0,0
260893,1,1,2000,0,0,0,0,0,0,0,0,0,0
260894,0,1,2000,13,13,13,13,13,13,13,13,13,13
260894,1,1,2000,15,15,15,15,15,15,15,15,15,15
260895,1,1,2000,0,0,0,0,0,8,0,0,0,0
260895,2,1,2000,0,0,0,0,0,0,0,0,0,0
260896,1,1,2000,0,0,0,0,0,0,0,0,0,0
260897,1,1,2000,0,0,0,0,0,0,0,0,0,0
260898,1,1,2000,25,15,13,17,21,30,23,12,22,18
260898,2,1,2000,0,0,0,0,0,0,0,0,0,0
260899,1,1,2000,0,0,0,0,0,0,0,0,0,0
260899,2,1,2000,0,0,0,0,0,0,0,0,0,0
260900,1,1,2000,0,0,0,0,0,0,0,0,0,0
260901,1,1,2000,0,0,0,0,0,0,0,0,0,0
260901,2,1,2000,0,0,0,0,0,0,0,0,0,0
260901,3,1,2000,0,0,0,0,0,12,0,0,0,0
260902,1,1,2000,0,0,0,0,0,0,0,0,0,0
260902,2,1,2000,0,0,0,0,0,0,0,0,0,0
260903,0,1,2000,0,0,0,0,0,0,12,0,0,0
260903,1,1,2000,0,0,0,0,0,0,0,0,0,0
260903,2,1,2000,0,0,0,0,0,0,0,0,0,0
260904,1,1,2000,10,10,10,10,10,10,10,10,10,10
260904,2,1,2000,0,0,0,0,0,0,0,0,0,0
260905,1,1,2000,24,24,24,24,24,24,24,24,24,24
260906,1,1,2000,0,0,0,0,0,0,0,0,0,0
260906,2,1,2000,0,0,0,0,0,0,0,0,0,0
260907,1,1,2000,27,27,27,27,27,27,27,27,27,27
260908,1,1,2000,0,0,0,0,0,0,0,0,0,0
260908,2,1,2000,0,0,0,0,0,0,0,0,0,0
260909,1,1,2000,0,0,0,0,0,0,0,0,0,0
260909,2,1,2000,0,0,0,0,9,0,0,0,0,0
260910,0,1,2000,18,18,18,18,18,18,18,18,18,18
260910,1,1,2000,0,0,0,0,0,0,0,0,0,0
260911,0,1,2000,6,6,6,6,6,6,6,6,6,6
260911,1,1,2000,7,7,7,7,7,7,7,7,7,7
260912,0,1,2000,0,0,0,0,23,0,0,0,0,0
260912,0,2,2000,14,0,0,0,35,0,0,0,14,0
260912,1,1,2000,0,0,0,0,0,0,0,0,0,0
260913,1,1,2000,0,0,0,0,0,0,0,0,0,0
260914,0,1,2000,24,24,24,24,24,24,24,24,24,24
260914,0,2,2000,8,15,22,14,5,0,23,48,17,0
260914,1,1,2000,0,0,24,21,0,0,0,0,0,0
260915,0,1,2000,15,39,0,0,24,0,0,0,0,21
260915,0,2,2000,18,36,0,0,0,0,0,26,0,0
260915,1,1,2000,0,0,0,0,0,0,0,0,0,0
260916,0,1,2000,25,25,25,25,25,25,25,25,25,25
260916,1,1,2000,0,0,0,0,17,0,0,0,0,0
260917,1,1,2000,0,0,0,0,0,0,0,0,0,0
260917,2,1,2000,0,0,0,0,0,0,0,0,0,0
260918,1,1,2000,0,0,0,0,0,0,0,0,0,0
260918,2,1,2000,0,0,0,0,0,0,0,0,0,0
260918,3,1,2000,0,0,0,0,0,0,0,0,0,0
260918,4,1,2000,0,6,0,0,0,0,0,0,0,0
260919,1,1,2000,0,0,0,0,0,0,0,0,0,0
260919,2,1,2000,0,0,0,0,0,0,0,0,0,0
260919,3,1,2000,0,0,0,0,0,0,0,0,0,0
260920,1,1,2000,0,0,0,0,0,0,0,0,0,0
260920,2,1,2000,0,0,0,0,0,0,0,0,0,0
260921,1,1,2000,0,0,16,0,0,0,0,0,0,0
260921,2,1,2000,0,0,0,0,0,0,0,0,0,0
260922,1,1,2000,21,21,21,21,21,21,21,21,21,21
260923,1,1,2000,0,0,0,0,0,0,0,0,0,0
260923,2,1,2000,0,0,0,0,0,0,0,0,0,0
260924,1,1,2000,0,0,0,8,0,0,0,0,11,0
260925,1,1,2000,23,23,23,23,23,23,23,23,23,23
260926,1,1,2000,0,0,0,0,0,0,0,0,0,0
260926,2,1,2000,0,0,0,0,0,0,0,0,0,0
260926,3,1,2000,0,0,0,0,0,0,0,0,0,0
260927,1,1,2000,14,10,0,19,26,0,25,42,10,24
260928,0,1,2000,20,37,0,10,10,0,11,33,31,13
260928,1,1,2000,2,2,2,2,2,2,2,2,2,2
260928,2,1,2000,0,0,0,0,0,0,0,0,0,0
260929,1,1,2000,0,0,0,0,0,0,0,0,0,0
260929,2,1,2000,0,0,0,0,0,0,0,0,0,0
260930,1,1,2000,0,0,0,0,0,0,0,0,0,0
260930,2,1,2000,0,0,0,0,0,0,0,0,0,0
260931,1,1,2000,24,32,24,29,22,16,15,22,17,13
260932,1,1,2000,0,0,0,0,0,0,0,0,0,0
260932,2,1,2000,0,0,0,0,0,0,0,0,0,0
260933,1,1,2000,12,0,0,0,0,0,0,0,0,0
260933,2,1,2000,0,0,0,0,0,0,0,0,0,0
260934,1,1,2000,0,0,0,14,0,0,0,0,0,0
260934,2,1,2000,0,0,0,0,0,0,0,0,0,0
260935,1,1,2000,0,0,0,0,0,0,0,0,0,0
260936,1,1,2000,16,16,16,16,16,16,16,16,16,16
260937,1,1,2000,0,0,0,0,0,0,0,0,0,0
260937,2,1,2000,0,15,0,0,0,0,0,0,0,0
260938,1,1,2000,0,0,0,0,0,0,0,17,0,0
260938,2,1,2000,0,0,0,7,0,0,0,0,0,0
260938,3,1,2000,20,0,0,0,0,0,0,0,0,0
260938,4,1,2000,0,0,0,0,0,0,0,0,0,0
260940,1,1,2000,0,0,0,0,0,0,0,0,0,0
260940,2,1,2000,0,0,0,0,0,0,0,0,0,0
260941,1,1,2000,0,0,0,0,0,0,0,0,0,0
260941,2,1,2000,12,12,12,12,12,12,12,12,12,12
260942,1,1,2000,23,23,23,23,23,23,23,23,23,23
260943,1,1,2000,0,0,0,0,0,0,0,0,0,0
260944,1,1,2000,0,0,0,0,0,0,0,0,0,0
260944,2,1,2000,0,0,0,0,0,0,0,0,0,0
260945,1,1,2000,0,0,0,0,0,0,0,0,0,0
260945,2,1,2000,0,0,0,0,0,0,0,0,0,0
260946,1,1,2000,0,0,0,0,0,0,0,0,0,0
260946,2,1,2000,0,0,0,0,0,0,0,0,0,0
260947,1,1,2000,28,28,28,28,28,28,28,28,28,28
260948,1,1,2000,18,0,20,18,9,26,0,11,23,2
260949,1,1,2000,0,0,0,0,0,0,0,0,0,0
260949,2,1,2000,0,0,0,0,0,0,0,0,0,0
260949,3,1,2000,0,0,0,0,0,0,0,0,0,0
260949,4,1,2000,0,0,0,4,0,0,0,0,0,0
260949,5,1,2000,0,0,0,0,0,0,0,0,0,0
260950,1,1,2000,5,5,5,5,5,5,5,5,5,5
260951,1,1,2000,0,0,0,0,0,0,0,0,0,0
260952,1,1,2000,0,0,0,0,0,0,0,0,0,0
260953,1,1,2000,0,0,0,0,0,0,0,0,0,0
260954,1,1,2000,0,0,0,0,0,0,0,0,0,0
260954,2,1,2000,0,11,0,0,0,0,0,0,0,19
260954,3,1,2000,0,0,17,0,0,0,0,0,0,0
260955,1,1,2000,0,0,0,0,0,0,0,0,0,0
260955,2,1,2000,0,0,0,0,0,0,0,0,0,0
260956,1,1,2000,0,0,0,0,0,0,0,0,0,0
260956,2,1,2000,0,0,0,0,0,0,0,0,0,0
260957,1,1,2000,32,32,32,32,32,32,32,32,32,32
260958,0,1,2000,0,0,0,0,0,0,0,0,0,0
260958,1,1,2000,0,0,0,0,0,0,0,0,0,0
260959,1,1,2000,0,0,0,0,0,0,0,0,0,0
260960,1,1,2000,22,22,22,22,22,22,22,22,22,22
260961,1,1,2000,0,0,0,0,0,0,0,0,0,0
260962,1,1,2000,0,0,0,0,20,0,10,0,0,0
260962,2,1,2000,0,0,0,0,0,0,0,0,0,0
260963,1,1,2000,0,0,0,0,0,0,0,0,0,0
260964,1,1,2000,0,0,0,0,0,0,0,0,0,0
260965,0,1,2000,0,0,0,0,0,0,0,0,0,0
260965,1,1,2000,18,12,2,19,0,0,0,17,0,0
260965,2,1,2000,0,0,0,0,0,0,0,0,0,0
260966,1,1,2000,0,0,0,0,0,0,0,0,0,0
260967,1,1,2000,9,9,9,9,9,9,9,9,9,9