ST_CASE,VEH_NO,PER_NO,YEAR,P1,P2,P3,P4,P5,P6,P7,P8,P9,P10
261220,0,1,2000,0,0,0,0,0,0,0,0,0,0
261220,1,1,2000,0,0,0,0,0,0,0,0,0,0
261220,2,1,2000,0,0,0,0,0,0,0,0,0,0
261221,1,1,2000,0,0,0,0,0,0,0,0,0,0
261222,1,1,2000,0,0,0,0,0,0,0,0,0,0
261223,1,1,2000,0,0,0,0,0,0,0,0,0,0
261223,2,1,2000,0,0,0,0,0,0,0,0,0,0
261223,3,1,2000,0,0,0,0,0,0,0,0,0,0
261224,1,1,2000,0,0,0,0,0,0,0,0,0,0
261224,2,1,2000,0,0,0,0,0,0,0,0,0,0
261225,1,1,2000,28,28,28,28,28,28,28,28,28,28
261226,1,1,2000,1,1,1,1,1,1,1,1,1,1
261227,1,1,2000,0,0,0,0,0,0,0,0,0,0
261227,2,1,2000,0,0,0,0,0,0,0,0,0,0
261228,1,1,2000,0,11,0,0,0,0,0,0,0,0
261228,2,1,2000,0,0,0,0,0,0,0,0,0,0
261229,1,1,2000,14,14,14,14,14,14,14,14,14,14
261229,2,1,2000,14,10,12,19,14,21,21,18,11,21
261229,3,1,2000,0,0,0,0,0,0,0,0,0,0
261230,1,1,2000,0,0,0,0,0,10,0,0,0,9
261230,2,1,2000,0,0,0,0,0,0,0,0,0,0
261231,0,1,2000,29,3,24,30,8,41,40,12,12,10
261231,1,1,2000,2,2,2,2,2,2,2,2,2,2
261232,0,1,2000,0,0,0,20,18,0,0,0,0,38
261232,1,1,2000,0,0,0,0,0,0,0,0,0,0
261233,1,1,2000,0,0,0,0,0,0,0,0,0,0
261233,2,1,2000,0,0,0,0,0,0,0,0,0,0
261233,3,1,2000,0,16,0,0,0,0,0,0,0,0
261234,1,1,2000,0,0,0,0,0,0,0,0,0,0
261234,2,1,2000,0,0,0,0,0,0,0,0,0,0
261235,1,1,2000,0,0,0,0,0,0,0,0,0,0
261235,2,1,2000,0,0,0,0,0,0,0,0,0,0
261236,0,1,2000,0,34,0,28,0,8,10,12,0,17
261236,1,1,2000,0,12,15,0,0,0,0,0,8,0
261237,1,1,2000,0,0,0,0,0,0,0,0,0,0
261237,2,1,2000,0,0,0,16,0,0,6,0,0,0
261238,1,1,2000,17,17,17,17,17,17,17,17,17,17
261239,0,1,2000,0,0,0,0,0,0,0,0,0,0
261239,0,2,2000,0,0,0,0,0,0,0,0,0,0
261239,1,1,2000,0,0,0,0,0,0,0,0,0,0
261240,1,1,2000,0,0,0,0,0,0,0,0,0,0
261240,2,1,2000,0,0,0,0,0,0,0,0,0,3
261241,1,1,2000,10,10,10,10,10,10,10,10,10,10
261241,2,1,2000,0,0,0,0,0,0,0,0,0,0
261242,1,1,2000,0,0,0,0,0,0,0,0,0,0
261242,2,1,2000,0,0,0,0,0,0,0,0,0,0
270001,1,1,2000,0,0,0,0,0,0,0,0,0,0
270002,1,1,2000,21,21,21,21,21,21,21,21,21,21
270003,1,1,2000,0,0,0,0,0,0,0,0,0,0
270003,2,1,2000,0,0,0,0,0,0,0,0,0,0
270004,0,1,2000,0,0,0,0,0,0,0,0,0,0
270004,1,1,2000,0,0,0,0,0,0,0,0,0,0
270005,1,1,2000,0,0,0,0,0,0,0,0,0,0
270005,2,1,2000,0,0,0,0,0,0,0,0,0,0
270006,1,1,2000,0,0,0,0,0,0,0,0,0,0
270006,2,1,2000,0,0,0,0,0,0,0,0,0,0
270006,3,1,2000,0,0,0,0,0,0,0,0,0,0
270006,4,1,2000,0,0,0,0,0,0,0,0,0,0
270007,1,1,2000,0,0,0,0,0,0,0,0,0,0
270007,2,1,2000,0,0,0,0,0,0,0,0,0,0
270008,1,1,2000,0,0,0,0,0,0,0,0,0,0
270008,2,1,2000,0,0,0,0,0,0,0,0,0,0
270009,0,1,2000,0,0,0,0,0,0,0,0,0,0
270009,1,1,2000,0,0,0,0,0,0,0,0,0,0
270010,1,1,2000,0,0,0,0,0,0,0,0,0,0
270010,2,1,2000,0,0,0,0,0,0,0,0,0,0
270011,1,1,2000,16,16,16,16,16,16,16,16,16,16
270012,1,1,2000,0,0,0,0,0,0,0,0,0,0
270012,2,1,2000,0,0,0,0,0,0,0,0,0,0
270013,1,1,2000,0,0,0,0,0,0,0,0,0,0
270013,2,1,2000,0,0,0,0,0,0,0,0,0,0
270014,1,1,2000,0,0,0,0,0,0,0,0,0,0
270014,2,1,2000,0,0,0,0,0,0,0,0,2,0
270015,1,1,2000,19,19,19,19,19,19,19,19,19,19
270015,2,1,2000,0,0,0,0,0,0,0,0,0,0
270016,1,1,2000,0,0,0,0,0,0,0,0,0,0
270016,2,1,2000,0,0,0,0,0,0,0,0,0,0
270017,1,1,2000,14,14,14,14,14,14,14,14,14,14
270018,1,1,2000,13,13,13,13,13,13,13,13,13,13
270019,1,1,2000,0,0,0,0,0,0,0,0,0,0
270019,2,1,2000,0,0,0,0,0,0,0,0,0,0
270020,1,1,2000,0,0,0,0,0,0,4,0,0,0
270020,2,1,2000,0,0,0,0,0,0,0,0,0,0
270021,1,1,2000,0,0,0,0,0,0,0,0,0,0
270021,2,1,2000,0,0,0,0,0,0,0,0,0,0
270021,3,1,2000,0,0,0,0,0,0,0,0,0,0
270022,1,1,2000,0,0,0,0,0,0,0,0,0,0
270022,2,1,2000,0,0,0,0,0,0,0,0,0,0
270023,1,1,2000,0,0,0,0,0,0,0,0,0,0
270023,2,1,2000,0,0,0,0,0,0,0,0,0,0
270024,1,1,2000,0,0,0,0,0,0,0,0,0,0
270024,2,1,2000,0,0,0,0,0,0,0,0,0,0
270024,3,1,2000,0,0,0,0,0,0,0,0,0,0
270025,1,1,2000,0,0,0,0,0,0,0,0,0,0
270025,2,1,2000,0,0,0,0,0,0,0,0,0,0
270026,1,1,2000,17,17,17,17,17,17,17,17,17,17
270027,0,1,2000,0,0,0,0,0,0,0,0,0,0
270027,1,1,2000,0,0,0,0,0,0,0,0,0,0
270028,1,1,2000,0,0,0,0,0,0,0,0,0,0
270028,2,1,2000,0,0,0,0,0,0,0,0,0,0
270029,1,1,2000,0,0,0,0,0,0,0,0,0,0
270029,2,1,2000,0,0,0,0,0,0,0,0,0,0
270030,1,1,2000,0,0,0,0,0,0,0,0,0,0
270031,1,1,2000,0,0,0,0,0,0,0,0,0,0
270031,2,1,2000,0,0,0,0,0,0,0,0,0,0
270032,1,1,2000,0,0,0,0,0,0,0,0,0,0
270032,2,1,2000,0,0,0,0,0,0,0,0,0,0
270032,3,1,2000,0,0,14,0,0,0,0,0,0,0
270033,1,1,2000,24,24,24,24,24,24,24,24,24,24
270033,2,1,2000,0,0,0,0,0,0,0,0,0,0
270034,1,1,2000,25,25,25,25,25,25,25,25,25,25
270034,2,1,2000,0,0,0,0,0,0,0,0,0,0
270035,1,1,2000,0,0,0,0,0,0,0,0,0,0
270035,2,1,2000,0,0,0,0,0,0,0,0,0,0
270035,3,1,2000,0,0,0,0,0,0,0,0,0,0
270037,1,1,2000,0,0,0,0,0,0,0,0,0,0
270037,2,1,2000,25,25,25,25,25,25,25,25,25,25
270038,1,1,2000,0,0,0,0,0,0,0,0,0,0
270038,2,1,2000,0,0,0,0,0,0,0,0,0,0
270039,0,1,2000,0,0,21,0,0,0,0,0,0,0
270039,1,1,2000,0,0,0,0,0,0,0,0,0,0
270040,1,1,2000,0,0,0,0,0,0,0,0,0,0
270040,2,1,2000,0,0,0,0,0,0,0,0,0,0
270041,1,1,2000,26,26,26,26,26,26,26,26,26,26
270041,2,1,2000,19,19,19,19,19,19,19,19,19,19
270042,1,1,2000,0,0,0,0,0,0,0,0,0,0
270043,1,1,2000,0,0,0,0,0,0,0,0,0,0
270044,1,1,2000,0,0,0,0,0,0,0,0,0,0
270045,1,1,2000,27,27,27,27,27,27,27,27,27,27
270046,1,1,2000,0,0,0,0,0,0,14,0,0,0
270047,1,1,2000,0,0,0,0,0,0,0,0,0,0
270048,1,1,2000,28,28,28,28,28,28,28,28,28,28
270048,2,1,2000,0,0,0,0,0,0,0,0,0,0
270049,1,1,2000,0,0,0,0,0,0,0,0,0,0
270050,1,1,2000,24,24,24,24,24,24,24,24,24,24
270051,1,1,2000,5,5,5,5,5,5,5,5,5,5
270052,1,1,2000,0,0,0,0,0,0,0,0,0,0
270053,1,1,2000,0,0,0,0,0,0,0,0,0,0
270053,2,1,2000,0,0,0,0,0,0,0,0,0,0
270054,1,1,2000,0,0,0,0,0,0,0,0,0,0
270055,1,1,2000,0,0,0,0,0,0,0,0,0,0
270056,1,1,2000,0,0,0,0,0,0,0,0,0,0
270056,2,1,2000,0,0,0,0,0,0,0,0,0,0
270057,1,1,2000,0,0,0,0,0,0,0,0,0,0
270057,2,1,2000,0,0,0,0,0,0,0,0,0,0
270058,1,1,2000,11,11,11,11,11,11,11,11,11,11
270058,2,1,2000,0,0,0,7,0,0,0,0,0,0
270059,1,1,2000,0,0,0,0,0,0,0,0,0,0
270059,2,1,2000,0,0,0,0,0,0,0,0,0,0
270060,1,1,2000,25,25,25,25,25,25,25,25,25,25
270060,2,1,2000,10,10,10,10,10,10,10,10,10,10
270061,1,1,2000,0,0,0,0,0,0,0,0,0,0
270061,2,1,2000,0,0,0,0,0,0,0,0,0,0
270061,3,1,2000,0,0,0,0,0,0,0,0,0,0
270062,1,1,2000,0,0,0,0,0,0,0,0,0,0
270062,2,1,2000,0,0,0,0,0,0,0,0,0,0
270063,1,1,2000,0,0,0,0,0,0,0,0,0,0
270063,2,1,2000,0,0,0,0,0,0,0,0,0,0
270064,1,1,2000,0,0,0,0,0,0,0,0,0,0
270064,2,1,2000,0,0,0,0,0,0,0,0,0,0
270065,1,1,2000,0,0,0,0,0,0,0,0,0,0
270065,2,1,2000,0,0,0,0,0,0,0,0,0,13
270066,1,1,2000,19,19,19,19,19,19,19,19,19,19
270067,1,1,2000,0,0,0,0,0,0,0,0,0,0
270067,2,1,2000,0,0,0,0,0,0,0,0,0,0
270068,1,1,2000,15,15,15,15,15,15,15,15,15,15
270069,1,1,2000,9,9,9,9,9,9,9,9,9,9
270070,1,1,2000,22,22,22,22,22,22,22,22,22,22
270071,1,1,2000,0,0,0,0,13,8,0,4,0,0
270071,2,1,2000,21,21,21,21,21,21,21,21,21,21
270072,1,1,2000,0,0,0,0,0,0,0,0,0,0
270072,2,1,2000,0,0,0,0,0,0,0,0,0,0
270073,1,1,2000,0,0,0,0,0,0,0,0,0,0
270073,2,1,2000,0,0,0,0,0,0,0,0,0,0
270073,3,1,2000,0,0,0,14,0,0,0,0,0,6
270073,4,1,2000,0,0,0,0,0,0,0,0,0,0
270073,5,1,2000,0,0,0,0,0,0,0,0,0,0
270074,1,1,2000,1,1,1,1,1,1,1,1,1,1
270074,2,1,2000,0,0,0,0,0,0,0,0,0,0
270075,0,1,2000,0,0,0,0,0,0,0,0,0,0
270075,1,1,2000,0,0,0,0,0,0,0,0,0,0
270076,1,1,2000,0,0,0,0,0,0,0,0,0,0
270076,2,1,2000,0,0,0,0,0,0,0,0,0,0
270077,0,1,2000,0,0,0,0,0,0,0,0,0,0
270077,1,1,2000,0,0,0,0,0,0,0,0,0,0
270078,1,1,2000,15,15,15,15,15,15,15,15,15,15
270078,2,1,2000,11,11,11,11,11,11,11,11,11,11
270079,1,1,2000,0,0,0,0,0,0,0,0,0,0
270079,2,1,2000,0,0,0,0,0,0,0,0,0,0
270080,1,1,2000,15,15,15,15,15,15,15,15,15,15
270081,1,1,2000,14,14,14,14,14,14,14,14,14,14
270082,1,1,2000,0,0,0,0,0,0,0,0,0,0
270083,0,1,2000,22,22,22,22,22,22,22,22,22,22
270083,1,1,2000,0,25,0,11,0,0,0,0,22,0
270084,1,1,2000,16,16,16,16,16,16,16,16,16,16
270085,0,1,2000,0,0,0,3,0,0,0,14,0,0
270085,1,1,2000,0,0,0,0,0,0,0,0,0,0
270086,1,1,2000,0,0,0,0,0,0,0,0,0,0
270087,1,1,2000,0,0,0,0,0,0,0,0,0,0
270088,1,1,2000,15,15,15,15,15,15,15,15,15,15
270089,1,1,2000,19,19,19,19,19,19,19,19,19,19
270090,1,1,2000,0,0,0,0,0,0,0,0,0,0
270090,2,1,2000,24,24,24,24,24,24,24,24,24,24
270091,1,1,2000,27,27,27,27,27,27,27,27,27,27
270092,1,1,2000,0,0,0,0,0,0,0,0,0,0
270092,2,1,2000,0,0,0,0,0,0,0,0,0,0
270093,1,1,2000,0,0,0,0,0,0,0,0,0,0
270094,1,1,2000,0,0,0,0,0,0,0,0,0,0
270094,2,1,2000,0,0,0,0,0,0,10,0,0,0
270095,1,1,2000,3,3,3,3,3,3,3,3,3,3
270095,2,1,2000,0,0,0,0,0,0,0,0,0,0
270096,1,1,2000,12,12,12,12,12,12,12,12,12,12
270097,1,1,2000,0,0,0,0,0,0,0,0,0,0
270098,1,1,2000,20,20,20,20,20,20,20,20,20,20
270098,2,1,2000,20,20,20,20,20,20,20,20,20,20
270099,1,1,2000,0,0,0,0,0,0,0,0,0,0
270100,1,1,2000,0,0,0,0,0,0,0,0,0,0
270100,2,1,2000,0,0,0,0,0,0,0,0,0,0
270101,1,1,2000,13,13,13,13,13,13,13,13,13,13
270102,1,1,2000,0,0,9,25,14,0,24,0,0,21
270103,0,1,2000,0,0,0,0,0,0,0,0,0,0
270103,1,1,2000,0,0,0,0,0,0,0,0,0,0
270104,0,1,2000,0,0,0,0,0,0,0,0,0,0
270104,1,1,2000,0,0,0,16,0,0,0,0,0,0
270105,0,1,2000,1,1,1,1,1,1,1,1,1,1
270105,1,1,2000,0,0,0,0,0,0,0,0,0,0
270106,1,1,2000,16,16,16,16,16,16,16,16,16,16
270107,0,1,2000,0,0,0,0,0,0,0,0,0,0
270107,1,1,2000,0,0,0,0,0,9,0,0,0,0
270108,1,1,2000,32,32,32,32,32,32,32,32,32,32
270109,1,1,2000,0,0,0,0,0,0,0,0,0,0
270109,2,1,2000,0,0,0,0,0,0,0,0,0,0
270110,1,1,2000,21,21,21,21,21,21,21,21,21,21
270111,1,1,2000,0,0,0,0,0,0,0,0,0,0
270112,1,1,2000,0,0,0,0,0,0,0,0,0,0
270114,0,1,2000,0,0,0,0,0,0,0,0,0,0
270114,1,1,2000,0,0,0,0,0,0,0,0,0,0
270115,1,1,2000,16,16,16,16,16,16,16,16,16,16
270116,1,1,2000,13,13,13,13,13,13,13,13,13,13
270116,2,1,2000,0,0,0,0,0,0,0,0,0,0
270117,1,1,2000,3,3,3,3,3,3,3,3,3,3
270118,1,1,2000,0,0,0,0,0,0,0,0,0,0
270118,2,1,2000,0,0,0,0,0,0,0,0,0,0
270119,1,1,2000,0,0,0,0,0,0,0,0,0,0
270119,2,1,2000,0,0,0,0,0,0,0,0,0,0
270120,1,1,2000,0,0,0,0,0,0,0,0,0,0
270120,2,1,2000,0,0,0,0,0,0,0,0,0,0
270121,1,1,2000,0,0,0,0,0,0,0,0,0,0
270122,1,1,2000,10,10,10,10,10,10,10,10,10,10
270123,1,1,2000,18,18,18,18,18,18,18,18,18,18
270124,1,1,2000,0,0,0,0,8,0,0,0,0,0
270124,2,1,2000,0,0,0,0,0,0,0,0,0,0
270125,1,1,2000,0,0,0,0,0,0,0,0,0,0
270125,2,1,2000,0,0,0,0,0,0,0,0,0,0
270126,1,1,2000,0,0,0,0,0,0,0,0,0,0
270127,1,1,2000,15,15,15,15,15,15,15,15,15,15
270127,2,1,2000,0,0,0,0,0,0,0,0,0,0
270127,3,1,2000,0,0,0,0,0,0,0,0,0,0
270128,1,1,2000,0,0,0,0,0,0,0,0,0,0
270128,2,1,2000,0,0,0,0,0,0,0,0,0,0
270129,1,1,2000,0,0,0,0,0,0,0,0,0,0
270129,2,1,2000,0,0,0,0,0,0,0,0,0,0
270130,1,1,2000,0,0,0,0,0,0,0,0,0,0
270131,1,1,2000,0,0,0,0,0,0,0,0,0,0
270131,2,1,2000,0,0,0,0,0,0,0,0,0,0
270132,0,1,2000,0,0,0,0,0,0,0,0,0,0
270132,1,1,2000,0,0,0,0,0,0,0,0,0,0
270133,1,1,2000,0,0,0,0,0,0,0,0,0,0
270133,2,1,2000,0,0,0,0,0,0,0,0,0,0
270134,0,1,2000,0,0,0,0,0,0,0,0,0,0
270134,1,1,2000,15,15,15,15,15,15,15,15,15,15
270135,1,1,2000,0,0,0,0,0,0,0,0,0,0
270135,2,1,2000,0,0,0,0,0,0,0,0,0,0
270136,1,1,2000,20,20,20,20,20,20,20,20,20,20
270136,2,1,2000,11,11,11,11,11,11,11,11,11,11
270137,1,1,2000,0,21,0,0,0,10,0,0,0,0
270137,2,1,2000,0,0,0,0,0,0,0,0,0,0
270137,3,1,2000,0,0,0,0,0,0,0,0,0,0
270137,4,1,2000,0,0,3,12,0,0,0,0,0,0
270138,1,1,2000,0,0,0,0,0,0,0,0,0,0
270139,1,1,2000,0,0,0,0,0,0,0,0,0,0
270139,2,1,2000,0,0,0,0,0,0,0,0,0,0
270140,1,1,2000,1,1,1,1,1,1,1,1,1,1
270141,1,1,2000,15,15,15,15,15,15,15,15,15,15
270142,1,1,2000,0,0,0,0,0,0,0,0,0,0
270142,2,1,2000,0,0,0,0,0,0,0,0,0,0
270143,1,1,2000,12,12,12,12,12,12,12,12,12,12
270144,1,1,2000,0,0,0,0,0,0,0,0,0,0
270144,2,1,2000,0,0,0,0,0,0,0,0,0,0
270145,1,1,2000,0,0,0,0,0,0,0,0,0,0
270145,2,1,2000,0,0,0,0,0,0,0,0,0,0
270146,1,1,2000,20,20,20,20,20,20,20,20,20,20
270147,1,1,2000,20,20,20,20,20,20,20,20,20,20
270148,1,1,2000,0,0,0,0,0,0,0,0,0,0
270149,1,1,2000,1,1,1,1,1,1,1,1,1,1
270150,1,1,2000,18,18,18,18,18,18,18,18,18,18
270151,1,1,2000,23,23,23,23,23,23,23,23,23,23
270152,1,1,2000,0,0,0,0,0,0,0,0,0,0
270152,2,1,2000,0,0,0,0,0,0,0,0,0,0
270153,0,1,2000,0,0,0,0,0,0,0,0,0,0
270153,1,1,2000,0,0,0,0,0,0,0,0,0,0
270154,1,1,2000,0,0,0,0,0,0,0,0,0,0
270155,1,1,2000,22,22,22,22,22,22,22,22,22,22
270156,1,1,2000,0,0,0,0,0,0,0,0,0,0
270157,0,1,2000,30,30,30,30,30,30,30,30,30,30
270157,1,1,2000,2,2,2,2,2,2,2,2,2,2
270158,1,1,2000,0,0,0,0,0,0,0,0,0,0
270159,1,1,2000,4,4,4,4,4,4,4,4,4,4
270160,1,1,2000,18,18,18,18,18,18,18,18,18,18
270160,2,1,2000,9,9,9,9,9,9,9,9,9,9
270161,1,1,2000,0,0,0,0,0,0,0,0,0,0
270161,2,1,2000,0,0,0,0,0,0,0,0,0,0
270162,1,1,2000,0,0,0,0,0,0,0,0,0,0
270162,2,1,2000,0,0,0,0,0,0,0,0,0,0
270163,1,1,2000,25,25,25,25,25,25,25,25,25,25
270164,1,1,2000,0,0,0,0,0,0,0,0,0,0
270164,2,1,2000,4,4,4,4,4,4,4,4,4,4
270165,1,1,2000,20,20,20,20,20,20,20,20,20,20
270165,2,1,2000,0,0,0,0,0,0,0,0,0,0
270166,1,1,2000,22,22,22,22,22,22,22,22,22,22
270167,1,1,2000,0,0,0,0,0,0,0,0,0,0
270167,2,1,2000,0,0,0,0,0,0,0,0,0,0
270167,3,1,2000,0,0,0,0,0,0,0,0,0,0
270167,4,1,2000,0,0,0,0,0,0,0,0,0,0
270167,5,1,2000,0,0,0,9,0,0,0,0,0,0
270168,1,1,2000,0,0,0,0,0,0,0,0,0,0
270168,2,1,2000,0,0,0,0,0,0,0,0,0,0
270169,0,1,2000,29,29,29,29,29,29,29,29,29,29
270169,1,1,2000,0,0,0,0,0,0,0,0,6,0
270170,1,1,2000,24,24,24,24,24,24,24,24,24,24
270171,1,1,2000,18,18,18,18,18,18,18,18,18,18
270172,1,1,2000,0,0,0,0,0,0,0,0,0,0
270173,1,1,2000,0,0,0,0,0,0,0,0,0,0
270173,2,1,2000,0,0,0,0,0,0,0,0,0,0
270174,1,1,2000,11,11,11,11,11,11,11,11,11,11
270175,1,1,2000,18,18,18,18,18,18,18,18,18,18
270176,1,1,2000,0,0,0,0,0,0,0,0,0,0
270176,2,1,2000,0,0,0,0,0,0,0,0,0,0
270176,3,1,2000,0,0,0,0,0,0,0,0,0,0
270177,1,1,2000,0,0,0,0,0,0,0,0,0,0
270177,2,1,2000,0,0,0,0,0,0,0,0,0,0
270178,1,1,2000,0,0,0,0,0,0,0,0,0,0
270178,2,1,2000,0,0,0,0,0,0,0,0,0,0
270179,1,1,2000,0,0,0,0,0,0,0,0,0,0
270180,1,1,2000,0,0,0,0,0,0,0,0,0,0
270180,2,1,2000,0,0,0,0,0,0,0,0,0,0
270181,1,1,2000,0,0,0,0,0,0,0,0,0,0
270182,1,1,2000,0,0,0,0,0,0,0,0,0,0
270182,2,1,2000,0,0,0,0,0,0,0,0,0,0
270183,1,1,2000,0,0,0,0,0,0,0,0,0,0
270184,1,1,2000,0,0,0,0,0,0,0,0,0,0
270184,2,1,2000,0,0,0,0,0,0,0,0,0,0
270185,1,1,2000,0,0,0,0,0,0,0,0,0,0
270185,2,1,2000,0,0,0,0,0,0,0,0,0,0
270186,1,1,2000,19,19,19,19,19,19,19,19,19,19
270186,2,1,2000,8,8,8,8,8,8,8,8,8,8
270187,1,1,2000,0,0,0,0,0,0,0,0,0,0
270187,2,1,2000,16,16,16,16,16,16,16,16,16,16
270188,1,1,2000,0,0,0,0,0,0,0,0,0,0
270189,1,1,2000,0,0,0,0,0,0,0,0,0,0
270190,1,1,2000,0,25,13,11,0,19,0,0,0,0
270191,1,1,2000,0,0,0,0,0,0,0,0,0,0
270191,2,1,2000,0,0,0,0,0,0,0,0,0,0
270192,1,1,2000,0,0,0,0,0,0,0,0,0,0
270193,0,1,2000,0,0,0,0,0,0,0,0,0,0
270193,1,1,2000,0,0,0,0,0,0,0,0,0,0
270194,1,1,2000,13,13,13,13,13,13,13,13,13,13
270195,1,1,2000,0,0,0,0,0,0,0,0,0,0
270195,2,1,2000,0,0,0,0,0,0,0,0,0,0
270196,1,1,2000,1,1,1,1,1,1,1,1,1,1
270197,1,1,2000,29,29,29,29,29,29,29,29,29,29
270198,0,1,2000,33,33,33,33,33,33,33,33,33,33
270198,1,1,2000,13,13,13,13,13,13,13,13,13,13
270199,1,1,2000,28,28,28,28,28,28,28,28,28,28
270200,1,1,2000,0,0,0,0,0,0,0,0,0,0
270200,2,1,2000,0,0,0,0,0,0,0,0,0,0
270201,1,1,2000,23,23,23,23,23,23,23,23,23,23
270202,1,1,2000,10,10,10,10,10,10,10,10,10,10
270203,1,1,2000,0,0,0,0,0,0,0,0,0,0
270203,2,1,2000,0,0,0,0,0,0,0,0,0,0
270204,1,1,2000,0,0,0,0,0,0,0,0,0,0
270204,2,1,2000,0,0,0,0,0,0,0,0,0,0
270205,1,1,2000,0,0,0,0,0,0,0,0,0,0
270205,2,1,2000,0,0,0,0,0,0,0,0,0,0
270206,1,1,2000,0,0,0,0,0,0,0,0,0,0
270206,2,1,2000,0,0,0,0,0,0,0,0,0,0
270206,3,1,2000,0,0,0,0,0,0,0,0,0,0
270207,1,1,2000,0,0,0,0,0,0,0,0,0,0
270207,2,1,2000,0,0,0,0,0,0,0,0,0,0
270208,1,1,2000,0,0,0,0,0,0,0,0,0,0
270208,2,1,2000,0,0,0,0,0,0,0,0,0,0
270209,1,1,2000,17,17,17,17,17,17,17,17,17,17
270209,2,1,2000,0,0,0,0,0,0,0,0,0,0
270210,1,1,2000,0,0,0,0,0,0,0,0,0,0
270210,2,1,2000,0,0,0,0,0,0,0,0,0,0
270211,1,1,2000,7,7,7,7,7,7,7,7,7,7
270212,1,1,2000,40,40,40,40,40,40,40,40,40,40
270213,1,1,2000,0,0,0,0,0,0,0,0,0,0
270213,2,1,2000,0,0,0,0,0,0,0,0,0,0
270214,1,1,2000,9,9,9,9,9,9,9,9,9,9
270215,1,1,2000,0,0,0,0,0,0,0,0,0,0
270215,2,1,2000,0,0,0,0,0,0,0,0,0,0
270216,1,1,2000,0,0,0,0,0,0,0,0,0,0
270216,2,1,2000,0,0,0,0,0,0,0,0,0,0
270216,3,1,2000,0,0,0,0,0,0,0,0,0,0
270216,4,1,2000,0,0,0,0,0,0,0,0,0,0
270217,1,1,2000,16,16,16,16,16,16,16,16,16,16
270218,1,1,2000,8,8,8,8,8,8,8,8,8,8
270219,1,1,2000,7,7,7,7,7,7,7,7,7,7
270220,1,1,2000,0,0,0,0,0,0,0,0,0,0
270221,1,1,2000,15,15,15,15,15,15,15,15,15,15
270222,1,1,2000,0,0,0,0,0,0,0,0,0,0
270222,2,1,2000,0,0,0,0,0,0,0,0,0,0
270222,3,1,2000,0,0,0,0,0,0,0,0,0,0
270223,1,1,2000,22,22,22,22,22,22,22,22,22,22
270224,1,1,2000,19,19,19,19,19,19,19,19,19,19
270225,1,1,2000,0,0,0,0,0,0,0,0,20,0
270225,2,1,2000,23,23,23,23,23,23,23,23,23,23
270226,1,1,2000,0,0,5,11,19,15,10,0,23,16
270227,1,1,2000,0,0,0,0,0,0,0,0,0,0
270227,2,1,2000,0,0,0,0,0,0,0,0,0,0
270228,1,1,2000,11,11,11,11,11,11,11,11,11,11
270229,1,1,2000,0,0,0,0,0,0,0,0,0,0
270229,2,1,2000,0,0,0,0,0,0,0,0,0,0
270230,1,1,2000,13,13,13,13,13,13,13,13,13,13
270231,1,1,2000,0,0,0,0,0,0,0,0,0,0
270231,2,1,2000,1,1,1,1,1,1,1,1,1,1
270232,1,1,2000,0,0,0,0,0,0,0,0,0,0
270232,2,1,2000,0,0,0,0,0,0,0,0,0,0
270232,3,1,2000,0,0,0,0,0,0,0,0,0,0
270233,1,1,2000,0,0,0,0,0,0,0,0,0,0
270233,2,1,2000,0,0,0,0,0,0,0,0,0,0
270234,0,1,2000,0,0,0,0,23,0,0,0,0,0
270234,1,1,2000,0,0,0,0,0,0,0,0,0,0
270235,1,1,2000,0,0,0,0,0,0,0,0,0,0
270235,2,1,2000,0,0,0,0,0,0,0,14,0,0
270235,3,1,2000,0,0,0,0,0,0,0,0,0,0
270236,1,1,2000,31,0,0,0,0,29,10,0,0,12
270237,1,1,2000,0,0,0,0,0,0,0,0,0,0
270237,2,1,2000,0,0,0,0,0,0,0,0,0,0
270238,1,1,2000,9,9,9,9,9,9,9,9,9,9
270239,1,1,2000,0,0,0,0,0,0,0,0,0,0
270240,1,1,2000,0,0,0,0,0,0,0,0,0,0
270240,2,1,2000,0,0,0,0,0,0,0,0,0,0
270241,1,1,2000,0,0,0,0,0,0,0,0,0,0
270241,2,1,2000,0,0,0,0,17,0,9,0,0,0
270242,1,1,2000,15,15,15,15,15,15,15,15,15,15
270243,1,1,2000,20,20,20,20,20,20,20,20,20,20
270243,2,1,2000,0,0,0,0,0,0,0,0,0,0
270244,1,1,2000,14,14,14,14,14,14,14,14,14,14
270244,2,1,2000,0,0,0,0,0,0,0,0,0,0
270245,1,1,2000,0,0,0,0,0,0,0,0,0,0
270245,2,1,2000,15,15,15,15,15,15,15,15,15,15
270246,1,1,2000,10,10,10,10,10,10,10,10,10,10
270247,1,1,2000,0,0,0,0,0,0,0,0,0,0
270247,2,1,2000,0,0,0,0,0,0,0,0,0,0
270248,1,1,2000,0,0,0,0,0,0,0,0,0,0
270249,0,1,2000,25,25,25,25,25,25,25,25,25,25
270249,1,1,2000,0,0,0,0,0,0,0,0,0,0
270250,1,1,2000,0,0,0,0,0,0,0,0,0,0
270251,1,1,2000,0,0,0,0,0,0,0,0,0,0