ST_CASE,VEH_NO,PER_NO,YEAR,P1,P2,P3,P4,P5,P6,P7,P8,P9,P10
270251,2,1,2000,0,0,0,0,0,0,0,0,0,0
270252,1,1,2000,0,0,0,0,0,0,0,0,0,0
270252,2,1,2000,0,0,0,0,0,0,0,0,0,0
270253,0,1,2000,6,6,6,6,6,6,6,6,6,6
270253,1,1,2000,0,0,0,0,0,0,0,0,0,0
270254,1,1,2000,0,0,0,0,0,0,0,0,0,0
270255,1,1,2000,39,39,39,39,39,39,39,39,39,39
270255,2,1,2000,0,0,0,0,0,0,0,0,0,0
270255,3,1,2000,0,0,0,0,0,0,0,0,0,0
270256,1,1,2000,0,0,0,0,0,0,0,0,0,0
270256,2,1,2000,17,17,17,17,17,17,17,17,17,17
270257,1,1,2000,0,0,0,0,0,0,0,0,0,0
270257,2,1,2000,0,0,0,0,0,0,0,0,0,0
270258,1,1,2000,0,0,0,0,0,0,0,0,0,0
270258,2,1,2000,0,0,0,0,0,0,0,0,0,0
270259,1,1,2000,27,27,27,27,27,27,27,27,27,27
270260,1,1,2000,4,4,4,4,4,4,4,4,4,4
270261,1,1,2000,0,0,0,0,0,0,0,0,0,0
270261,2,1,2000,25,25,25,25,25,25,25,25,25,25
270261,3,1,2000,0,0,0,0,0,0,0,0,0,0
270262,0,1,2000,0,0,0,0,0,0,0,0,0,0
270262,1,1,2000,0,0,0,0,0,0,0,0,0,0
270263,1,1,2000,0,0,0,0,0,0,0,0,0,0
270263,2,1,2000,0,0,0,0,0,0,0,0,0,0
270264,1,1,2000,0,0,0,0,0,0,0,0,0,0
270264,2,1,2000,0,0,0,0,0,0,0,0,0,0
270265,1,1,2000,18,18,18,18,18,18,18,18,18,18
270267,1,1,2000,0,0,0,0,0,0,0,0,0,0
270267,2,1,2000,0,0,0,0,0,0,0,0,0,0
270267,3,1,2000,0,0,0,0,0,0,0,0,0,0
270268,1,1,2000,0,0,0,0,0,0,0,0,0,0
270268,2,1,2000,0,0,0,0,0,0,0,0,0,0
270269,1,1,2000,26,26,26,26,26,26,26,26,26,26
270270,1,1,2000,0,0,0,0,0,0,0,0,0,0
270270,2,1,2000,25,25,25,25,25,25,25,25,25,25
270271,1,1,2000,0,0,0,0,0,0,0,0,0,0
270271,2,1,2000,0,0,0,0,0,0,0,0,0,0
270272,0,1,2000,0,0,0,0,0,0,0,0,0,0
270272,1,1,2000,0,0,0,0,0,0,0,0,0,0
270273,1,1,2000,0,0,0,0,0,0,0,0,0,0
270273,2,1,2000,0,0,0,0,0,0,0,0,0,0
270274,1,1,2000,0,0,0,0,19,0,11,0,0,0
270275,1,1,2000,24,24,24,24,24,24,24,24,24,24
270276,1,1,2000,0,0,0,0,0,0,0,0,0,0
270276,2,1,2000,0,0,0,0,0,0,0,0,0,0
270277,1,1,2000,15,15,15,15,15,15,15,15,15,15
270278,1,1,2000,8,8,8,8,8,8,8,8,8,8
270278,2,1,2000,15,0,0,0,0,0,0,0,0,0
270279,1,1,2000,10,10,10,10,10,10,10,10,10,10
270279,2,1,2000,0,0,0,0,0,0,0,0,0,0
270280,1,1,2000,38,38,38,38,38,38,38,38,38,38
270281,1,1,2000,0,0,0,0,0,0,0,0,0,0
270281,2,1,2000,0,0,0,0,0,0,0,0,0,0
270282,1,1,2000,22,22,22,22,22,22,22,22,22,22
270283,1,1,2000,27,27,27,27,27,27,27,27,27,27
270284,1,1,2000,0,0,0,0,0,0,0,0,0,0
270284,2,1,2000,0,0,0,0,0,0,0,0,0,0
270285,1,1,2000,0,0,0,0,0,0,0,0,0,0
270286,1,1,2000,0,0,0,0,0,0,0,0,0,0
270287,1,1,2000,0,0,0,0,0,0,0,0,0,0
270287,2,1,2000,0,0,0,0,0,0,0,0,0,0
270288,1,1,2000,0,0,0,0,0,0,0,0,0,0
270288,2,1,2000,0,0,0,0,0,0,0,0,0,0
270289,0,1,2000,0,0,0,0,0,0,0,0,0,0
270289,0,2,2000,0,0,15,0,8,0,0,0,0,0
270289,1,1,2000,11,11,11,11,11,11,11,11,11,11
270290,1,1,2000,16,16,16,16,16,16,16,16,16,16
270291,0,1,2000,0,0,0,0,0,0,0,0,0,0
270291,1,1,2000,16,16,16,16,16,16,16,16,16,16
270292,1,1,2000,19,19,19,19,19,19,19,19,19,19
270293,1,1,2000,16,16,16,16,16,16,16,16,16,16
270294,1,1,2000,0,0,0,0,0,0,0,0,0,0
270294,2,1,2000,0,0,0,0,0,0,0,0,0,0
270294,3,1,2000,16,16,16,16,16,16,16,16,16,16
270295,1,1,2000,0,0,0,15,0,18,23,0,16,0
270296,1,1,2000,17,17,17,17,17,17,17,17,17,17
270297,1,1,2000,0,0,0,0,0,0,0,0,0,0
270297,2,1,2000,0,0,0,0,0,0,0,0,0,0
270298,1,1,2000,0,0,0,0,0,0,0,0,0,0
270298,2,1,2000,2,2,2,2,2,2,2,2,2,2
270299,1,1,2000,0,0,0,0,0,0,0,0,0,0
270299,2,1,2000,0,0,0,0,0,0,0,0,0,0
270300,1,1,2000,0,0,0,0,0,0,0,0,0,0
270301,1,1,2000,19,19,19,19,19,19,19,19,19,19
270301,2,1,2000,2,2,2,2,2,2,2,2,2,2
270302,1,1,2000,0,0,0,0,0,0,0,0,0,0
270302,2,1,2000,0,0,0,0,0,0,0,0,0,0
270303,1,1,2000,0,0,0,0,0,0,0,0,0,0
270303,2,1,2000,0,0,0,0,0,0,0,0,0,0
270304,1,1,2000,0,0,0,0,0,0,0,0,0,0
270304,2,1,2000,0,0,0,0,0,0,0,0,0,0
270305,1,1,2000,0,0,0,0,0,0,0,0,0,0
270305,2,1,2000,0,0,0,0,0,0,0,0,0,0
270306,1,1,2000,18,18,18,18,18,18,18,18,18,18
270307,1,1,2000,0,0,0,0,0,0,0,0,0,0
270307,2,1,2000,2,2,2,2,2,2,2,2,2,2
270308,1,1,2000,12,12,12,12,12,12,12,12,12,12
270308,2,1,2000,0,0,0,0,0,0,0,0,0,0
270309,1,1,2000,0,0,0,0,0,0,0,0,0,0
270309,2,1,2000,0,0,0,0,0,0,0,0,0,0
270310,1,1,2000,9,9,9,9,9,9,9,9,9,9
270311,1,1,2000,0,0,0,0,0,0,0,0,0,0
270311,2,1,2000,0,0,0,0,0,0,0,0,0,0
270312,1,1,2000,15,15,15,15,15,15,15,15,15,15
270313,0,1,2000,11,0,19,0,13,0,0,0,0,0
270313,1,1,2000,0,0,0,0,0,0,0,0,0,0
270314,1,1,2000,25,25,25,25,25,25,25,25,25,25
270315,1,1,2000,0,0,0,0,0,0,0,0,0,0
270316,1,1,2000,0,0,0,0,0,0,0,0,0,0
270316,2,1,2000,0,0,0,0,0,0,0,0,0,0
270317,1,1,2000,0,0,0,0,0,0,0,0,0,0
270317,2,1,2000,0,0,0,0,0,0,0,0,0,0
270318,1,1,2000,0,0,0,0,0,0,0,0,0,0
270318,2,1,2000,0,0,0,0,0,0,0,0,0,0
270319,1,1,2000,0,0,0,0,0,0,0,0,0,0
270320,1,1,2000,0,0,0,0,0,0,0,0,0,0
270321,1,1,2000,0,0,0,0,0,0,0,0,0,0
270322,1,1,2000,0,0,0,0,0,0,0,0,0,0
270322,2,1,2000,0,0,0,0,0,0,0,0,0,0
270323,1,1,2000,0,0,0,0,0,0,0,0,0,0
270323,2,1,2000,14,14,14,14,14,14,14,14,14,14
270324,1,1,2000,19,19,19,19,19,19,19,19,19,19
270324,2,1,2000,0,0,0,0,0,0,0,0,0,0
270325,1,1,2000,0,0,0,0,0,0,0,0,0,0
270325,2,1,2000,0,0,0,0,0,0,0,0,0,0
270326,1,1,2000,10,10,10,10,10,10,10,10,10,10
270326,2,1,2000,0,0,0,0,0,0,0,0,0,0
270326,3,1,2000,0,0,0,0,0,0,0,9,0,18
270327,1,1,2000,15,15,15,15,15,15,15,15,15,15
270328,1,1,2000,0,0,0,0,0,0,0,0,0,0
270328,2,1,2000,2,2,2,2,2,2,2,2,2,2
270329,1,1,2000,0,0,0,0,0,0,0,0,0,0
270329,2,1,2000,0,0,0,0,0,0,0,0,0,0
270330,1,1,2000,0,0,0,23,0,0,0,0,0,0
270331,1,1,2000,20,20,20,20,20,20,20,20,20,20
270331,2,1,2000,0,0,0,0,0,0,0,0,0,0
270332,1,1,2000,24,24,24,24,24,24,24,24,24,24
270332,2,1,2000,0,0,0,12,15,0,0,21,0,0
270333,1,1,2000,0,0,0,0,0,0,0,0,0,0
270334,1,1,2000,0,0,0,0,0,0,0,0,0,0
270334,2,1,2000,0,0,0,0,0,0,0,0,0,0
270335,1,1,2000,0,0,0,0,0,0,0,0,0,0
270336,1,1,2000,3,3,3,3,3,3,3,3,3,3
270336,2,1,2000,11,11,11,11,11,11,11,11,11,11
270337,1,1,2000,0,0,0,0,0,0,0,0,0,0
270337,2,1,2000,0,0,0,0,0,0,0,0,0,0
270338,1,1,2000,0,0,0,0,0,0,0,0,0,0
270338,2,1,2000,0,0,0,0,0,0,0,0,0,0
270339,1,1,2000,0,0,0,0,0,0,0,0,0,0
270339,2,1,2000,0,0,0,0,0,0,12,0,0,0
270340,0,1,2000,0,0,0,0,0,0,0,0,0,0
270340,1,1,2000,0,0,0,0,0,0,0,0,0,0
270341,1,1,2000,0,0,0,0,0,0,0,0,0,0
270342,1,1,2000,0,0,0,0,0,0,0,0,0,0
270342,2,1,2000,0,0,0,0,0,0,0,0,0,0
270343,1,1,2000,31,31,31,31,31,31,31,31,31,31
270343,2,1,2000,0,0,0,0,0,0,0,0,0,0
270344,1,1,2000,26,26,26,26,26,26,26,26,26,26
270345,1,1,2000,0,0,0,0,0,0,0,0,0,0
270345,2,1,2000,0,0,0,0,0,0,0,0,0,0
270346,0,1,2000,0,0,0,0,0,0,0,0,0,0
270346,1,1,2000,0,0,0,0,0,0,0,0,0,0
270347,1,1,2000,0,0,0,0,0,0,0,0,0,0
270347,2,1,2000,0,0,0,0,0,0,0,0,0,0
270348,1,1,2000,0,0,0,0,0,0,0,0,0,0
270349,1,1,2000,23,23,23,23,23,23,23,23,23,23
270350,1,1,2000,0,0,0,0,0,0,0,0,0,0
270350,2,1,2000,0,0,0,0,0,0,0,0,0,0
270351,1,1,2000,0,0,4,7,0,0,0,0,15,0
270351,2,1,2000,0,0,0,0,0,0,0,0,0,0
270352,1,1,2000,0,0,0,0,0,0,0,0,0,0
270352,2,1,2000,0,0,0,0,0,0,0,0,0,0
270352,3,1,2000,0,0,0,0,0,0,0,0,0,0
270353,1,1,2000,5,5,5,5,5,5,5,5,5,5
270353,2,1,2000,0,0,0,0,0,0,0,0,0,0
270354,1,1,2000,0,0,0,0,0,0,0,0,0,0
270354,2,1,2000,1,1,1,1,1,1,1,1,1,1
270355,1,1,2000,0,0,0,0,0,0,0,0,0,0
270355,2,1,2000,0,0,0,0,0,0,0,0,0,0
270356,1,1,2000,0,0,0,0,0,0,0,0,0,0
270356,2,1,2000,0,0,0,0,0,0,0,0,0,0
270357,1,1,2000,0,0,0,0,0,0,0,0,0,0
270358,1,1,2000,22,22,22,22,22,22,22,22,22,22
270359,1,1,2000,15,15,15,15,15,15,15,15,15,15
270360,1,1,2000,0,0,0,0,0,0,0,0,0,0
270361,1,1,2000,0,0,0,0,0,0,0,0,0,0
270362,1,1,2000,10,10,10,10,10,10,10,10,10,10
270362,2,1,2000,0,0,0,0,0,0,0,0,0,0
270363,0,1,2000,0,0,0,0,0,24,2,0,0,0
270363,1,1,2000,0,0,0,0,0,0,0,0,0,0
270364,0,1,2000,26,26,26,26,26,26,26,26,26,26
270364,1,1,2000,0,0,0,0,0,0,0,0,0,0
270365,1,1,2000,0,0,0,0,0,0,0,0,0,0
270366,1,1,2000,0,0,0,0,0,0,0,0,0,0
270366,2,1,2000,0,0,0,0,0,0,0,0,0,0
270367,1,1,2000,0,0,0,0,0,0,0,0,0,0
270367,2,1,2000,0,0,0,0,0,0,0,0,0,0
270367,3,1,2000,0,0,0,0,0,0,0,0,0,0
270368,1,1,2000,0,0,0,0,0,0,0,0,0,0
270368,2,1,2000,0,0,0,0,0,0,0,0,0,0
270369,0,1,2000,0,0,0,0,0,0,0,0,0,0
270369,1,1,2000,0,0,0,0,0,0,0,0,0,0
270370,1,1,2000,0,0,0,0,0,0,0,0,0,0
270371,1,1,2000,0,0,0,0,0,0,0,0,0,0
270371,2,1,2000,0,0,0,0,0,0,0,0,0,0
270371,3,1,2000,0,0,0,0,0,0,0,0,0,0
270371,4,1,2000,0,0,0,0,0,0,6,0,0,0
270372,1,1,2000,0,0,0,0,0,0,0,0,0,0
270372,2,1,2000,0,0,0,0,0,0,0,0,0,0
270373,1,1,2000,0,0,0,0,0,0,0,0,0,0
270374,1,1,2000,0,0,0,0,0,0,0,0,0,0
270375,1,1,2000,0,0,0,0,0,0,0,0,0,0
270375,2,1,2000,0,0,0,0,0,0,0,0,0,0
270375,3,1,2000,0,0,0,0,0,0,0,0,0,0
270376,1,1,2000,0,0,0,0,0,0,0,0,0,0
270377,0,1,2000,0,0,0,0,0,0,0,0,0,0
270377,1,1,2000,0,0,0,0,0,0,0,0,0,0
270378,1,1,2000,0,0,0,0,0,0,0,0,0,0
270378,2,1,2000,0,0,0,0,0,0,0,0,0,0
270379,1,1,2000,17,17,17,17,17,17,17,17,17,17
270380,1,1,2000,0,0,0,0,0,0,0,0,0,0
270380,2,1,2000,0,0,0,0,0,0,0,0,0,0
270381,0,1,2000,0,0,0,16,0,0,0,0,0,0
270381,1,1,2000,17,15,16,26,0,14,16,0,0,17
270382,1,1,2000,17,17,17,17,17,17,17,17,17,17
270383,0,1,2000,36,36,36,36,36,36,36,36,36,36
270383,1,1,2000,0,0,0,0,0,0,0,0,0,0
270384,1,1,2000,19,19,19,19,19,19,19,19,19,19
270385,1,1,2000,0,0,0,0,0,0,0,0,0,0
270386,1,1,2000,0,0,0,0,0,0,0,0,0,0
270387,1,1,2000,0,0,0,0,0,0,0,0,0,0
270387,2,1,2000,0,0,0,0,0,0,0,0,0,0
270388,1,1,2000,0,0,0,0,0,0,0,0,0,0
270388,2,1,2000,18,18,18,18,18,18,18,18,18,18
270389,1,1,2000,0,0,0,0,0,0,0,0,0,0
270389,2,1,2000,0,0,0,0,0,0,0,0,0,0
270391,1,1,2000,13,13,13,13,13,13,13,13,13,13
270392,1,1,2000,0,0,0,0,0,0,0,0,0,0
270392,2,1,2000,0,0,0,0,0,0,0,0,0,0
270393,1,1,2000,0,0,0,0,0,0,0,0,0,0
270393,2,1,2000,0,0,0,0,0,0,0,0,0,0
270394,1,1,2000,0,0,0,0,0,0,0,0,0,0
270394,2,1,2000,0,0,0,0,0,0,0,0,0,0
270395,1,1,2000,0,0,0,0,0,0,0,0,0,0
270395,2,1,2000,0,0,0,0,0,0,0,0,0,0
270396,1,1,2000,13,13,13,13,13,13,13,13,13,13
270396,2,1,2000,0,0,0,0,0,0,0,0,0,0
270397,1,1,2000,0,0,0,0,0,0,0,0,0,0
270398,1,1,2000,21,21,21,21,21,21,21,21,21,21
270399,1,1,2000,0,25,0,0,18,0,26,0,0,20
270400,1,1,2000,0,0,0,0,0,0,0,0,0,0
270401,0,1,2000,0,0,0,0,0,0,0,0,0,0
270401,1,1,2000,0,0,0,0,0,0,0,0,0,0
270402,1,1,2000,0,0,0,0,0,0,0,0,0,0
270402,2,1,2000,0,0,0,0,0,0,0,0,0,0
270403,1,1,2000,0,0,0,0,0,0,0,0,0,0
270403,2,1,2000,0,0,0,0,0,0,0,0,0,0
270403,3,1,2000,0,0,0,0,0,0,0,0,0,0
270404,1,1,2000,35,35,35,35,35,35,35,35,35,35
270405,1,1,2000,0,0,0,0,0,0,0,0,0,0
270406,1,1,2000,0,0,0,0,0,17,0,5,0,0
270406,2,1,2000,0,22,0,0,0,0,14,0,0,0
270406,3,1,2000,0,0,0,0,0,0,0,0,0,0
270406,4,1,2000,18,18,18,18,18,18,18,18,18,18
270407,1,1,2000,11,11,11,11,11,11,11,11,11,11
270408,1,1,2000,0,0,0,0,0,0,0,0,0,0
270409,1,1,2000,0,0,0,0,0,0,0,0,0,0
270409,2,1,2000,0,0,0,0,0,0,0,0,0,0
270410,0,1,2000,0,0,0,9,15,6,0,0,17,0
270410,1,1,2000,0,0,0,0,0,0,0,0,0,0
270411,1,1,2000,18,18,18,18,18,18,18,18,18,18
270412,1,1,2000,21,21,21,21,21,21,21,21,21,21
270413,1,1,2000,22,22,22,22,22,22,22,22,22,22
270414,0,1,2000,0,0,0,0,0,0,0,0,0,0
270414,1,1,2000,29,29,29,29,29,29,29,29,29,29
270415,1,1,2000,0,0,0,0,0,0,0,0,0,0
270415,2,1,2000,0,0,0,0,0,0,0,0,0,0
270416,1,1,2000,0,0,0,0,0,0,0,0,0,0
270416,2,1,2000,0,0,0,0,0,0,0,0,0,0
270416,3,1,2000,0,0,0,0,0,0,0,0,0,0
270417,0,1,2000,32,32,32,32,32,32,32,32,32,32
270417,1,1,2000,0,0,0,0,0,0,0,0,0,0
270418,1,1,2000,2,2,2,2,2,2,2,2,2,2
270419,1,1,2000,0,0,0,0,0,0,0,0,0,0
270419,2,1,2000,0,0,0,0,0,0,0,0,0,0
270420,1,1,2000,0,0,0,0,0,0,0,0,0,0
270421,1,1,2000,14,14,14,14,14,14,14,14,14,14
270422,1,1,2000,0,0,0,0,0,0,0,0,0,0
270422,2,1,2000,0,0,0,0,0,0,0,0,0,0
270423,1,1,2000,0,0,0,0,0,0,0,0,0,0
270423,2,1,2000,0,0,0,0,0,0,0,0,0,0
270424,1,1,2000,0,0,0,0,0,0,0,0,0,0
270424,2,1,2000,0,0,0,0,0,0,0,0,0,0
270425,1,1,2000,0,0,0,0,0,0,0,0,0,0
270426,1,1,2000,23,0,11,19,0,0,0,0,16,0
270427,1,1,2000,9,9,9,9,9,9,9,9,9,9
270428,1,1,2000,0,0,0,0,0,0,0,0,0,0
270429,1,1,2000,0,0,0,0,0,0,0,0,0,0
270430,0,1,2000,0,10,0,0,0,0,0,0,0,0
270430,1,1,2000,0,0,0,0,0,0,0,0,0,0
270431,1,1,2000,22,22,22,22,22,22,22,22,22,22
270432,0,1,2000,0,0,0,0,0,0,0,0,0,0
270432,1,1,2000,0,0,0,0,0,0,0,0,0,0
270433,1,1,2000,0,0,0,0,0,0,0,0,0,0
270433,2,1,2000,0,0,0,0,0,0,0,0,0,0
270434,1,1,2000,0,0,0,0,0,0,0,0,0,0
270434,2,1,2000,1,1,1,1,1,1,1,1,1,1
270435,1,1,2000,0,0,0,0,0,0,0,0,0,0
270435,2,1,2000,0,0,0,0,0,0,0,0,0,0
270436,1,1,2000,21,21,21,21,21,21,21,21,21,21
270437,1,1,2000,0,0,0,0,0,0,0,0,0,0
270438,1,1,2000,0,0,0,0,0,0,0,0,0,0
270438,2,1,2000,14,14,14,14,14,14,14,14,14,14
270439,1,1,2000,0,0,0,0,0,0,0,0,0,0
270439,2,1,2000,0,0,0,0,0,0,0,0,0,0
270440,0,1,2000,0,0,0,0,0,0,0,0,0,0
270440,1,1,2000,0,0,0,0,0,0,0,0,0,0
270441,1,1,2000,38,38,38,38,38,38,38,38,38,38
270442,1,1,2000,21,21,21,21,21,21,21,21,21,21
270442,2,1,2000,0,0,0,0,0,0,0,0,0,0
270443,1,1,2000,26,26,26,26,26,26,26,26,26,26
270444,1,1,2000,0,0,0,0,0,0,0,0,0,0
270444,2,1,2000,0,0,0,0,0,0,0,0,0,0
270445,1,1,2000,0,0,0,0,0,0,0,0,0,0
270445,2,1,2000,0,0,0,0,0,0,0,0,0,0
270446,1,1,2000,11,11,11,11,11,11,11,11,11,11
270446,2,1,2000,0,0,25,0,0,0,2,0,0,0
270447,1,1,2000,21,21,21,21,21,21,21,21,21,21
270447,2,1,2000,0,0,0,0,0,0,0,0,0,0
270448,1,1,2000,0,0,0,0,0,0,0,0,0,0
270449,1,1,2000,9,9,9,9,9,9,9,9,9,9
270449,2,1,2000,0,0,0,0,0,0,0,0,0,0
270450,0,1,2000,21,21,21,21,21,21,21,21,21,21
270450,1,1,2000,0,0,0,0,0,0,0,0,0,0
270451,1,1,2000,0,0,0,0,0,0,0,0,0,0
270452,1,1,2000,0,3,6,0,0,0,7,0,0,0
270452,2,1,2000,0,0,0,0,0,0,0,0,0,0
270453,1,1,2000,18,18,18,18,18,18,18,18,18,18
270454,1,1,2000,0,0,0,0,0,0,0,0,0,0
270454,2,1,2000,0,0,0,0,0,0,0,0,0,0
270454,3,1,2000,0,0,0,0,0,0,0,0,0,0
270455,1,1,2000,29,29,29,29,29,29,29,29,29,29
270456,1,1,2000,0,0,0,0,0,0,0,0,0,0
270456,2,1,2000,0,0,0,0,0,0,0,0,0,0
270457,0,1,2000,0,0,0,0,0,0,0,0,0,0
270457,1,1,2000,0,0,0,0,0,0,0,0,0,0
270458,1,1,2000,0,0,0,0,0,0,0,0,0,0
270458,2,1,2000,0,0,0,0,0,0,0,0,0,0
270459,1,1,2000,4,4,4,4,4,4,4,4,4,4
270459,2,1,2000,0,0,0,0,0,0,0,0,0,0
270460,1,1,2000,29,29,29,29,29,29,29,29,29,29
270461,1,1,2000,31,31,31,31,31,31,31,31,31,31
270462,1,1,2000,15,15,15,15,15,15,15,15,15,15
270463,1,1,2000,13,13,13,13,13,13,13,13,13,13
270464,1,1,2000,0,0,0,0,0,0,0,0,0,0
270464,2,1,2000,0,0,0,0,0,0,0,0,0,0
270465,1,1,2000,0,0,0,0,0,0,0,0,0,0
270465,2,1,2000,0,0,0,0,0,0,0,0,0,0
270466,1,1,2000,0,0,0,0,0,0,0,0,0,0
270466,2,1,2000,0,0,0,0,0,0,0,0,0,0
270467,1,1,2000,18,18,18,18,18,18,18,18,18,18
270468,1,1,2000,19,19,19,19,19,19,19,19,19,19
270469,1,1,2000,11,11,11,11,11,11,11,11,11,11
270470,1,1,2000,18,18,18,18,18,18,18,18,18,18
270471,1,1,2000,0,0,0,0,0,0,0,0,0,0
270472,1,1,2000,0,0,0,0,0,0,0,0,0,0
270472,2,1,2000,0,0,7,0,0,0,0,0,0,0
270473,1,1,2000,0,0,0,0,0,0,0,0,0,0
270474,1,1,2000,0,0,0,0,0,0,0,0,0,0
270475,1,1,2000,0,0,0,0,0,0,0,0,0,0
270475,2,1,2000,0,0,0,0,0,0,0,0,0,0
270476,1,1,2000,20,20,20,20,20,20,20,20,20,20
270477,1,1,2000,0,0,0,0,0,0,0,0,0,0
270477,2,1,2000,0,0,0,0,0,0,0,0,0,8
270478,1,1,2000,0,0,0,0,0,0,0,0,0,0
270478,2,1,2000,0,0,0,0,0,0,0,0,0,0
270479,1,1,2000,0,0,0,0,0,0,0,0,0,0
270480,1,1,2000,14,14,14,14,14,14,14,14,14,14
270481,1,1,2000,24,24,24,24,24,24,24,24,24,24
270481,2,1,2000,0,0,0,0,0,0,0,0,0,0
270482,1,1,2000,20,20,20,20,20,20,20,20,20,20
270483,1,1,2000,0,0,0,0,0,7,0,0,0,0
270483,2,1,2000,0,0,0,0,0,0,0,0,0,0
270483,3,1,2000,0,0,0,0,0,0,0,0,0,0
270483,4,1,2000,0,0,0,0,0,0,12,0,0,9
270484,0,1,2000,0,0,0,0,0,0,0,0,0,0
270484,0,2,2000,0,0,0,0,0,0,0,0,0,0
270484,1,1,2000,0,0,0,0,0,0,0,0,0,0
270485,1,1,2000,0,0,0,0,0,0,0,0,0,0
270485,2,1,2000,0,0,0,0,0,0,0,0,0,0
270487,1,1,2000,10,10,10,10,10,10,10,10,10,10
270487,2,1,2000,0,0,0,0,0,0,0,0,0,0
270488,0,1,2000,0,0,0,0,0,0,0,0,0,0
270488,1,1,2000,0,0,0,0,0,0,0,0,0,0
270489,1,1,2000,0,0,0,0,0,0,0,0,0,0
270489,2,1,2000,0,0,0,0,0,0,0,0,0,0
270490,0,1,2000,0,0,0,0,0,0,0,0,0,0
270490,1,1,2000,2,2,2,2,2,2,2,2,2,2
270491,1,1,2000,0,0,0,0,0,0,0,0,0,0
270491,2,1,2000,0,0,0,0,0,0,0,0,0,0
270492,1,1,2000,0,0,0,0,0,0,0,0,0,0
270493,1,1,2000,0,0,0,0,0,0,0,0,0,0
270493,2,1,2000,0,0,0,0,0,0,0,0,0,0
270494,1,1,2000,21,21,21,21,21,21,21,21,21,21
270495,1,1,2000,0,0,0,0,0,0,0,0,0,0
270495,2,1,2000,0,0,0,0,0,0,0,0,0,0
270496,1,1,2000,15,15,15,15,15,15,15,15,15,15
270497,1,1,2000,18,18,18,18,18,18,18,18,18,18
270498,0,1,2000,34,34,34,34,34,34,34,34,34,34
270498,1,1,2000,16,16,16,16,16,16,16,16,16,16
270499,1,1,2000,1,1,1,1,1,1,1,1,1,1
270500,1,1,2000,0,0,0,0,0,0,0,0,0,0
270501,1,1,2000,0,0,0,0,0,0,0,0,0,0
270502,1,1,2000,9,9,9,9,9,9,9,9,9,9
270503,1,1,2000,21,21,21,21,21,21,21,21,21,21
270504,1,1,2000,14,14,14,14,14,14,14,14,14,14
270505,1,1,2000,0,0,0,0,0,0,0,0,0,0
270505,2,1,2000,0,0,0,0,0,0,0,0,0,0
270506,1,1,2000,0,0,0,0,0,0,0,0,0,0
270507,1,1,2000,0,0,0,0,0,0,0,0,0,0
270508,1,1,2000,17,17,17,17,17,17,17,17,17,17
270508,2,1,2000,28,16,20,18,22,18,23,23,15,24
270509,1,1,2000,0,0,0,0,0,0,0,0,0,0
270509,2,1,2000,0,0,0,0,0,0,0,0,0,0
270510,0,1,2000,34,34,34,34,34,34,34,34,34,34
270510,1,1,2000,0,0,0,0,0,0,0,0,0,0
270511,1,1,2000,0,0,0,0,0,0,0,0,0,0
270511,2,1,2000,12,12,12,12,12,12,12,12,12,12
270512,1,1,2000,13,13,13,13,13,13,13,13,13,13
270512,2,1,2000,0,0,0,0,0,0,0,0,0,0
270513,1,1,2000,0,0,0,0,0,0,0,0,0,0
270513,2,1,2000,0,0,0,0,0,0,0,0,0,0
270514,1,1,2000,0,0,0,0,0,0,0,0,0,0
270514,2,1,2000,0,0,0,0,0,0,0,0,0,0
270515,1,1,2000,0,0,0,0,0,0,0,0,0,0
270515,2,1,2000,0,0,0,0,0,0,0,0,0,0
270516,1,1,2000,0,0,0,0,0,0,0,0,0,0
270516,2,1,2000,0,0,0,0,0,0,0,0,0,0
270517,1,1,2000,0,0,0,0,0,0,0,0,0,0
270517,2,1,2000,0,0,0,0,0,10,0,0,0,0
270517,3,1,2000,0,0,0,0,0,0,8,0,0,0
270518,1,1,2000,0,0,0,0,0,0,0,0,0,0
270518,2,1,2000,0,0,0,0,0,0,0,0,0,0
270518,3,1,2000,0,0,0,0,0,0,0,0,0,0
270518,4,1,2000,0,0,0,0,0,0,0,0,0,0
270519,1,1,2000,0,0,0,0,0,0,0,0,0,0
270519,2,1,2000,0,0,0,0,0,0,0,0,0,0
270520,0,1,2000,0,0,0,0,0,0,0,0,0,0
270520,1,1,2000,0,0,0,0,0,0,0,0,0,0
270521,1,1,2000,0,0,0,0,0,0,0,0,0,0
270521,2,1,2000,0,0,0,0,0,0,0,0,0,0
270522,1,1,2000,18,18,18,18,18,18,18,18,18,18
270523,1,1,2000,0,0,0,0,0,0,0,0,0,0
270523,2,1,2000,0,0,0,0,0,0,0,0,0,0
270524,1,1,2000,28,28,28,28,28,28,28,28,28,28
270525,1,1,2000,0,0,0,0,0,0,0,0,0,0
270526,1,1,2000,0,0,0,0,0,0,0,0,0,0
270526,2,1,2000,0,0,0,0,0,0,0,0,0,0
270527,1,1,2000,0,0,0,0,0,0,0,0,0,0
270528,1,1,2000,0,0,0,0,0,0,0,0,0,0
270528,2,1,2000,1,1,1,1,1,1,1,1,1,1
270529,1,1,2000,0,0,0,0,0,0,0,0,0,0