ST_CASE,VEH_NO,PER_NO,YEAR,P1,P2,P3,P4,P5,P6,P7,P8,P9,P10
280262,1,1,2000,17,17,17,17,17,17,17,17,17,17
280263,1,1,2000,0,0,0,0,0,0,0,0,0,0
280264,1,1,2000,17,17,17,17,17,17,17,17,17,17
280264,2,1,2000,0,0,0,0,0,0,0,0,0,0
280265,1,1,2000,0,0,0,0,0,0,0,0,0,0
280265,2,1,2000,0,0,0,0,0,0,0,0,0,0
280265,3,1,2000,0,0,0,0,0,0,0,0,0,0
280266,0,1,2000,0,0,0,0,0,0,0,0,0,0
280266,1,1,2000,0,12,0,13,17,0,0,0,0,0
280267,1,1,2000,0,0,0,0,0,0,0,0,0,0
280268,1,1,2000,0,0,17,0,0,0,0,0,0,0
280269,1,1,2000,0,0,15,0,0,0,0,0,0,0
280269,2,1,2000,13,0,0,0,0,9,0,0,0,0
280270,1,1,2000,14,14,14,14,14,14,14,14,14,14
280270,2,1,2000,18,18,18,18,18,18,18,18,18,18
280271,1,1,2000,28,28,28,28,28,28,28,28,28,28
280272,1,1,2000,0,0,0,0,0,0,0,0,0,0
280272,2,1,2000,0,0,0,0,0,0,0,0,0,0
280273,1,1,2000,21,24,28,19,4,0,18,9,14,33
280274,1,1,2000,0,14,0,0,0,13,33,8,15,4
280275,1,1,2000,0,0,0,0,0,0,0,0,0,0
280275,2,1,2000,0,0,0,0,0,0,0,0,0,0
280276,1,1,2000,0,0,0,0,0,0,0,0,0,0
280276,2,1,2000,0,0,0,0,0,0,0,0,0,0
280277,1,1,2000,8,8,8,8,8,8,8,8,8,8
280277,2,1,2000,0,0,0,0,0,0,0,0,0,0
280278,1,1,2000,0,0,0,0,0,0,0,0,0,0
280278,2,1,2000,3,3,3,3,3,3,3,3,3,3
280279,1,1,2000,0,0,0,0,0,0,0,0,0,0
280280,1,1,2000,12,12,12,12,12,12,12,12,12,12
280281,0,1,2000,6,6,6,6,6,6,6,6,6,6
280281,1,1,2000,0,0,0,0,0,0,0,0,0,6
280282,1,1,2000,0,0,0,0,0,0,0,0,0,0
280282,2,1,2000,0,13,0,0,12,0,0,5,0,0
280283,0,1,2000,0,0,0,0,0,0,0,0,0,0
280283,1,1,2000,0,0,0,0,0,0,0,0,0,0
280284,1,1,2000,0,0,0,0,0,0,0,0,0,0
280285,1,1,2000,14,14,14,14,14,14,14,14,14,14
280286,1,1,2000,3,3,3,3,3,3,3,3,3,3
280287,1,1,2000,33,15,14,19,29,18,14,0,42,0
280288,1,1,2000,0,0,0,0,0,0,0,0,0,0
280289,1,1,2000,0,0,23,17,10,0,11,13,0,12
280290,1,1,2000,0,0,0,0,0,0,0,0,0,0
280290,2,1,2000,0,0,0,0,0,0,7,0,0,0
280291,1,1,2000,0,0,0,0,0,0,0,0,0,0
280291,2,1,2000,0,0,0,0,0,0,0,0,0,0
280292,1,1,2000,12,12,12,12,12,12,12,12,12,12
280292,2,1,2000,14,14,14,14,14,14,14,14,14,14
280292,3,1,2000,14,14,14,14,14,14,14,14,14,14
280292,4,1,2000,15,15,15,15,15,15,15,15,15,15
280293,1,1,2000,14,0,7,0,30,0,6,29,29,22
280294,0,1,2000,0,0,0,0,0,0,0,0,0,0
280294,1,1,2000,0,0,0,0,0,0,0,22,0,0
280295,1,1,2000,0,0,0,0,0,0,0,0,0,0
280296,1,1,2000,12,12,12,12,12,12,12,12,12,12
280296,2,1,2000,0,0,0,0,0,0,0,0,0,0
280297,1,1,2000,0,0,0,0,0,0,0,0,0,0
280297,2,1,2000,0,0,0,0,0,0,0,0,0,0
280298,1,1,2000,0,0,0,0,0,0,0,0,0,0
280299,1,1,2000,0,0,13,0,0,11,36,29,19,0
280300,1,1,2000,0,0,0,0,0,0,0,0,0,0
280301,1,1,2000,15,15,15,15,15,15,15,15,15,15
280301,2,1,2000,0,0,0,16,0,22,4,0,0,0
280302,1,1,2000,0,0,0,0,0,0,0,0,0,0
280302,2,1,2000,0,0,0,0,0,0,0,0,0,0
280302,3,1,2000,0,0,0,0,0,0,0,0,0,0
280303,1,1,2000,22,3,0,13,0,0,0,0,0,0
280303,2,1,2000,0,6,0,13,9,0,0,4,2,0
280303,3,1,2000,11,0,0,26,0,13,0,0,0,0
280304,1,1,2000,17,17,17,17,17,17,17,17,17,17
280304,2,1,2000,0,0,0,0,12,12,0,0,0,0
280304,3,1,2000,2,0,0,3,0,0,0,0,0,0
280304,4,1,2000,0,0,0,0,0,7,0,0,0,0
280305,1,1,2000,17,17,17,17,17,17,17,17,17,17
280306,1,1,2000,11,11,11,11,11,11,11,11,11,11
280307,1,1,2000,0,4,0,0,0,0,0,0,0,0
280307,2,1,2000,0,0,0,0,0,0,0,0,0,0
280308,1,1,2000,0,0,0,0,0,0,0,0,0,0
280308,2,1,2000,0,0,0,0,0,0,0,0,0,0
280308,3,1,2000,0,0,0,0,0,0,0,0,0,0
280309,0,1,2000,31,31,31,31,31,31,31,31,31,31
280309,1,1,2000,0,0,0,0,0,0,0,0,0,0
280310,1,1,2000,0,0,0,0,0,0,0,0,0,0
280311,1,1,2000,0,0,0,0,0,0,0,0,0,0
280311,2,1,2000,0,0,0,13,0,0,0,0,0,0
280312,1,1,2000,17,17,17,17,17,17,17,17,17,17
280313,1,1,2000,0,0,0,0,0,0,0,0,0,0
280313,2,1,2000,0,0,0,0,0,0,0,0,0,0
280314,1,1,2000,16,16,16,16,16,16,16,16,16,16
280315,1,1,2000,24,0,15,13,23,0,0,24,0,19
280316,1,1,2000,14,14,14,14,14,14,14,14,14,14
280317,1,1,2000,15,15,15,15,15,15,15,15,15,15
280318,0,1,2000,10,10,10,10,10,10,10,10,10,10
280318,1,1,2000,0,0,0,10,0,0,0,14,0,0
280319,1,1,2000,0,0,0,0,12,0,0,0,0,0
280319,2,1,2000,0,0,0,0,0,0,0,0,0,0
280320,1,1,2000,19,0,0,17,6,13,11,22,0,4
280321,1,1,2000,0,0,0,0,0,0,0,0,0,0
280321,2,1,2000,0,0,0,0,0,0,0,0,0,0
280322,0,1,2000,14,14,14,14,14,14,14,14,14,14
280322,1,1,2000,10,10,10,10,10,10,10,10,10,10
280323,1,1,2000,19,19,19,19,19,19,19,19,19,19
280324,1,1,2000,0,0,0,0,0,0,0,0,0,0
280324,2,1,2000,0,0,0,0,0,0,0,0,0,0
280325,0,1,2000,21,21,21,21,21,21,21,21,21,21
280325,1,1,2000,0,0,0,0,0,0,0,0,0,0
280326,1,1,2000,16,16,16,16,16,16,16,16,16,16
280327,1,1,2000,0,0,28,11,0,6,28,3,43,20
280328,1,1,2000,1,1,1,1,1,1,1,1,1,1
280329,1,1,2000,0,0,0,0,0,0,0,0,0,0
280329,2,1,2000,0,0,0,0,0,0,0,0,0,0
280330,1,1,2000,16,16,16,16,16,16,16,16,16,16
280331,1,1,2000,0,0,0,0,0,0,0,0,0,0
280331,2,1,2000,18,18,18,18,18,18,18,18,18,18
280332,0,1,2000,0,12,19,8,13,61,15,40,0,23
280332,1,1,2000,12,15,11,23,0,31,17,29,0,0
280333,1,1,2000,33,33,33,33,33,33,33,33,33,33
280334,1,1,2000,0,0,0,0,0,0,0,0,0,0
280335,1,1,2000,0,0,0,0,0,0,0,0,0,0
280335,2,1,2000,0,0,0,0,0,0,0,0,0,0
280336,1,1,2000,0,0,0,0,0,0,0,0,0,0
280336,2,1,2000,0,0,0,0,0,0,0,0,0,0
280337,1,1,2000,0,0,0,0,0,0,0,0,0,0
280337,2,1,2000,0,0,0,0,0,0,0,0,0,0
280338,1,1,2000,0,0,0,22,0,22,0,10,0,4
280339,1,1,2000,11,11,11,11,11,11,11,11,11,11
280340,1,1,2000,0,0,0,0,0,0,0,0,0,0
280341,1,1,2000,13,13,13,13,13,13,13,13,13,13
280342,1,1,2000,0,0,0,0,0,0,0,0,0,0
280343,1,1,2000,1,1,1,1,1,1,1,1,1,1
280344,1,1,2000,0,0,0,0,0,0,0,0,0,0
280344,2,1,2000,0,0,0,0,0,0,0,0,0,0
280344,3,1,2000,0,0,0,0,0,0,0,0,0,0
280345,1,1,2000,1,1,1,1,1,1,1,1,1,1
280346,1,1,2000,23,23,23,23,23,23,23,23,23,23
280347,1,1,2000,7,0,0,11,0,0,26,0,22,0
280348,0,1,2000,16,16,16,16,16,16,16,16,16,16
280348,1,1,2000,0,0,0,0,0,0,0,0,0,0
280349,1,1,2000,0,0,0,0,0,0,0,0,0,0
280350,1,1,2000,0,0,0,0,0,0,0,0,0,0
280351,1,1,2000,0,0,0,0,0,0,0,0,0,0
280351,2,1,2000,0,0,0,0,0,0,0,0,0,0
280352,0,1,2000,0,0,0,0,0,0,0,0,0,0
280352,1,1,2000,0,0,0,0,0,0,0,0,0,0
280353,1,1,2000,0,0,0,0,0,0,0,0,0,0
280354,1,1,2000,28,28,28,28,28,28,28,28,28,28
280355,1,1,2000,0,0,9,0,0,0,0,0,15,4
280356,1,1,2000,0,0,0,0,0,0,0,0,0,0
280357,1,1,2000,0,0,0,0,0,0,0,0,0,0
280357,2,1,2000,0,0,0,0,0,0,0,0,0,0
280358,1,1,2000,17,17,17,17,17,17,17,17,17,17
280358,2,1,2000,0,0,0,0,0,0,0,0,0,0
280359,1,1,2000,0,0,0,0,0,0,0,0,0,0
280360,1,1,2000,0,0,0,0,0,0,0,0,0,0
280360,2,1,2000,0,0,0,0,0,0,0,0,0,0
280360,3,1,2000,0,0,0,0,0,0,0,0,0,0
280361,1,1,2000,0,0,0,0,0,0,0,0,0,0
280362,1,1,2000,13,29,14,24,20,17,18,0,9,23
280363,1,1,2000,0,0,0,0,0,0,0,0,0,0
280364,1,1,2000,0,0,0,0,0,0,0,0,0,0
280365,1,1,2000,15,15,15,15,15,15,15,15,15,15
280366,1,1,2000,0,0,0,0,0,6,0,5,0,0
280366,2,1,2000,3,3,3,3,3,3,3,3,3,3
280367,0,1,2000,0,0,0,0,0,0,0,0,0,0
280367,1,1,2000,0,0,0,0,0,0,0,0,0,0
280368,1,1,2000,15,0,0,20,7,18,11,14,20,16
280369,0,1,2000,0,23,0,13,0,0,0,15,0,5
280369,1,1,2000,0,4,0,0,0,0,0,0,0,0
280370,0,1,2000,21,29,0,0,0,29,30,0,0,0
280370,1,1,2000,0,0,20,0,0,0,0,6,16,0
280371,1,1,2000,29,29,29,29,29,29,29,29,29,29
280372,1,1,2000,0,0,0,12,33,17,0,0,0,0
280373,1,1,2000,0,0,0,9,0,0,0,0,9,0
280374,1,1,2000,0,33,8,0,0,0,9,0,0,0
280374,2,1,2000,17,17,0,22,0,0,20,0,0,22
280375,1,1,2000,0,0,0,17,0,17,12,0,0,9
280376,1,1,2000,0,0,0,0,0,0,0,0,0,0
280376,2,1,2000,18,18,18,18,18,18,18,18,18,18
280377,1,1,2000,0,0,0,0,0,0,0,0,0,0
280377,2,1,2000,0,0,0,0,0,0,0,0,0,0
280378,1,1,2000,0,0,0,0,0,0,0,0,0,0
280379,1,1,2000,0,0,0,0,0,0,0,0,0,0
280379,2,1,2000,0,0,0,0,0,0,0,0,0,0
280380,1,1,2000,6,6,6,6,6,6,6,6,6,6
280381,1,1,2000,0,0,0,0,0,0,0,0,0,0
280381,2,1,2000,19,19,19,19,19,19,19,19,19,19
280382,1,1,2000,0,0,0,0,0,0,0,0,0,0
280382,2,1,2000,11,11,11,11,11,11,11,11,11,11
280383,1,1,2000,0,0,0,0,0,0,0,0,0,0
280383,2,1,2000,0,0,0,0,0,0,0,0,0,0
280383,3,1,2000,6,6,6,6,6,6,6,6,6,6
280383,4,1,2000,0,0,0,0,0,0,0,0,0,0
280383,5,1,2000,0,0,0,0,0,0,0,0,0,0
280383,6,1,2000,0,0,0,0,0,0,0,0,0,0
280383,7,1,2000,0,0,0,0,0,0,0,0,0,0
280383,8,1,2000,0,0,0,0,0,0,0,0,0,0
280383,9,1,2000,0,0,0,0,0,0,0,0,0,0
280383,10,1,2000,0,0,0,0,0,0,0,0,0,0
280383,12,1,2000,0,0,0,0,0,0,0,0,0,0
280383,13,1,2000,0,0,0,0,0,0,0,0,0,0
280383,14,1,2000,0,0,0,0,0,0,0,0,0,0
280383,15,1,2000,0,0,0,0,0,0,0,0,0,0
280383,16,1,2000,0,0,0,0,0,0,0,0,0,0
280383,17,1,2000,0,0,0,0,0,0,0,0,0,0
280383,18,1,2000,0,0,0,0,0,0,0,0,0,0
280383,19,1,2000,0,0,0,0,0,0,0,0,19,0
280383,20,1,2000,24,0,13,0,0,0,0,0,9,0
280384,1,1,2000,0,0,0,0,0,0,0,14,20,14
280384,2,1,2000,0,0,0,0,0,0,0,0,0,0
280385,1,1,2000,0,0,0,0,0,0,0,19,0,0
280386,1,1,2000,22,0,10,0,0,16,6,2,16,0
280387,1,1,2000,15,10,0,20,12,7,12,8,16,0
280388,1,1,2000,0,0,0,0,0,0,0,0,0,0
280388,2,1,2000,0,0,0,0,0,0,0,0,0,0
280389,1,1,2000,0,0,0,0,0,0,5,0,3,0
280390,1,1,2000,0,0,0,0,0,0,0,0,0,0
280390,2,1,2000,0,0,0,0,0,0,0,0,0,0
280391,1,1,2000,0,0,0,0,0,0,0,0,0,0
280392,1,1,2000,0,0,0,21,10,0,0,0,0,0
280392,2,1,2000,0,0,0,0,0,0,0,0,0,0
280393,1,1,2000,0,0,0,0,0,0,0,0,0,0
280393,2,1,2000,0,6,0,15,0,0,0,0,0,11
280394,1,1,2000,0,0,0,0,0,0,0,0,0,0
280394,2,1,2000,0,0,0,0,0,0,0,0,0,0
280395,1,1,2000,8,8,8,8,8,8,8,8,8,8
280396,1,1,2000,0,0,0,0,0,0,0,0,0,0
280397,1,1,2000,17,17,17,17,17,17,17,17,17,17
280398,1,1,2000,0,0,0,0,0,0,0,0,0,0
280399,1,1,2000,19,19,19,19,19,19,19,19,19,19
280399,2,1,2000,18,18,18,18,18,18,18,18,18,18
280400,1,1,2000,0,0,0,0,0,0,0,0,0,0
280400,2,1,2000,0,0,0,0,0,0,0,0,0,0
280401,1,1,2000,10,17,0,15,0,0,5,0,0,0
280402,1,1,2000,0,0,0,0,0,0,0,0,0,0
280403,1,1,2000,0,0,0,0,0,0,0,0,0,0
280404,1,1,2000,24,24,24,24,24,24,24,24,24,24
280405,1,1,2000,1,1,1,1,1,1,1,1,1,1
280405,2,1,2000,0,0,0,0,0,0,0,4,0,0
280406,0,1,2000,9,44,0,19,0,19,0,11,29,0
280406,1,1,2000,0,0,0,0,0,14,0,0,0,0
280407,0,1,2000,0,0,0,0,0,0,0,0,0,0
280407,1,1,2000,0,0,0,0,0,0,0,0,0,0
280408,1,1,2000,13,0,0,0,0,14,0,0,0,0
280408,2,1,2000,0,0,0,0,0,0,0,0,0,0
280409,1,1,2000,0,0,0,0,0,0,0,0,0,0
280409,2,1,2000,0,0,0,0,0,0,0,0,0,0
280409,3,1,2000,0,13,0,0,0,0,0,0,0,0
280409,4,1,2000,0,0,0,0,0,0,0,0,0,0
280409,5,1,2000,23,0,31,28,0,0,5,25,14,22
280410,1,1,2000,13,13,13,13,13,13,13,13,13,13
280411,1,1,2000,0,0,0,0,0,0,0,0,0,0
280411,2,1,2000,0,0,0,0,0,0,0,0,0,0
280412,0,1,2000,4,4,4,4,4,4,4,4,4,4
280412,0,2,2000,4,4,4,4,4,4,4,4,4,4
280412,1,1,2000,18,0,0,24,0,10,22,9,0,35
280413,1,1,2000,0,0,0,0,0,0,0,0,0,0
280413,2,1,2000,0,0,0,0,0,0,0,0,0,0
280414,1,1,2000,15,18,19,0,9,13,8,15,0,0
280415,1,1,2000,0,0,0,0,0,0,0,0,0,0
280416,1,1,2000,0,0,0,0,0,0,0,0,0,0
280416,2,1,2000,12,12,12,12,12,12,12,12,12,12
280417,0,1,2000,29,29,29,29,29,29,29,29,29,29
280417,1,1,2000,0,18,11,0,0,0,0,0,0,11
280418,1,1,2000,0,11,0,0,0,7,0,0,0,0
280418,2,1,2000,0,0,0,24,0,0,0,14,0,0
280419,1,1,2000,0,35,0,0,0,0,0,0,0,0
280419,2,1,2000,18,0,0,0,0,0,0,0,0,0
280420,1,1,2000,0,0,18,0,0,11,23,0,0,20
280421,1,1,2000,0,0,0,0,0,0,0,0,0,0
280422,1,1,2000,0,0,0,0,0,0,0,0,0,0
280423,1,1,2000,14,0,0,0,0,0,6,0,0,0
280424,1,1,2000,0,0,0,0,0,0,0,0,0,0
280425,1,1,2000,0,0,0,0,0,0,0,0,0,0
280425,2,1,2000,0,0,0,0,0,0,0,0,0,0
280426,1,1,2000,23,12,12,6,15,4,17,0,0,10
280427,1,1,2000,0,0,0,0,0,0,0,0,0,0
280428,1,1,2000,0,0,0,0,0,0,16,0,0,0
280428,2,1,2000,0,0,0,0,0,0,0,0,0,0
280429,1,1,2000,0,13,0,0,13,0,0,0,0,0
280430,1,1,2000,0,0,0,0,0,0,0,0,0,0
280430,2,1,2000,0,0,0,0,0,0,0,0,0,0
280431,1,1,2000,2,2,2,2,2,2,2,2,2,2
280432,1,1,2000,21,21,21,21,21,21,21,21,21,21
280433,1,1,2000,0,0,12,0,0,0,0,0,0,0
280434,1,1,2000,0,0,0,0,0,0,0,0,0,0
280434,2,1,2000,16,16,16,16,16,16,16,16,16,16
280435,1,1,2000,0,0,0,0,0,0,0,0,0,0
280435,2,1,2000,21,21,21,21,21,21,21,21,21,21
280436,1,1,2000,0,0,0,0,0,0,0,0,0,0
280436,2,1,2000,0,0,0,0,0,0,0,0,0,0
280437,1,1,2000,20,20,20,20,20,20,20,20,20,20
280438,1,1,2000,0,0,0,0,0,0,0,0,0,0
280439,0,1,2000,0,0,0,0,0,0,0,0,0,0
280439,1,1,2000,0,0,0,0,0,0,0,0,0,0
280440,1,1,2000,11,11,11,11,11,11,11,11,11,11
280441,1,1,2000,8,8,8,8,8,8,8,8,8,8
280442,1,1,2000,0,0,0,0,0,0,0,0,0,0
280443,1,1,2000,0,0,0,0,0,0,0,0,0,0
280444,1,1,2000,0,0,0,0,0,0,0,0,0,0
280445,1,1,2000,0,0,0,0,0,0,0,0,0,0
280445,2,1,2000,0,0,0,0,0,0,0,0,0,0
280446,1,1,2000,9,0,0,0,7,0,0,0,0,0
280446,2,1,2000,0,0,0,0,0,0,0,0,0,0
280447,1,1,2000,0,0,0,0,0,0,0,0,0,0
280447,2,1,2000,5,5,5,5,5,5,5,5,5,5
280448,1,1,2000,15,15,15,15,15,15,15,15,15,15
280449,1,1,2000,12,27,0,0,22,16,0,0,0,0
280450,1,1,2000,0,0,0,0,0,0,0,0,0,0
280450,2,1,2000,0,0,0,0,0,0,0,0,0,0
280451,1,1,2000,0,0,0,0,0,0,0,0,0,0
280451,2,1,2000,0,0,0,0,0,0,0,0,0,0
280452,1,1,2000,0,0,0,16,0,18,7,29,7,12
280453,1,1,2000,0,0,8,0,0,0,0,0,0,0
280454,1,1,2000,13,0,0,0,10,14,24,24,28,35
280455,1,1,2000,0,0,0,0,0,0,0,0,0,0
280455,2,1,2000,0,0,0,0,0,0,0,0,0,0
280456,1,1,2000,0,0,0,0,0,0,0,0,0,0
280456,2,1,2000,0,0,0,0,0,0,0,0,0,0
280456,3,1,2000,0,0,0,0,0,0,0,0,0,0
280456,4,1,2000,0,0,0,0,0,0,0,0,0,0
280457,1,1,2000,0,0,0,0,0,0,0,0,0,0
280457,2,1,2000,0,0,0,0,0,0,0,0,0,0
280458,1,1,2000,0,0,0,0,0,0,0,0,0,0
280458,2,1,2000,0,0,0,0,0,0,0,0,0,0
280459,1,1,2000,0,0,0,0,0,0,0,19,0,0
280460,0,1,2000,17,17,17,17,17,17,17,17,17,17
280460,1,1,2000,0,7,0,35,0,0,8,0,0,12
280461,1,1,2000,0,0,0,0,0,0,0,0,0,0
280462,1,1,2000,20,15,33,25,19,27,12,17,23,15
280463,1,1,2000,13,13,13,13,13,13,13,13,13,13
280464,1,1,2000,0,0,0,0,0,0,24,13,14,7
280465,1,1,2000,0,16,0,16,11,11,0,35,0,0
280465,2,1,2000,2,0,0,0,21,25,9,0,4,0
280466,1,1,2000,0,0,0,0,0,0,0,0,5,0
280466,2,1,2000,12,0,27,27,0,0,0,0,0,0
280467,1,1,2000,0,0,0,0,0,0,0,0,7,0
280467,2,1,2000,0,14,0,0,0,0,0,0,0,0
280468,1,1,2000,0,0,0,0,0,0,0,0,0,0
280468,2,1,2000,0,0,0,0,0,0,0,0,0,0
280469,1,1,2000,0,0,0,0,0,0,0,0,0,0
280470,1,1,2000,0,0,0,0,0,0,0,0,0,0
280471,1,1,2000,0,0,0,0,0,0,0,0,0,0
280472,1,1,2000,0,0,0,0,0,0,0,0,0,0
280472,2,1,2000,4,4,4,4,4,4,4,4,4,4
280473,1,1,2000,20,20,20,20,20,20,20,20,20,20
280474,1,1,2000,17,17,17,17,17,17,17,17,17,17
280475,1,1,2000,19,0,0,0,0,0,7,0,0,0
280476,1,1,2000,0,0,0,0,0,0,0,0,0,0
280476,2,1,2000,0,0,0,0,0,0,0,0,0,0
280477,1,1,2000,0,0,0,0,0,0,0,0,0,0
280477,2,1,2000,0,0,0,0,0,0,0,0,0,0
280478,1,1,2000,0,0,0,0,0,0,0,6,0,0
280479,1,1,2000,0,0,0,0,0,0,0,27,6,0
280480,0,1,2000,0,0,0,0,0,0,0,0,0,0
280480,1,1,2000,0,0,0,0,0,0,0,0,0,0
280481,1,1,2000,20,0,18,0,0,0,0,37,18,0
280482,1,1,2000,16,16,16,16,16,16,16,16,16,16
280483,1,1,2000,0,19,13,26,32,28,20,16,0,23
280484,1,1,2000,28,22,16,25,0,16,24,23,0,8
280485,1,1,2000,0,0,0,0,0,0,0,0,0,0
280486,1,1,2000,18,18,18,18,18,18,18,18,18,18
280487,1,1,2000,18,18,18,18,18,18,18,18,18,18
280488,1,1,2000,0,0,0,0,0,0,0,0,0,0
280488,2,1,2000,0,0,0,0,0,0,0,0,0,0
280489,1,1,2000,0,0,0,0,0,0,0,0,0,0
280490,1,1,2000,0,0,0,0,0,0,0,0,0,0
280490,2,1,2000,0,0,0,0,0,0,0,0,0,0
280490,3,1,2000,0,0,0,0,0,0,0,0,0,0
280491,1,1,2000,0,0,0,0,0,0,0,0,0,0
280492,1,1,2000,0,0,0,0,0,0,0,0,0,0
280492,2,1,2000,0,0,0,0,0,0,0,0,0,0
280492,3,1,2000,0,0,0,0,0,0,0,0,0,0
280493,1,1,2000,10,10,10,10,10,10,10,10,10,10
280493,2,1,2000,11,11,11,11,11,11,11,11,11,11
280494,1,1,2000,0,0,0,0,0,0,0,0,0,0
280495,1,1,2000,0,0,0,0,0,0,0,0,0,0
280496,1,1,2000,12,12,12,12,12,12,12,12,12,12
280497,1,1,2000,0,0,0,0,0,0,0,0,0,0
280497,2,1,2000,0,0,0,0,0,0,0,0,0,0
280498,1,1,2000,18,18,18,18,18,18,18,18,18,18
280499,1,1,2000,0,0,0,0,0,0,0,0,0,0
280499,2,1,2000,0,0,0,0,0,0,0,0,0,0
280500,1,1,2000,12,12,12,12,12,12,12,12,12,12
280501,1,1,2000,0,0,0,0,0,0,0,0,0,0
280502,1,1,2000,0,0,0,0,0,0,0,0,0,0
280503,1,1,2000,0,0,0,0,0,0,0,0,0,0
280503,2,1,2000,0,0,0,0,0,0,0,0,0,0
280503,3,1,2000,0,0,0,0,0,0,0,0,0,0
280504,1,1,2000,12,12,12,12,12,12,12,12,12,12
280505,1,1,2000,14,14,14,14,14,14,14,14,14,14
280506,1,1,2000,6,6,6,6,6,6,6,6,6,6
280506,2,1,2000,0,0,0,0,0,0,0,0,0,0
280507,1,1,2000,0,0,0,0,0,13,0,0,0,25
280508,1,1,2000,0,0,0,3,55,0,8,0,0,0
280508,2,1,2000,38,38,38,38,38,38,38,38,38,38
280509,0,1,2000,0,0,0,0,0,0,0,0,0,0
280509,1,1,2000,0,0,0,0,0,0,0,5,5,0
280510,1,1,2000,0,0,0,0,0,0,0,0,0,0
280510,2,1,2000,0,0,0,0,0,0,0,0,0,0
280511,1,1,2000,19,19,19,19,19,19,19,19,19,19
280512,1,1,2000,0,0,0,0,0,0,0,0,0,0
280513,1,1,2000,0,0,0,0,0,0,0,0,0,0
280513,2,1,2000,0,0,0,0,0,0,0,0,0,0
280514,1,1,2000,0,0,0,0,0,0,0,0,0,0
280514,2,1,2000,0,0,0,0,0,0,0,0,0,0
280514,3,1,2000,0,0,0,0,0,0,0,0,0,0
280515,1,1,2000,25,25,25,25,25,25,25,25,25,25
280516,1,1,2000,0,0,0,0,0,0,0,0,0,0
280517,1,1,2000,0,0,0,0,0,0,0,0,0,0
280518,1,1,2000,19,19,19,19,19,19,19,19,19,19
280519,1,1,2000,0,0,0,0,0,0,0,0,0,0
280520,1,1,2000,9,9,9,9,9,9,9,9,9,9
280521,1,1,2000,5,5,5,5,5,5,5,5,5,5
280522,1,1,2000,0,0,0,0,0,0,0,0,0,0
280522,2,1,2000,0,0,0,0,0,0,0,0,0,0
280523,1,1,2000,24,24,24,24,24,24,24,24,24,24
280524,1,1,2000,0,20,25,25,29,12,0,0,14,0
280525,1,1,2000,0,0,0,0,0,0,0,0,0,0
280525,2,1,2000,0,0,0,0,0,0,0,0,0,0
280526,1,1,2000,0,0,0,0,0,0,0,0,0,0
280526,2,1,2000,0,0,0,0,0,0,0,0,0,19
280527,1,1,2000,0,0,0,0,0,0,0,0,0,0
280527,2,1,2000,0,0,0,0,0,0,0,0,0,0
280528,1,1,2000,0,0,0,0,0,0,0,0,0,0
280529,1,1,2000,24,24,24,24,24,24,24,24,24,24
280530,1,1,2000,0,0,0,0,0,0,0,0,0,0
280530,2,1,2000,0,0,0,0,0,0,0,0,0,0
280531,1,1,2000,0,0,0,0,0,0,0,0,0,0
280531,2,1,2000,0,0,0,0,0,0,0,0,0,0
280532,1,1,2000,0,0,0,0,0,0,0,0,0,0
280532,2,1,2000,17,17,17,17,17,17,17,17,17,17
280533,1,1,2000,0,0,0,0,0,0,0,0,0,0
280534,1,1,2000,22,22,22,22,22,22,22,22,22,22
280535,1,1,2000,0,0,0,0,0,0,0,0,0,0
280535,2,1,2000,0,0,0,0,0,0,0,0,0,0
280536,1,1,2000,1,1,1,1,1,1,1,1,1,1
280537,1,1,2000,0,0,0,0,0,0,0,0,0,0
280538,1,1,2000,0,0,0,0,0,0,0,0,0,0
280539,1,1,2000,0,0,0,0,0,0,0,0,0,0
280540,0,1,2000,30,17,0,0,0,0,0,0,0,0
280540,1,1,2000,0,0,0,0,0,30,0,0,0,15
280541,0,1,2000,0,0,0,0,0,0,0,0,0,0
280541,1,1,2000,0,0,0,0,0,0,0,16,0,14
280542,1,1,2000,2,2,2,2,2,2,2,2,2,2
280543,1,1,2000,17,17,17,17,17,17,17,17,17,17
280544,1,1,2000,0,0,0,0,0,0,0,0,0,0
280545,1,1,2000,0,0,0,0,0,0,0,0,0,0
280546,1,1,2000,6,6,6,6,6,6,6,6,6,6
280547,1,1,2000,0,23,0,11,0,0,0,12,0,0
280548,1,1,2000,4,4,4,4,4,4,4,4,4,4
280549,1,1,2000,16,16,16,16,16,16,16,16,16,16
280550,1,1,2000,18,18,18,18,18,18,18,18,18,18
280551,1,1,2000,24,24,24,24,24,24,24,24,24,24
280552,1,1,2000,19,19,19,19,19,19,19,19,19,19
280552,2,1,2000,0,0,0,0,0,0,0,0,0,0
280552,3,1,2000,0,0,0,0,0,0,0,0,0,0
280553,1,1,2000,0,0,0,0,0,0,0,0,0,0
280554,1,1,2000,0,0,0,0,0,0,0,0,0,0