ST_CASE,VEH_NO,PER_NO,YEAR,P1,P2,P3,P4,P5,P6,P7,P8,P9,P10
280554,2,1,2000,0,0,0,0,14,0,0,0,0,0
280555,1,1,2000,0,0,0,0,0,0,0,0,0,0
280556,0,1,2000,0,0,0,0,0,0,0,0,0,0
280556,1,1,2000,0,0,0,0,0,0,0,0,0,0
280557,1,1,2000,0,0,0,0,0,0,0,0,0,0
280557,2,1,2000,0,0,0,0,0,0,0,0,0,0
280557,3,1,2000,0,0,0,0,0,0,0,0,0,0
280557,4,1,2000,0,0,0,0,0,0,0,0,0,0
280557,5,1,2000,0,0,0,0,0,0,0,0,0,0
280557,6,1,2000,0,0,0,0,0,0,0,0,0,0
280557,7,1,2000,0,0,0,0,0,0,0,0,0,0
280557,8,1,2000,0,0,0,0,0,0,0,0,0,0
280557,9,1,2000,0,0,0,0,0,0,0,0,0,0
280557,10,1,2000,0,0,0,0,0,0,0,0,0,0
280557,11,1,2000,0,0,0,0,0,0,0,0,0,0
280557,12,1,2000,0,0,0,0,0,0,0,0,0,0
280558,1,1,2000,0,0,0,0,0,0,0,0,0,0
280559,1,1,2000,0,0,0,0,0,0,0,0,0,0
280560,1,1,2000,1,1,1,1,1,1,1,1,1,1
280561,1,1,2000,0,17,0,0,16,0,0,0,24,17
280562,1,1,2000,0,0,0,0,0,0,0,0,0,0
280562,2,1,2000,0,0,0,0,0,0,0,0,0,0
280563,0,1,2000,27,15,33,32,29,7,31,0,0,21
280563,1,1,2000,0,0,0,0,16,19,6,0,0,0
280564,1,1,2000,14,14,14,14,14,14,14,14,14,14
280564,2,1,2000,0,0,0,0,0,0,0,0,0,0
280565,1,1,2000,0,0,0,0,0,0,0,0,0,0
280565,2,1,2000,0,0,0,0,0,0,0,0,0,0
280566,1,1,2000,20,20,20,20,20,20,20,20,20,20
280567,1,1,2000,0,0,0,0,0,0,0,0,0,0
280567,2,1,2000,0,0,0,0,0,11,0,0,0,0
280568,1,1,2000,0,0,0,0,0,0,0,0,0,0
280568,2,1,2000,0,0,0,0,0,0,0,0,0,0
280569,1,1,2000,15,15,15,15,15,15,15,15,15,15
280569,2,1,2000,0,0,0,0,0,0,0,0,0,0
280570,1,1,2000,0,16,0,0,0,0,0,0,0,0
280571,1,1,2000,18,18,18,18,18,18,18,18,18,18
280572,1,1,2000,0,0,0,0,0,0,0,0,0,0
280573,1,1,2000,0,0,0,0,0,0,0,0,0,0
280574,1,1,2000,0,0,0,0,0,0,0,0,0,0
280574,2,1,2000,0,0,0,0,0,0,0,0,0,0
280575,1,1,2000,0,0,0,0,0,0,0,0,0,0
280575,2,1,2000,0,0,0,0,0,0,0,0,0,0
280576,1,1,2000,18,18,18,18,18,18,18,18,18,18
280577,1,1,2000,16,16,16,16,16,16,16,16,16,16
280578,1,1,2000,0,0,0,0,0,0,0,0,0,0
280579,1,1,2000,0,20,0,7,0,15,0,16,0,0
280580,1,1,2000,0,0,0,0,0,0,0,0,0,0
280580,2,1,2000,0,0,0,0,0,0,0,0,0,0
280581,1,1,2000,0,0,0,0,0,0,0,0,0,0
280581,2,1,2000,0,0,0,0,0,0,0,0,0,0
280582,1,1,2000,0,0,0,0,0,0,0,0,0,0
280582,2,1,2000,0,0,0,0,0,0,0,0,0,0
280583,1,1,2000,0,0,0,0,0,0,0,0,0,0
280584,1,1,2000,18,18,18,18,18,18,18,18,18,18
280585,1,1,2000,25,25,25,25,25,25,25,25,25,25
280586,0,1,2000,20,20,20,20,20,20,20,20,20,20
280586,1,1,2000,7,7,7,7,7,7,7,7,7,7
280587,1,1,2000,0,0,0,0,0,0,0,0,0,0
280588,1,1,2000,0,0,0,0,0,0,0,0,0,0
280589,1,1,2000,0,0,7,0,0,0,0,0,0,0
280590,1,1,2000,0,0,0,0,0,0,0,0,0,0
280590,2,1,2000,0,0,0,0,0,0,0,0,0,0
280591,1,1,2000,26,26,26,26,26,26,26,26,26,26
280592,1,1,2000,0,0,0,0,0,0,0,0,0,0
280593,1,1,2000,0,0,0,0,0,0,0,0,0,0
280593,2,1,2000,0,0,0,0,0,0,0,0,0,0
280594,1,1,2000,0,0,0,0,0,0,0,0,0,0
280595,1,1,2000,17,17,17,17,17,17,17,17,17,17
280596,0,1,2000,0,0,0,0,0,0,0,0,0,0
280596,1,1,2000,0,0,0,0,0,0,0,0,0,0
280597,0,1,2000,0,0,0,0,0,0,0,0,0,0
280597,1,1,2000,0,0,0,0,0,0,0,0,0,0
280598,1,1,2000,0,0,0,0,0,0,0,0,0,0
280599,1,1,2000,0,0,0,0,0,0,0,0,0,0
280600,1,1,2000,0,0,0,0,0,0,0,0,0,0
280601,1,1,2000,0,0,0,0,0,0,0,0,0,0
280602,1,1,2000,10,0,0,0,6,5,0,0,0,0
280602,2,1,2000,0,0,0,0,0,0,0,9,0,17
280603,1,1,2000,0,0,0,0,0,0,0,0,0,0
280603,2,1,2000,0,0,0,0,0,0,0,0,0,0
280604,1,1,2000,0,0,0,0,0,0,0,0,0,0
280605,1,1,2000,15,15,15,15,15,15,15,15,15,15
280606,1,1,2000,15,15,15,15,15,15,15,15,15,15
280607,1,1,2000,0,0,0,0,0,0,0,0,0,0
280607,2,1,2000,0,0,0,0,0,0,0,0,0,0
280608,1,1,2000,19,19,19,19,19,19,19,19,19,19
280608,2,1,2000,0,0,0,0,0,0,0,0,0,0
280609,1,1,2000,0,0,0,0,0,0,0,0,0,0
280609,2,1,2000,0,0,0,0,0,0,0,0,0,0
280610,1,1,2000,13,13,13,13,13,13,13,13,13,13
280611,0,1,2000,0,0,0,0,6,0,0,0,6,0
280611,1,1,2000,0,12,14,0,0,0,0,0,0,0
280612,1,1,2000,0,0,0,0,0,0,0,0,0,0
280612,2,1,2000,0,0,0,0,0,0,0,0,0,0
280613,1,1,2000,0,0,0,0,0,17,0,0,23,0
280613,2,1,2000,0,0,0,0,0,0,0,10,0,0
280614,1,1,2000,0,0,0,0,0,0,0,0,0,0
280614,2,1,2000,0,0,0,0,0,0,0,0,0,0
280615,1,1,2000,0,0,0,0,0,12,0,0,0,0
280615,2,1,2000,0,14,17,0,20,26,7,16,0,0
280616,1,1,2000,0,0,0,0,0,0,0,0,0,0
280616,2,1,2000,0,0,0,0,0,0,0,0,0,0
280617,1,1,2000,0,0,0,0,0,0,0,0,0,0
280617,2,1,2000,0,0,0,0,0,0,0,0,0,0
280618,1,1,2000,8,8,8,8,8,8,8,8,8,8
280619,1,1,2000,24,24,24,24,24,24,24,24,24,24
280620,0,1,2000,21,0,0,0,47,0,0,13,0,0
280620,1,1,2000,0,0,0,0,0,20,0,0,0,0
280621,1,1,2000,0,0,0,0,0,0,0,0,0,0
280622,1,1,2000,0,0,0,0,0,0,0,0,0,0
280623,1,1,2000,0,0,0,0,0,0,0,0,0,0
280623,2,1,2000,0,0,0,0,0,0,0,0,0,0
280624,1,1,2000,0,8,14,11,25,6,12,20,11,0
280625,1,1,2000,28,0,0,0,0,0,0,0,0,0
280625,2,1,2000,0,0,10,0,0,0,0,0,0,15
280626,1,1,2000,0,0,0,0,0,0,0,0,0,0
280627,1,1,2000,0,0,4,10,16,0,0,0,18,0
280627,2,1,2000,0,0,13,0,18,38,19,22,0,13
280628,1,1,2000,0,0,0,0,0,0,0,0,0,0
280628,2,1,2000,0,0,0,0,0,0,0,0,0,0
280629,1,1,2000,0,0,0,0,0,0,0,0,0,0
280630,1,1,2000,0,0,0,0,0,0,0,0,0,0
280631,1,1,2000,0,0,0,0,0,0,0,0,0,0
280632,0,1,2000,24,0,14,12,0,11,0,0,30,0
280632,1,1,2000,0,0,0,0,0,0,0,0,0,0
280633,1,1,2000,14,13,27,20,15,18,0,5,0,21
280634,1,1,2000,16,16,16,16,16,16,16,16,16,16
280634,2,1,2000,0,0,0,0,0,0,0,0,0,0
280635,1,1,2000,0,0,0,0,0,0,0,0,0,0
280635,2,1,2000,0,0,0,0,0,0,0,0,0,0
280636,1,1,2000,0,0,0,0,0,28,0,0,33,29
280637,1,1,2000,3,0,5,0,5,0,0,0,0,0
280637,2,1,2000,0,0,0,0,0,0,0,0,0,0
280638,1,1,2000,0,0,0,0,0,0,0,0,0,0
280638,2,1,2000,0,0,0,0,0,0,0,0,0,0
280639,1,1,2000,21,21,21,21,21,21,21,21,21,21
280640,1,1,2000,17,0,0,0,0,0,0,0,3,7
280640,2,1,2000,0,13,0,0,0,0,0,0,0,0
280641,1,1,2000,0,0,0,0,0,0,0,0,18,0
280641,2,1,2000,0,13,0,0,0,0,18,0,0,20
280642,1,1,2000,0,0,0,0,0,0,0,0,0,0
280642,2,1,2000,0,0,0,0,0,0,0,0,0,0
280643,1,1,2000,0,16,0,0,0,0,8,0,0,6
280643,2,1,2000,0,0,0,0,12,0,16,0,0,0
280644,1,1,2000,0,0,6,12,0,0,0,0,0,0
280645,1,1,2000,11,11,11,11,11,11,11,11,11,11
280646,0,1,2000,0,0,0,0,0,0,0,0,0,0
280646,0,2,2000,0,0,0,0,0,0,0,0,0,0
280646,1,1,2000,21,0,0,0,0,0,0,0,0,7
280647,1,1,2000,0,0,0,0,0,0,0,0,0,0
280648,1,1,2000,14,0,0,0,0,0,0,0,18,0
280649,1,1,2000,10,10,10,10,10,10,10,10,10,10
280650,1,1,2000,0,0,0,0,0,0,0,0,0,0
280651,1,1,2000,13,13,13,13,13,13,13,13,13,13
280652,1,1,2000,0,0,0,0,0,0,0,0,0,0
280653,1,1,2000,0,0,0,0,0,0,0,0,0,0
280653,2,1,2000,0,0,0,0,0,0,0,0,0,0
280653,3,1,2000,0,0,0,0,0,0,0,0,0,0
280654,1,1,2000,0,0,0,0,0,0,0,0,0,0
280654,2,1,2000,0,0,0,0,0,0,0,0,0,0
280655,1,1,2000,0,0,0,0,0,0,0,0,0,0
280656,1,1,2000,0,0,0,0,0,0,0,0,0,0
280656,2,1,2000,0,0,0,0,0,0,0,0,0,0
280657,1,1,2000,0,0,0,0,0,0,0,0,0,0
280658,1,1,2000,0,0,0,0,0,0,0,0,0,0
280659,1,1,2000,0,0,0,0,0,0,0,0,0,0
280659,2,1,2000,0,0,0,0,0,0,0,0,0,0
280660,1,1,2000,14,0,0,16,0,18,16,0,33,0
280661,1,1,2000,16,38,24,14,0,34,9,25,19,16
280662,1,1,2000,0,0,0,0,0,0,0,0,0,0
280663,1,1,2000,0,0,0,0,0,0,0,0,0,0
280664,1,1,2000,0,0,0,0,0,0,0,0,0,0
280664,2,1,2000,0,0,0,0,0,0,0,0,0,0
280665,1,1,2000,8,0,0,0,0,0,0,0,0,0
280666,1,1,2000,10,0,0,0,0,0,0,0,0,0
280667,1,1,2000,0,0,12,0,0,0,10,0,0,0
280668,1,1,2000,0,0,0,0,0,0,0,0,0,0
280669,1,1,2000,0,0,0,0,0,0,0,0,0,0
280670,1,1,2000,0,10,0,15,0,0,0,37,0,7
280671,1,1,2000,0,0,0,19,12,25,0,17,0,0
280672,1,1,2000,24,24,24,24,24,24,24,24,24,24
280673,1,1,2000,0,0,0,0,0,0,0,0,0,0
280673,2,1,2000,18,18,18,18,18,18,18,18,18,18
280674,1,1,2000,0,0,0,0,0,8,0,0,0,0
280675,1,1,2000,16,16,16,16,16,16,16,16,16,16
280676,1,1,2000,0,0,0,0,0,0,0,0,0,0
280677,1,1,2000,14,14,14,14,14,14,14,14,14,14
280678,1,1,2000,0,0,0,0,0,0,0,0,0,0
280679,1,1,2000,0,0,0,0,0,0,0,0,0,0
280679,2,1,2000,0,0,0,0,0,0,0,0,0,0
280679,3,1,2000,0,0,0,0,0,0,0,0,0,0
280680,1,1,2000,14,14,14,14,14,14,14,14,14,14
280681,1,1,2000,18,18,18,18,18,18,18,18,18,18
280682,1,1,2000,37,37,37,37,37,37,37,37,37,37
280683,1,1,2000,0,0,0,14,0,0,0,0,11,0
280683,2,1,2000,0,7,0,8,0,0,0,0,15,0
280684,1,1,2000,20,20,20,20,20,20,20,20,20,20
280685,0,1,2000,0,0,0,0,0,0,0,0,0,0
280685,1,1,2000,0,0,0,0,0,0,0,0,0,0
280686,1,1,2000,0,0,0,0,0,0,0,0,0,0
280687,1,1,2000,17,17,17,17,17,17,17,17,17,17
280688,1,1,2000,0,0,0,0,0,0,0,0,0,0
280689,0,1,2000,40,40,40,40,40,40,40,40,40,40
280689,1,1,2000,0,14,0,0,0,0,0,0,0,0
280690,1,1,2000,0,0,0,0,0,0,0,0,0,0
280691,1,1,2000,0,0,27,0,0,0,17,0,0,0
280691,2,1,2000,0,0,0,0,0,0,0,0,0,0
280692,1,1,2000,25,0,19,0,0,0,0,17,0,0
280693,1,1,2000,0,0,0,0,0,0,0,0,0,0
280694,1,1,2000,0,0,0,0,0,0,0,0,0,0
280694,2,1,2000,16,16,16,16,16,16,16,16,16,16
280695,1,1,2000,9,13,0,17,14,13,0,25,0,0
280696,1,1,2000,0,0,0,0,0,0,0,0,0,0
280696,2,1,2000,0,0,0,0,0,0,0,0,0,0
280697,1,1,2000,0,11,17,20,20,22,18,9,13,17
280698,1,1,2000,0,0,0,0,0,0,0,0,0,0
280698,2,1,2000,0,0,0,0,0,0,0,0,0,0
280699,1,1,2000,0,0,0,0,0,0,0,0,0,0
280699,2,1,2000,0,0,0,0,0,0,0,0,0,0
280700,1,1,2000,0,0,0,0,0,0,0,0,0,0
280701,1,1,2000,0,0,0,0,0,0,0,0,0,0
280701,2,1,2000,0,0,0,0,0,0,0,0,0,0
280702,1,1,2000,12,19,13,6,13,0,4,17,23,7
280703,1,1,2000,0,0,0,0,0,0,0,0,0,0
280703,2,1,2000,5,0,6,0,19,18,18,12,19,8
280704,1,1,2000,0,0,0,0,0,0,0,0,0,0
280705,1,1,2000,0,0,0,0,0,0,0,0,0,0
280706,1,1,2000,0,0,0,0,0,0,0,0,0,0
280707,1,1,2000,0,0,0,0,0,0,0,0,0,0
280707,2,1,2000,0,0,0,0,0,0,0,0,0,0
280708,1,1,2000,0,0,0,0,0,0,0,0,0,0
280709,1,1,2000,25,0,0,0,17,0,0,0,20,0
280710,1,1,2000,0,0,0,0,0,0,0,0,0,0
280711,1,1,2000,0,0,0,0,0,0,0,0,0,0
280711,2,1,2000,0,0,0,0,0,0,0,0,0,0
280712,1,1,2000,27,27,27,27,27,27,27,27,27,27
280713,0,1,2000,0,0,0,14,0,0,0,4,0,0
280713,1,1,2000,0,0,0,0,0,0,0,0,0,0
280714,1,1,2000,8,26,14,0,15,22,10,6,0,16
280714,2,1,2000,0,0,0,0,0,6,0,0,0,0
280714,3,1,2000,19,16,0,22,9,30,7,27,6,22
280715,1,1,2000,31,31,31,31,31,31,31,31,31,31
280716,1,1,2000,14,14,14,14,14,14,14,14,14,14
280717,1,1,2000,5,0,0,0,0,0,0,0,0,0
280717,2,1,2000,6,0,0,0,0,0,0,0,17,0
280718,1,1,2000,0,0,0,0,0,0,0,0,0,11
280718,2,1,2000,0,0,0,0,0,0,0,0,0,0
280719,1,1,2000,0,0,18,0,0,21,0,0,0,12
280720,1,1,2000,23,23,23,23,23,23,23,23,23,23
280721,1,1,2000,27,27,27,27,27,27,27,27,27,27
280722,1,1,2000,0,0,0,0,0,0,0,0,0,0
280722,2,1,2000,0,0,0,0,0,0,0,0,0,0
280723,1,1,2000,0,0,0,0,0,0,0,0,0,0
280723,2,1,2000,0,0,0,0,0,0,0,0,0,0
280724,1,1,2000,18,18,18,18,18,18,18,18,18,18
280725,1,1,2000,0,22,17,10,19,14,0,24,13,30
280726,1,1,2000,0,0,0,0,0,0,0,0,0,0
280727,1,1,2000,0,0,0,0,0,0,0,0,0,0
280728,1,1,2000,0,0,0,0,0,0,0,0,0,0
280729,0,1,2000,23,0,0,0,0,0,0,0,0,30
280729,1,1,2000,0,0,0,0,0,0,0,0,0,0
280730,1,1,2000,0,0,0,0,0,0,0,0,0,0
280730,2,1,2000,0,0,0,0,0,0,0,0,0,0
280730,3,1,2000,0,0,0,0,0,0,0,0,0,0
280730,4,1,2000,0,0,0,0,0,0,0,0,0,0
280730,5,1,2000,0,0,0,0,0,0,0,0,0,0
280731,1,1,2000,0,0,0,0,0,0,0,0,0,0
280731,2,1,2000,0,0,0,0,0,0,0,0,0,0
280732,1,1,2000,25,25,25,25,25,25,25,25,25,25
280733,1,1,2000,25,25,25,25,25,25,25,25,25,25
280734,0,1,2000,33,0,12,0,0,34,59,0,28,0
280734,1,1,2000,0,0,4,0,0,0,0,0,0,0
280735,1,1,2000,15,0,0,0,12,0,0,0,0,7
280735,2,1,2000,1,1,1,1,1,1,1,1,1,1
280736,1,1,2000,34,34,34,34,34,34,34,34,34,34
280737,1,1,2000,0,0,0,0,0,0,0,0,0,0
280738,1,1,2000,24,17,21,26,32,16,0,17,5,22
280739,1,1,2000,17,0,0,0,20,4,0,7,33,0
280739,2,1,2000,0,0,0,0,0,0,0,0,0,0
280740,0,1,2000,30,30,30,30,30,30,30,30,30,30
280740,1,1,2000,0,0,0,0,0,0,0,0,0,0
280741,1,1,2000,2,2,2,2,2,2,2,2,2,2
280741,2,1,2000,0,0,0,17,0,0,0,0,0,0
280742,1,1,2000,0,0,0,0,0,0,0,0,0,0
280742,2,1,2000,0,0,0,0,0,0,0,0,0,0
280743,0,1,2000,0,0,0,0,0,0,0,0,0,0
280743,1,1,2000,0,0,0,0,0,0,0,0,0,0
280744,1,1,2000,0,0,0,0,0,0,0,0,0,0
280745,1,1,2000,0,0,0,0,0,0,0,0,0,0
280745,2,1,2000,0,0,0,0,0,0,0,0,0,0
280746,1,1,2000,12,12,12,12,12,12,12,12,12,12
280747,1,1,2000,20,20,20,20,20,20,20,20,20,20
280747,2,1,2000,0,0,0,0,0,0,0,0,0,0
280748,1,1,2000,0,0,0,0,0,0,0,0,0,0
280748,2,1,2000,0,0,0,0,0,0,0,0,0,0
280748,3,1,2000,0,0,0,0,0,0,0,0,0,0
280749,1,1,2000,0,0,0,0,0,0,0,0,0,0
280750,1,1,2000,0,0,0,0,0,0,0,0,0,0
280750,2,1,2000,0,0,0,0,0,0,0,0,0,0
280751,1,1,2000,0,0,0,0,0,0,0,0,0,0
280751,2,1,2000,0,0,0,0,0,0,0,0,0,0
280751,3,1,2000,0,0,0,0,0,0,0,0,0,0
280752,1,1,2000,0,0,0,0,0,0,0,0,0,0
280752,2,1,2000,0,0,0,0,0,0,8,0,0,0
280753,1,1,2000,0,0,0,0,0,0,0,0,0,0
280754,1,1,2000,0,0,0,0,0,0,0,0,0,0
280755,1,1,2000,0,0,0,0,0,0,0,0,0,0
280756,1,1,2000,0,0,0,0,0,0,0,0,0,0
280757,1,1,2000,0,0,0,0,0,0,0,0,0,0
280757,2,1,2000,0,0,0,0,0,0,0,0,0,0
280758,1,1,2000,0,0,0,0,0,0,0,0,0,0
280758,2,1,2000,0,0,0,0,0,0,0,0,0,0
280759,1,1,2000,27,27,27,27,27,27,27,27,27,27
280759,2,1,2000,0,0,0,0,0,0,0,0,0,0
280760,1,1,2000,0,0,0,0,0,0,0,0,0,0
280760,2,1,2000,0,0,0,0,0,0,0,0,0,0
280761,1,1,2000,5,0,0,29,0,0,0,0,0,11
280761,2,1,2000,0,11,0,25,19,18,18,12,0,0
280762,1,1,2000,0,0,0,0,0,0,0,0,0,0
280763,1,1,2000,8,0,23,0,35,0,0,0,0,0
280764,1,1,2000,0,0,0,0,0,0,0,0,0,0
280764,2,1,2000,31,31,31,31,31,31,31,31,31,31
280765,1,1,2000,0,0,0,0,0,0,0,0,0,0
280765,2,1,2000,0,0,0,0,0,0,0,0,0,0
280766,1,1,2000,0,0,0,18,0,0,36,18,0,15
280767,1,1,2000,0,0,0,0,0,0,0,0,0,0
280768,1,1,2000,8,8,8,8,8,8,8,8,8,8
280768,2,1,2000,12,12,12,12,12,12,12,12,12,12
280769,1,1,2000,16,16,16,16,16,16,16,16,16,16
280769,2,1,2000,15,15,15,15,15,15,15,15,15,15
280770,1,1,2000,0,0,0,0,0,0,0,0,0,0
280771,1,1,2000,8,8,8,8,8,8,8,8,8,8
280772,1,1,2000,0,0,0,0,0,0,0,0,0,0
280773,1,1,2000,0,0,0,0,0,0,0,0,0,0
280773,2,1,2000,0,0,0,0,0,0,0,0,0,0
280774,0,1,2000,26,26,26,26,26,26,26,26,26,26
280774,1,1,2000,0,0,0,0,0,0,0,0,0,0
280775,1,1,2000,0,0,0,0,0,0,0,0,0,0
280775,2,1,2000,0,0,0,0,0,0,0,0,0,0
280776,1,1,2000,0,0,0,0,0,0,0,0,0,0
280776,2,1,2000,0,0,0,0,0,0,0,0,0,0
280777,1,1,2000,0,0,0,0,0,0,0,0,0,0
280777,2,1,2000,0,0,0,0,0,0,0,0,0,0
280778,1,1,2000,20,35,22,23,0,16,16,0,0,16
280779,1,1,2000,0,0,17,24,0,16,9,0,21,0
280780,1,1,2000,0,0,0,0,0,0,0,0,0,0
280781,1,1,2000,21,0,0,0,0,0,3,0,0,0
280781,2,1,2000,23,22,2,0,0,0,0,0,0,0
280782,1,1,2000,13,0,0,0,0,16,24,0,0,0
280783,1,1,2000,0,0,0,0,0,0,0,0,0,0
280783,2,1,2000,0,0,0,0,0,0,0,0,0,0
280784,1,1,2000,16,16,16,16,16,16,16,16,16,16
280785,1,1,2000,0,0,0,0,0,0,0,0,0,0
280785,2,1,2000,0,0,0,0,0,0,0,0,0,0
280786,1,1,2000,0,0,0,22,0,16,0,18,0,0
280787,1,1,2000,15,0,10,0,0,4,6,0,0,0
280788,1,1,2000,13,13,10,0,21,18,28,0,19,11
280789,0,1,2000,0,0,0,0,0,0,0,0,0,0
280789,1,1,2000,0,0,0,0,0,0,0,0,0,0
280790,1,1,2000,0,0,0,0,0,0,0,0,0,0
280791,1,1,2000,20,20,20,20,20,20,20,20,20,20
280792,1,1,2000,0,0,0,0,0,0,0,0,0,0
280793,1,1,2000,17,22,16,0,12,11,5,24,24,19
280794,0,1,2000,0,0,0,16,45,0,0,39,0,0
280794,1,1,2000,0,0,0,0,0,0,0,0,0,0
280795,1,1,2000,0,0,0,0,0,0,0,0,0,0
280796,0,1,2000,19,0,19,0,0,0,35,36,0,0
280796,1,1,2000,17,0,0,0,0,0,0,0,0,0
280797,1,1,2000,0,0,0,0,0,0,0,0,0,0
280797,2,1,2000,2,0,0,0,0,0,0,0,0,0
280798,0,1,2000,0,36,0,8,18,37,0,24,35,7
280798,1,1,2000,0,15,0,0,0,15,0,0,0,0
280799,1,1,2000,17,0,29,14,22,19,21,16,28,28
280800,1,1,2000,0,0,0,0,0,0,0,0,0,0
280801,1,1,2000,10,10,10,10,10,10,10,10,10,10
280801,2,1,2000,6,6,6,6,6,6,6,6,6,6
280802,1,1,2000,7,0,0,0,15,0,6,0,0,0
280802,2,1,2000,0,0,0,0,0,0,0,0,0,0
280803,1,1,2000,0,7,0,0,0,0,0,0,0,0
280803,2,1,2000,0,0,0,0,0,0,0,0,0,0
280804,1,1,2000,0,0,0,0,0,7,0,0,0,0
280804,2,1,2000,0,0,0,0,0,0,0,11,0,0
280804,3,1,2000,0,0,0,0,0,0,0,12,5,20
280805,1,1,2000,0,0,0,0,0,0,0,0,0,0
280806,1,1,2000,17,18,43,0,6,0,14,0,0,5
280807,1,1,2000,15,15,15,15,15,15,15,15,15,15
280808,1,1,2000,20,11,11,18,21,0,39,0,0,26
280809,1,1,2000,0,0,0,0,0,0,0,9,0,0
280809,2,1,2000,0,0,0,0,0,0,0,0,0,0
280810,0,1,2000,0,0,14,0,32,0,0,0,0,0
280810,1,1,2000,23,0,0,0,0,0,0,0,0,0
280811,1,1,2000,25,0,0,5,0,12,17,19,0,4
280812,1,1,2000,0,18,0,0,17,0,0,0,0,0
280812,2,1,2000,0,0,0,0,0,0,0,0,0,0
280813,1,1,2000,0,0,12,9,0,0,0,13,3,8
280813,2,1,2000,10,15,17,0,16,0,0,0,0,0
280814,1,1,2000,16,16,16,16,16,16,16,16,16,16
280815,0,1,2000,0,0,0,0,0,0,0,0,0,0
280815,1,1,2000,0,0,6,0,0,0,0,11,0,18
280816,1,1,2000,0,0,0,0,0,0,0,0,0,0
280816,2,1,2000,0,0,0,17,0,0,0,0,0,0
280816,3,1,2000,0,11,0,0,0,18,0,0,14,0
280817,1,1,2000,0,0,0,0,0,0,7,16,0,0
280817,2,1,2000,0,0,6,0,0,0,0,0,0,0
280818,1,1,2000,15,14,14,19,22,14,28,19,20,11
280819,1,1,2000,0,0,0,0,0,0,0,0,0,0
280820,1,1,2000,15,15,15,15,15,15,15,15,15,15
280821,1,1,2000,19,19,19,19,19,19,19,19,19,19
280822,1,1,2000,0,0,0,0,0,0,0,0,0,0
280822,2,1,2000,0,0,0,0,0,0,0,0,0,0
280822,3,1,2000,0,0,0,0,0,0,0,0,0,0
280822,4,1,2000,20,0,0,0,0,5,0,0,0,0
280822,5,1,2000,0,0,0,0,0,0,0,0,0,0
280823,1,1,2000,0,0,0,0,0,0,0,5,9,17
280823,2,1,2000,0,0,0,11,0,15,0,27,0,22
280824,1,1,2000,0,0,0,0,0,0,0,0,0,0
280824,2,1,2000,19,0,0,0,4,0,0,13,9,28
280825,1,1,2000,0,0,19,0,5,0,14,0,9,0
280826,1,1,2000,0,0,19,0,0,0,13,0,0,0
280827,1,1,2000,19,22,0,0,0,0,0,0,22,0
280828,1,1,2000,0,0,0,0,0,0,0,0,0,0
280828,2,1,2000,0,4,0,0,0,9,0,0,13,0
280829,1,1,2000,0,5,0,0,0,0,0,0,0,0
280829,2,1,2000,0,20,0,0,0,0,0,26,0,0
280830,1,1,2000,0,0,14,0,0,0,0,0,0,0
280831,1,1,2000,0,0,0,0,0,0,0,0,0,0
280831,2,1,2000,0,0,0,0,0,0,0,0,0,0
280832,1,1,2000,0,0,8,15,0,0,0,0,0,16
280832,2,1,2000,9,0,0,0,0,0,15,12,0,0
280833,1,1,2000,0,4,0,8,0,0,0,0,0,0
280834,1,1,2000,0,0,7,0,6,21,0,0,0,0
280834,2,1,2000,0,0,0,0,0,0,0,15,0,0
280835,1,1,2000,0,0,0,0,0,0,0,0,0,0
280836,1,1,2000,16,16,16,16,16,16,16,16,16,16
280836,2,1,2000,14,14,14,14,14,14,14,14,14,14
280837,1,1,2000,14,14,14,14,14,14,14,14,14,14
280839,1,1,2000,0,0,0,0,0,0,0,0,0,0
280839,2,1,2000,0,0,0,0,0,0,0,0,0,0
280840,1,1,2000,0,0,0,0,0,0,0,0,0,0
280841,1,1,2000,0,0,0,0,0,0,0,0,0,0
280841,2,1,2000,0,0,0,0,0,0,0,0,0,0
280842,1,1,2000,12,0,0,0,0,0,0,0,0,0
280843,0,1,2000,0,0,0,0,0,0,0,0,0,0
280843,1,1,2000,0,0,0,0,0,0,0,0,0,0
280844,1,1,2000,10,10,10,10,10,10,10,10,10,10
280845,1,1,2000,0,18,0,0,0,0,0,0,0,0
280845,2,1,2000,0,0,0,0,0,0,0,0,0,0
280846,1,1,2000,0,0,0,0,0,0,0,0,0,0
280846,2,1,2000,0,0,0,0,0,0,0,0,0,0
280847,1,1,2000,4,0,0,21,11,10,0,9,22,0
290001,1,1,2000,11,11,11,11,11,11,11,11,11,11
290002,1,1,2000,27,27,27,27,27,27,27,27,27,27
290003,1,1,2000,0,0,0,0,0,0,14,0,10,17
290004,1,1,2000,0,0,0,0,0,0,0,0,0,0
290004,2,1,2000,0,0,0,0,0,0,0,0,0,0
290005,1,1,2000,0,0,0,0,0,0,0,0,0,0
290006,1,1,2000,0,0,0,0,16,0,0,0,0,0
290007,1,1,2000,28,23,17,15,53,17,8,10,20,10
290008,1,1,2000,0,0,0,0,0,0,0,0,0,0
290009,1,1,2000,19,19,19,19,19,19,19,19,19,19