ST_CASE,VEH_NO,PER_NO,YEAR,P1,P2,P3,P4,P5,P6,P7,P8,P9,P10
290010,0,1,2000,0,0,0,0,0,0,0,0,0,0
290010,1,1,2000,0,0,0,0,14,0,0,0,0,0
290011,1,1,2000,0,14,0,0,17,15,20,10,6,19
290012,1,1,2000,0,0,0,0,0,0,0,0,0,0
290013,1,1,2000,0,0,0,0,0,0,17,0,0,0
290013,2,1,2000,0,0,0,0,0,0,0,0,0,9
290014,1,1,2000,0,0,0,0,0,0,0,0,0,0
290014,2,1,2000,0,0,0,0,0,0,0,0,0,0
290015,1,1,2000,0,0,0,0,0,0,0,0,0,0
290016,1,1,2000,0,13,0,0,30,0,0,0,0,0
290016,2,1,2000,0,0,0,0,0,0,0,8,0,0
290017,1,1,2000,8,8,8,8,8,8,8,8,8,8
290018,0,1,2000,9,9,9,9,9,9,9,9,9,9
290018,1,1,2000,0,0,0,0,0,0,0,0,0,0
290018,2,1,2000,0,0,0,0,0,0,0,0,0,0
290019,1,1,2000,0,0,0,0,0,0,6,0,0,0
290019,2,1,2000,0,0,0,0,0,0,0,0,0,0
290020,1,1,2000,0,0,0,0,0,0,0,0,0,0
290020,2,1,2000,0,0,0,0,0,0,0,0,16,7
290021,1,1,2000,0,0,0,0,0,0,0,0,0,0
290021,2,1,2000,0,0,0,0,0,0,0,0,0,0
290022,0,1,2000,0,0,0,0,0,0,0,0,0,0
290022,1,1,2000,23,0,10,0,0,0,0,0,13,0
290023,1,1,2000,4,12,0,0,9,3,0,16,0,0
290023,2,1,2000,0,0,0,0,0,0,0,0,0,0
290024,1,1,2000,21,0,0,0,0,0,0,0,0,0
290024,2,1,2000,0,0,0,0,0,0,0,0,0,0
290025,1,1,2000,19,19,19,19,19,19,19,19,19,19
290026,0,1,2000,0,0,0,0,0,0,0,0,0,0
290026,1,1,2000,0,0,0,0,0,0,0,0,0,0
290027,1,1,2000,10,10,10,10,10,10,10,10,10,10
290027,2,1,2000,0,0,0,0,0,0,0,0,5,0
290027,3,1,2000,0,6,0,0,3,0,0,0,0,10
290028,1,1,2000,7,0,0,0,0,0,0,0,0,0
290028,2,1,2000,0,0,0,8,0,0,0,0,0,0
290028,3,1,2000,0,0,0,0,0,0,0,0,0,0
290029,1,1,2000,28,28,28,28,28,28,28,28,28,28
290029,2,1,2000,0,0,0,0,10,7,0,0,0,0
290030,1,1,2000,24,24,24,24,24,24,24,24,24,24
290030,2,1,2000,0,0,0,0,0,0,0,0,0,0
290031,1,1,2000,0,0,0,0,0,0,0,0,0,0
290032,1,1,2000,0,0,0,0,0,0,0,0,0,0
290033,1,1,2000,17,0,0,11,0,0,23,0,0,0
290033,2,1,2000,29,0,0,0,0,0,0,0,0,11
290034,1,1,2000,25,25,25,25,25,25,25,25,25,25
290035,0,2,2000,0,0,0,0,0,0,0,0,0,0
290035,1,1,2000,0,0,0,0,0,0,0,0,5,0
290036,1,1,2000,0,0,0,0,0,0,0,0,0,0
290037,1,1,2000,18,23,8,29,23,36,22,25,21,20
290038,1,1,2000,0,8,0,0,11,14,0,7,4,0
290039,1,1,2000,18,18,18,18,18,18,18,18,18,18
290040,1,1,2000,20,17,30,18,21,21,6,14,24,0
290041,1,1,2000,0,0,0,0,0,0,0,0,0,0
290042,1,1,2000,5,0,0,22,0,0,0,0,0,0
290043,1,1,2000,0,0,0,0,0,0,0,0,0,0
290043,2,1,2000,0,0,0,0,0,0,0,0,0,0
290043,3,1,2000,0,0,0,0,0,0,0,0,0,0
290044,1,1,2000,0,0,0,0,0,0,0,0,0,0
290044,2,1,2000,0,0,0,0,0,0,0,0,0,0
290045,1,1,2000,0,0,0,0,0,0,0,0,0,0
290046,1,1,2000,11,11,11,11,11,11,11,11,11,11
290047,1,1,2000,20,0,0,0,0,0,0,0,0,0
290047,2,1,2000,0,0,0,0,0,0,0,0,0,0
290047,3,1,2000,0,0,0,0,0,0,0,20,0,0
290047,4,1,2000,0,0,0,0,9,0,0,0,0,0
290048,0,1,2000,0,0,0,0,0,0,0,0,0,0
290048,1,1,2000,0,0,0,0,0,0,0,0,0,0
290048,2,1,2000,0,0,0,3,18,11,0,0,11,0
290048,3,1,2000,0,0,0,0,0,0,0,0,0,0
290049,1,1,2000,19,19,19,19,19,19,19,19,19,19
290050,1,1,2000,0,0,0,0,0,0,0,0,0,0
290051,1,1,2000,0,0,0,0,0,0,0,0,16,0
290052,1,1,2000,0,0,0,0,0,0,0,0,0,0
290052,2,1,2000,0,0,0,0,3,0,0,0,0,0
290053,1,1,2000,13,13,13,13,13,13,13,13,13,13
290054,1,1,2000,0,23,0,0,0,0,0,0,0,0
290054,2,1,2000,0,0,0,0,0,0,0,0,0,0
290055,1,1,2000,8,8,8,8,8,8,8,8,8,8
290056,1,1,2000,0,0,0,0,0,0,0,0,0,0
290056,2,1,2000,0,0,0,0,0,0,0,0,0,0
290057,1,1,2000,0,0,0,0,0,0,0,0,0,0
290058,1,1,2000,21,34,18,25,22,27,16,19,0,24
290059,1,1,2000,0,0,0,0,0,0,0,0,0,0
290059,2,1,2000,0,0,0,0,0,0,0,0,0,0
290060,1,1,2000,0,15,8,0,0,0,5,0,0,0
290061,1,1,2000,13,7,0,16,24,3,0,15,28,0
290061,2,1,2000,6,0,17,25,0,0,0,12,0,0
290061,3,1,2000,13,0,9,0,19,19,0,0,0,0
290062,0,1,2000,0,0,0,0,0,0,0,0,0,0
290062,1,1,2000,0,7,20,0,0,0,0,14,0,23
290063,1,1,2000,13,13,13,13,13,13,13,13,13,13
290064,1,1,2000,9,9,9,9,9,9,9,9,9,9
290065,1,1,2000,0,0,0,0,0,0,0,0,0,0
290065,2,1,2000,0,0,0,0,0,0,0,0,0,0
290065,3,1,2000,0,0,0,0,0,0,0,0,0,0
290066,1,1,2000,0,0,0,0,0,0,0,0,0,0
290066,2,1,2000,13,18,6,22,0,5,0,19,0,0
290067,0,1,2000,10,10,10,10,10,10,10,10,10,10
290067,1,1,2000,0,15,8,0,29,27,0,23,0,18
290067,2,1,2000,12,0,8,0,0,0,16,0,0,0
290068,1,1,2000,0,0,0,0,0,0,0,0,0,0
290069,1,1,2000,0,0,0,0,0,0,0,0,0,0
290069,2,1,2000,0,0,0,0,0,0,0,0,0,0
290069,3,1,2000,0,0,0,0,0,0,9,0,0,0
290069,4,1,2000,0,0,0,0,0,0,0,0,0,0
290069,5,1,2000,0,0,0,0,0,0,0,0,0,0
290069,6,1,2000,0,0,0,0,0,0,0,0,0,0
290069,7,1,2000,0,0,0,0,0,0,0,0,0,0
290069,8,1,2000,0,0,8,0,0,0,0,0,0,0
290069,9,1,2000,0,0,0,0,0,0,0,0,0,0
290069,10,1,2000,0,0,0,0,0,0,0,0,0,0
290069,11,1,2000,0,0,0,0,0,0,0,0,0,0
290069,12,1,2000,0,0,0,0,0,0,0,0,0,0
290069,13,1,2000,0,0,0,0,5,0,0,0,0,15
290069,14,1,2000,0,0,0,0,0,0,0,0,0,0
290069,15,1,2000,0,0,0,26,0,0,0,0,0,0
290069,16,1,2000,0,0,0,0,0,0,0,0,0,0
290069,17,1,2000,0,0,0,0,0,0,0,0,0,0
290069,18,1,2000,0,3,0,0,0,23,0,0,0,0
290069,19,1,2000,0,0,0,0,0,0,0,0,0,0
290069,20,1,2000,0,0,0,0,0,0,0,0,0,0
290069,21,1,2000,0,0,0,0,0,0,0,9,0,0
290069,22,1,2000,0,0,0,0,0,0,0,0,0,0
290069,23,1,2000,0,0,0,0,3,0,0,0,0,0
290069,24,1,2000,0,0,0,0,0,0,0,0,0,0
290069,25,1,2000,0,0,0,0,0,13,0,0,0,0
290069,26,1,2000,0,0,0,0,0,0,0,0,14,17
290069,27,1,2000,0,0,0,0,36,0,0,0,0,0
290069,28,1,2000,0,0,0,0,0,0,0,0,0,0
290069,29,1,2000,0,12,0,0,0,0,0,0,0,0
290069,30,1,2000,0,0,0,0,15,0,0,0,0,0
290069,31,1,2000,0,0,31,0,14,0,31,0,0,0
290069,32,1,2000,0,0,0,0,0,0,0,0,0,0
290070,1,1,2000,0,15,0,0,0,0,20,13,0,0
290071,1,1,2000,0,0,0,21,0,0,0,30,0,0
290071,2,1,2000,0,0,0,0,0,0,0,0,0,0
290072,1,1,2000,0,0,0,0,0,0,0,0,0,0
290072,2,1,2000,0,0,0,0,0,0,0,0,0,0
290072,3,1,2000,0,0,0,0,0,0,0,0,0,0
290073,1,1,2000,0,0,0,0,0,0,0,0,0,0
290073,2,1,2000,0,0,0,0,0,0,0,0,0,0
290074,1,1,2000,0,0,0,0,0,0,0,0,0,0
290075,1,1,2000,0,0,0,0,0,0,0,0,0,0
290076,1,1,2000,30,30,30,30,30,30,30,30,30,30
290077,1,1,2000,0,0,0,0,0,0,0,0,0,0
290078,1,1,2000,0,0,0,0,0,0,0,0,0,0
290078,2,1,2000,0,0,0,0,0,0,0,0,0,0
290079,1,1,2000,0,0,0,0,0,0,0,0,0,0
290080,0,1,2000,0,0,0,0,0,0,0,0,0,0
290080,1,1,2000,0,0,22,0,0,0,0,0,9,0
290081,1,1,2000,0,0,0,0,0,0,0,0,0,0
290082,1,1,2000,0,0,0,0,0,0,0,0,0,0
290082,2,1,2000,0,0,0,0,0,0,0,0,0,0
290083,0,1,2000,0,0,0,0,0,0,0,0,0,0
290083,1,1,2000,2,20,0,0,0,0,0,0,0,0
290084,1,1,2000,0,0,0,0,0,0,0,0,0,0
290085,1,1,2000,29,29,29,29,29,29,29,29,29,29
290086,1,1,2000,0,0,0,25,0,0,9,0,0,0
290086,2,1,2000,0,0,0,0,0,0,0,0,0,0
290087,1,1,2000,23,23,23,23,23,23,23,23,23,23
290088,1,1,2000,19,19,19,19,19,19,19,19,19,19
290089,1,1,2000,0,0,0,0,0,0,0,0,0,0
290089,2,1,2000,0,0,0,0,0,0,0,0,0,0
290090,1,1,2000,19,19,19,19,19,19,19,19,19,19
290090,2,1,2000,15,20,0,0,22,16,0,12,0,15
290090,3,1,2000,0,0,0,0,0,0,0,0,0,0
290091,1,1,2000,0,0,0,0,0,0,0,0,0,0
290092,1,1,2000,0,0,0,0,0,0,0,0,0,0
290093,1,1,2000,0,0,0,0,0,0,0,0,0,0
290094,1,1,2000,39,39,39,39,39,39,39,39,39,39
290095,1,1,2000,0,0,0,0,0,0,0,12,0,0
290096,1,1,2000,27,0,0,0,0,0,0,0,0,0
290096,2,1,2000,0,0,0,0,0,0,0,0,0,0
290097,1,1,2000,0,0,0,0,0,0,0,0,0,0
290097,2,1,2000,0,0,0,0,0,0,28,0,0,0
290098,1,1,2000,22,22,22,22,22,22,22,22,22,22
290099,1,1,2000,22,27,15,15,18,9,9,20,26,24
290100,1,1,2000,20,20,20,20,20,20,20,20,20,20
290101,1,1,2000,30,14,0,0,8,17,17,23,0,21
290102,1,1,2000,0,13,16,0,6,14,5,3,17,10
290102,2,1,2000,13,13,13,13,13,13,13,13,13,13
290102,3,1,2000,1,1,1,1,1,1,1,1,1,1
290102,4,1,2000,0,7,11,0,0,0,0,0,5,0
290103,1,1,2000,12,12,12,12,12,12,12,12,12,12
290104,1,1,2000,0,0,0,0,0,0,0,0,0,0
290105,1,1,2000,0,0,0,0,0,0,0,0,0,0
290105,2,1,2000,0,0,0,0,0,19,0,0,0,9
290106,1,1,2000,0,0,0,0,0,0,0,0,0,0
290106,2,1,2000,0,0,0,0,0,0,0,0,0,0
290107,1,1,2000,0,9,0,0,0,0,0,0,21,9
290108,1,1,2000,11,11,11,11,11,11,11,11,11,11
290109,1,1,2000,0,0,0,0,0,0,0,0,0,0
290109,2,1,2000,0,0,0,0,0,0,0,0,0,0
290110,1,1,2000,18,18,18,18,18,18,18,18,18,18
290110,2,1,2000,35,14,15,20,20,17,24,36,25,17
290111,1,1,2000,0,0,0,0,0,0,0,0,0,0
290111,2,1,2000,6,6,6,6,6,6,6,6,6,6
290112,1,1,2000,18,18,18,18,18,18,18,18,18,18
290113,1,1,2000,0,0,0,0,0,0,0,0,0,0
290114,1,1,2000,0,0,0,0,0,0,0,0,0,0
290114,2,1,2000,0,0,0,0,0,0,0,0,0,0
290115,0,1,2000,0,0,0,0,0,0,0,0,0,0
290115,1,1,2000,0,0,0,0,0,0,0,0,0,0
290116,1,1,2000,13,13,13,13,13,13,13,13,13,13
290117,1,1,2000,0,0,0,0,0,0,0,0,13,0
290118,1,1,2000,0,0,0,11,36,0,0,14,0,0
290119,1,1,2000,26,26,26,26,26,26,26,26,26,26
290120,1,1,2000,21,21,21,21,21,21,21,21,21,21
290121,1,1,2000,0,0,25,0,0,0,0,0,23,0
290121,2,1,2000,0,0,0,0,0,0,0,0,0,0
290122,1,1,2000,30,30,30,30,30,30,30,30,30,30
290122,2,1,2000,0,0,0,0,0,0,0,0,0,0
290123,1,1,2000,0,0,0,0,0,0,16,0,0,0
290123,2,1,2000,0,0,0,0,0,0,0,0,0,0
290124,1,1,2000,0,0,13,0,0,0,0,0,9,0
290124,2,1,2000,0,0,0,0,0,0,0,0,0,0
290125,1,1,2000,0,0,0,0,0,0,0,0,0,0
290126,0,1,2000,24,24,24,24,24,24,24,24,24,24
290127,1,1,2000,0,0,0,0,0,0,0,0,0,0
290128,1,1,2000,0,0,0,0,0,0,0,0,0,0
290129,1,1,2000,28,28,28,28,28,28,28,28,28,28
290130,1,1,2000,0,0,0,0,0,0,0,0,0,0
290131,1,1,2000,0,0,0,0,0,0,0,0,0,0
290131,2,1,2000,0,0,0,0,0,0,0,0,0,14
290132,1,1,2000,0,0,0,0,0,0,0,0,0,0
290132,2,1,2000,0,0,0,0,0,0,0,0,0,0
290132,3,1,2000,0,0,0,0,0,0,0,0,0,0
290132,4,1,2000,0,0,0,0,0,0,0,0,0,0
290133,1,1,2000,0,0,0,0,0,0,0,0,0,0
290134,1,1,2000,23,23,23,23,23,23,23,23,23,23
290135,1,1,2000,11,11,11,11,11,11,11,11,11,11
290135,2,1,2000,0,0,0,6,0,0,0,7,0,16
290136,1,1,2000,0,0,0,0,0,0,0,0,0,0
290136,2,1,2000,0,0,0,0,0,0,0,0,0,0
290137,1,1,2000,19,19,19,19,19,19,19,19,19,19
290138,1,1,2000,12,12,12,12,12,12,12,12,12,12
290139,1,1,2000,0,0,0,0,0,0,0,0,0,0
290140,1,1,2000,0,0,25,0,0,0,0,0,0,19
290140,2,1,2000,0,0,0,0,0,19,0,0,0,12
290141,0,1,2000,14,14,14,14,14,14,14,14,14,14
290141,1,1,2000,0,0,0,0,5,0,0,0,0,0
290142,1,1,2000,1,1,1,1,1,1,1,1,1,1
290142,2,1,2000,0,0,0,0,0,0,20,0,0,0
290143,1,1,2000,10,10,10,10,10,10,10,10,10,10
290144,1,1,2000,27,19,29,0,32,15,19,24,0,26
290145,0,1,2000,0,0,0,0,0,0,0,0,0,0
290145,1,1,2000,0,18,0,0,0,0,0,0,0,0
290146,1,1,2000,15,15,15,15,15,15,15,15,15,15
290147,0,1,2000,30,30,30,30,30,30,30,30,30,30
290147,1,1,2000,0,0,0,0,0,0,0,0,0,0
290148,1,1,2000,0,0,0,0,0,0,0,0,0,0
290148,2,1,2000,0,0,0,0,0,0,0,0,0,0
290149,1,1,2000,0,0,0,0,0,0,0,0,0,0
290149,2,1,2000,0,0,0,0,0,0,0,0,0,0
290150,0,1,2000,32,32,32,32,32,32,32,32,32,32
290150,1,1,2000,0,0,0,0,0,0,0,0,0,15
290151,1,1,2000,0,17,16,19,22,35,16,19,21,18
290152,1,1,2000,0,0,0,0,0,0,0,0,0,0
290152,2,1,2000,0,0,0,0,6,0,0,0,0,0
290153,1,1,2000,0,0,0,0,0,0,0,16,7,20
290154,1,1,2000,22,22,22,22,22,22,22,22,22,22
290155,1,1,2000,0,0,0,0,0,0,0,0,0,0
290156,1,1,2000,0,0,0,0,0,0,0,0,0,0
290156,2,1,2000,0,0,0,0,7,0,0,0,11,4
290157,1,1,2000,16,0,0,0,26,6,19,0,0,0
290158,0,1,2000,0,0,0,0,0,0,0,0,0,0
290158,1,1,2000,0,0,0,0,0,0,0,0,0,0
290159,0,1,2000,17,17,17,17,17,17,17,17,17,17
290159,1,1,2000,0,0,0,0,0,0,0,0,0,0
290160,1,1,2000,3,48,18,41,20,28,20,19,9,20
290161,0,1,2000,0,0,0,0,0,0,0,0,0,0
290161,1,1,2000,0,0,0,0,0,0,0,0,0,0
290162,1,1,2000,0,0,0,0,0,0,0,0,0,0
290162,2,1,2000,0,0,0,0,0,20,0,26,0,0
290163,1,1,2000,0,0,0,0,0,0,0,0,0,0
290164,1,1,2000,0,0,0,0,0,0,0,0,0,0
290164,2,1,2000,0,0,0,0,0,0,0,0,0,0
290165,1,1,2000,31,31,31,31,31,31,31,31,31,31
290166,1,1,2000,25,25,25,25,25,25,25,25,25,25
290166,2,1,2000,0,0,0,0,0,19,0,0,0,12
290167,0,1,2000,20,20,20,20,20,20,20,20,20,20
290167,1,1,2000,0,14,0,0,0,0,0,0,0,25
290168,1,1,2000,0,27,0,23,0,0,0,0,7,23
290169,1,1,2000,11,19,19,15,8,0,32,0,29,12
290170,1,1,2000,0,0,0,0,0,9,0,0,0,0
290171,1,1,2000,0,0,0,0,0,0,0,0,0,0
290171,2,1,2000,0,0,0,0,0,0,0,0,0,0
290172,1,1,2000,0,0,0,0,0,0,3,0,0,0
290173,1,1,2000,0,0,5,0,0,0,0,0,0,15
290173,2,1,2000,0,0,0,0,0,0,0,0,0,0
290174,1,1,2000,22,22,22,22,22,22,22,22,22,22
290175,1,1,2000,0,0,0,0,0,0,0,0,0,0
290176,1,1,2000,0,0,0,0,0,0,0,0,0,0
290177,1,1,2000,14,14,14,14,14,14,14,14,14,14
290178,1,1,2000,16,16,16,16,16,16,16,16,16,16
290178,2,1,2000,0,0,0,0,0,0,0,0,0,0
290179,1,1,2000,14,14,14,14,14,14,14,14,14,14
290180,1,1,2000,33,33,33,33,33,33,33,33,33,33
290181,1,1,2000,9,9,9,9,9,9,9,9,9,9
290182,1,1,2000,0,0,0,0,0,11,0,0,0,0
290182,2,1,2000,0,0,0,0,0,0,0,0,0,0
290183,0,1,2000,0,0,0,0,0,0,0,0,0,0
290183,1,1,2000,0,0,0,0,0,0,0,0,0,0
290184,1,1,2000,15,15,15,15,15,15,15,15,15,15
290185,1,1,2000,11,11,11,11,11,11,11,11,11,11
290186,1,1,2000,0,0,0,0,0,0,0,0,0,0
290187,1,1,2000,0,0,0,0,0,0,0,0,0,0
290188,1,1,2000,0,0,0,0,0,0,0,0,0,0
290188,2,1,2000,0,0,0,0,0,0,0,0,0,0
290188,3,1,2000,0,0,0,0,0,0,0,0,0,0
290189,1,1,2000,0,0,0,0,0,0,0,0,12,11
290190,1,1,2000,0,0,0,0,0,0,0,0,0,0
290190,2,1,2000,0,0,5,0,0,0,0,0,0,0
290191,1,1,2000,15,10,7,0,0,0,15,0,0,0
290192,1,1,2000,0,0,0,0,17,0,0,0,0,0
290192,2,1,2000,0,0,0,0,0,0,0,0,0,0
290193,1,1,2000,25,25,25,25,25,25,25,25,25,25
290194,1,1,2000,15,15,15,15,15,15,15,15,15,15
290195,1,1,2000,0,10,0,0,19,5,0,0,12,19
290196,0,1,2000,15,0,0,0,10,0,33,12,0,0
290196,1,1,2000,0,0,0,18,16,0,0,0,0,17
290197,1,1,2000,12,12,12,12,12,12,12,12,12,12
290198,1,1,2000,21,21,21,21,21,21,21,21,21,21
290198,2,1,2000,0,0,0,0,0,0,0,0,0,0
290199,1,1,2000,0,0,0,0,0,0,0,0,0,0
290200,1,1,2000,0,0,0,0,0,0,0,0,0,0
290200,2,1,2000,0,0,0,0,0,0,0,0,0,0
290201,1,1,2000,9,9,9,9,9,9,9,9,9,9
290202,1,1,2000,0,0,0,0,0,0,0,0,0,0
290202,2,1,2000,0,0,0,0,0,0,0,0,0,0
290203,1,1,2000,0,0,12,14,0,24,0,0,0,0
290203,2,1,2000,0,0,0,0,0,0,0,0,0,0
290204,1,1,2000,12,0,0,0,9,0,0,0,0,0
290205,1,1,2000,0,0,0,0,0,0,0,0,0,0
290205,2,1,2000,13,13,13,13,13,13,13,13,13,13
290206,0,1,2000,0,0,0,0,0,3,0,0,0,13
290206,2,1,2000,0,0,0,0,0,0,0,0,0,0
290207,1,1,2000,3,3,3,3,3,3,3,3,3,3
290208,1,1,2000,15,15,15,15,15,15,15,15,15,15
290209,1,1,2000,0,0,0,0,0,0,0,0,18,0
290209,2,1,2000,0,0,0,0,0,0,0,0,0,0
290210,1,1,2000,0,0,0,0,0,0,0,0,0,0
290210,2,1,2000,0,0,0,0,0,0,0,0,0,0
290211,0,1,2000,0,0,0,0,0,0,0,0,0,0
290211,1,1,2000,19,0,0,12,18,17,15,16,22,34
290212,1,1,2000,21,21,21,21,21,21,21,21,21,21
290213,1,1,2000,18,18,18,18,18,18,18,18,18,18
290214,1,1,2000,20,20,20,20,20,20,20,20,20,20
290214,2,1,2000,0,0,0,0,0,0,0,0,0,0
290215,1,1,2000,0,0,0,0,0,0,0,0,0,0
290215,2,1,2000,0,0,0,0,0,0,0,0,0,0
290216,1,1,2000,0,0,0,0,0,0,0,0,0,0
290217,1,1,2000,0,0,0,0,0,0,0,0,0,0
290217,2,1,2000,0,0,0,0,0,0,0,0,0,0
290218,0,1,2000,0,0,0,0,0,0,0,0,0,0
290218,1,1,2000,28,25,12,15,0,11,0,25,13,15
290219,1,1,2000,13,20,25,17,29,18,14,19,9,8
290219,2,1,2000,21,21,21,21,21,21,21,21,21,21
290220,1,1,2000,10,10,10,10,10,10,10,10,10,10
290221,0,1,2000,0,0,14,15,0,0,0,0,0,0
290221,1,1,2000,0,0,0,0,18,0,16,0,0,0
290222,1,1,2000,12,0,0,0,0,0,0,14,0,0
290223,0,1,2000,15,19,15,32,24,21,23,34,50,38
290223,1,1,2000,0,0,0,6,0,0,16,0,0,0
290224,0,1,2000,15,15,15,15,15,15,15,15,15,15
290224,1,1,2000,0,0,0,0,0,0,0,0,0,0
290225,1,1,2000,15,21,10,7,15,31,17,0,0,0
290225,2,1,2000,0,0,0,0,0,0,0,0,0,0
290226,1,1,2000,0,0,0,0,0,0,0,0,0,0
290227,1,1,2000,0,20,33,0,6,18,0,5,17,0
290228,1,1,2000,0,12,0,9,13,17,15,28,12,15
290228,2,1,2000,25,25,25,25,25,25,25,25,25,25
290229,0,1,2000,0,0,0,0,0,0,0,0,0,0
290229,1,1,2000,0,0,0,10,0,0,0,0,0,0
290230,1,1,2000,0,16,0,23,0,0,0,0,0,0
290230,2,1,2000,29,0,19,5,0,0,0,0,0,0
290231,1,1,2000,0,0,0,0,0,0,0,0,0,0
290231,2,1,2000,0,26,0,0,22,0,15,14,18,11
290232,1,1,2000,0,20,0,17,16,27,13,26,12,12
290233,1,1,2000,0,0,0,0,0,0,0,0,0,0
290233,2,1,2000,0,0,12,0,0,0,0,0,0,0
290234,1,1,2000,0,0,0,0,0,0,0,0,0,0
290235,1,1,2000,0,0,0,0,0,0,0,0,0,0
290236,1,1,2000,0,0,0,0,0,0,0,0,0,0
290236,2,1,2000,29,29,29,29,29,29,29,29,29,29
290237,1,1,2000,5,5,5,5,5,5,5,5,5,5
290238,1,1,2000,0,10,0,7,14,0,0,0,0,0
290238,2,1,2000,0,14,10,0,0,0,11,12,0,0
290239,1,1,2000,0,12,0,0,0,0,0,0,0,0
290239,2,1,2000,36,0,0,0,16,0,0,14,0,13
290240,1,1,2000,0,7,0,0,0,0,0,6,0,9
290241,1,1,2000,10,10,10,10,10,10,10,10,10,10
290241,2,1,2000,0,0,0,0,0,0,0,0,0,0
290242,1,1,2000,12,12,12,12,12,12,12,12,12,12
290242,2,1,2000,7,0,0,0,0,0,26,0,0,0
290243,1,1,2000,0,0,0,0,0,0,0,0,0,0
290244,0,1,2000,0,0,0,0,0,0,0,0,0,0
290244,1,1,2000,0,0,0,0,0,9,0,0,22,0
290245,1,1,2000,30,20,13,19,29,25,9,14,25,27
290246,1,1,2000,0,12,0,0,0,0,0,0,0,0
290247,1,1,2000,0,21,0,0,0,0,0,0,0,0
290248,1,1,2000,10,0,0,0,0,0,0,0,0,0
290248,2,1,2000,0,0,26,0,0,0,0,0,0,0
290249,1,1,2000,11,0,0,0,28,12,0,0,19,12
290250,1,1,2000,13,13,13,13,13,13,13,13,13,13
290251,1,1,2000,0,0,0,0,0,0,0,0,0,0
290251,2,1,2000,0,0,0,0,0,0,0,0,0,0
290252,1,1,2000,0,0,0,0,9,0,0,0,0,26
290253,1,1,2000,0,0,0,0,0,0,0,0,0,0
290254,1,1,2000,4,4,4,4,4,4,4,4,4,4
290255,1,1,2000,0,0,0,0,0,0,0,0,0,0
290256,1,1,2000,22,22,22,22,22,22,22,22,22,22
290257,1,1,2000,29,0,21,0,16,0,10,0,13,0
290258,1,1,2000,0,14,0,0,11,0,8,0,0,39
290259,1,1,2000,16,16,16,16,16,16,16,16,16,16
290259,2,1,2000,0,7,28,0,0,0,0,0,0,23
290260,1,1,2000,0,0,0,0,0,0,0,0,0,0
290261,1,1,2000,0,0,0,0,0,0,0,0,0,0
290261,2,1,2000,0,0,0,0,0,0,0,0,0,0
290262,1,1,2000,0,0,0,0,0,0,0,0,0,0
290262,2,1,2000,0,0,0,0,0,0,0,0,0,0
290263,1,1,2000,18,18,18,18,18,18,18,18,18,18
290264,1,1,2000,19,0,24,15,24,16,8,32,21,20
290265,1,1,2000,0,0,0,0,0,0,0,0,0,0
290265,2,1,2000,29,29,29,29,29,29,29,29,29,29
290266,1,1,2000,29,29,29,29,29,29,29,29,29,29
290267,1,1,2000,0,0,0,0,0,0,0,0,0,0
290267,2,1,2000,0,0,0,0,6,0,0,0,0,0
290268,1,1,2000,0,0,0,0,0,0,0,13,0,0
290269,1,1,2000,0,0,0,0,0,0,0,0,0,0
290269,2,1,2000,0,0,0,0,0,0,0,0,0,0
290270,1,1,2000,0,0,0,0,0,0,0,0,0,0
290270,2,1,2000,0,0,0,0,0,0,0,0,0,0
290270,3,1,2000,0,0,19,0,0,0,0,0,0,0
290271,1,1,2000,12,12,12,12,12,12,12,12,12,12
290272,1,1,2000,0,0,0,0,0,0,0,0,0,0
290273,1,1,2000,21,21,21,21,21,21,21,21,21,21
290273,2,1,2000,0,0,0,0,0,0,0,0,0,0
290274,1,1,2000,9,9,9,9,9,9,9,9,9,9
290275,1,1,2000,30,30,30,30,30,30,30,30,30,30
290276,1,1,2000,26,26,26,26,26,26,26,26,26,26
290277,1,1,2000,20,20,20,20,20,20,20,20,20,20
290278,1,1,2000,10,10,10,10,10,10,10,10,10,10
290279,1,1,2000,0,0,0,0,0,0,0,0,0,0
290279,2,1,2000,0,0,0,0,0,0,0,0,14,0
290279,3,1,2000,0,0,0,0,0,0,0,0,0,0
290280,1,1,2000,0,0,0,0,0,0,0,0,0,0
290280,2,1,2000,0,0,0,0,0,0,0,0,0,0
290281,1,1,2000,22,0,10,8,12,14,0,0,0,0
290281,2,1,2000,19,0,0,0,0,0,0,0,0,10
290282,1,1,2000,16,0,0,0,0,0,0,0,11,0
290283,1,1,2000,0,0,0,0,0,0,0,0,0,0
290283,2,1,2000,0,0,0,0,0,0,0,0,0,0
290284,1,1,2000,0,0,0,0,0,0,0,0,0,0
290284,2,1,2000,0,0,0,0,0,0,0,0,18,0
290285,0,1,2000,0,0,0,0,0,0,0,0,0,0