ST_CASE,VEH_NO,PER_NO,YEAR,P1,P2,P3,P4,P5,P6,P7,P8,P9,P10
290559,1,1,2000,0,29,13,0,10,0,0,12,21,26
290560,1,1,2000,0,0,0,0,0,0,17,0,0,0
290560,2,1,2000,0,6,0,0,0,0,0,0,0,0
290560,3,1,2000,19,0,0,0,0,0,0,5,0,0
290560,4,1,2000,0,0,0,0,8,0,12,0,0,0
290561,1,1,2000,0,0,0,0,0,0,0,0,0,0
290561,2,1,2000,0,0,0,0,0,0,0,0,0,0
290561,3,1,2000,0,0,18,0,0,0,0,0,0,0
290561,4,1,2000,0,0,0,0,0,0,0,0,0,0
290562,1,1,2000,0,12,0,0,0,0,0,0,0,0
290563,1,1,2000,0,0,0,0,0,0,0,0,0,0
290563,2,1,2000,0,0,0,0,0,0,0,3,0,0
290563,3,1,2000,0,0,0,0,0,6,0,0,0,0
290564,1,1,2000,16,16,16,16,16,16,16,16,16,16
290565,1,1,2000,0,0,0,0,0,0,0,0,0,0
290566,1,1,2000,0,14,0,0,0,10,0,0,0,4
290567,0,1,2000,0,0,0,11,0,0,0,0,0,0
290567,1,1,2000,15,0,0,0,0,0,14,0,0,0
290568,1,1,2000,26,26,26,26,26,26,26,26,26,26
290568,2,1,2000,10,0,0,0,0,0,0,0,0,0
290568,3,1,2000,0,0,0,0,0,0,0,0,0,0
290568,4,1,2000,20,0,0,0,13,16,0,0,0,0
290569,1,1,2000,10,10,10,10,10,10,10,10,10,10
290570,1,1,2000,0,13,0,10,0,21,0,0,0,6
290570,2,1,2000,0,0,0,0,0,0,0,0,0,0
290570,3,1,2000,0,0,0,0,17,0,0,0,0,0
290570,4,1,2000,0,0,0,0,6,0,0,0,0,0
290570,5,1,2000,0,0,0,0,0,0,0,0,0,0
290571,1,1,2000,50,16,29,30,6,20,30,15,17,29
290572,1,1,2000,0,9,17,17,16,14,0,0,7,6
290572,2,1,2000,15,20,24,17,24,20,44,5,0,0
290572,3,1,2000,0,0,0,16,0,14,14,13,10,0
290573,1,1,2000,10,10,10,10,10,10,10,10,10,10
290574,1,1,2000,15,18,23,9,0,9,23,26,13,26
290575,1,1,2000,0,0,0,0,0,0,0,0,0,0
290575,2,1,2000,20,20,20,20,20,20,20,20,20,20
290576,1,1,2000,23,23,23,23,23,23,23,23,23,23
290577,1,1,2000,24,24,24,24,24,24,24,24,24,24
290578,1,1,2000,0,0,0,0,3,0,0,0,0,0
290579,1,1,2000,0,0,0,0,0,0,0,0,0,19
290579,2,1,2000,0,0,0,0,0,0,0,0,0,0
290580,1,1,2000,0,0,0,0,0,0,0,0,0,0
290581,1,1,2000,0,0,0,0,0,0,0,0,0,0
290582,1,1,2000,16,16,16,16,16,16,16,16,16,16
290583,1,1,2000,0,0,0,0,0,0,0,0,0,0
290583,2,1,2000,0,0,0,0,0,0,0,0,0,0
290583,3,1,2000,0,0,0,0,0,0,0,0,0,0
290584,0,1,2000,28,28,28,28,28,28,28,28,28,28
290584,1,1,2000,0,0,16,16,0,0,0,0,0,24
290585,1,1,2000,0,0,0,0,0,0,0,0,0,0
290586,1,1,2000,29,29,29,29,29,29,29,29,29,29
290586,2,1,2000,0,0,0,0,0,0,0,0,0,0
290587,0,1,2000,0,21,14,0,0,0,0,0,0,0
290587,1,1,2000,5,24,14,18,19,12,0,10,18,6
290588,1,1,2000,0,0,0,0,0,0,0,0,0,0
290588,2,1,2000,0,0,0,0,0,0,0,21,0,0
290589,1,1,2000,0,0,0,0,0,0,0,0,0,0
290589,2,1,2000,0,0,0,0,0,0,0,0,0,0
290589,3,1,2000,0,0,0,0,0,0,0,0,0,0
290589,4,1,2000,0,0,0,0,0,0,0,0,0,0
290590,1,1,2000,0,0,0,0,0,0,0,0,0,0
290591,1,1,2000,0,0,0,0,0,0,0,0,0,0
290591,2,1,2000,0,0,0,0,0,0,0,18,0,0
290592,0,1,2000,6,6,6,6,6,6,6,6,6,6
290592,1,1,2000,0,0,0,7,0,0,0,0,0,0
290593,1,1,2000,25,25,25,25,25,25,25,25,25,25
290594,1,1,2000,9,9,9,9,9,9,9,9,9,9
290595,1,1,2000,2,2,2,2,2,2,2,2,2,2
290595,2,1,2000,21,0,23,0,0,0,0,0,0,27
290595,3,1,2000,17,18,19,0,0,0,0,23,0,0
290596,1,1,2000,16,16,16,16,16,16,16,16,16,16
290597,1,1,2000,14,14,14,14,14,14,14,14,14,14
290598,1,1,2000,10,10,10,10,10,10,10,10,10,10
290599,1,1,2000,19,19,19,19,19,19,19,19,19,19
290600,0,1,2000,0,0,0,0,0,0,0,0,0,0
290600,1,1,2000,0,0,26,0,0,0,0,0,0,0
290601,1,1,2000,0,0,0,0,0,0,0,0,0,0
290602,1,1,2000,0,0,0,0,0,0,0,0,0,0
290602,2,1,2000,0,0,0,0,0,0,0,0,0,0
290603,1,1,2000,21,6,0,22,15,18,14,0,17,12
290604,0,1,2000,0,0,0,0,0,0,0,0,0,0
290604,1,1,2000,0,22,0,0,0,0,10,0,0,21
290605,1,1,2000,0,0,0,0,21,0,10,0,0,0
290605,2,1,2000,0,0,0,0,0,0,0,0,0,0
290605,3,1,2000,0,0,0,0,0,0,0,0,0,0
290606,1,1,2000,0,0,0,0,0,0,12,0,9,0
290607,1,1,2000,20,20,20,20,20,20,20,20,20,20
290608,1,1,2000,0,0,0,0,0,0,0,12,0,0
290609,1,1,2000,0,0,0,0,0,0,0,0,0,0
290610,1,1,2000,36,36,36,36,36,36,36,36,36,36
290610,2,1,2000,0,0,10,0,0,0,0,0,0,0
290610,3,1,2000,0,0,0,0,17,0,0,0,0,0
290611,1,1,2000,0,0,0,0,0,0,0,0,0,0
290612,1,1,2000,0,0,0,0,0,0,0,0,0,0
290612,2,1,2000,0,0,0,0,0,0,0,0,0,0
290613,1,1,2000,14,0,0,21,17,22,0,33,15,20
290614,1,1,2000,0,0,0,0,0,0,0,0,0,0
290615,1,1,2000,30,30,30,30,30,30,30,30,30,30
290615,2,1,2000,0,16,0,0,0,9,16,0,7,7
290616,1,1,2000,28,28,28,28,28,28,28,28,28,28
290617,1,1,2000,0,0,0,0,0,0,0,0,0,0
290617,2,1,2000,0,0,0,0,0,0,0,0,0,0
290618,1,1,2000,0,0,0,0,0,0,0,0,0,0
290618,2,1,2000,0,0,27,0,0,0,21,0,0,0
290619,1,1,2000,0,0,0,0,0,0,0,0,0,0
290620,0,1,2000,0,0,0,0,0,0,0,0,0,0
290620,1,1,2000,25,19,24,0,0,0,0,0,9,0
290621,1,1,2000,0,0,29,0,0,0,0,15,16,0
290621,2,1,2000,18,0,0,0,0,0,8,0,0,0
290622,1,1,2000,0,0,0,0,0,0,0,0,0,0
290622,2,1,2000,23,23,23,23,23,23,23,23,23,23
290623,1,1,2000,5,5,5,5,5,5,5,5,5,5
290624,1,1,2000,15,15,15,15,15,15,15,15,15,15
290625,1,1,2000,12,0,15,0,0,0,6,12,0,12
290626,1,1,2000,14,0,10,22,15,0,17,0,0,0
290627,1,1,2000,0,5,0,0,0,0,0,7,0,12
290628,1,1,2000,6,6,6,6,6,6,6,6,6,6
290628,2,1,2000,0,0,0,0,0,0,0,0,0,0
290629,1,1,2000,0,0,0,0,0,0,0,0,0,0
290629,2,1,2000,0,0,0,0,0,0,0,0,0,0
290629,3,1,2000,0,0,0,0,6,0,0,0,0,0
290629,4,1,2000,0,0,0,0,0,26,0,0,0,0
290630,1,1,2000,16,0,0,0,0,0,0,33,0,7
290630,2,1,2000,0,0,22,16,6,0,0,0,0,0
290631,1,1,2000,0,0,0,0,0,0,0,0,0,0
290631,2,1,2000,0,0,0,0,0,0,0,0,0,0
290632,1,1,2000,0,0,0,0,0,0,0,0,0,0
290632,2,1,2000,0,0,0,0,0,0,0,0,0,0
290633,0,1,2000,0,0,0,0,0,0,0,0,0,0
290633,1,1,2000,0,0,16,9,15,9,0,0,0,0
290634,1,1,2000,0,14,0,0,23,9,18,9,19,8
290635,1,1,2000,0,0,0,0,0,0,0,0,0,0
290636,0,1,2000,0,0,0,0,0,0,0,0,0,0
290636,1,1,2000,0,0,0,0,0,0,0,0,0,0
290637,1,1,2000,0,0,0,0,0,0,0,0,0,0
290637,2,1,2000,0,0,0,0,0,0,0,0,0,0
290638,1,1,2000,0,0,0,0,0,0,0,0,0,0
290638,2,1,2000,0,0,0,0,0,0,0,0,0,0
290639,0,1,2000,0,0,0,0,0,0,0,0,0,0
290639,1,1,2000,35,0,25,2,17,0,0,0,0,0
290640,1,1,2000,31,8,19,7,25,31,8,25,0,19
290641,1,1,2000,0,0,0,0,0,0,0,0,0,0
290641,2,1,2000,0,0,0,0,0,0,0,8,0,0
290642,1,1,2000,0,0,0,0,0,0,0,0,0,0
290642,2,1,2000,0,0,0,0,0,0,0,0,0,0
290642,3,1,2000,0,0,0,0,0,0,0,0,0,0
290642,4,1,2000,0,0,0,0,2,0,0,0,0,0
290643,1,1,2000,19,19,19,19,19,19,19,19,19,19
290643,2,1,2000,0,17,0,0,0,6,0,0,0,0
290644,1,1,2000,19,19,19,19,19,19,19,19,19,19
290645,1,1,2000,0,0,5,0,0,0,0,0,0,0
290646,1,1,2000,0,0,0,0,9,7,0,0,0,3
290646,2,1,2000,0,0,0,0,0,0,10,0,0,0
290647,1,1,2000,0,0,0,0,0,0,8,0,0,0
290647,2,1,2000,0,0,0,0,0,0,0,0,0,0
290648,1,1,2000,0,0,0,0,0,0,0,0,0,0
290649,0,1,2000,0,0,0,0,0,0,0,0,0,0
290649,1,1,2000,8,22,0,0,0,4,17,0,0,0
290650,1,1,2000,36,36,36,36,36,36,36,36,36,36
290650,2,1,2000,0,0,0,14,0,0,9,0,0,0
290651,1,1,2000,15,15,15,15,15,15,15,15,15,15
290651,2,1,2000,10,0,0,0,15,0,0,0,25,0
290652,1,1,2000,8,10,0,0,21,0,0,0,0,0
290653,1,1,2000,19,16,13,0,13,18,13,16,19,0
290654,0,1,2000,20,20,20,20,20,20,20,20,20,20
290654,1,1,2000,9,0,0,0,0,0,9,0,0,0
290655,1,1,2000,0,0,0,0,0,0,0,0,0,0
290655,2,1,2000,10,10,10,10,10,10,10,10,10,10
290656,1,1,2000,13,13,13,13,13,13,13,13,13,13
290656,2,1,2000,13,0,0,0,0,11,14,0,0,0
290657,0,1,2000,0,14,0,14,10,0,0,0,0,11
290657,1,1,2000,15,0,0,0,0,0,0,0,0,0
290658,1,1,2000,0,0,5,10,0,0,16,0,0,16
290658,2,1,2000,0,0,0,0,0,0,0,0,0,0
290658,3,1,2000,0,0,0,0,0,0,0,0,0,20
290659,1,1,2000,16,16,16,16,16,16,16,16,16,16
290659,2,1,2000,0,21,0,0,0,0,0,0,0,0
290660,1,1,2000,0,0,0,0,0,0,0,0,0,0
290660,2,1,2000,0,0,0,0,0,0,0,0,0,0
290660,3,1,2000,0,0,0,0,0,0,0,0,0,0
290660,4,1,2000,0,0,0,0,4,0,0,0,0,0
290660,5,1,2000,0,0,0,0,0,0,0,0,0,0
290661,1,1,2000,0,0,0,0,0,0,0,0,0,0
290662,1,1,2000,0,0,0,0,0,0,0,0,0,0
290662,2,1,2000,0,0,0,0,0,0,11,0,0,0
290662,3,1,2000,18,0,0,0,7,28,0,0,0,6
290662,4,1,2000,16,0,0,0,0,0,0,0,0,0
290663,1,1,2000,0,0,0,0,0,18,0,0,0,0
290664,1,1,2000,0,0,0,0,0,0,0,0,0,0
290664,2,1,2000,0,0,0,0,0,0,0,0,0,0
290665,1,1,2000,0,0,0,0,0,0,0,0,0,0
290665,2,1,2000,13,14,0,6,0,0,0,0,0,0
290665,3,1,2000,0,0,0,0,0,0,0,0,0,18
290666,1,1,2000,0,0,0,0,0,0,0,0,0,0
290666,2,1,2000,0,0,0,0,0,0,0,0,0,0
290667,0,1,2000,0,0,0,0,0,0,0,0,0,17
290667,1,1,2000,0,0,0,0,0,0,0,0,0,0
290668,1,1,2000,12,12,12,12,12,12,12,12,12,12
290669,1,1,2000,0,0,0,0,0,0,0,1,0,0
290669,2,1,2000,0,0,0,0,0,0,0,0,0,0
290670,1,1,2000,29,29,29,29,29,29,29,29,29,29
290671,0,1,2000,16,16,16,16,16,16,16,16,16,16
290671,1,1,2000,0,0,10,0,0,0,9,0,0,0
290672,1,1,2000,5,5,5,5,5,5,5,5,5,5
290673,1,1,2000,0,0,0,0,0,0,0,0,0,0
290673,2,1,2000,4,0,0,0,0,0,0,0,0,0
290674,1,1,2000,12,12,12,12,12,12,12,12,12,12
290675,1,1,2000,10,10,10,10,10,10,10,10,10,10
290676,0,1,2000,0,0,0,0,0,0,0,0,0,0
290676,1,1,2000,7,7,7,7,7,7,7,7,7,7
290677,1,1,2000,21,21,21,21,21,21,21,21,21,21
290678,1,1,2000,0,15,11,0,22,18,22,0,15,5
290679,1,1,2000,0,28,0,0,0,13,27,11,0,0
290680,1,1,2000,27,9,8,0,9,16,21,10,15,28
290681,1,1,2000,0,0,0,0,0,0,0,0,0,0
290681,2,1,2000,0,0,0,0,0,0,12,0,0,0
290682,1,1,2000,0,0,0,0,0,0,0,0,0,0
290683,1,1,2000,0,0,14,30,26,22,0,0,0,24
290684,1,1,2000,0,0,0,0,0,0,0,0,0,0
290685,1,1,2000,0,0,0,0,0,0,0,0,0,0
290685,2,1,2000,0,0,0,0,0,0,0,0,0,0
290686,1,1,2000,0,0,0,0,0,0,0,0,0,0
290686,2,1,2000,0,0,0,0,0,0,0,0,0,0
290687,1,1,2000,11,26,24,20,17,20,25,17,9,13
290688,1,1,2000,0,0,0,0,0,0,0,0,0,0
290688,2,1,2000,0,0,0,0,0,0,0,0,0,0
290689,1,1,2000,0,0,17,0,0,0,0,0,0,0
290690,1,1,2000,0,0,0,0,0,0,0,0,0,0
290691,1,1,2000,0,0,0,0,0,0,14,0,0,0
290691,2,1,2000,0,0,16,0,0,0,0,0,0,0
290691,3,1,2000,0,0,0,0,0,0,0,14,0,0
290692,1,1,2000,0,0,0,0,0,0,0,0,0,0
290692,2,1,2000,0,0,7,0,0,8,0,0,0,0
290692,3,1,2000,0,17,0,0,0,0,13,0,15,4
290693,1,1,2000,27,13,14,0,11,0,0,0,0,0
290694,1,1,2000,0,0,6,0,22,0,18,0,0,3
290694,2,1,2000,0,0,0,0,15,0,0,0,0,0
290695,1,1,2000,0,0,0,0,0,0,0,0,0,0
290696,1,1,2000,16,16,16,16,16,16,16,16,16,16
290697,1,1,2000,0,0,0,0,0,0,0,0,0,0
290698,1,1,2000,0,0,0,0,0,0,0,0,24,0
290698,2,1,2000,0,2,10,0,0,0,0,0,0,0
290699,1,1,2000,16,14,33,8,12,15,14,23,18,40
290700,1,1,2000,0,6,39,0,0,10,15,8,16,23
290701,1,1,2000,14,14,14,14,14,14,14,14,14,14
290702,1,1,2000,21,19,4,24,17,16,21,26,31,10
290703,1,1,2000,14,14,14,14,14,14,14,14,14,14
290703,2,1,2000,0,0,0,0,0,0,0,0,0,0
290704,1,1,2000,0,0,0,0,0,0,0,0,0,0
290704,2,1,2000,0,0,0,0,0,0,0,0,0,16
290704,3,1,2000,0,0,0,0,0,0,0,0,0,0
290704,4,1,2000,0,0,0,0,0,0,0,0,0,0
290705,1,1,2000,2,2,2,2,2,2,2,2,2,2
290706,1,1,2000,20,27,0,0,0,0,31,0,19,18
290707,1,1,2000,14,10,3,27,7,26,16,24,6,4
290707,2,1,2000,0,0,0,0,0,0,0,0,0,0
290708,1,1,2000,15,15,15,15,15,15,15,15,15,15
290709,1,1,2000,0,0,0,0,0,0,0,0,0,0
290710,1,1,2000,0,0,0,0,0,0,0,0,0,0
290711,0,1,2000,0,0,0,0,14,0,0,0,0,0
290711,1,1,2000,0,0,0,0,0,0,0,0,0,0
290712,1,1,2000,0,0,0,0,0,0,0,0,0,0
290712,2,1,2000,0,0,0,0,0,0,0,0,0,0
290712,3,1,2000,0,0,0,0,0,0,0,0,0,0
290713,1,1,2000,12,9,13,0,0,0,0,0,0,0
290713,2,1,2000,21,21,21,21,21,21,21,21,21,21
290714,1,1,2000,0,0,0,0,0,0,0,0,0,0
290715,1,1,2000,0,0,11,7,0,0,0,0,0,0
290716,1,1,2000,0,0,0,0,0,0,0,0,0,0
290716,2,1,2000,0,0,0,0,0,0,0,0,0,0
290717,1,1,2000,0,0,0,0,0,0,0,0,0,0
290718,1,1,2000,32,13,11,30,16,0,14,21,6,8
290718,2,1,2000,0,0,0,0,0,19,0,0,0,16
290718,3,1,2000,0,9,0,0,0,0,0,0,0,0
290719,1,1,2000,0,0,7,0,0,29,0,0,0,0
290719,2,1,2000,0,16,8,0,0,0,0,0,0,0
290720,1,1,2000,4,9,11,0,11,30,12,4,4,20
290720,2,1,2000,0,0,0,0,0,0,0,0,0,0
290721,1,1,2000,0,0,0,0,0,0,0,0,0,0
290721,2,1,2000,13,20,0,0,0,13,6,19,9,0
290722,0,1,2000,0,0,0,0,0,0,0,0,0,0
290722,1,1,2000,0,0,0,0,0,11,0,0,0,0
290722,2,1,2000,0,0,0,0,0,0,0,0,12,0
290723,1,1,2000,0,0,0,0,0,0,0,0,0,0
290723,2,1,2000,20,0,0,14,0,17,0,0,0,0
290724,0,1,2000,6,4,22,0,10,7,6,0,0,0
290724,1,1,2000,0,0,0,5,16,25,0,0,8,19
290725,1,1,2000,14,14,14,14,14,14,14,14,14,14
290725,2,1,2000,6,6,6,6,6,6,6,6,6,6
290726,1,1,2000,0,0,0,0,0,0,0,0,0,0
290726,2,1,2000,0,0,0,0,0,0,0,0,0,0
290727,1,1,2000,0,0,0,0,0,0,0,0,0,0
290727,2,1,2000,0,0,0,0,0,0,0,0,0,0
290728,1,1,2000,0,0,0,0,0,0,0,0,0,0
290729,1,1,2000,28,28,28,28,28,28,28,28,28,28
290730,1,1,2000,0,0,0,0,0,0,0,0,0,0
290731,0,1,2000,0,0,0,0,0,0,0,0,0,0
290731,1,1,2000,0,0,0,0,0,0,0,0,0,0
290732,1,1,2000,0,0,17,8,0,35,6,0,0,11
290733,0,1,2000,0,0,0,0,0,0,0,0,0,0
290733,1,1,2000,0,0,0,0,0,0,0,0,0,0
290734,1,1,2000,0,0,0,0,0,0,0,0,0,0
290734,2,1,2000,0,0,0,0,0,0,0,0,0,0
290734,3,1,2000,0,0,0,0,0,0,0,0,0,0
290734,4,1,2000,0,0,0,6,0,0,0,0,0,0
290735,1,1,2000,0,0,0,0,0,26,0,0,0,0
290735,2,1,2000,16,16,16,16,16,16,16,16,16,16
290736,1,1,2000,0,0,0,0,0,0,0,0,0,0
290736,2,1,2000,0,0,17,0,0,0,0,0,0,0
290736,3,1,2000,0,0,0,0,0,0,0,0,0,0
290737,1,1,2000,0,0,0,0,0,0,0,0,20,12
290738,1,1,2000,0,0,0,0,0,0,0,0,19,3
290738,2,1,2000,0,0,0,0,0,0,0,0,0,0
290739,1,1,2000,0,0,0,0,0,0,0,0,0,0
290740,1,1,2000,10,10,10,10,10,10,10,10,10,10
290741,1,1,2000,15,15,15,15,15,15,15,15,15,15
290741,2,1,2000,0,0,0,0,0,0,0,0,0,0
290742,1,1,2000,29,0,0,22,0,5,18,0,20,9
290743,1,1,2000,0,0,9,0,6,15,0,16,14,4
290744,1,1,2000,22,22,22,22,22,22,22,22,22,22
290744,2,1,2000,0,0,0,0,0,0,0,0,0,0
290745,0,1,2000,14,14,14,14,14,14,14,14,14,14
290745,1,1,2000,0,0,0,0,16,11,0,0,0,0
290745,2,1,2000,0,0,0,0,0,4,0,0,0,0
290746,0,1,2000,0,0,0,0,0,0,0,0,0,0
290746,1,1,2000,0,6,0,29,0,0,0,0,0,0
290747,1,1,2000,0,0,0,0,0,0,5,20,0,0
290748,1,1,2000,0,0,0,0,0,0,0,0,0,0
290748,2,1,2000,0,0,0,18,13,0,0,0,0,0
290749,1,1,2000,0,0,0,0,17,0,0,0,0,0
290749,2,1,2000,0,0,9,10,0,10,0,0,0,0
290750,1,1,2000,0,0,0,0,0,0,0,0,0,47
290751,1,1,2000,0,0,0,0,0,0,0,0,0,0
290751,2,1,2000,0,0,0,0,0,0,0,0,20,0
290752,1,1,2000,28,31,20,24,19,11,23,22,15,15
290753,1,1,2000,38,38,38,38,38,38,38,38,38,38
290754,1,1,2000,25,0,0,0,14,0,5,0,16,0
290755,1,1,2000,0,0,0,0,0,0,0,0,0,0
290755,2,1,2000,0,0,0,0,0,0,0,0,0,0
290756,1,1,2000,10,10,10,10,10,10,10,10,10,10
290756,2,1,2000,0,0,0,0,0,0,0,0,0,0
290757,1,1,2000,0,0,0,0,0,0,0,0,12,0
290757,2,1,2000,0,0,0,0,0,0,0,0,0,0
290758,1,1,2000,0,0,0,0,0,0,0,0,0,0
290758,2,1,2000,0,0,0,0,0,10,0,0,0,0
290759,1,1,2000,0,0,0,0,2,0,0,0,0,0
290759,2,1,2000,0,0,0,0,0,0,0,0,0,0
290760,1,1,2000,16,0,15,0,0,5,0,0,0,0
290760,2,1,2000,0,0,0,0,0,0,0,9,0,0
290761,1,1,2000,0,0,0,0,0,0,0,0,0,0
290761,2,1,2000,0,0,0,0,0,0,0,0,0,0
290761,3,1,2000,0,0,0,0,0,0,0,0,0,0
290762,1,1,2000,15,0,0,14,12,0,0,0,0,0
290763,1,1,2000,26,26,26,26,26,26,26,26,26,26
290763,2,1,2000,0,0,0,0,0,0,0,0,0,0
290764,1,1,2000,0,0,0,0,0,0,0,0,0,0
290765,1,1,2000,0,23,15,7,0,13,0,11,0,0
290765,2,1,2000,0,0,0,0,0,0,0,0,0,5
290766,1,1,2000,18,18,18,18,18,18,18,18,18,18
290766,2,1,2000,11,21,23,0,0,29,0,0,13,0
290766,3,1,2000,0,0,0,0,0,0,0,0,0,0
290767,1,1,2000,0,0,0,0,0,0,0,0,0,0
290768,1,1,2000,0,0,0,0,0,0,0,0,0,0
290769,1,1,2000,0,0,0,0,0,0,0,0,0,0
290770,0,1,2000,0,0,0,0,0,0,0,0,0,0
290770,1,1,2000,0,0,0,0,0,0,0,0,0,0
290771,1,1,2000,15,15,15,15,15,15,15,15,15,15
290772,1,1,2000,11,0,0,19,0,0,0,23,0,0
290773,1,1,2000,26,9,18,23,11,13,15,17,24,4
290773,2,1,2000,0,0,0,0,0,0,0,0,0,0
290774,1,1,2000,23,23,23,23,23,23,23,23,23,23
290775,1,1,2000,0,0,0,0,11,0,0,0,0,0
290775,2,1,2000,28,18,0,12,36,15,15,25,14,0
290775,3,1,2000,0,4,14,0,0,0,0,0,0,36
290775,4,1,2000,20,0,0,0,0,0,0,0,0,0
290775,5,1,2000,0,0,21,0,9,13,26,22,0,0
290776,1,1,2000,0,0,0,0,0,0,0,0,0,0
290776,2,1,2000,0,0,0,0,0,0,0,0,0,0
290777,1,1,2000,0,0,0,0,7,0,0,0,0,0
290777,2,1,2000,0,0,0,0,0,0,0,0,0,0
290778,0,1,2000,10,10,10,10,10,10,10,10,10,10
290778,1,1,2000,0,0,0,0,0,0,0,0,0,0
290779,1,1,2000,0,0,10,0,0,0,0,0,12,0
290779,2,1,2000,0,0,15,0,0,0,0,0,0,0
290780,1,1,2000,0,0,0,0,0,0,0,0,0,0
290781,1,1,2000,24,24,24,24,24,24,24,24,24,24
290781,2,1,2000,0,0,0,0,0,0,0,0,0,0
290781,3,1,2000,0,0,0,0,0,0,0,0,0,0
290782,1,1,2000,0,0,0,0,0,0,0,0,0,0
290782,2,1,2000,0,0,0,0,0,0,0,0,0,0
290782,3,1,2000,0,0,12,0,25,0,0,15,0,0
290782,4,1,2000,0,0,0,0,13,0,0,0,0,0
290782,5,1,2000,0,0,0,0,0,0,0,0,0,0
290782,6,1,2000,0,0,0,0,13,0,0,0,0,0
290783,1,1,2000,0,0,0,0,0,13,0,0,0,15
290783,2,1,2000,0,0,0,0,0,30,0,0,0,0
290784,1,1,2000,23,35,13,0,0,8,22,0,14,7
290785,1,1,2000,0,0,0,0,9,0,0,0,0,0
290785,2,1,2000,0,0,0,0,0,0,0,0,0,0
290786,1,1,2000,0,0,0,0,0,0,0,5,0,0
290786,2,1,2000,22,0,0,0,0,0,0,0,6,0
290787,1,1,2000,0,0,0,0,0,0,0,0,0,0
290788,1,1,2000,0,0,0,0,0,0,0,0,0,0
290788,2,1,2000,0,0,0,0,0,0,0,0,0,0
290789,1,1,2000,0,0,0,0,0,0,0,0,0,0
290789,2,1,2000,0,0,0,0,0,0,0,0,0,0
290790,1,1,2000,0,0,0,0,0,0,0,0,0,0
290790,2,1,2000,0,0,0,0,0,0,0,0,10,0
290791,1,1,2000,0,0,0,0,0,0,0,0,0,0
290791,2,1,2000,24,16,0,0,26,20,12,0,43,19
290792,0,1,2000,21,21,21,21,21,21,21,21,21,21
290792,1,1,2000,0,0,0,0,0,0,0,0,0,21
290793,1,1,2000,0,0,0,0,0,0,0,0,0,0
290793,2,1,2000,0,0,0,0,0,0,0,0,0,0
290794,1,1,2000,0,0,0,0,11,0,0,17,0,0
290794,2,1,2000,0,5,0,0,0,0,0,10,0,0
290795,1,1,2000,0,0,0,0,0,0,0,0,0,0
290795,2,1,2000,0,0,0,13,0,0,0,0,0,0
290796,1,1,2000,0,0,0,0,0,0,0,0,0,0
290797,1,1,2000,22,22,22,22,22,22,22,22,22,22
290797,2,1,2000,0,0,16,0,0,0,0,0,0,0
290798,1,1,2000,18,18,18,18,18,18,18,18,18,18
290799,1,1,2000,0,23,0,0,0,0,0,0,0,4
290800,1,1,2000,0,0,0,14,0,0,0,15,0,20
290800,2,1,2000,13,13,13,13,13,13,13,13,13,13
290801,1,1,2000,25,25,25,25,25,25,25,25,25,25
290801,2,1,2000,0,0,8,0,0,0,0,10,0,0
290802,1,1,2000,0,0,0,0,0,0,0,0,0,0
290802,2,1,2000,0,0,0,0,0,0,0,0,0,0
290803,1,1,2000,0,0,0,0,0,0,0,0,0,0
290803,2,1,2000,0,0,5,0,0,0,3,0,0,0
290804,1,1,2000,17,4,16,0,0,0,0,16,0,13
290805,1,1,2000,16,16,16,16,16,16,16,16,16,16
290806,1,1,2000,7,7,7,7,7,7,7,7,7,7
290807,1,1,2000,6,6,6,6,6,6,6,6,6,6
290808,1,1,2000,0,0,0,0,0,0,0,0,0,0
290808,2,1,2000,0,0,0,0,0,0,0,0,0,0
290809,1,1,2000,0,0,0,0,0,0,0,0,0,0
290809,2,1,2000,0,0,0,0,0,0,0,0,0,0
290810,1,1,2000,9,15,0,0,11,0,0,0,14,0
290810,2,1,2000,0,0,0,0,0,0,0,0,0,13
290811,1,1,2000,20,20,20,20,20,20,20,20,20,20
290811,2,1,2000,0,12,0,17,0,0,0,0,0,0
290812,0,1,2000,22,22,22,22,22,22,22,22,22,22
290812,1,1,2000,0,0,0,0,0,0,20,0,0,0
290812,2,1,2000,0,0,18,0,0,15,0,0,11,12
290812,3,1,2000,14,0,0,0,0,0,0,0,0,0
290813,1,1,2000,0,0,0,0,0,0,0,0,0,0
290814,1,1,2000,0,0,0,0,0,0,0,0,0,0
290815,1,1,2000,0,0,0,0,0,0,0,0,0,0
290815,2,1,2000,0,0,0,0,0,17,0,0,10,0
290815,3,1,2000,0,0,0,0,0,0,0,0,0,0
290816,0,1,2000,0,0,0,0,0,0,0,0,0,0
290816,1,1,2000,7,0,0,0,0,0,0,17,0,0
290816,2,1,2000,0,0,15,0,0,0,10,3,7,0
290817,1,1,2000,0,0,0,0,0,0,0,0,0,0
290818,0,1,2000,0,0,0,0,0,0,0,12,0,0
290818,1,1,2000,0,0,0,0,0,0,0,0,0,0
290819,1,1,2000,0,0,0,0,0,0,0,0,0,0