ST_CASE,VEH_NO,PER_NO,YEAR,P1,P2,P3,P4,P5,P6,P7,P8,P9,P10
290819,2,1,2000,0,0,0,5,16,0,0,0,0,10
290820,1,1,2000,4,4,4,4,4,4,4,4,4,4
290821,1,1,2000,12,12,12,12,12,12,12,12,12,12
290822,1,1,2000,0,0,0,0,0,0,0,0,0,0
290823,1,1,2000,0,0,0,0,0,0,0,0,0,0
290824,1,1,2000,12,38,13,8,28,15,19,39,9,16
290825,1,1,2000,0,0,0,0,0,0,0,0,0,0
290826,1,1,2000,0,0,0,0,0,0,0,0,0,0
290827,1,1,2000,0,0,0,0,0,0,0,0,0,0
290828,1,1,2000,0,0,0,0,0,7,6,13,0,0
290829,0,1,2000,19,19,19,19,19,19,19,19,19,19
290829,1,1,2000,8,0,16,12,0,0,0,0,0,15
290830,1,1,2000,0,0,0,0,0,0,0,0,0,0
290831,1,1,2000,10,10,10,10,10,10,10,10,10,10
290831,2,1,2000,0,0,0,0,0,0,0,0,0,0
290832,1,1,2000,0,0,0,0,0,0,0,0,0,0
290833,1,1,2000,0,0,0,0,0,0,0,0,0,0
290834,1,1,2000,0,0,0,6,0,0,0,0,20,0
290835,1,1,2000,0,0,0,0,0,0,0,0,0,0
290835,2,1,2000,0,0,0,0,0,0,0,0,0,0
290836,1,1,2000,0,0,0,0,0,0,0,0,0,0
290837,0,1,2000,0,0,0,0,0,0,0,0,0,0
290837,1,1,2000,0,11,0,0,0,0,0,0,0,0
290838,1,1,2000,21,21,21,21,21,21,21,21,21,21
290838,2,1,2000,0,0,0,25,0,0,0,0,0,0
290839,1,1,2000,0,0,0,9,0,0,0,0,0,0
290839,2,1,2000,26,26,26,26,26,26,26,26,26,26
290840,1,1,2000,18,0,0,0,0,0,0,0,10,0
290840,2,1,2000,28,24,11,14,47,12,26,25,11,21
290841,1,1,2000,1,1,1,1,1,1,1,1,1,1
290842,1,1,2000,23,23,23,23,23,23,23,23,23,23
290843,1,1,2000,16,16,16,16,16,16,16,16,16,16
290844,1,1,2000,17,17,17,17,17,17,17,17,17,17
290846,1,1,2000,10,6,10,0,0,0,9,14,0,0
290846,2,1,2000,0,0,0,0,0,0,0,0,0,0
290846,3,1,2000,0,0,0,0,0,0,8,21,0,0
290847,1,1,2000,11,11,11,11,11,11,11,11,11,11
290848,1,1,2000,0,0,0,0,0,0,0,0,0,0
290849,1,1,2000,0,0,0,0,0,0,0,0,0,0
290850,1,1,2000,0,0,24,25,4,7,23,0,17,0
290851,1,1,2000,26,26,26,26,26,26,26,26,26,26
290852,1,1,2000,0,0,0,0,0,0,0,0,0,0
290852,2,1,2000,0,0,0,0,0,0,0,0,0,0
290853,1,1,2000,0,0,0,0,0,0,0,0,0,0
290853,2,1,2000,0,0,0,0,0,0,0,0,0,0
290854,1,1,2000,0,0,0,0,0,0,24,0,0,0
290855,1,1,2000,0,0,0,0,0,0,0,0,0,0
290856,1,1,2000,0,0,0,0,0,0,0,0,0,0
290856,2,1,2000,0,0,0,0,0,0,0,0,0,0
290857,1,1,2000,0,0,0,0,0,0,0,0,0,0
290858,1,1,2000,0,0,0,0,0,0,0,0,0,0
290858,2,1,2000,0,0,0,0,0,0,0,0,0,0
290858,3,1,2000,0,0,0,0,0,0,0,0,0,0
290859,1,1,2000,0,0,0,0,0,7,0,0,0,0
290859,2,1,2000,0,0,0,0,0,0,0,0,0,0
290860,0,1,2000,0,0,0,0,0,0,0,0,0,0
290860,1,1,2000,0,0,0,0,0,0,0,0,0,0
290861,0,1,2000,0,0,0,0,0,0,0,0,0,0
290861,1,1,2000,8,0,6,0,14,19,7,0,0,0
290862,1,1,2000,0,0,0,0,0,0,0,0,0,0
290862,2,1,2000,0,0,0,0,0,0,0,0,0,0
290863,1,1,2000,0,0,0,0,0,0,0,0,0,0
290864,0,1,2000,0,0,0,0,0,0,0,0,0,0
290864,1,1,2000,0,7,0,0,0,0,13,0,11,0
290865,1,1,2000,5,25,27,22,37,37,42,24,24,21
290866,1,1,2000,33,10,20,26,34,33,14,11,13,17
290866,2,1,2000,0,7,0,31,0,0,0,0,0,24
290867,1,1,2000,0,28,0,19,35,0,17,7,29,16
290868,1,1,2000,0,0,0,0,0,7,0,0,0,0
290868,2,1,2000,0,0,0,0,0,0,0,0,0,0
290868,3,1,2000,0,6,0,0,0,0,0,0,0,0
290869,1,1,2000,7,7,7,7,7,7,7,7,7,7
290870,0,1,2000,0,0,0,0,0,0,0,0,0,0
290870,1,1,2000,0,0,0,0,0,0,0,0,0,0
290871,1,1,2000,0,0,0,0,0,0,0,0,0,0
290872,1,1,2000,5,5,5,5,5,5,5,5,5,5
290873,1,1,2000,12,14,14,12,0,0,0,17,0,15
290874,1,1,2000,0,0,0,0,0,0,0,0,0,0
290875,1,1,2000,0,0,0,0,0,0,0,0,0,0
290875,2,1,2000,0,0,0,0,0,0,0,0,0,0
290876,1,1,2000,0,6,0,14,11,13,0,13,0,0
290876,2,1,2000,23,28,13,0,0,20,0,23,18,24
290877,1,1,2000,24,5,13,24,19,12,9,11,8,18
290877,2,1,2000,0,0,11,0,0,0,0,0,0,19
290878,1,1,2000,8,8,8,8,8,8,8,8,8,8
290878,2,1,2000,0,0,0,23,25,20,24,0,27,0
290878,3,1,2000,0,0,0,4,18,0,0,0,0,0
290879,1,1,2000,0,0,0,0,24,0,0,0,0,23
290879,2,1,2000,0,30,0,0,0,0,0,3,0,0
290879,3,1,2000,0,0,0,0,0,0,0,0,0,0
290880,1,1,2000,0,0,0,0,0,0,0,0,0,0
290880,2,1,2000,0,0,0,0,0,0,0,0,0,0
290881,1,1,2000,0,0,0,40,0,0,0,0,0,0
290882,1,1,2000,0,0,0,0,0,0,0,0,0,0
290883,1,1,2000,0,0,0,0,0,0,0,0,0,0
290883,2,1,2000,0,0,0,15,0,0,31,14,0,0
290884,1,1,2000,0,0,0,0,0,0,0,6,0,0
290884,2,1,2000,0,23,0,0,0,0,0,0,0,0
290885,1,1,2000,0,0,0,0,0,0,0,0,0,0
290885,2,1,2000,0,0,0,0,0,0,0,0,0,0
290886,1,1,2000,16,16,16,16,16,16,16,16,16,16
290887,1,1,2000,0,0,0,0,0,0,0,0,0,0
290887,2,1,2000,0,0,0,0,0,0,0,0,0,0
290887,3,1,2000,0,0,0,0,0,0,0,0,0,0
290887,4,1,2000,0,0,0,0,0,0,0,0,0,0
290887,5,1,2000,0,0,0,0,0,0,0,0,0,0
290888,1,1,2000,37,0,0,19,10,29,9,9,15,9
290889,1,1,2000,0,0,0,0,0,0,0,0,0,0
290889,2,1,2000,0,0,0,0,0,0,0,0,0,0
290890,1,1,2000,0,12,0,0,0,0,0,15,23,0
290890,2,1,2000,0,0,0,0,0,0,0,0,0,14
290891,1,1,2000,12,31,19,0,19,21,0,14,20,0
290892,1,1,2000,5,0,0,0,0,0,0,0,0,0
290892,2,1,2000,0,0,0,0,0,0,0,0,0,0
290893,1,1,2000,0,0,0,0,0,0,0,0,0,0
290893,2,1,2000,0,0,0,0,0,0,18,0,0,0
290894,1,1,2000,17,17,17,17,17,17,17,17,17,17
290894,2,1,2000,0,0,0,4,0,0,0,0,0,0
290895,1,1,2000,17,18,7,19,17,29,16,25,11,0
290895,2,1,2000,1,1,1,1,1,1,1,1,1,1
290896,1,1,2000,0,0,0,0,0,0,0,0,0,0
290897,1,1,2000,21,21,21,21,21,21,21,21,21,21
290898,1,1,2000,0,0,0,0,11,0,0,12,0,0
290899,1,1,2000,0,0,0,0,0,0,0,0,0,0
290899,2,1,2000,0,0,0,0,0,0,0,0,0,0
290899,3,1,2000,0,0,0,11,0,0,13,23,0,25
290900,1,1,2000,0,0,0,0,0,0,0,0,0,0
290900,2,1,2000,0,0,0,0,0,0,0,0,0,0
290901,0,1,2000,0,0,0,0,0,0,0,0,0,0
290901,1,1,2000,0,0,0,0,0,0,0,0,0,0
290902,1,1,2000,0,0,0,0,0,0,0,0,0,0
290902,2,1,2000,0,0,0,0,0,0,0,0,0,0
290903,1,1,2000,0,0,0,0,0,0,0,0,0,0
290903,2,1,2000,0,0,0,0,0,0,0,0,0,0
290904,1,1,2000,14,0,0,0,0,0,0,17,0,0
290904,2,1,2000,3,3,3,3,3,3,3,3,3,3
290905,1,1,2000,22,22,22,22,22,22,22,22,22,22
290905,2,1,2000,0,10,0,0,0,0,0,0,0,0
290906,1,1,2000,6,6,6,6,6,6,6,6,6,6
290907,1,1,2000,10,10,10,10,10,10,10,10,10,10
290908,1,1,2000,22,22,22,22,22,22,22,22,22,22
290909,1,1,2000,0,0,0,0,0,0,0,0,0,0
290909,2,1,2000,0,0,0,0,0,0,0,0,0,0
290910,1,1,2000,0,5,0,0,0,0,0,0,0,0
290911,0,1,2000,0,0,0,0,0,0,0,0,0,0
290911,1,1,2000,0,0,0,0,0,0,0,0,0,0
290912,1,1,2000,0,0,0,0,0,0,0,0,0,0
290913,1,1,2000,0,0,0,0,22,0,0,0,0,0
290913,2,1,2000,0,16,0,0,0,0,0,0,0,0
290914,1,1,2000,0,0,0,0,0,0,0,0,0,0
290914,2,1,2000,0,0,0,0,0,0,0,0,0,0
290915,1,1,2000,0,0,0,27,0,0,0,0,0,0
290915,2,1,2000,0,0,0,0,0,0,0,0,0,0
290916,1,1,2000,0,0,0,9,0,0,0,0,0,0
290917,1,1,2000,0,12,8,13,6,5,11,7,4,6
290918,1,1,2000,0,0,0,0,12,0,0,0,0,0
290919,1,1,2000,0,0,0,0,0,0,0,0,0,0
290919,2,1,2000,0,0,0,0,0,0,0,0,0,0
290920,1,1,2000,20,0,0,16,0,0,0,4,9,0
290921,1,1,2000,4,4,4,4,4,4,4,4,4,4
290922,1,1,2000,0,0,0,0,0,0,0,0,0,0
290922,2,1,2000,0,16,0,0,0,0,0,0,0,0
290923,1,1,2000,19,19,19,19,19,19,19,19,19,19
290924,1,1,2000,0,0,0,0,0,0,0,0,0,0
290925,1,1,2000,0,0,0,0,0,0,0,0,0,0
290925,2,1,2000,0,0,0,0,0,0,0,0,0,0
290925,3,1,2000,5,0,0,0,0,0,0,0,0,0
290926,1,1,2000,32,32,32,32,32,32,32,32,32,32
290927,1,1,2000,0,0,0,0,0,0,0,0,0,0
290927,2,1,2000,0,0,0,0,0,0,0,0,0,0
290927,3,1,2000,0,0,0,0,0,0,0,0,0,0
290928,1,1,2000,0,0,0,0,0,0,0,0,0,0
290928,2,1,2000,0,0,0,0,0,0,0,0,0,0
290929,1,1,2000,0,0,0,0,38,0,0,0,0,0
290929,2,1,2000,0,14,10,0,0,13,0,16,0,27
290930,1,1,2000,0,0,0,0,0,0,0,0,0,0
290930,2,1,2000,0,0,0,0,0,0,0,0,0,0
290931,1,1,2000,0,0,0,0,0,0,0,0,0,0
290931,2,1,2000,0,0,0,0,0,0,0,0,0,0
290932,1,1,2000,0,0,0,0,0,0,0,0,0,0
290933,1,1,2000,0,0,0,0,0,0,0,0,0,0
290933,2,1,2000,0,0,0,0,0,0,0,0,0,0
290934,1,1,2000,0,0,0,0,0,0,0,0,0,0
290934,2,1,2000,0,0,0,0,0,0,0,0,0,0
290935,1,1,2000,0,0,0,5,0,0,0,0,0,0
290936,1,1,2000,0,0,0,0,0,0,0,0,0,0
290936,2,1,2000,0,0,0,0,0,0,0,0,0,0
290937,1,1,2000,0,23,23,0,0,0,29,0,0,13
290937,2,1,2000,0,0,0,17,0,0,0,0,0,0
290938,1,1,2000,0,0,0,0,0,0,0,0,0,0
290938,2,1,2000,0,0,0,0,0,0,0,0,0,0
290939,0,1,2000,29,29,29,29,29,29,29,29,29,29
290939,1,1,2000,0,0,0,0,0,0,0,0,0,8
290940,1,1,2000,0,0,0,0,0,0,0,0,0,0
290940,2,1,2000,0,0,15,0,0,0,0,0,0,0
290941,1,1,2000,0,0,0,0,0,0,0,0,0,0
290941,2,1,2000,13,0,0,19,0,0,0,0,20,0
290941,3,1,2000,0,0,0,0,0,0,0,0,0,9
290942,1,1,2000,0,0,0,0,0,0,0,0,0,0
290942,2,1,2000,0,0,0,0,0,0,0,0,0,0
290943,1,1,2000,0,0,0,0,0,0,0,0,0,0
290944,1,1,2000,0,0,0,0,0,0,0,0,0,0
290945,1,1,2000,0,0,0,28,0,0,0,0,0,0
290945,2,1,2000,21,21,21,21,21,21,21,21,21,21
290946,1,1,2000,0,0,0,0,0,0,0,0,0,0
290946,2,1,2000,0,0,0,0,0,0,0,0,0,0
290947,1,1,2000,0,0,0,0,0,0,0,0,0,0
290947,2,1,2000,13,0,0,22,19,0,21,16,0,18
290948,1,1,2000,0,0,0,0,0,14,0,0,0,0
290949,1,1,2000,0,0,0,0,0,0,0,0,0,0
290949,2,1,2000,0,0,0,0,0,0,0,0,0,0
290950,1,1,2000,1,1,1,1,1,1,1,1,1,1
290951,1,1,2000,0,0,0,0,0,0,0,0,0,0
290951,2,1,2000,0,0,0,0,0,0,0,0,0,0
290952,0,1,2000,16,16,16,16,16,16,16,16,16,16
290952,1,1,2000,0,0,0,24,0,14,0,9,0,0
290952,2,1,2000,0,0,0,0,0,0,0,0,0,0
290953,1,1,2000,0,0,11,0,0,0,0,0,0,0
290953,2,1,2000,0,0,0,0,0,0,0,0,0,0
290954,1,1,2000,0,0,0,0,0,0,0,0,0,0
290954,2,1,2000,0,0,0,0,0,0,0,0,0,0
290954,3,1,2000,0,0,0,0,7,0,0,8,0,0
290955,1,1,2000,13,13,13,13,13,13,13,13,13,13
290956,1,1,2000,0,0,17,0,0,0,0,16,0,0
290956,2,1,2000,6,0,0,0,4,0,0,28,0,0
290957,1,1,2000,7,16,0,0,24,0,12,15,0,45
290958,1,1,2000,0,0,0,0,0,0,0,0,0,0
290959,1,1,2000,0,0,0,0,0,0,0,0,0,0
290959,2,1,2000,0,0,0,0,0,0,0,0,0,0
290959,3,1,2000,0,0,0,0,0,0,0,0,0,0
290960,1,1,2000,0,0,0,0,0,0,0,0,0,0
290960,2,1,2000,0,0,0,0,0,0,0,26,0,0
290961,1,1,2000,0,0,0,0,0,0,0,0,0,0
290961,2,1,2000,0,0,0,0,0,0,0,0,0,0
290962,0,1,2000,14,0,0,7,16,6,0,0,16,24
290962,1,1,2000,0,0,0,0,0,0,0,8,0,0
290963,1,1,2000,0,0,0,0,20,0,0,0,0,0
290964,0,1,2000,0,0,0,0,0,0,0,0,0,0
290964,0,2,2000,19,16,21,0,14,2,16,25,0,26
290964,1,1,2000,20,20,20,20,20,20,20,20,20,20
290965,1,1,2000,0,0,0,0,0,0,0,0,0,0
290965,2,1,2000,0,0,0,0,0,0,0,0,0,0
290966,1,1,2000,0,23,0,0,0,0,10,0,0,0
290967,1,1,2000,0,0,0,0,0,0,0,0,0,0
290967,2,1,2000,0,0,0,0,0,0,0,0,0,0
290968,1,1,2000,0,0,0,0,0,0,0,0,0,0
290968,2,1,2000,0,0,0,0,0,0,0,0,0,0
290969,1,1,2000,0,0,0,0,0,0,0,0,0,0
290970,1,1,2000,0,0,0,0,0,0,0,0,0,0
290970,2,1,2000,0,20,0,0,0,0,0,0,0,0
290971,0,1,2000,0,0,0,0,0,0,0,0,0,0
290971,1,1,2000,0,0,0,0,0,0,0,0,0,0
290971,2,1,2000,0,0,0,0,0,0,0,0,16,0
290971,3,1,2000,0,0,0,0,0,0,0,0,0,0
290972,1,1,2000,0,0,0,0,0,0,0,0,0,0
290973,1,1,2000,15,15,15,15,15,15,15,15,15,15
290974,1,1,2000,0,0,0,0,0,0,0,0,0,0
290974,2,1,2000,0,0,0,0,0,0,0,0,0,0
290975,1,1,2000,0,0,0,0,0,0,0,0,0,0
290975,2,1,2000,0,0,0,0,0,0,0,0,0,0
290976,1,1,2000,25,15,11,11,10,31,11,21,9,15
290976,2,1,2000,0,0,8,0,0,7,0,0,6,19
290977,1,1,2000,18,15,0,28,18,0,20,11,0,11
290977,2,1,2000,8,21,0,0,0,0,13,0,15,0
290978,1,1,2000,0,0,15,0,0,0,0,0,8,0
290978,2,1,2000,13,0,19,0,18,0,0,9,0,0
290978,3,1,2000,0,0,0,0,0,0,0,0,0,0
290979,1,1,2000,13,13,13,13,13,13,13,13,13,13
290979,2,1,2000,0,0,0,10,0,0,0,0,0,0
290980,1,1,2000,0,0,0,0,0,0,0,0,0,0
290980,2,1,2000,0,0,0,0,0,0,0,0,0,0
290981,1,1,2000,6,0,16,0,5,10,24,21,0,21
290981,2,1,2000,10,10,10,10,10,10,10,10,10,10
290982,1,1,2000,0,0,0,0,0,0,0,0,0,0
290983,1,1,2000,12,12,12,12,12,12,12,12,12,12
290984,1,1,2000,0,0,0,0,0,0,0,0,0,0
290984,2,1,2000,0,13,0,0,0,0,0,0,0,0
290985,1,1,2000,0,0,0,0,0,0,0,0,0,0
290986,1,1,2000,0,0,0,0,0,0,0,0,0,0
290986,2,1,2000,0,0,0,0,0,0,0,0,0,0
290987,0,1,2000,40,40,40,40,40,40,40,40,40,40
290987,1,1,2000,0,18,0,13,0,11,0,0,0,0
290988,1,1,2000,0,0,0,0,0,0,0,0,0,12
290988,2,1,2000,0,0,0,0,0,0,0,0,0,0
290989,0,1,2000,0,0,0,0,16,0,0,0,22,0
290989,1,1,2000,0,18,0,0,0,0,10,0,0,0
290990,1,1,2000,31,31,31,31,31,31,31,31,31,31
290990,2,1,2000,0,4,30,0,0,0,19,0,0,5
290991,0,1,2000,0,0,0,0,0,0,0,0,0,0
290991,1,1,2000,0,0,0,28,0,0,0,0,0,0
290992,1,1,2000,0,0,0,0,0,0,0,13,0,0
300001,1,1,2000,22,15,17,33,15,5,13,17,11,17
300002,1,1,2000,9,7,21,10,0,11,13,20,15,0
300003,1,1,2000,0,0,0,0,0,0,0,2,0,13
300004,1,1,2000,0,0,0,0,0,0,0,0,0,0
300004,2,1,2000,0,0,0,0,0,0,0,0,0,0
300005,1,1,2000,6,33,0,9,24,18,5,0,0,28
300006,1,1,2000,0,0,0,0,10,0,0,0,12,0
300007,1,1,2000,0,0,0,0,0,0,0,0,0,0
300007,2,1,2000,8,18,9,17,16,27,13,15,15,19
300008,1,1,2000,26,20,11,38,28,16,18,14,19,12
300009,1,1,2000,0,0,0,0,0,0,0,19,0,0
300009,2,1,2000,0,0,0,0,0,0,0,0,0,0
300010,1,1,2000,0,0,0,0,0,0,0,0,0,0
300010,2,1,2000,0,0,0,0,0,0,0,0,0,0
300011,0,1,2000,0,38,0,0,0,0,0,0,0,0
300011,1,1,2000,0,0,0,0,0,0,0,0,0,0
300012,1,1,2000,2,16,20,10,6,26,31,6,0,23
300013,1,1,2000,0,0,0,0,0,0,0,0,0,0
300013,2,1,2000,0,0,0,0,0,0,0,0,17,0
300014,1,1,2000,0,10,14,0,0,0,0,0,0,0
300014,2,1,2000,0,0,0,0,0,0,0,0,0,0
300014,3,1,2000,0,0,0,8,0,0,0,0,0,0
300015,1,1,2000,10,20,33,14,23,16,32,8,12,16
300016,1,1,2000,0,15,0,0,0,0,0,0,0,0
300017,1,1,2000,28,24,20,24,29,10,25,17,12,13
300019,0,1,2000,0,0,0,0,17,0,3,0,0,0
300019,1,1,2000,0,0,0,0,0,0,0,0,0,0
300020,1,1,2000,26,15,12,13,8,19,0,14,22,16
300021,1,1,2000,0,0,0,8,0,6,10,0,15,0
300022,1,1,2000,22,12,6,13,0,0,0,0,21,0
300023,1,1,2000,18,0,0,0,0,19,0,0,0,0
300024,1,1,2000,41,41,41,41,41,41,41,41,41,41
300025,1,1,2000,12,34,14,25,19,0,13,12,24,28
300025,2,1,2000,2,0,0,19,0,0,0,0,0,0
300026,1,1,2000,0,0,0,0,0,0,0,0,0,0
300027,1,1,2000,0,0,0,0,0,0,0,0,15,0
300027,2,1,2000,0,0,0,0,0,0,0,0,0,0
300028,1,1,2000,4,0,0,0,0,0,0,0,0,0
300028,2,1,2000,20,20,20,20,20,20,20,20,20,20
300029,1,1,2000,0,0,0,0,0,0,0,0,0,0
300030,1,1,2000,0,0,0,0,0,0,0,0,0,0
300030,2,1,2000,24,30,12,17,27,26,29,35,30,12
300031,1,1,2000,0,0,0,0,0,0,0,0,0,0
300031,2,1,2000,0,0,0,0,0,4,0,0,0,0
300032,1,1,2000,16,20,17,15,18,18,19,16,10,11
300032,2,1,2000,5,0,0,0,0,0,14,0,0,0
300033,1,1,2000,21,21,21,21,21,21,21,21,21,21
300034,1,1,2000,0,0,0,0,0,0,0,0,0,0
300034,2,1,2000,0,0,0,0,0,0,0,0,0,0
300035,1,1,2000,11,11,11,11,11,11,11,11,11,11
300036,1,1,2000,0,0,0,0,0,0,0,0,0,0
300037,1,1,2000,0,0,0,0,0,12,0,0,0,0
300037,2,1,2000,0,0,0,0,0,0,0,0,0,0
300038,1,1,2000,0,0,0,18,10,7,10,0,0,0
300039,1,1,2000,0,0,0,0,0,0,0,0,0,0
300039,2,1,2000,0,0,0,0,0,0,0,0,0,0
300040,1,1,2000,19,19,19,19,19,19,19,19,19,19
300041,1,1,2000,20,20,20,20,20,20,20,20,20,20
300042,1,1,2000,0,0,0,0,0,0,0,0,0,0
300043,1,1,2000,0,0,0,0,0,0,0,0,0,0
300044,1,1,2000,17,17,17,17,17,17,17,17,17,17
300045,0,1,2000,9,0,40,0,10,0,19,0,12,0
300045,1,1,2000,0,0,0,0,0,0,0,0,0,0
300047,0,1,2000,24,24,24,24,24,24,24,24,24,24
300047,1,1,2000,0,0,0,0,0,0,0,0,0,0
300048,0,1,2000,0,0,0,0,0,0,0,0,0,0
300048,1,1,2000,0,0,0,0,0,0,0,0,0,0
300048,2,1,2000,0,0,0,0,0,0,0,0,0,0
300049,0,1,2000,30,30,30,30,30,30,30,30,30,30
300049,1,1,2000,0,0,0,0,0,0,0,0,0,0
300050,1,1,2000,0,0,0,0,0,0,22,0,0,28
300050,2,1,2000,0,0,0,0,0,0,0,0,0,0
300051,1,1,2000,0,0,0,0,0,0,0,0,0,0
300052,1,1,2000,0,0,0,0,0,0,0,0,0,0
300052,2,1,2000,0,0,0,0,0,14,11,0,0,0
300053,1,1,2000,0,0,0,0,0,0,0,0,0,0
300054,1,1,2000,0,0,0,0,0,0,0,0,0,0
300054,2,1,2000,0,0,0,0,0,0,0,0,0,0
300055,1,1,2000,25,11,8,38,8,5,12,16,8,12
300056,1,1,2000,0,0,0,0,0,0,0,0,0,0
300056,2,1,2000,0,0,0,0,0,0,0,0,0,0
300057,1,1,2000,0,0,0,0,0,0,0,0,0,0
300057,2,1,2000,0,0,0,0,0,0,0,0,0,0
300058,1,1,2000,0,0,0,0,0,0,0,0,0,0
300059,1,1,2000,0,0,0,0,0,0,24,0,0,0
300060,1,1,2000,0,0,0,0,0,0,0,0,0,0
300060,2,1,2000,0,0,0,0,0,0,0,0,0,0
300061,1,1,2000,6,24,20,14,19,19,31,12,12,27
300062,1,1,2000,29,29,29,29,29,29,29,29,29,29
300063,1,1,2000,11,18,0,23,15,34,3,17,23,12
300064,1,1,2000,18,29,13,19,18,25,28,18,22,4
300065,1,1,2000,0,0,0,0,0,0,0,0,0,0
300066,1,1,2000,0,25,22,20,25,9,12,6,23,9
300066,2,1,2000,9,0,0,0,0,0,0,9,0,0
300067,1,1,2000,0,0,0,0,0,0,0,0,0,0
300068,1,1,2000,0,0,0,0,0,0,0,0,0,0
300068,2,1,2000,0,0,0,0,0,0,0,0,0,0
300069,1,1,2000,25,25,25,25,25,25,25,25,25,25
300070,1,1,2000,17,17,17,17,17,17,17,17,17,17
300071,1,1,2000,30,28,21,10,26,12,31,40,24,21
300072,1,1,2000,0,0,16,0,0,0,0,0,0,0
300072,2,1,2000,0,0,0,0,0,0,0,0,0,0
300073,1,1,2000,21,21,21,21,21,21,21,21,21,21
300074,0,1,2000,20,21,21,21,42,20,16,26,3,22
300074,1,1,2000,0,0,0,0,0,0,0,0,0,0
300075,1,1,2000,0,0,0,18,0,0,0,0,0,0
300075,2,1,2000,0,0,0,0,0,0,0,12,0,0
300076,1,1,2000,31,31,31,31,31,31,31,31,31,31
300077,1,1,2000,0,0,0,0,0,0,0,0,0,0
300078,1,1,2000,0,0,0,0,29,0,16,0,0,19
300079,1,1,2000,0,0,5,0,15,0,0,0,0,22
300080,1,1,2000,14,20,19,7,32,9,28,21,12,16
300081,1,1,2000,0,0,0,0,0,0,0,0,0,0
300082,1,1,2000,0,0,0,0,0,0,0,0,0,0
300082,2,1,2000,0,0,0,0,0,0,0,0,0,0
300083,1,1,2000,0,0,0,0,0,0,0,0,0,0
300084,1,1,2000,16,16,16,16,16,16,16,16,16,16
300085,1,1,2000,25,0,0,5,0,0,15,0,4,22
300085,2,1,2000,0,0,0,0,0,0,0,0,0,0
300085,3,1,2000,0,0,0,0,0,0,0,0,0,0
300086,1,1,2000,0,0,0,0,0,0,0,0,0,0
300086,2,1,2000,0,0,0,0,0,0,0,0,0,0
300087,1,1,2000,15,15,15,15,15,15,15,15,15,15
300088,1,1,2000,17,13,19,0,7,10,8,14,0,17
300089,0,1,2000,0,26,0,23,25,0,9,0,13,0
300089,1,1,2000,0,0,0,0,0,0,0,0,0,0
300090,1,1,2000,0,0,0,0,8,8,0,0,0,0
300091,1,1,2000,2,2,2,2,2,2,2,2,2,2
300091,2,1,2000,28,28,28,28,28,28,28,28,28,28
300092,1,1,2000,0,0,0,0,0,0,0,0,0,0
300092,2,1,2000,0,0,0,0,0,0,0,0,0,0
300093,1,1,2000,0,0,0,0,0,0,0,0,0,0
300094,1,1,2000,25,20,20,10,21,20,46,22,8,24
300095,1,1,2000,0,0,0,0,0,0,0,0,0,0
300095,2,1,2000,0,0,0,0,0,5,0,0,0,0
300096,1,1,2000,0,0,0,0,0,9,0,0,0,0
300096,2,1,2000,0,0,0,0,0,0,0,0,0,0
300097,1,1,2000,16,5,15,20,11,8,5,16,8,11
300097,2,1,2000,0,0,0,0,0,0,0,0,23,0
300098,1,1,2000,0,0,0,0,0,0,0,0,0,0
300099,1,1,2000,29,24,17,33,16,23,3,10,22,24
300100,1,1,2000,35,35,35,35,35,35,35,35,35,35
300100,2,1,2000,0,0,0,0,0,0,0,0,0,0
300101,1,1,2000,0,0,0,0,0,0,0,0,0,0
300101,2,1,2000,27,17,0,13,0,0,18,0,22,0
300102,1,1,2000,43,13,0,15,17,26,0,0,0,0
300102,2,1,2000,0,0,0,0,0,0,0,0,0,0
300103,1,1,2000,0,7,14,20,16,0,0,7,0,0
300104,1,1,2000,0,0,0,0,0,0,0,0,0,0
300105,1,1,2000,13,13,13,13,13,13,13,13,13,13
300105,2,1,2000,8,8,8,8,8,8,8,8,8,8
300106,1,1,2000,22,10,24,16,12,15,7,8,18,15
300107,1,1,2000,0,0,0,0,0,0,0,0,0,0
300107,2,1,2000,0,0,0,0,0,0,0,0,0,0
300107,3,1,2000,0,0,0,0,0,0,0,0,0,0
300108,1,1,2000,0,0,0,0,0,0,0,8,0,0
300109,1,1,2000,10,9,11,20,17,4,6,41,6,12
300110,1,1,2000,13,13,13,13,13,13,13,13,13,13
300111,1,1,2000,0,0,0,0,0,0,0,0,0,0
300112,1,1,2000,18,18,18,18,18,18,18,18,18,18
300113,1,1,2000,3,15,19,7,0,9,0,20,25,0
300114,1,1,2000,0,0,0,0,0,0,0,0,0,0
300114,2,1,2000,0,0,0,0,0,0,0,0,0,0
300114,3,1,2000,0,0,0,0,0,0,0,0,0,0
300115,1,1,2000,0,0,0,0,0,0,0,0,0,0
300115,2,1,2000,0,0,11,0,0,0,0,0,0,0
300115,3,1,2000,0,0,0,0,0,0,0,0,0,0
300115,4,1,2000,0,0,0,0,0,0,0,0,0,0
300116,1,1,2000,0,0,0,0,0,0,0,0,0,0
300116,2,1,2000,22,22,22,22,22,22,22,22,22,22