ST_CASE,VEH_NO,PER_NO,YEAR,P1,P2,P3,P4,P5,P6,P7,P8,P9,P10
310201,1,1,2000,0,0,0,0,0,0,0,0,0,0
310201,2,1,2000,0,0,0,0,0,0,0,0,0,0
310201,3,1,2000,1,1,1,1,1,1,1,1,1,1
310201,4,1,2000,0,0,0,0,0,0,0,0,0,0
310201,5,1,2000,1,1,1,1,1,1,1,1,1,1
310202,1,1,2000,11,36,0,21,24,10,16,9,9,18
310203,0,1,2000,2,2,2,2,2,2,2,2,2,2
310203,2,1,2000,0,0,0,0,0,0,0,0,0,0
310204,1,1,2000,13,13,13,13,13,13,13,13,13,13
310205,1,1,2000,0,0,0,0,0,0,0,0,0,0
310206,0,1,2000,11,0,20,0,0,0,12,0,0,0
310206,1,1,2000,0,0,0,0,0,0,0,0,0,0
310207,1,1,2000,0,0,0,0,0,0,0,0,0,0
310208,1,1,2000,33,0,0,0,24,26,11,0,0,0
310209,1,1,2000,12,12,12,12,12,12,12,12,12,12
310210,1,1,2000,14,14,14,14,14,14,14,14,14,14
310211,1,1,2000,29,29,29,29,29,29,29,29,29,29
310211,2,1,2000,0,0,0,0,0,0,0,0,0,0
310212,1,1,2000,0,0,0,0,0,0,0,0,0,0
310213,1,1,2000,4,4,4,4,4,4,4,4,4,4
310214,1,1,2000,0,0,0,0,0,0,0,0,0,0
310214,2,1,2000,13,13,13,13,13,13,13,13,13,13
310215,1,1,2000,0,17,27,0,12,41,38,22,27,20
310216,1,1,2000,0,0,0,0,0,0,0,0,0,0
310217,1,1,2000,0,0,0,0,0,0,0,0,0,0
310217,2,1,2000,0,0,0,0,0,0,0,0,0,0
310218,1,1,2000,0,0,0,0,0,0,0,0,0,0
310219,1,1,2000,0,0,0,0,0,0,0,0,0,0
310219,2,1,2000,21,21,21,21,21,21,21,21,21,21
310220,1,1,2000,0,0,0,0,0,0,0,0,0,0
310221,0,1,2000,25,25,25,25,25,25,25,25,25,25
310221,1,1,2000,0,0,0,0,0,0,0,0,0,0
310222,1,1,2000,1,1,1,1,1,1,1,1,1,1
310222,2,1,2000,0,0,0,0,0,0,0,0,0,0
310223,1,1,2000,0,0,0,0,0,0,0,0,0,0
310224,1,1,2000,17,17,17,17,17,17,17,17,17,17
310224,2,1,2000,0,0,0,0,15,0,0,0,0,0
310225,1,1,2000,20,20,20,20,20,20,20,20,20,20
310226,1,1,2000,0,0,0,0,0,0,0,0,0,0
310226,2,1,2000,0,0,0,0,0,0,0,0,0,0
310227,1,1,2000,0,0,0,0,0,0,0,0,0,0
310227,2,1,2000,0,0,0,0,0,0,0,0,0,0
310228,1,1,2000,0,0,0,0,0,0,0,0,0,0
310228,2,1,2000,0,0,0,0,0,0,0,0,0,0
310229,1,1,2000,0,0,0,0,0,0,0,0,0,0
310229,2,1,2000,0,0,0,0,0,0,0,0,0,0
310230,1,1,2000,0,0,0,0,0,0,0,0,0,0
310230,2,1,2000,0,0,0,0,0,0,0,0,0,0
310231,1,1,2000,0,0,0,0,0,0,0,0,0,0
310231,2,1,2000,0,0,0,0,0,0,0,0,0,0
310232,1,1,2000,1,1,1,1,1,1,1,1,1,1
310233,1,1,2000,22,22,22,22,22,22,22,22,22,22
310234,1,1,2000,0,0,0,0,0,0,0,0,0,0
310234,2,1,2000,0,0,0,0,0,0,0,0,0,0
310235,0,1,2000,13,13,13,13,13,13,13,13,13,13
310235,1,1,2000,0,0,0,0,0,0,0,0,0,0
310236,1,1,2000,0,0,0,0,0,0,0,0,0,0
310236,2,1,2000,0,0,0,0,0,0,0,0,0,0
310237,1,1,2000,0,0,0,0,0,0,0,0,0,0
310238,1,1,2000,0,0,0,0,0,0,0,0,0,0
310239,1,1,2000,0,0,0,0,0,0,0,0,0,0
310239,2,1,2000,0,0,0,0,0,0,0,0,0,0
310240,1,1,2000,22,22,22,22,22,22,22,22,22,22
310241,0,1,2000,0,0,0,0,0,0,0,0,0,0
310241,1,1,2000,0,0,0,0,0,0,0,0,0,0
310242,1,1,2000,1,1,1,1,1,1,1,1,1,1
320001,1,1,2000,22,22,22,22,22,22,22,22,22,22
320001,2,1,2000,6,0,0,0,0,0,0,0,0,0
320002,1,1,2000,23,23,23,23,23,23,23,23,23,23
320002,2,1,2000,0,0,0,0,0,0,0,9,0,0
320003,1,1,2000,14,14,14,14,14,14,14,14,14,14
320003,2,1,2000,0,0,0,0,0,0,0,0,0,0
320003,3,1,2000,0,0,0,0,0,0,0,0,18,0
320004,1,1,2000,0,0,0,0,0,0,0,0,0,0
320004,2,1,2000,0,0,0,0,0,0,19,0,0,0
320005,0,1,2000,0,0,0,0,0,0,0,0,0,0
320005,1,1,2000,0,0,0,0,0,0,0,0,7,0
320006,1,1,2000,0,0,0,0,0,0,0,0,0,0
320006,2,1,2000,0,0,0,0,0,0,0,0,0,0
320006,3,1,2000,0,0,0,0,0,0,0,0,0,0
320007,1,1,2000,0,0,0,0,0,0,0,0,0,0
320008,1,1,2000,2,2,2,2,2,2,2,2,2,2
320009,1,1,2000,0,0,0,0,0,0,0,0,21,0
320010,1,1,2000,29,29,29,29,29,29,29,29,29,29
320011,0,1,2000,0,0,0,0,0,0,0,0,0,0
320011,1,1,2000,0,0,0,0,0,0,0,0,0,0
320012,0,1,2000,0,0,0,0,0,0,0,0,0,0
320012,0,2,2000,16,0,0,10,17,8,0,4,0,0
320012,1,1,2000,0,0,0,0,0,0,0,0,0,0
320013,0,1,2000,21,21,21,21,21,21,21,21,21,21
320013,1,1,2000,0,0,0,0,0,0,0,0,0,0
320014,1,1,2000,21,21,21,21,21,21,21,21,21,21
320014,2,1,2000,0,0,0,0,0,0,0,0,0,0
320015,1,1,2000,14,14,14,14,14,14,14,14,14,14
320015,2,1,2000,0,0,0,0,0,0,0,0,0,0
320015,3,1,2000,0,0,0,0,0,0,0,0,0,0
320015,4,1,2000,0,0,0,0,0,0,0,0,0,0
320016,1,1,2000,0,0,0,0,0,0,0,0,0,0
320016,2,1,2000,2,2,2,2,2,2,2,2,2,2
320017,0,1,2000,0,0,0,0,0,0,0,0,0,0
320017,1,1,2000,0,0,0,0,0,0,0,0,0,24
320018,1,1,2000,0,0,0,0,0,0,0,0,0,0
320018,2,1,2000,0,0,0,0,0,0,0,0,0,0
320019,1,1,2000,24,24,24,24,24,24,24,24,24,24
320020,1,1,2000,12,12,12,12,12,12,12,12,12,12
320021,1,1,2000,0,0,0,0,0,0,0,0,0,0
320021,2,1,2000,0,0,0,0,0,0,0,0,0,0
320022,1,1,2000,9,9,9,9,9,9,9,9,9,9
320023,1,1,2000,0,0,0,0,0,0,24,0,0,0
320023,2,1,2000,0,0,0,0,0,0,0,0,0,0
320023,3,1,2000,0,0,0,0,0,0,0,0,0,0
320024,0,1,2000,22,22,22,22,22,22,22,22,22,22
320024,1,1,2000,27,0,0,0,8,18,0,19,0,0
320025,1,1,2000,0,0,0,0,0,0,0,0,0,0
320025,2,1,2000,0,0,0,0,0,0,0,0,0,0
320026,1,1,2000,0,0,0,0,0,0,0,0,0,0
320026,2,1,2000,0,0,0,0,0,0,0,0,0,0
320027,1,1,2000,22,22,22,22,22,22,22,22,22,22
320028,1,1,2000,18,18,18,18,18,18,18,18,18,18
320028,2,1,2000,0,0,0,0,0,0,0,10,0,0
320028,3,1,2000,0,0,19,0,0,0,0,0,0,0
320028,4,1,2000,0,0,8,0,0,0,0,0,0,0
320028,5,1,2000,0,6,0,0,25,0,0,0,0,0
320029,0,1,2000,0,0,0,0,0,0,0,0,0,0
320029,0,2,2000,0,0,0,0,0,0,0,0,0,0
320029,0,3,2000,0,0,0,0,0,0,0,0,0,0
320029,0,4,2000,0,0,0,0,0,0,0,0,0,0
320029,0,5,2000,0,0,0,0,0,0,0,0,0,0
320029,0,6,2000,0,0,0,0,0,0,0,0,0,0
320029,0,7,2000,0,0,0,0,0,0,0,0,0,0
320029,1,1,2000,0,0,0,0,0,0,0,0,0,0
320030,1,1,2000,0,0,0,0,0,0,0,0,0,0
320030,2,1,2000,6,6,6,6,6,6,6,6,6,6
320031,0,1,2000,0,0,0,0,0,0,0,0,0,0
320031,1,1,2000,0,0,0,0,0,0,0,0,0,0
320032,0,1,2000,0,0,0,2,0,0,13,0,0,0
320032,1,1,2000,9,9,9,9,9,9,9,9,9,9
320033,0,1,2000,0,0,0,0,0,0,0,0,0,0
320033,0,2,2000,0,0,0,0,0,0,0,0,38,0
320033,1,1,2000,0,0,0,0,0,0,0,0,0,0
320034,1,1,2000,0,0,0,0,0,0,0,0,0,0
320034,2,1,2000,0,0,0,0,0,0,0,0,0,0
320035,0,1,2000,0,0,0,0,0,0,0,0,0,0
320035,1,1,2000,0,0,0,0,19,0,0,0,0,0
320036,1,1,2000,0,0,0,0,0,0,0,0,0,0
320037,1,1,2000,0,0,0,0,0,0,0,0,0,0
320038,1,1,2000,0,0,0,0,0,0,0,0,0,0
320038,2,1,2000,0,0,0,0,0,0,0,0,0,0
320039,1,1,2000,0,0,0,0,0,0,0,0,0,0
320039,2,1,2000,0,0,0,0,0,0,0,0,0,0
320040,0,1,2000,0,0,0,0,0,0,0,0,0,0
320040,1,1,2000,0,0,0,0,0,0,0,0,0,0
320041,0,1,2000,22,22,22,22,22,22,22,22,22,22
320041,1,1,2000,8,0,0,0,0,0,0,0,0,0
320042,1,1,2000,0,0,0,0,0,0,0,0,0,0
320043,1,1,2000,0,0,0,0,0,0,0,0,0,0
320043,2,1,2000,0,0,0,0,0,0,0,0,0,0
320043,3,1,2000,0,0,0,0,0,0,0,0,0,0
320044,1,1,2000,20,20,20,20,20,20,20,20,20,20
320045,1,1,2000,0,0,0,0,0,0,0,0,0,0
320045,2,1,2000,0,0,0,0,0,7,0,0,0,0
320046,1,1,2000,0,0,0,0,0,0,0,0,0,0
320047,1,1,2000,12,12,12,12,12,12,12,12,12,12
320048,1,1,2000,15,15,15,15,15,15,15,15,15,15
320049,1,1,2000,0,0,0,0,0,0,0,0,0,0
320050,1,1,2000,0,0,0,0,0,0,0,0,0,0
320051,1,1,2000,5,14,20,0,8,21,11,29,25,19
320052,1,1,2000,30,30,30,30,30,30,30,30,30,30
320053,1,1,2000,0,0,0,0,0,0,0,0,0,0
320054,1,1,2000,17,17,17,17,17,17,17,17,17,17
320055,1,1,2000,0,0,0,0,0,0,0,0,0,0
320055,2,1,2000,0,0,0,0,0,0,0,0,0,0
320056,0,1,2000,0,0,0,0,0,0,0,0,0,0
320056,0,2,2000,0,0,6,27,0,7,0,0,22,19
320056,0,3,2000,0,0,0,0,0,0,0,0,42,0
320056,0,4,2000,13,0,0,6,0,0,14,0,0,0
320056,0,5,2000,0,0,0,0,22,0,0,0,9,0
320056,1,1,2000,0,0,0,0,9,8,0,0,0,0
320056,2,1,2000,0,0,0,0,0,0,10,0,0,6
320057,1,1,2000,6,11,7,13,12,10,3,0,7,3
320057,2,1,2000,0,0,0,0,0,0,0,0,0,0
320058,1,1,2000,0,0,0,0,0,0,0,0,0,0
320059,1,1,2000,0,0,0,0,0,0,0,0,0,0
320060,1,1,2000,8,8,8,8,8,8,8,8,8,8
320060,2,1,2000,28,0,33,21,15,0,26,19,0,25
320061,1,1,2000,0,22,28,0,0,23,2,0,0,6
320062,1,1,2000,0,0,0,0,0,0,0,0,0,0
320063,1,1,2000,0,0,0,0,0,0,0,0,0,0
320063,2,1,2000,0,10,0,0,18,0,0,0,0,0
320064,1,1,2000,0,0,0,0,0,0,0,0,0,0
320064,2,1,2000,0,0,0,0,0,0,0,0,0,0
320065,1,1,2000,22,22,22,22,22,22,22,22,22,22
320065,2,1,2000,0,0,0,0,0,0,0,0,0,0
320066,1,1,2000,0,0,0,0,0,0,0,0,0,0
320067,1,1,2000,0,0,0,0,0,0,0,0,0,0
320067,2,1,2000,0,0,0,0,0,0,0,0,0,0
320067,3,1,2000,0,0,0,0,0,0,0,0,0,0
320068,1,1,2000,0,0,0,0,0,0,0,0,0,0
320068,2,1,2000,0,0,0,0,0,0,0,0,0,0
320069,1,1,2000,0,0,0,0,0,0,0,0,0,0
320069,2,1,2000,0,0,0,0,0,0,0,0,0,0
320070,1,1,2000,0,0,0,0,0,0,0,0,0,0
320070,2,1,2000,7,7,7,7,7,7,7,7,7,7
320071,1,1,2000,0,0,0,0,0,0,0,0,0,0
320072,1,1,2000,20,20,20,20,20,20,20,20,20,20
320073,1,1,2000,20,6,27,32,8,0,25,52,0,15
320073,2,1,2000,0,0,0,0,0,0,0,0,0,0
320074,1,1,2000,0,15,0,0,0,0,0,0,0,0
320074,2,1,2000,19,19,19,19,19,19,19,19,19,19
320075,1,1,2000,0,0,0,0,0,0,0,0,0,0
320075,2,1,2000,1,1,1,1,1,1,1,1,1,1
320076,1,1,2000,27,27,27,27,27,27,27,27,27,27
320077,1,1,2000,37,37,37,37,37,37,37,37,37,37
320078,1,1,2000,0,0,0,0,0,0,0,0,0,0
320079,1,1,2000,0,0,0,0,0,0,0,0,0,0
320080,1,1,2000,2,2,2,2,2,2,2,2,2,2
320080,2,1,2000,2,2,2,2,2,2,2,2,2,2
320081,1,1,2000,28,28,28,28,28,28,28,28,28,28
320082,1,1,2000,2,2,2,2,2,2,2,2,2,2
320083,0,1,2000,15,15,15,15,15,15,15,15,15,15
320083,1,1,2000,18,18,18,18,18,18,18,18,18,18
320084,0,1,2000,22,22,22,22,22,22,22,22,22,22
320084,1,1,2000,0,0,0,0,0,0,11,0,0,20
320084,2,1,2000,0,0,0,0,3,0,0,0,0,0
320084,3,1,2000,0,0,9,0,0,0,12,0,9,0
320085,1,1,2000,0,0,0,0,0,0,0,0,0,0
320085,2,1,2000,3,19,0,11,15,9,10,0,11,8
320085,3,1,2000,12,9,10,9,0,0,0,0,0,0
320086,1,1,2000,0,0,0,0,0,0,0,0,0,0
320086,2,1,2000,0,0,0,0,0,0,0,0,0,0
320086,3,1,2000,0,17,0,0,0,0,0,0,0,0
320087,1,1,2000,17,17,17,17,17,17,17,17,17,17
320088,1,1,2000,0,0,0,0,0,0,0,0,0,0
320088,2,1,2000,0,0,0,0,0,0,0,0,0,0
320089,1,1,2000,0,0,0,0,0,0,0,0,0,0
320089,2,1,2000,7,7,7,7,7,7,7,7,7,7
320090,1,1,2000,0,0,0,0,0,0,0,0,0,0
320091,1,1,2000,0,0,0,0,0,0,0,0,0,0
320092,1,1,2000,34,34,34,34,34,34,34,34,34,34
320093,1,1,2000,0,0,0,0,0,0,0,0,0,0
320094,0,1,2000,0,0,0,0,0,0,0,0,0,0
320094,1,1,2000,7,0,0,0,0,0,0,0,0,0
320095,0,1,2000,0,0,0,0,0,0,0,0,0,0
320095,1,1,2000,0,0,0,0,0,0,0,0,0,0
320096,1,1,2000,0,4,0,0,0,0,0,0,0,0
320096,2,1,2000,0,0,0,0,0,0,0,0,0,0
320097,0,1,2000,0,0,0,0,0,0,0,0,0,0
320097,1,1,2000,0,0,0,0,0,0,0,0,0,0
320098,1,1,2000,17,17,17,17,17,17,17,17,17,17
320099,0,1,2000,0,0,0,0,0,0,0,0,0,0
320099,1,1,2000,0,0,0,0,0,0,0,0,0,0
320100,1,1,2000,0,0,0,0,0,0,0,0,0,0
320100,2,1,2000,0,0,0,0,0,0,0,0,0,0
320101,1,1,2000,8,0,12,14,9,10,9,0,0,8
320102,1,1,2000,21,21,21,21,21,21,21,21,21,21
320102,2,1,2000,0,0,0,0,0,0,0,0,0,0
320102,3,1,2000,0,0,0,0,0,0,0,0,0,0
320103,1,1,2000,0,0,0,0,0,0,14,0,21,0
320104,1,1,2000,7,0,0,0,29,26,28,0,16,15
320104,2,1,2000,0,8,9,0,0,0,0,0,0,0
320105,1,1,2000,17,17,17,17,17,17,17,17,17,17
320105,2,1,2000,0,0,0,0,0,0,0,0,0,0
320106,1,1,2000,11,11,11,11,11,11,11,11,11,11
320107,0,1,2000,0,0,0,0,0,0,0,0,0,0
320107,1,1,2000,0,12,14,0,0,11,28,0,0,0
320108,1,1,2000,0,0,0,0,0,0,20,0,0,0
320109,0,1,2000,6,6,6,6,6,6,6,6,6,6
320110,1,1,2000,0,0,0,0,0,0,0,0,0,0
320110,2,1,2000,0,0,0,0,0,0,0,0,0,0
320111,1,1,2000,0,0,0,0,0,0,0,0,0,0
320112,1,1,2000,18,18,18,18,18,18,18,18,18,18
320112,2,1,2000,19,0,0,0,0,0,0,0,0,0
320113,1,1,2000,0,0,0,0,0,0,0,0,0,0
320114,1,1,2000,18,18,18,18,18,18,18,18,18,18
320114,2,1,2000,0,0,0,22,9,0,0,0,0,0
320115,1,1,2000,0,0,0,0,0,0,0,0,0,0
320115,2,1,2000,0,0,0,0,0,6,0,0,0,0
320116,1,1,2000,0,0,0,0,0,0,0,0,0,0
320117,1,1,2000,0,0,0,0,0,0,0,0,0,0
320117,2,1,2000,0,0,0,0,0,0,0,0,0,0
320117,3,1,2000,10,0,0,0,13,0,0,0,0,0
320118,1,1,2000,2,2,2,2,2,2,2,2,2,2
320118,2,1,2000,0,0,0,0,0,0,0,0,0,0
320119,0,1,2000,46,46,46,46,46,46,46,46,46,46
320119,1,1,2000,0,13,0,15,0,0,0,0,0,28
320120,1,1,2000,7,7,7,7,7,7,7,7,7,7
320120,2,1,2000,0,0,0,0,0,0,0,0,0,0
320120,3,1,2000,0,0,0,0,0,0,0,0,0,0
320120,4,1,2000,0,0,0,9,0,0,0,0,6,15
320120,5,1,2000,0,9,0,0,0,0,0,0,11,0
320121,0,1,2000,0,0,0,0,0,0,0,0,0,0
320121,1,1,2000,0,0,0,0,0,0,4,0,0,0
320122,1,1,2000,22,22,22,22,22,22,22,22,22,22
320123,1,1,2000,0,0,0,0,0,0,0,0,0,0
320124,1,1,2000,0,0,0,0,0,0,0,0,0,0
320125,0,1,2000,0,0,0,0,0,0,0,0,0,0
320125,1,1,2000,0,0,0,0,0,0,0,0,0,0
320126,0,1,2000,0,0,0,0,0,0,0,0,0,0
320126,1,1,2000,0,0,0,4,0,3,14,0,16,0
320127,1,2,2000,0,0,0,0,0,0,0,0,0,0
320128,1,1,2000,28,28,28,28,28,28,28,28,28,28
320129,1,1,2000,23,23,23,23,23,23,23,23,23,23
320129,2,1,2000,0,0,15,6,0,7,19,7,25,13
320130,1,1,2000,0,0,0,0,0,0,0,0,0,0
320130,2,1,2000,0,0,0,0,0,0,0,0,0,5
320131,1,1,2000,10,31,7,18,9,28,10,8,8,23
320132,1,1,2000,11,11,11,11,11,11,11,11,11,11
320133,1,1,2000,0,14,0,0,0,0,0,10,0,0
320134,1,1,2000,0,0,0,0,0,0,0,0,0,0
320134,2,1,2000,0,0,0,0,0,0,0,0,0,5
320135,0,1,2000,40,40,40,40,40,40,40,40,40,40
320135,1,1,2000,0,0,0,0,0,0,0,0,0,0
320136,1,1,2000,0,0,0,0,0,0,0,0,0,0
320136,2,1,2000,0,0,0,0,0,0,0,0,0,0
320137,1,1,2000,0,0,0,12,0,0,0,0,0,0
320137,2,1,2000,0,0,0,0,0,0,0,0,0,0
320138,1,1,2000,0,0,0,0,0,14,0,0,0,0
320138,2,1,2000,12,12,12,12,12,12,12,12,12,12
320139,1,1,2000,0,6,0,17,7,0,0,0,0,0
320139,2,1,2000,0,0,0,0,0,0,0,0,0,0
320140,0,1,2000,0,0,0,0,0,0,0,0,0,0
320140,1,1,2000,0,0,0,0,0,0,0,0,0,0
320140,2,1,2000,0,0,0,0,0,0,0,0,0,0
320141,1,1,2000,0,0,26,14,0,28,18,0,24,19
320142,1,1,2000,0,0,0,0,0,0,0,0,0,0
320142,2,1,2000,0,0,0,0,0,0,0,0,0,0
320143,1,1,2000,0,0,0,0,0,0,0,0,0,0
320144,1,1,2000,40,40,40,40,40,40,40,40,40,40
320144,2,1,2000,0,3,0,13,0,18,26,0,19,0
320145,0,1,2000,11,13,56,7,19,7,26,13,26,10
320145,1,1,2000,0,24,0,3,0,0,0,0,0,0
320146,1,1,2000,19,19,19,19,19,19,19,19,19,19
320147,1,1,2000,0,0,0,0,0,0,0,0,0,0
320148,1,1,2000,17,17,17,17,17,17,17,17,17,17
320148,2,1,2000,0,12,11,0,0,20,19,0,0,0
320148,3,1,2000,0,17,0,0,8,16,0,0,0,0
320149,0,1,2000,0,0,0,0,0,0,0,0,0,0
320149,1,1,2000,0,0,0,0,0,37,0,0,0,13
320150,1,1,2000,0,0,0,0,0,0,0,0,0,0
320150,2,1,2000,0,0,0,0,0,0,0,0,0,0
320151,1,1,2000,19,19,19,19,19,19,19,19,19,19
320152,1,1,2000,6,6,6,6,6,6,6,6,6,6
320153,1,1,2000,23,22,13,21,4,13,42,19,14,33
320154,1,1,2000,0,20,0,0,0,0,0,0,0,0
320155,1,1,2000,23,23,23,23,23,23,23,23,23,23
320156,1,1,2000,0,0,0,0,0,0,0,0,0,0
320157,1,1,2000,0,0,0,0,0,0,0,0,0,0
320157,2,1,2000,0,0,0,0,0,0,0,0,5,0
320158,1,1,2000,16,16,16,16,16,16,16,16,16,16
320159,1,1,2000,14,14,14,14,14,14,14,14,14,14
320160,0,1,2000,30,30,30,30,30,30,30,30,30,30
320160,1,1,2000,0,0,0,17,0,0,0,0,0,0
320161,1,1,2000,0,0,0,0,0,0,0,0,0,0
320162,1,1,2000,0,0,0,0,0,0,0,0,0,0
320163,1,1,2000,0,0,0,0,0,0,0,0,0,0
320163,2,1,2000,0,0,0,0,0,0,0,0,0,0
320164,1,1,2000,0,0,0,0,0,0,0,0,0,0
320164,2,1,2000,0,0,0,0,0,0,0,0,0,0
320165,1,1,2000,12,12,12,12,12,12,12,12,12,12
320165,2,1,2000,0,0,13,0,0,0,0,0,0,0
320166,1,1,2000,0,0,0,0,0,0,0,0,0,0
320167,1,1,2000,33,33,33,33,33,33,33,33,33,33
320168,1,1,2000,0,0,0,0,0,0,0,0,0,0
320168,2,1,2000,0,0,0,0,0,0,0,0,0,0
320169,1,1,2000,0,14,0,3,0,0,0,0,0,0
320170,1,1,2000,0,0,0,0,0,0,0,0,0,0
320171,1,1,2000,14,14,14,14,14,14,14,14,14,14
320171,2,1,2000,0,16,4,0,26,0,0,0,0,0
320172,1,1,2000,0,0,0,0,0,0,0,0,0,0
320172,2,1,2000,0,0,0,0,0,0,0,0,0,0
320173,0,1,2000,0,0,0,0,0,0,0,0,0,0
320173,1,1,2000,0,18,0,0,0,0,11,0,17,0
320174,1,1,2000,0,0,0,0,0,0,0,0,0,0
320175,0,1,2000,36,36,36,36,36,36,36,36,36,36
320175,1,1,2000,0,0,0,0,0,0,0,0,0,0
320176,1,1,2000,32,32,32,32,32,32,32,32,32,32
320177,1,1,2000,0,0,0,0,0,0,0,0,0,0
320178,1,1,2000,0,0,0,0,0,0,0,0,0,0
320178,2,1,2000,0,0,0,0,0,0,0,0,0,0
320179,1,1,2000,0,0,0,0,0,0,0,0,0,0
320179,2,1,2000,0,0,0,0,0,0,0,0,0,0
320179,3,1,2000,0,0,0,0,0,0,7,0,0,0
320179,4,1,2000,0,0,0,0,0,0,0,0,0,0
320180,1,1,2000,0,0,0,0,0,0,0,0,0,0
320181,1,1,2000,15,15,15,15,15,15,15,15,15,15
320182,1,1,2000,29,29,29,29,29,29,29,29,29,29
320183,0,1,2000,0,0,0,0,0,0,0,0,0,0
320183,1,1,2000,14,3,0,0,0,0,15,0,0,26
320184,0,1,2000,0,0,0,0,0,0,0,0,0,0
320184,1,1,2000,0,0,0,0,0,0,20,0,0,0
320185,1,1,2000,0,0,0,0,0,0,0,0,0,0
320185,2,1,2000,0,0,0,0,0,0,0,0,0,0
320186,1,1,2000,7,7,7,7,7,7,7,7,7,7
320186,2,1,2000,0,0,0,0,11,0,0,0,0,0
320187,1,1,2000,34,34,34,34,34,34,34,34,34,34
320188,1,1,2000,33,33,33,33,33,33,33,33,33,33
320189,0,1,2000,0,0,0,0,0,0,0,0,0,0
320189,1,1,2000,16,16,16,16,16,16,16,16,16,16
320190,1,1,2000,14,14,14,14,14,14,14,14,14,14
320191,1,1,2000,18,18,18,18,18,18,18,18,18,18
320192,1,1,2000,0,0,0,0,0,0,0,0,0,0
320193,1,1,2000,14,14,14,14,14,14,14,14,14,14
320194,1,1,2000,0,0,0,0,0,0,0,0,0,0
320194,2,1,2000,0,0,0,0,0,0,0,0,0,0
320195,1,1,2000,13,13,13,13,13,13,13,13,13,13
320196,1,1,2000,10,0,0,0,0,0,0,30,0,25
320197,0,1,2000,19,19,19,19,19,19,19,19,19,19
320197,1,1,2000,2,2,2,2,2,2,2,2,2,2
320198,1,1,2000,0,0,0,0,0,0,0,0,0,0
320199,1,1,2000,0,0,0,0,0,0,0,0,0,0
320199,2,1,2000,0,0,0,0,0,0,0,0,0,0
320200,1,1,2000,0,0,0,0,0,0,0,0,0,0
320200,2,1,2000,0,0,0,0,0,0,0,0,0,0
320201,1,1,2000,22,22,22,22,22,22,22,22,22,22
320202,1,1,2000,20,20,20,20,20,20,20,20,20,20
320203,1,1,2000,14,14,14,14,14,14,14,14,14,14
320203,2,1,2000,0,0,0,0,0,0,0,0,0,0
320204,1,1,2000,0,0,0,0,0,0,0,0,0,0
320204,2,1,2000,16,0,1,0,0,0,13,0,0,0
320204,3,1,2000,0,20,0,0,0,0,0,0,0,0
320205,1,1,2000,0,0,0,0,16,0,0,0,0,0
320205,2,1,2000,0,0,0,0,0,0,0,0,0,0
320205,3,1,2000,0,0,0,0,24,18,0,0,0,0
320206,1,1,2000,4,15,10,14,0,13,13,0,0,0
320207,1,1,2000,0,0,0,0,0,0,0,0,0,0
320207,2,1,2000,0,0,0,0,0,0,0,0,0,0
320208,1,1,2000,2,2,2,2,2,2,2,2,2,2
320209,0,1,2000,0,0,0,0,0,0,0,0,0,0
320209,1,1,2000,4,0,0,0,0,0,0,0,7,10
320210,1,1,2000,0,0,0,0,0,0,0,0,0,0
320210,2,1,2000,0,0,0,0,0,0,0,0,0,0
320211,1,1,2000,0,0,0,0,0,0,0,0,0,0
320212,1,1,2000,23,23,23,23,23,23,23,23,23,23
320212,2,1,2000,0,0,0,0,0,0,0,0,0,0
320213,0,1,2000,29,29,29,29,29,29,29,29,29,29
320213,1,1,2000,0,0,0,0,0,0,0,8,0,17
320214,1,1,2000,25,25,25,25,25,25,25,25,25,25
320214,2,1,2000,0,0,0,0,0,0,0,0,0,0
320214,3,1,2000,0,0,0,0,0,0,0,0,0,0
320215,1,1,2000,26,26,26,26,26,26,26,26,26,26
320216,1,1,2000,0,0,0,0,0,0,0,0,0,0
320216,2,1,2000,0,0,0,0,0,0,0,0,0,0
320217,1,1,2000,0,0,0,0,0,0,0,0,0,0
320217,2,1,2000,0,0,0,0,0,0,0,0,0,0
320217,3,1,2000,0,0,0,0,0,0,0,0,0,0
320218,1,1,2000,20,20,20,20,20,20,20,20,20,20
320219,1,1,2000,0,0,0,0,0,0,0,0,0,0
320220,1,1,2000,9,9,9,9,9,9,9,9,9,9
320221,1,1,2000,0,0,0,0,0,0,0,0,0,0
320221,2,1,2000,0,0,0,0,0,0,0,0,0,0
320221,3,1,2000,0,0,0,0,0,0,0,0,0,0
320222,1,1,2000,0,0,0,0,0,0,0,0,0,0
320223,0,1,2000,39,39,39,39,39,39,39,39,39,39
320223,1,1,2000,21,19,15,25,8,24,14,8,5,12
320224,1,1,2000,25,25,25,25,25,25,25,25,25,25
320224,2,1,2000,0,0,0,0,0,0,0,22,0,0
320225,0,1,2000,0,0,0,0,0,0,0,0,0,0
320225,0,2,2000,32,22,12,0,56,17,0,0,0,24
320225,1,1,2000,24,15,8,37,14,21,26,22,12,11