ST_CASE,VEH_NO,PER_NO,YEAR,P1,P2,P3,P4,P5,P6,P7,P8,P9,P10
340127,1,1,2000,0,0,0,0,0,0,25,0,0,0
340128,1,1,2000,0,0,0,0,0,0,0,0,0,0
340128,2,1,2000,0,6,0,0,0,0,0,0,0,0
340129,1,1,2000,0,0,0,0,0,0,0,0,0,0
340129,2,1,2000,0,0,0,0,0,0,0,0,0,0
340130,1,1,2000,0,0,12,0,9,0,0,0,0,11
340130,2,2,2000,0,27,0,0,0,0,0,22,0,0
340131,1,1,2000,6,24,0,11,0,15,0,0,8,0
340131,2,1,2000,0,0,0,0,0,0,0,0,0,0
340132,1,1,2000,0,0,0,0,0,0,0,0,0,0
340133,1,1,2000,0,24,12,0,0,0,0,5,0,0
340134,1,1,2000,13,13,13,13,13,13,13,13,13,13
340135,1,1,2000,0,0,0,0,0,0,0,0,0,0
340135,2,1,2000,0,0,0,0,0,0,0,0,0,0
340135,3,1,2000,0,0,0,0,0,0,0,0,0,0
340136,1,1,2000,0,0,18,0,11,0,0,0,0,12
340136,2,1,2000,0,0,11,0,0,0,0,0,0,0
340137,0,1,2000,0,19,0,0,0,0,0,0,0,0
340137,1,1,2000,0,0,0,0,0,0,0,0,0,0
340138,1,1,2000,0,0,0,0,0,0,0,0,0,0
340138,2,1,2000,24,0,0,0,7,0,0,0,0,0
340139,0,1,2000,27,27,27,27,27,27,27,27,27,27
340139,1,1,2000,0,0,0,0,0,0,0,0,0,0
340140,1,1,2000,10,10,10,10,10,10,10,10,10,10
340141,1,1,2000,0,0,0,0,0,0,0,0,0,0
340142,1,1,2000,0,0,0,0,0,0,0,0,0,0
340142,2,1,2000,0,0,0,0,0,0,16,4,0,0
340142,3,1,2000,0,0,0,0,0,0,0,0,0,0
340142,4,1,2000,0,0,0,0,0,0,0,0,0,0
340142,5,1,2000,18,0,0,0,0,13,28,7,0,0
340142,6,1,2000,0,0,0,0,0,0,0,0,0,0
340143,1,1,2000,0,0,0,0,0,0,0,0,0,0
340144,1,1,2000,0,0,0,0,0,0,0,0,0,0
340144,2,1,2000,0,0,0,0,0,0,0,0,0,0
340145,1,1,2000,0,0,0,0,22,0,0,0,0,0
340145,2,1,2000,15,15,15,15,15,15,15,15,15,15
340146,0,1,2000,24,24,24,24,24,24,24,24,24,24
340146,1,1,2000,0,0,0,0,0,0,0,0,0,0
340147,1,1,2000,0,0,0,0,0,0,0,0,0,0
340147,2,1,2000,0,9,0,0,0,0,8,0,0,0
340148,1,1,2000,0,0,0,0,0,0,0,0,0,0
340148,2,1,2000,24,24,24,24,24,24,24,24,24,24
340149,0,1,2000,0,0,14,0,0,0,0,0,31,20
340149,0,2,2000,0,0,0,0,0,0,0,0,0,0
340149,1,1,2000,0,0,0,0,0,0,0,0,0,0
340149,2,1,2000,10,10,10,10,10,10,10,10,10,10
340149,3,1,2000,0,0,0,0,0,0,0,0,0,0
340150,1,1,2000,0,0,0,0,0,0,0,0,0,0
340150,2,1,2000,0,0,0,0,0,0,0,0,0,0
340151,1,1,2000,0,0,0,0,0,0,0,0,0,0
340151,2,1,2000,0,0,0,0,0,0,0,0,0,0
340152,1,1,2000,0,0,0,0,0,0,0,0,0,0
340152,2,1,2000,0,0,0,0,0,0,0,0,0,0
340152,3,1,2000,0,0,0,0,0,0,0,0,0,0
340153,1,1,2000,0,0,0,0,0,0,0,0,0,0
340154,1,1,2000,0,18,0,23,0,28,18,26,12,0
340154,2,1,2000,0,0,0,0,0,0,0,0,0,0
340155,1,1,2000,0,16,7,7,0,0,0,0,22,7
340156,1,1,2000,0,0,0,0,0,0,0,0,0,0
340156,2,1,2000,7,7,7,7,7,7,7,7,7,7
340157,1,1,2000,0,0,0,0,0,0,0,0,0,0
340157,2,1,2000,0,0,0,0,0,0,0,0,0,0
340158,1,1,2000,13,13,13,13,13,13,13,13,13,13
340159,1,1,2000,0,0,0,0,0,0,0,0,0,0
340159,2,1,2000,0,0,0,0,0,0,0,0,0,0
340159,3,1,2000,0,0,0,24,0,0,0,0,0,0
340160,0,1,2000,0,0,0,0,0,0,0,0,0,0
340160,1,1,2000,0,0,0,0,0,0,10,0,0,0
340161,1,1,2000,0,14,0,0,0,0,0,0,0,0
340161,2,1,2000,0,0,0,0,0,0,0,0,0,0
340162,1,1,2000,0,0,0,0,0,0,0,0,0,0
340162,2,1,2000,0,0,0,0,0,0,0,0,0,0
340163,1,1,2000,0,0,0,0,0,0,0,0,0,0
340165,0,1,2000,28,28,28,28,28,28,28,28,28,28
340165,1,1,2000,3,18,0,8,13,0,19,0,17,19
340166,1,1,2000,0,0,0,0,0,0,0,0,0,0
340166,2,1,2000,0,0,0,0,0,0,0,0,0,0
340167,1,1,2000,0,0,8,0,0,0,0,0,0,0
340167,2,1,2000,0,0,0,0,0,0,7,0,0,0
340168,0,1,2000,0,0,0,0,0,0,0,0,0,0
340168,1,1,2000,0,0,0,0,0,0,0,0,0,0
340168,2,1,2000,0,0,0,0,0,0,13,0,0,0
340169,1,1,2000,0,0,0,0,0,0,0,0,0,0
340169,2,1,2000,0,0,0,0,0,0,0,0,0,0
340169,3,1,2000,0,0,0,0,0,0,0,0,0,0
340170,1,1,2000,13,13,13,13,13,13,13,13,13,13
340172,1,1,2000,0,0,0,0,0,0,0,0,0,0
340172,2,1,2000,0,0,0,0,0,0,0,0,0,0
340173,1,1,2000,0,0,0,0,8,0,0,0,0,14
340174,1,1,2000,0,0,0,0,0,0,0,0,0,0
340174,2,1,2000,0,17,24,18,0,23,22,0,0,18
340175,1,1,2000,28,28,28,28,28,28,28,28,28,28
340176,1,1,2000,19,19,19,19,19,19,19,19,19,19
340177,1,1,2000,13,0,0,0,0,0,0,0,0,0
340178,0,1,2000,26,26,26,26,26,26,26,26,26,26
340178,1,1,2000,21,21,21,21,21,21,21,21,21,21
340179,1,1,2000,26,26,26,26,26,26,26,26,26,26
340179,2,1,2000,0,0,0,10,0,0,0,0,0,0
340180,1,1,2000,0,0,0,0,0,0,0,0,12,0
340180,2,1,2000,0,0,0,0,0,0,0,0,4,0
340180,3,1,2000,0,0,0,0,0,0,0,0,0,0
340181,1,1,2000,28,28,28,28,28,28,28,28,28,28
340181,2,1,2000,15,15,15,15,15,15,15,15,15,15
340182,1,1,2000,0,0,0,0,0,0,0,0,0,0
340183,1,1,2000,17,17,17,17,17,17,17,17,17,17
340184,1,1,2000,21,21,21,21,21,21,21,21,21,21
340185,1,1,2000,10,10,10,10,10,10,10,10,10,10
340186,1,1,2000,16,16,16,16,16,16,16,16,16,16
340186,2,1,2000,19,19,19,19,19,19,19,19,19,19
340187,1,1,2000,0,0,0,0,0,0,0,0,0,0
340188,1,1,2000,0,8,0,0,0,0,0,0,25,0
340188,2,1,2000,0,0,6,0,7,0,17,0,0,0
340189,0,1,2000,14,14,14,14,14,14,14,14,14,14
340189,1,1,2000,0,0,0,0,0,0,0,0,0,0
340190,1,1,2000,0,0,0,0,0,0,0,0,0,0
340190,2,1,2000,0,0,0,0,0,0,0,0,0,0
340191,1,1,2000,0,0,0,0,0,0,0,0,0,0
340192,1,1,2000,19,19,19,19,19,19,19,19,19,19
340193,0,1,2000,0,0,0,0,0,0,0,0,0,0
340193,1,1,2000,0,0,0,4,0,0,0,0,0,0
340195,0,1,2000,23,23,23,23,23,23,23,23,23,23
340195,1,1,2000,0,0,0,0,0,0,0,0,0,0
340196,1,1,2000,0,0,0,0,0,0,22,0,0,0
340196,2,1,2000,0,0,0,0,0,0,0,0,0,0
340197,1,1,2000,0,0,0,0,0,0,0,0,0,0
340197,2,1,2000,0,0,0,0,0,0,0,0,0,0
340199,0,1,2000,0,0,0,0,0,0,0,0,0,0
340199,1,1,2000,0,14,0,0,0,0,19,0,0,0
340200,0,1,2000,12,12,12,12,12,12,12,12,12,12
340200,0,2,2000,12,0,22,0,0,0,0,42,16,0
340200,1,1,2000,0,0,28,10,20,5,0,0,21,0
340200,2,1,2000,0,0,0,0,13,0,6,0,0,19
340200,3,1,2000,0,27,0,0,0,0,0,0,0,0
340201,1,1,2000,14,14,14,14,14,14,14,14,14,14
340202,1,1,2000,0,0,0,0,0,0,0,0,6,0
340202,2,1,2000,0,0,16,0,0,0,13,2,9,0
340203,1,1,2000,0,0,0,0,0,3,9,18,0,0
340203,2,1,2000,0,0,0,0,0,0,0,0,0,0
340206,0,1,2000,13,13,13,13,13,13,13,13,13,13
340206,1,1,2000,0,0,0,0,0,0,0,0,13,0
340207,1,1,2000,28,28,28,28,28,28,28,28,28,28
340208,1,1,2000,0,0,0,0,0,0,0,0,0,0
340208,2,1,2000,0,0,0,0,0,0,0,0,0,0
340208,3,1,2000,0,0,0,0,0,0,0,0,0,0
340209,1,1,2000,0,0,0,0,0,0,0,0,0,0
340209,2,1,2000,0,0,0,0,0,0,0,0,5,14
340210,1,1,2000,0,0,0,0,0,0,0,0,0,0
340210,2,1,2000,18,18,18,18,18,18,18,18,18,18
340211,1,1,2000,0,0,0,0,0,0,0,0,0,0
340211,2,1,2000,0,0,7,5,0,0,11,0,2,0
340212,1,1,2000,22,22,22,22,22,22,22,22,22,22
340213,1,1,2000,0,0,0,0,0,0,0,0,0,0
340214,1,1,2000,0,0,0,0,0,0,0,0,0,0
340214,2,1,2000,7,0,0,0,16,0,0,0,0,0
340215,1,1,2000,0,0,0,0,0,0,0,0,0,0
340216,1,1,2000,25,15,17,18,9,7,15,11,0,30
340217,0,1,2000,0,0,0,0,0,0,0,0,0,0
340217,1,1,2000,0,19,0,0,0,0,0,6,0,0
340218,1,1,2000,0,0,0,0,0,0,0,0,0,0
340219,1,1,2000,0,0,0,0,0,0,0,0,0,0
340219,2,1,2000,0,0,0,0,0,0,0,0,0,0
340220,1,1,2000,9,9,9,9,9,9,9,9,9,9
340220,2,1,2000,0,0,0,0,0,0,0,0,0,0
340221,0,1,2000,13,13,13,13,13,13,13,13,13,13
340221,1,1,2000,0,0,0,0,0,0,0,0,0,0
340222,1,1,2000,0,0,0,0,0,0,0,0,0,0
340222,2,1,2000,0,0,0,0,0,0,0,0,0,0
340222,3,1,2000,0,0,0,0,0,0,0,0,0,0
340222,4,1,2000,0,0,0,3,0,0,0,0,0,0
340222,5,1,2000,0,0,14,0,0,0,0,14,0,0
340224,0,1,2000,0,0,0,0,0,0,0,0,0,0
340224,1,1,2000,0,0,0,0,0,0,0,0,0,0
340225,1,1,2000,0,0,0,0,0,0,0,0,0,0
340226,0,1,2000,0,0,0,0,0,0,0,0,0,0
340226,1,1,2000,0,0,0,0,0,0,0,0,0,0
340227,1,1,2000,25,25,25,25,25,25,25,25,25,25
340228,1,1,2000,5,5,5,5,5,5,5,5,5,5
340229,0,1,2000,10,10,10,10,10,10,10,10,10,10
340229,1,1,2000,0,0,8,11,11,0,15,12,23,8
340230,1,1,2000,0,0,0,0,0,0,0,0,0,0
340232,1,1,2000,0,0,0,0,0,0,0,0,0,0
340232,2,1,2000,0,0,0,0,0,0,0,0,0,0
340232,3,1,2000,0,0,7,0,0,0,0,0,16,0
340233,1,1,2000,0,0,0,0,0,0,0,0,0,0
340234,1,1,2000,25,25,25,25,25,25,25,25,25,25
340235,1,1,2000,25,25,25,25,25,25,25,25,25,25
340236,1,1,2000,0,0,0,0,0,0,0,0,0,0
340237,0,1,2000,13,13,13,13,13,13,13,13,13,13
340237,1,1,2000,0,0,0,0,0,0,0,0,0,0
340238,0,1,2000,0,12,0,0,0,0,25,0,0,0
340238,1,1,2000,0,0,0,0,0,0,0,0,0,0
340239,1,1,2000,0,0,0,0,0,0,0,0,0,0
340240,1,1,2000,18,18,18,18,18,18,18,18,18,18
340241,0,1,2000,0,0,0,0,0,0,0,0,0,0
340241,1,1,2000,0,16,0,0,0,0,9,0,0,0
340242,1,1,2000,3,3,3,3,3,3,3,3,3,3
340243,1,1,2000,8,8,8,8,8,8,8,8,8,8
340244,1,1,2000,6,6,6,6,6,6,6,6,6,6
340244,2,1,2000,0,0,0,0,0,0,0,0,0,0
340244,3,1,2000,0,0,0,0,0,0,0,0,0,0
340245,1,1,2000,11,11,11,11,11,11,11,11,11,11
340246,1,1,2000,0,0,0,0,0,0,0,0,0,0
340246,2,1,2000,0,0,0,0,0,0,0,0,0,0
340247,0,1,2000,0,0,0,0,0,0,0,0,0,0
340247,1,1,2000,0,0,0,0,0,0,0,0,0,0
340248,1,1,2000,0,0,0,0,0,0,0,0,0,0
340248,2,1,2000,0,0,0,0,0,0,0,0,0,0
340248,3,1,2000,28,28,28,28,28,28,28,28,28,28
340249,1,1,2000,12,12,12,12,12,12,12,12,12,12
340250,1,1,2000,0,0,14,0,0,0,0,0,0,0
340251,1,1,2000,0,0,0,0,0,0,0,0,0,0
340251,2,1,2000,15,15,15,15,15,15,15,15,15,15
340252,1,1,2000,17,0,19,13,0,0,0,0,25,0
340253,1,1,2000,23,23,23,23,23,23,23,23,23,23
340253,2,1,2000,0,0,0,0,0,0,0,0,0,0
340254,1,1,2000,26,26,26,26,26,26,26,26,26,26
340254,2,1,2000,0,0,0,0,0,0,0,0,21,26
340254,3,1,2000,0,0,0,0,0,0,0,0,0,0
340255,1,1,2000,0,0,0,0,0,0,0,0,0,0
340255,2,1,2000,0,0,0,0,0,0,0,0,16,0
340255,3,1,2000,0,0,0,13,11,0,0,11,0,0
340256,1,1,2000,0,0,0,0,0,0,0,0,0,0
340256,2,1,2000,15,15,15,15,15,15,15,15,15,15
340257,0,1,2000,0,0,0,0,0,0,0,0,0,0
340257,1,1,2000,10,0,15,31,15,0,0,0,16,23
340258,1,1,2000,0,0,0,0,0,0,0,0,0,0
340258,2,1,2000,6,0,0,0,18,0,0,0,0,0
340258,3,1,2000,0,0,0,0,13,17,0,0,0,0
340259,0,1,2000,0,0,0,0,0,0,0,0,0,0
340259,1,1,2000,0,0,0,0,0,0,0,0,0,0
340260,0,1,2000,0,0,0,0,0,0,0,0,0,0
340260,0,2,2000,5,0,0,0,0,0,0,29,0,0
340260,1,1,2000,0,0,13,0,0,0,0,0,0,0
340261,1,1,2000,0,0,0,0,0,0,14,0,22,0
340261,2,1,2000,0,0,0,0,0,0,0,0,0,0
340262,1,1,2000,9,0,0,0,0,0,0,0,0,0
340262,2,1,2000,15,15,15,15,15,15,15,15,15,15
340263,1,1,2000,0,0,0,0,0,0,0,0,0,0
340263,2,1,2000,0,0,0,0,0,0,0,0,0,0
340264,1,1,2000,0,0,0,0,0,0,0,0,0,0
340264,2,1,2000,0,0,0,0,0,0,0,0,0,0
340264,3,1,2000,0,0,0,0,0,0,0,0,0,0
340265,1,1,2000,0,18,20,24,0,0,19,0,0,0
340266,1,1,2000,0,0,0,0,0,0,0,0,0,0
340266,2,1,2000,0,0,0,0,0,0,0,0,0,0
340266,3,1,2000,0,0,0,0,0,0,0,0,0,0
340267,1,1,2000,20,20,20,20,20,20,20,20,20,20
340269,1,1,2000,10,19,0,5,0,0,13,17,0,24
340269,2,1,2000,24,24,24,24,24,24,24,24,24,24
340270,0,1,2000,19,19,19,19,19,19,19,19,19,19
340270,1,1,2000,0,0,0,0,0,0,0,6,0,16
340271,0,1,2000,0,0,0,0,0,0,0,0,0,0
340271,1,1,2000,0,0,0,48,0,0,9,32,15,19
340272,1,1,2000,8,8,8,8,8,8,8,8,8,8
340272,2,1,2000,0,0,0,0,0,0,0,0,0,0
340273,1,1,2000,0,0,0,0,0,0,0,0,0,0
340273,2,1,2000,22,0,0,0,0,0,0,0,0,0
340273,3,1,2000,0,0,0,0,17,0,0,0,0,0
340274,1,1,2000,0,0,8,0,0,0,8,0,0,0
340274,2,1,2000,0,0,0,0,0,0,0,0,0,0
340275,1,1,2000,21,21,21,21,21,21,21,21,21,21
340276,1,1,2000,23,23,23,23,23,23,23,23,23,23
340277,1,1,2000,0,0,0,0,0,0,0,0,0,0
340278,0,1,2000,0,0,0,0,0,0,0,0,0,0
340278,1,1,2000,0,0,0,0,0,0,0,0,0,0
340279,1,1,2000,0,0,0,0,0,0,0,0,0,0
340280,1,1,2000,23,23,23,23,23,23,23,23,23,23
340282,1,1,2000,5,0,5,10,0,11,9,26,0,13
340283,0,1,2000,0,0,0,0,0,0,0,0,0,0
340283,1,1,2000,0,0,0,0,0,0,0,0,0,0
340284,1,1,2000,0,0,0,0,0,0,0,0,0,0
340284,2,1,2000,0,10,0,0,0,0,0,0,0,0
340285,1,1,2000,0,0,0,0,0,0,0,0,0,0
340286,1,1,2000,20,20,20,20,20,20,20,20,20,20
340286,2,1,2000,0,8,21,0,24,11,0,0,17,26
340287,1,1,2000,15,15,15,15,15,15,15,15,15,15
340288,0,1,2000,17,17,17,17,17,17,17,17,17,17
340288,1,1,2000,0,0,0,0,0,0,0,0,0,0
340289,1,1,2000,0,0,0,0,0,0,0,0,0,0
340290,1,1,2000,19,19,19,19,19,19,19,19,19,19
340290,2,1,2000,0,0,0,0,0,0,0,0,0,0
340291,0,1,2000,50,50,50,50,50,50,50,50,50,50
340291,1,1,2000,0,0,0,0,0,0,0,0,0,0
340292,0,1,2000,13,13,13,13,13,13,13,13,13,13
340292,1,1,2000,0,0,0,0,0,0,0,0,0,0
340293,1,1,2000,0,0,0,0,0,0,0,0,0,0
340293,2,1,2000,8,8,8,8,8,8,8,8,8,8
340294,1,1,2000,0,0,0,0,0,0,0,0,0,0
340295,1,1,2000,0,0,0,0,0,0,0,0,0,0
340295,2,1,2000,0,0,0,0,0,0,0,0,0,0
340296,1,1,2000,0,0,0,0,0,0,0,0,0,0
340296,2,1,2000,0,0,0,0,0,0,0,0,0,0
340297,1,1,2000,23,23,23,23,23,23,23,23,23,23
340297,2,1,2000,0,0,0,0,0,0,0,0,0,0
340299,1,1,2000,0,0,0,0,0,0,0,0,0,0
340299,2,1,2000,0,0,0,0,0,0,0,0,0,0
340300,1,1,2000,0,16,0,0,16,0,0,0,16,16
340300,2,1,2000,12,0,0,0,11,0,0,0,0,0
340301,0,1,2000,0,0,0,0,0,0,0,0,0,0
340301,1,1,2000,0,34,18,0,41,0,10,9,0,15
340302,1,1,2000,0,0,0,0,0,0,0,0,0,0
340303,0,1,2000,1,1,1,1,1,1,1,1,1,1
340303,1,1,2000,0,0,0,0,0,0,0,0,0,11
340304,1,1,2000,0,0,0,0,0,0,0,0,0,0
340304,2,1,2000,0,0,0,0,0,0,0,0,0,0
340305,1,1,2000,0,0,0,0,0,0,0,0,0,0
340306,1,1,2000,0,16,0,0,0,0,17,0,26,0
340306,2,1,2000,0,0,0,0,0,0,0,0,0,0
340307,1,1,2000,0,0,0,0,26,0,0,0,0,4
340308,1,1,2000,0,0,0,0,0,0,0,0,0,0
340308,2,1,2000,0,0,0,0,0,0,0,0,0,0
340308,3,1,2000,0,9,0,11,0,0,0,0,0,0
340309,0,1,2000,16,0,0,0,0,0,0,0,0,0
340309,1,1,2000,0,0,0,0,0,0,0,0,0,0
340310,0,1,2000,22,15,0,0,0,0,0,0,0,0
340310,0,2,2000,20,0,0,0,0,0,0,0,0,0
340310,1,1,2000,0,0,0,0,0,0,0,0,0,0
340310,2,1,2000,0,0,22,0,0,0,0,0,0,0
340311,0,1,2000,0,0,0,0,0,0,0,0,0,0
340311,1,1,2000,0,0,0,0,0,0,0,0,0,0
340312,1,1,2000,27,27,27,27,27,27,27,27,27,27
340313,1,1,2000,5,5,5,5,5,5,5,5,5,5
340313,2,1,2000,0,0,0,0,0,0,0,5,0,0
340313,3,1,2000,0,0,0,0,0,0,0,0,0,18
340314,1,1,2000,0,0,0,0,0,0,0,0,0,0
340314,2,1,2000,9,9,9,9,9,9,9,9,9,9
340315,1,1,2000,0,0,0,0,0,0,0,0,0,0
340315,2,1,2000,0,0,0,0,0,0,0,0,0,0
340316,0,1,2000,3,3,3,3,3,3,3,3,3,3
340316,1,1,2000,0,0,0,0,0,0,0,0,0,0
340317,1,1,2000,0,0,0,0,0,0,0,0,0,0
340317,2,1,2000,21,21,21,21,21,21,21,21,21,21
340318,1,1,2000,0,0,0,0,0,0,0,0,0,0
340318,2,1,2000,0,0,0,4,0,0,0,0,0,0
340318,3,1,2000,0,0,0,0,0,0,0,0,0,0
340318,4,1,2000,0,0,0,0,0,0,0,0,0,0
340319,1,1,2000,0,0,0,0,0,0,0,0,0,0
340319,2,1,2000,0,0,0,0,0,0,0,0,0,0
340320,0,1,2000,0,0,0,0,0,0,0,0,0,0
340320,1,1,2000,0,0,6,0,0,0,0,0,0,0
340321,1,1,2000,0,29,0,0,0,0,0,0,0,0
340322,1,1,2000,0,0,0,0,0,0,0,0,0,0
340323,1,1,2000,0,0,0,0,0,0,0,0,0,0
340323,2,1,2000,0,0,0,0,0,0,0,0,0,0
340325,1,1,2000,15,15,15,15,15,15,15,15,15,15
340326,1,1,2000,14,14,14,14,14,14,14,14,14,14
340327,1,1,2000,0,0,0,0,0,0,4,0,7,0
340327,2,1,2000,0,0,0,0,0,0,0,0,0,0
340328,1,1,2000,0,0,0,0,0,0,0,0,0,0
340328,2,1,2000,0,0,0,0,0,0,0,0,0,0
340329,0,1,2000,0,0,0,0,0,0,0,0,0,0
340329,0,2,2000,0,0,0,0,0,0,0,0,0,0
340329,1,1,2000,0,0,0,0,0,0,14,0,0,0
340329,2,1,2000,18,0,0,0,0,0,0,0,7,0
340329,3,1,2000,0,0,0,0,0,0,0,0,0,0
340329,4,1,2000,0,0,0,0,0,0,0,0,0,0
340330,1,1,2000,0,0,0,0,0,0,0,0,0,0
340330,2,1,2000,0,0,0,0,0,0,0,0,0,0
340331,1,1,2000,0,0,0,0,0,0,0,0,0,0
340331,2,1,2000,0,0,0,0,0,0,0,0,0,0
340332,1,1,2000,0,0,0,0,0,0,0,0,0,0
340332,2,1,2000,0,0,0,0,0,0,0,0,0,0
340333,0,1,2000,31,31,31,31,31,31,31,31,31,31
340333,1,1,2000,0,0,0,0,4,0,0,8,0,0
340334,0,1,2000,0,0,0,0,0,0,0,0,0,0
340334,1,1,2000,0,0,0,0,0,0,0,0,0,0
340335,0,1,2000,0,0,0,0,0,0,0,0,0,17
340335,1,1,2000,0,0,0,0,25,0,0,0,0,7
340336,0,1,2000,0,0,0,0,0,0,0,0,0,0
340336,1,1,2000,0,0,0,0,0,15,0,0,0,0
340337,1,1,2000,0,0,13,19,10,0,0,35,0,25
340337,2,1,2000,0,0,0,0,0,0,0,0,0,0
340337,3,1,2000,9,0,0,0,0,0,0,0,0,0
340338,1,1,2000,18,18,18,18,18,18,18,18,18,18
340338,2,1,2000,0,0,0,0,0,0,0,0,0,0
340338,3,1,2000,0,0,0,0,0,0,0,0,0,0
340338,4,1,2000,0,0,0,0,4,0,0,0,0,0
340338,5,1,2000,0,0,0,0,0,0,0,0,0,0
340339,1,1,2000,0,0,0,0,0,0,0,0,0,0
340339,2,1,2000,0,0,0,0,0,0,0,0,0,0
340340,0,1,2000,24,39,45,21,27,22,0,27,0,21
340340,1,1,2000,12,12,12,12,12,12,12,12,12,12
340341,1,1,2000,30,30,30,30,30,30,30,30,30,30
340341,2,1,2000,0,0,0,0,0,23,0,0,0,0
340342,1,1,2000,0,0,0,0,0,0,0,0,0,0
340342,2,1,2000,0,0,0,0,0,0,0,0,0,0
340342,3,1,2000,0,0,0,0,0,0,0,0,0,0
340342,4,1,2000,0,0,0,0,0,0,0,0,0,0
340343,1,1,2000,16,16,16,16,16,16,16,16,16,16
340344,1,1,2000,0,0,0,0,0,0,0,0,0,0
340345,1,1,2000,0,0,0,0,0,0,0,0,0,0
340345,2,1,2000,5,5,5,5,5,5,5,5,5,5
340346,1,1,2000,0,0,0,0,0,0,0,0,0,0
340346,2,1,2000,0,0,0,0,0,0,0,0,0,0
340347,1,1,2000,0,0,0,0,0,0,0,0,0,0
340349,1,1,2000,1,1,1,1,1,1,1,1,1,1
340349,2,1,2000,0,0,0,0,0,0,0,0,0,0
340350,0,1,2000,12,12,12,12,12,12,12,12,12,12
340350,1,1,2000,0,0,0,0,0,0,0,0,0,0
340351,1,1,2000,0,0,0,0,0,0,0,0,0,0
340352,1,1,2000,12,12,12,12,12,12,12,12,12,12
340352,2,1,2000,0,0,0,0,0,0,0,0,0,0
340353,0,1,2000,6,6,6,6,6,6,6,6,6,6
340353,1,1,2000,8,30,0,11,9,0,0,0,17,0
340355,1,1,2000,0,0,0,0,0,0,0,0,0,0
340356,1,1,2000,13,13,13,13,13,13,13,13,13,13
340357,1,1,2000,0,0,0,0,0,0,0,0,0,0
340359,0,1,2000,0,0,0,0,0,0,0,0,0,0
340359,1,1,2000,0,0,0,0,0,0,0,0,0,0
340360,1,1,2000,0,0,0,0,0,0,0,0,0,0
340361,1,1,2000,0,0,0,0,0,0,0,14,0,0
340361,2,1,2000,0,0,0,0,0,0,0,0,0,0
340361,3,1,2000,0,0,0,0,0,0,0,0,0,0
340362,1,1,2000,10,10,10,10,10,10,10,10,10,10
340363,1,1,2000,0,0,0,0,0,0,0,0,0,0
340363,2,1,2000,0,0,0,0,0,0,0,0,0,0
340364,1,1,2000,0,0,0,0,0,0,0,0,0,0
340364,2,1,2000,0,0,0,0,0,0,0,0,0,0
340366,1,1,2000,8,8,8,8,8,8,8,8,8,8
340366,2,1,2000,0,0,0,0,0,0,0,0,0,0
340367,1,1,2000,0,0,0,0,0,0,0,0,0,0
340368,0,1,2000,24,24,24,24,24,24,24,24,24,24
340368,1,1,2000,14,20,0,0,0,0,8,0,4,0
340368,2,1,2000,11,0,0,0,0,0,0,0,9,0
340368,3,1,2000,0,21,20,22,0,0,8,0,0,0
340369,1,1,2000,15,15,15,15,15,15,15,15,15,15
340370,1,1,2000,0,0,0,0,0,0,0,0,0,0
340371,1,1,2000,0,0,0,0,11,0,0,0,0,0
340371,2,1,2000,0,0,0,0,0,19,0,0,0,21
340372,1,1,2000,0,0,0,0,0,0,0,0,0,0
340372,2,1,2000,0,12,0,0,0,7,8,0,0,8
340373,1,1,2000,14,14,14,14,14,14,14,14,14,14
340374,1,1,2000,0,0,0,0,0,0,0,0,0,0
340374,2,1,2000,0,0,0,0,0,0,0,0,0,0
340374,3,1,2000,0,0,0,0,0,0,0,0,0,0
340375,1,1,2000,22,0,0,0,17,0,19,0,0,12
340376,1,1,2000,0,0,0,0,0,0,0,0,0,0
340376,2,1,2000,3,3,3,3,3,3,3,3,3,3
340377,0,1,2000,0,0,0,0,0,0,0,0,0,0
340377,1,1,2000,0,0,0,0,0,22,15,0,0,0
340378,1,1,2000,0,0,0,0,0,0,0,0,0,0
340379,0,1,2000,0,0,0,0,0,0,0,0,0,0
340379,0,2,2000,7,0,14,0,25,0,0,0,0,15
340379,0,3,2000,0,0,0,0,0,8,0,0,0,0
340379,1,1,2000,22,15,0,0,0,13,0,18,0,0
340380,1,1,2000,0,0,0,0,0,0,0,0,0,0
340380,2,1,2000,7,0,0,6,0,6,0,22,0,11
340381,1,1,2000,0,0,0,0,0,0,0,0,0,0
340381,2,1,2000,0,0,0,0,0,0,0,0,0,0
340382,1,1,2000,0,0,0,0,0,0,0,0,0,0
340382,2,1,2000,0,0,0,0,0,0,0,0,0,0
340383,1,1,2000,0,0,0,0,0,0,0,0,0,0
340384,0,1,2000,0,0,0,0,0,0,0,0,0,0
340384,1,1,2000,0,0,0,0,0,0,0,0,0,0
340385,1,1,2000,0,0,0,0,0,0,0,0,0,0
340385,2,1,2000,0,0,0,0,0,0,0,0,0,0
340387,1,1,2000,0,0,0,0,0,0,13,0,0,0
340387,2,1,2000,0,0,0,0,0,0,0,0,0,0
340387,3,1,2000,0,0,0,0,0,0,0,0,0,0
340388,1,1,2000,0,0,0,0,0,0,0,0,0,0
340388,2,1,2000,0,0,0,0,0,0,0,0,0,0
340389,1,1,2000,12,12,12,12,12,12,12,12,12,12