ST_CASE,VEH_NO,PER_NO,YEAR,P1,P2,P3,P4,P5,P6,P7,P8,P9,P10
340389,2,1,2000,0,0,0,0,0,0,0,0,0,0
340390,1,1,2000,0,0,0,0,0,0,0,0,0,0
340391,1,1,2000,0,0,0,0,0,0,0,0,0,0
340391,2,1,2000,0,28,0,0,0,0,0,6,0,0
340391,3,1,2000,0,0,10,14,0,0,0,11,22,0
340392,1,1,2000,0,2,0,0,0,0,0,0,0,0
340392,2,1,2000,0,0,0,0,0,0,0,0,0,0
340392,3,1,2000,0,0,0,0,0,0,0,0,0,0
340392,4,1,2000,0,0,0,0,0,0,0,0,0,0
340393,0,1,2000,0,0,0,0,0,0,0,0,0,0
340393,1,1,2000,0,0,0,28,19,0,0,20,0,19
340394,1,1,2000,0,0,0,0,0,0,0,0,0,0
340394,2,1,2000,0,0,0,0,0,0,0,0,0,0
340396,1,1,2000,0,0,0,0,0,0,0,0,0,0
340396,2,1,2000,0,0,0,0,0,21,0,0,0,7
340398,1,1,2000,0,0,0,0,0,0,0,0,0,0
340398,2,1,2000,0,0,0,0,0,0,0,0,0,0
340398,3,1,2000,0,0,0,0,0,0,0,0,0,0
340399,1,1,2000,32,0,0,8,0,0,0,0,0,0
340400,0,1,2000,0,0,0,41,16,21,24,0,0,0
340400,0,2,2000,0,0,0,0,0,0,0,0,0,0
340400,0,3,2000,16,0,0,0,0,0,0,25,0,19
340400,1,1,2000,0,0,0,0,0,0,0,0,0,0
340401,1,1,2000,0,0,0,0,0,0,0,0,0,0
340401,2,1,2000,0,0,0,0,0,0,0,0,0,0
340402,0,1,2000,14,15,22,0,16,18,10,0,30,0
340402,1,1,2000,10,10,10,10,10,10,10,10,10,10
340403,1,1,2000,0,0,0,0,0,0,0,0,0,0
340403,2,1,2000,0,0,0,0,0,0,0,0,0,0
340404,1,1,2000,0,0,0,0,0,0,0,0,0,0
340405,1,1,2000,19,19,19,19,19,19,19,19,19,19
340405,2,1,2000,16,0,16,18,21,22,42,0,23,20
340405,3,1,2000,0,0,0,0,0,0,0,0,0,0
340406,0,1,2000,0,0,0,0,0,0,0,0,0,0
340406,1,1,2000,0,0,0,0,0,0,0,0,0,0
340406,2,1,2000,0,0,0,0,6,0,0,0,0,0
340407,1,1,2000,0,0,0,0,0,0,0,0,0,0
340409,1,1,2000,0,22,16,14,27,0,21,9,15,17
340410,1,1,2000,26,0,0,23,0,0,17,0,0,18
340411,1,1,2000,18,18,18,18,18,18,18,18,18,18
340413,1,1,2000,0,0,0,0,15,0,0,0,0,0
340413,2,1,2000,0,0,0,0,0,0,0,0,0,0
340414,1,1,2000,0,0,0,0,0,0,0,0,0,0
340414,2,1,2000,0,0,11,0,0,0,7,0,0,0
340415,1,1,2000,0,0,0,0,0,0,0,0,0,0
340415,2,1,2000,0,0,0,0,0,0,0,0,0,0
340416,1,1,2000,0,0,0,0,0,0,0,0,0,0
340416,2,1,2000,0,6,0,0,0,0,0,0,0,0
340417,1,1,2000,0,0,0,0,9,0,0,0,0,0
340418,1,1,2000,0,0,0,0,0,0,0,0,0,0
340419,1,1,2000,2,2,2,2,2,2,2,2,2,2
340420,1,1,2000,0,10,0,25,0,0,14,0,0,0
340421,1,1,2000,0,0,0,0,0,0,0,0,0,0
340421,2,1,2000,0,0,0,0,0,0,0,0,0,0
340422,1,1,2000,0,0,0,0,0,0,0,0,0,0
340422,2,1,2000,0,0,0,0,0,0,0,0,0,0
340422,3,1,2000,14,0,0,0,0,0,0,0,0,0
340422,4,1,2000,0,0,0,0,0,0,0,8,0,0
340423,1,1,2000,0,0,0,12,0,0,4,0,6,0
340423,2,1,2000,0,0,0,0,0,0,0,0,0,0
340425,1,1,2000,0,0,0,0,0,0,0,0,0,0
340426,0,1,2000,0,26,19,0,13,15,0,0,0,13
340426,1,1,2000,0,0,29,0,0,0,0,0,0,0
340426,2,1,2000,0,0,0,0,0,0,0,0,0,0
340427,1,1,2000,0,0,0,0,0,0,0,0,0,0
340427,2,1,2000,0,0,0,0,0,0,0,0,0,0
340428,1,1,2000,0,0,0,0,0,0,0,0,0,0
340429,0,1,2000,14,14,14,14,14,14,14,14,14,14
340429,1,1,2000,0,0,16,0,0,11,0,16,0,11
340430,1,1,2000,0,0,0,0,0,0,0,0,0,0
340430,2,1,2000,0,0,0,0,0,0,0,0,0,0
340431,0,1,2000,14,14,14,14,14,14,14,14,14,14
340431,1,1,2000,0,0,0,0,0,0,0,0,0,0
340432,1,1,2000,0,0,0,14,18,0,0,30,20,0
340432,2,1,2000,0,18,0,8,0,8,14,0,14,14
340433,1,1,2000,0,0,0,0,0,0,0,0,0,0
340433,2,1,2000,0,0,0,5,0,0,0,0,0,0
340434,1,1,2000,21,21,21,21,21,21,21,21,21,21
340435,1,1,2000,0,0,0,0,0,0,0,0,0,0
340435,2,1,2000,0,0,0,0,0,0,0,0,0,0
340436,1,1,2000,11,11,11,11,11,11,11,11,11,11
340437,1,1,2000,0,0,0,0,0,0,0,0,0,0
340437,2,1,2000,0,0,0,0,0,0,0,0,0,0
340438,1,1,2000,13,15,10,25,18,0,12,19,13,14
340439,1,1,2000,0,0,0,0,0,0,0,0,0,0
340440,1,1,2000,17,17,17,17,17,17,17,17,17,17
340441,1,1,2000,3,3,3,3,3,3,3,3,3,3
340441,2,1,2000,1,1,1,1,1,1,1,1,1,1
340442,1,1,2000,0,9,0,0,0,0,0,13,0,0
340442,2,1,2000,0,0,0,0,0,0,0,0,0,0
340442,3,1,2000,0,0,0,0,0,0,0,9,0,0
340443,1,1,2000,0,0,0,0,0,0,0,0,0,0
340444,0,1,2000,5,5,5,5,5,5,5,5,5,5
340444,1,1,2000,0,0,0,0,0,0,0,0,0,0
340445,1,1,2000,0,0,0,0,0,0,0,0,0,0
340445,2,1,2000,0,0,0,0,0,0,0,0,0,0
340446,1,1,2000,0,0,0,0,0,0,0,0,0,0
340446,2,1,2000,16,16,16,16,16,16,16,16,16,16
340447,0,1,2000,24,24,24,24,24,24,24,24,24,24
340447,1,1,2000,4,12,0,0,0,0,0,0,7,0
340448,1,1,2000,0,0,0,0,0,0,0,0,0,0
340449,1,1,2000,12,12,12,12,12,12,12,12,12,12
340449,2,1,2000,0,0,0,0,0,0,0,0,0,0
340449,3,1,2000,0,0,0,0,0,0,0,0,0,0
340449,4,1,2000,12,0,15,16,34,6,23,0,20,0
340449,5,1,2000,0,0,0,0,0,8,0,0,0,32
340450,1,1,2000,0,0,0,0,0,0,0,0,0,0
340450,2,1,2000,0,0,0,0,0,0,0,0,0,0
340451,1,1,2000,0,0,0,0,0,0,0,0,0,0
340451,2,1,2000,0,0,0,0,0,0,0,0,0,0
340452,1,1,2000,0,0,0,0,0,0,0,0,0,0
340453,1,1,2000,0,0,0,0,0,0,0,0,0,0
340453,2,1,2000,10,10,10,10,10,10,10,10,10,10
340454,1,1,2000,0,0,0,0,0,0,0,0,0,0
340454,2,1,2000,0,0,0,0,0,0,0,0,0,0
340455,1,1,2000,0,0,0,0,0,17,0,24,0,0
340456,1,1,2000,18,18,18,18,18,18,18,18,18,18
340457,1,1,2000,22,22,22,22,22,22,22,22,22,22
340458,1,1,2000,18,18,18,18,18,18,18,18,18,18
340459,1,1,2000,0,0,0,0,0,0,0,0,0,0
340459,2,1,2000,0,0,0,0,0,0,0,0,0,0
340460,1,1,2000,0,0,0,0,0,0,0,0,0,0
340461,1,1,2000,0,0,0,0,0,0,0,0,0,0
340462,1,1,2000,0,0,0,0,0,0,0,0,0,0
340463,1,1,2000,0,0,0,0,0,0,0,0,0,0
340464,1,1,2000,0,0,0,0,0,0,0,0,0,0
340464,2,1,2000,0,0,0,0,0,0,0,0,0,0
340465,0,1,2000,31,31,31,31,31,31,31,31,31,31
340465,1,1,2000,1,1,1,1,1,1,1,1,1,1
340467,1,1,2000,0,0,0,0,0,0,0,0,0,0
340467,2,1,2000,0,0,0,0,0,0,0,0,0,0
340468,1,1,2000,0,28,0,8,0,0,0,0,30,12
340469,1,1,2000,0,0,0,0,0,0,0,0,0,0
340470,0,1,2000,0,0,0,0,0,0,0,0,0,0
340470,1,1,2000,8,8,8,8,8,8,8,8,8,8
340471,1,1,2000,0,0,0,0,0,0,0,0,0,0
340471,2,1,2000,0,0,0,0,0,0,0,0,0,0
340472,1,1,2000,0,0,0,0,0,0,0,0,0,0
340472,2,1,2000,0,0,0,0,0,0,0,0,0,0
340473,1,1,2000,0,0,0,0,0,0,0,0,0,0
340473,2,1,2000,0,0,0,0,0,0,0,0,0,0
340474,1,1,2000,17,18,0,0,9,0,0,0,0,0
340475,0,1,2000,9,0,0,3,20,0,0,10,15,0
340475,0,2,2000,0,0,0,0,0,0,0,0,0,0
340475,1,1,2000,0,0,0,0,0,0,0,0,0,0
340476,0,1,2000,0,0,0,0,0,0,0,0,0,0
340476,1,1,2000,0,0,0,0,0,0,0,0,0,0
340477,0,1,2000,28,28,28,28,28,28,28,28,28,28
340477,1,1,2000,0,0,0,0,0,0,0,0,0,0
340477,2,1,2000,0,0,0,0,0,0,0,0,0,0
340478,1,1,2000,0,0,0,0,0,0,0,0,0,0
340479,0,1,2000,0,0,0,0,0,0,0,0,0,0
340479,1,1,2000,0,0,0,0,0,0,0,0,0,0
340480,1,1,2000,0,0,0,0,0,0,12,0,0,0
340482,1,1,2000,0,0,0,0,0,0,0,0,0,0
340482,2,1,2000,0,0,0,5,0,0,0,0,0,0
340483,1,1,2000,0,0,0,0,0,0,0,22,0,0
340484,1,1,2000,0,17,0,0,11,0,0,12,26,8
340485,1,1,2000,0,0,0,0,0,0,0,0,0,0
340485,2,1,2000,0,0,0,0,0,0,0,0,0,0
340486,0,1,2000,0,0,0,0,0,0,0,0,0,0
340486,1,1,2000,0,0,0,0,0,0,0,0,15,0
340487,1,1,2000,0,0,0,0,0,0,0,0,0,0
340487,2,1,2000,0,0,0,0,0,0,0,0,0,0
340488,1,1,2000,0,27,0,0,0,0,0,0,0,0
340488,2,1,2000,0,0,0,0,0,0,0,0,0,0
340488,3,1,2000,0,0,0,0,0,0,0,0,0,0
340488,4,1,2000,0,0,0,0,0,0,19,0,0,0
340489,1,1,2000,0,0,0,0,0,0,0,0,0,0
340489,2,1,2000,0,0,0,0,0,0,0,10,0,0
340490,1,1,2000,12,12,12,12,12,12,12,12,12,12
340490,2,1,2000,27,27,27,27,27,27,27,27,27,27
340491,1,1,2000,15,15,15,15,15,15,15,15,15,15
340492,1,1,2000,0,0,0,0,0,0,0,0,0,0
340492,2,1,2000,21,21,21,21,21,21,21,21,21,21
340493,1,1,2000,0,0,0,0,0,0,0,0,0,0
340493,2,1,2000,0,0,0,0,0,0,0,0,0,0
340494,1,1,2000,0,0,8,0,0,0,18,0,0,20
340494,2,1,2000,14,0,17,0,0,0,0,9,0,0
340495,1,1,2000,0,0,0,0,0,0,0,0,0,0
340496,1,1,2000,0,0,0,0,31,0,0,0,0,0
340496,2,1,2000,0,0,18,0,0,0,0,0,0,10
340496,3,1,2000,0,0,0,0,11,17,0,0,0,13
340498,1,1,2000,0,0,0,0,0,0,0,0,0,0
340499,0,1,2000,0,0,0,0,0,0,0,0,0,0
340499,1,1,2000,17,0,0,14,0,0,0,17,10,0
340500,0,1,2000,1,1,1,1,1,1,1,1,1,1
340500,1,1,2000,0,0,0,0,0,14,0,0,0,0
340500,2,1,2000,0,0,0,0,0,0,0,0,0,0
340501,1,1,2000,0,0,0,0,0,0,0,0,0,0
340502,1,1,2000,0,0,0,0,0,0,0,19,0,0
340502,2,1,2000,0,0,0,0,0,0,0,0,0,0
340503,0,1,2000,0,0,0,0,0,0,0,0,0,0
340503,1,1,2000,0,0,17,0,0,15,0,0,0,0
340503,2,1,2000,0,0,0,0,0,0,0,0,0,0
340504,1,1,2000,0,0,0,0,0,0,0,0,0,0
340504,2,1,2000,10,10,10,10,10,10,10,10,10,10
340505,1,1,2000,20,20,20,20,20,20,20,20,20,20
340506,1,1,2000,0,0,0,0,0,0,18,0,0,0
340506,2,1,2000,0,0,0,0,0,0,0,0,0,0
340508,1,1,2000,0,0,0,0,0,0,0,0,0,0
340508,2,1,2000,0,0,0,0,0,0,0,0,0,0
340509,1,1,2000,0,0,0,0,0,0,0,0,0,0
340509,2,1,2000,0,0,0,0,0,0,0,0,0,0
340509,3,1,2000,0,0,0,0,0,0,0,0,0,0
340511,1,1,2000,0,0,45,14,0,33,0,0,3,0
340512,1,1,2000,0,0,0,0,0,0,0,0,0,0
340512,2,1,2000,0,0,0,0,0,0,0,0,0,0
340512,3,1,2000,0,17,0,0,0,0,0,0,0,0
340512,4,1,2000,0,0,0,0,0,0,0,0,0,0
340513,0,1,2000,0,0,0,0,0,0,0,0,0,0
340513,1,1,2000,0,0,0,0,0,0,0,0,0,0
340514,1,1,2000,33,33,33,33,33,33,33,33,33,33
340515,1,1,2000,12,12,12,12,12,12,12,12,12,12
340516,1,1,2000,0,0,0,0,0,0,0,0,0,0
340518,1,1,2000,0,0,0,0,0,0,0,0,0,0
340518,2,1,2000,0,0,0,0,0,0,0,0,0,0
340518,3,1,2000,0,0,0,0,0,0,0,0,0,0
340519,0,1,2000,0,0,0,0,0,0,0,0,0,0
340519,1,1,2000,0,0,0,0,0,0,0,0,0,0
340520,1,1,2000,12,0,0,0,10,33,0,0,0,28
340521,1,1,2000,0,0,0,0,0,0,0,0,0,0
340521,2,1,2000,0,0,0,0,0,0,0,0,0,0
340522,1,1,2000,10,10,10,10,10,10,10,10,10,10
340522,2,1,2000,0,0,0,0,0,0,0,0,0,0
340523,1,1,2000,17,17,17,17,17,17,17,17,17,17
340523,2,1,2000,0,0,0,0,0,0,0,0,0,0
340524,0,1,2000,17,21,0,0,0,21,27,0,37,24
340524,1,1,2000,0,0,0,0,0,0,0,0,0,0
340524,2,1,2000,20,12,12,0,0,0,0,0,20,21
340524,3,1,2000,0,0,0,3,0,0,0,0,0,0
340524,4,1,2000,0,0,0,0,0,0,0,10,0,0
340524,5,1,2000,0,0,0,0,0,0,0,0,0,0
340525,1,1,2000,16,16,16,16,16,16,16,16,16,16
340526,1,1,2000,27,27,27,27,27,27,27,27,27,27
340527,1,1,2000,14,22,18,21,16,35,12,17,20,28
340528,0,1,2000,0,0,0,0,0,0,0,0,0,0
340528,1,1,2000,0,0,0,0,0,0,0,0,0,0
340529,1,1,2000,0,0,0,0,0,0,0,0,0,0
340529,2,1,2000,0,0,0,0,0,0,0,0,0,0
340530,1,1,2000,0,0,0,0,0,0,0,0,0,0
340531,0,1,2000,0,0,0,0,0,0,0,0,0,0
340531,1,1,2000,0,0,0,0,0,0,0,0,0,0
340532,1,1,2000,0,0,0,0,0,0,0,0,0,0
340532,2,1,2000,0,0,0,0,0,0,0,0,0,0
340533,1,1,2000,2,11,0,0,0,29,0,0,0,0
340533,2,1,2000,0,0,11,0,34,0,0,0,0,0
340533,3,1,2000,0,0,20,0,0,0,0,17,0,0
340534,0,1,2000,0,0,0,0,0,6,0,0,0,8
340534,1,1,2000,0,0,0,0,0,0,0,0,0,0
340534,2,1,2000,0,0,0,0,0,0,0,18,0,0
340535,1,1,2000,15,15,15,15,15,15,15,15,15,15
340536,0,1,2000,10,10,10,10,10,10,10,10,10,10
340536,1,1,2000,1,1,1,1,1,1,1,1,1,1
340537,1,1,2000,0,0,0,0,0,0,0,0,0,0
340537,2,1,2000,5,5,5,5,5,5,5,5,5,5
340538,1,1,2000,0,0,0,0,0,0,0,0,6,0
340538,2,1,2000,0,0,8,0,0,0,15,0,0,0
340539,1,1,2000,0,0,0,0,0,0,0,0,0,0
340539,2,1,2000,0,0,13,7,0,0,0,0,0,0
340541,1,1,2000,34,0,0,0,0,0,27,0,0,0
340541,2,1,2000,0,0,8,0,0,0,0,0,37,24
340542,1,1,2000,0,0,0,0,0,0,0,0,0,0
340543,1,1,2000,0,0,0,0,0,0,0,0,0,0
340543,2,1,2000,0,0,0,0,0,0,0,0,0,0
340544,0,1,2000,0,0,0,0,0,0,0,0,0,0
340544,1,1,2000,0,0,0,0,0,0,0,0,0,0
340545,0,1,2000,0,0,0,0,0,0,0,0,0,0
340545,1,1,2000,0,0,0,0,0,0,0,0,0,0
340546,0,1,2000,0,0,0,0,0,0,0,0,0,0
340546,1,1,2000,0,0,0,0,0,0,29,0,0,0
340548,1,1,2000,0,0,0,0,18,0,0,0,0,0
340549,1,1,2000,0,0,0,0,0,0,0,0,0,0
340549,2,1,2000,8,8,8,8,8,8,8,8,8,8
340550,1,1,2000,15,15,15,15,15,15,15,15,15,15
340551,0,1,2000,0,0,0,0,0,0,0,0,0,0
340551,1,1,2000,0,0,0,0,0,0,0,0,0,0
340552,1,1,2000,0,4,13,0,13,13,0,0,17,0
340552,2,1,2000,0,0,0,0,0,0,0,0,0,0
340553,1,1,2000,32,32,32,32,32,32,32,32,32,32
340554,0,1,2000,0,0,0,0,0,0,0,0,0,0
340554,1,1,2000,16,0,10,0,0,0,4,0,0,0
340555,1,1,2000,0,0,0,0,0,0,0,0,0,0
340556,1,1,2000,0,0,0,0,0,0,0,0,0,0
340557,1,1,2000,0,0,0,0,0,0,0,0,0,0
340557,2,1,2000,0,0,0,0,0,0,0,0,0,0
340558,1,1,2000,16,16,16,16,16,16,16,16,16,16
340559,0,1,2000,0,0,0,0,0,0,0,0,0,0
340559,1,1,2000,0,0,0,0,0,0,0,0,0,0
340560,1,1,2000,0,19,0,0,11,0,0,9,30,0
340560,2,1,2000,0,0,0,0,0,0,0,0,0,0
340561,1,1,2000,0,0,0,0,0,0,0,0,0,0
340561,2,1,2000,0,0,0,0,0,0,0,0,0,0
340562,0,1,2000,0,0,0,0,0,0,0,0,0,0
340562,1,1,2000,0,0,18,0,12,0,0,0,0,0
340563,1,1,2000,0,0,0,0,0,0,0,0,0,0
340564,0,1,2000,0,0,0,7,20,0,0,0,0,0
340564,1,1,2000,0,0,0,0,0,0,0,0,0,0
340565,1,1,2000,0,0,0,0,0,0,0,0,0,0
340566,0,1,2000,7,7,7,7,7,7,7,7,7,7
340566,1,1,2000,17,0,0,0,0,0,13,0,0,0
340567,1,1,2000,0,0,0,0,0,0,0,0,0,0
340567,2,1,2000,0,0,0,0,0,0,0,0,0,0
340568,1,1,2000,0,0,0,0,0,0,0,0,0,0
340568,2,1,2000,17,17,17,17,17,17,17,17,17,17
340568,3,1,2000,0,0,0,0,0,0,0,0,0,0
340569,1,1,2000,25,25,25,25,25,25,25,25,25,25
340570,1,1,2000,0,0,0,0,0,0,0,0,0,0
340570,2,1,2000,0,23,0,0,12,0,0,0,0,0
340571,1,1,2000,0,0,0,0,0,0,0,0,0,0
340571,2,1,2000,0,0,0,0,0,0,0,0,0,0
340572,1,1,2000,0,0,14,0,0,0,0,5,0,0
340572,2,1,2000,11,11,11,11,11,11,11,11,11,11
340573,0,1,2000,0,0,0,0,0,0,0,0,0,0
340573,1,1,2000,0,0,0,0,0,0,0,0,0,0
340574,1,1,2000,0,0,0,0,0,0,0,0,0,0
340575,1,1,2000,0,0,0,0,0,0,0,0,0,0
340576,0,1,2000,0,16,0,15,22,28,0,0,15,0
340576,1,1,2000,0,0,0,0,0,0,12,0,0,0
340577,1,1,2000,0,0,0,0,0,0,0,0,0,0
340577,2,1,2000,0,0,0,0,0,0,0,0,0,0
340578,1,1,2000,11,11,11,11,11,11,11,11,11,11
340579,1,1,2000,0,0,0,0,0,0,0,0,0,0
340579,2,1,2000,0,0,0,0,0,0,0,0,0,15
340580,1,1,2000,0,0,0,0,0,0,0,0,0,0
340580,2,1,2000,22,22,22,22,22,22,22,22,22,22
340581,1,1,2000,2,2,2,2,2,2,2,2,2,2
340581,2,1,2000,0,0,0,0,0,0,0,0,0,0
340582,0,1,2000,0,0,0,0,0,0,0,0,0,0
340582,1,1,2000,0,0,0,0,0,0,0,0,0,0
340583,1,1,2000,7,20,11,14,0,0,12,0,13,15
340584,1,1,2000,26,26,26,26,26,26,26,26,26,26
340585,0,1,2000,0,0,0,0,0,0,0,0,0,0
340585,1,1,2000,0,22,0,0,0,0,0,0,0,0
340586,1,1,2000,0,0,0,0,0,0,0,0,0,0
340586,2,1,2000,29,12,0,0,18,17,18,22,0,3
340586,3,1,2000,0,20,0,0,4,0,0,0,0,17
340586,4,1,2000,24,32,11,13,14,46,21,12,0,17
340586,5,1,2000,0,16,17,0,0,0,5,0,0,0
340588,0,1,2000,0,0,0,0,0,0,0,0,0,0
340588,1,1,2000,0,0,0,0,0,0,0,0,0,0
340588,2,1,2000,27,19,0,0,0,0,0,0,0,0
340589,1,1,2000,0,0,0,0,0,0,0,0,7,0
340589,2,1,2000,0,0,0,0,0,0,0,0,0,0
340590,0,1,2000,0,0,0,15,6,0,0,0,0,0
340590,1,1,2000,0,9,5,0,0,0,16,0,0,18
340591,1,1,2000,0,0,0,0,0,0,0,0,17,0
340591,2,1,2000,0,0,0,0,0,0,0,0,0,0
340593,0,1,2000,0,0,0,0,0,0,0,0,0,0
340593,1,1,2000,0,0,0,0,0,0,0,16,0,17
340594,1,1,2000,19,19,19,19,19,19,19,19,19,19
340595,1,1,2000,11,0,20,0,0,0,0,9,0,0
340595,2,1,2000,27,27,27,27,27,27,27,27,27,27
340596,0,1,2000,26,26,26,26,26,26,26,26,26,26
340596,1,1,2000,0,0,0,0,0,0,0,0,0,0
340597,1,1,2000,11,11,11,11,11,11,11,11,11,11
340598,0,1,2000,0,0,0,0,0,0,0,0,0,0
340598,0,2,2000,7,11,24,0,0,0,0,0,7,20
340598,1,1,2000,0,0,0,0,0,0,0,0,0,0
340598,2,1,2000,0,0,0,0,0,0,0,0,0,0
340599,1,1,2000,25,25,25,25,25,25,25,25,25,25
340599,2,1,2000,0,0,0,0,0,0,0,0,0,0
340600,1,1,2000,0,16,0,0,0,5,0,0,0,0
340600,2,1,2000,0,0,0,0,0,0,23,0,0,0
340601,1,1,2000,0,27,0,6,0,0,0,0,4,0
340601,2,1,2000,0,0,15,0,0,0,0,0,0,0
340602,1,1,2000,0,0,0,0,0,0,0,0,0,0
340602,2,1,2000,0,0,0,0,0,0,0,0,0,0
340603,1,1,2000,0,39,27,17,15,0,21,15,0,26
340604,1,1,2000,0,0,0,0,0,0,0,0,0,0
340604,2,1,2000,0,0,0,0,0,0,0,0,0,0
340605,1,1,2000,0,0,0,0,0,0,0,0,0,0
340605,2,1,2000,9,9,9,9,9,9,9,9,9,9
340606,1,1,2000,19,19,19,19,19,19,19,19,19,19
340606,2,1,2000,0,27,0,4,0,19,0,6,0,0
340607,1,1,2000,4,4,4,4,4,4,4,4,4,4
340608,1,1,2000,1,1,1,1,1,1,1,1,1,1
340609,0,1,2000,21,21,21,21,21,21,21,21,21,21
340609,1,1,2000,0,0,0,0,0,0,0,0,0,0
340610,0,1,2000,0,0,0,0,0,0,0,0,0,0
340610,1,1,2000,0,0,0,0,0,0,0,0,0,0
340610,2,1,2000,0,0,0,0,0,11,0,0,0,0
340611,0,1,2000,0,0,0,0,0,0,0,0,0,0
340611,1,1,2000,0,0,0,0,0,0,0,0,0,0
340611,2,1,2000,0,0,0,0,0,0,0,0,0,0
340612,1,1,2000,0,0,0,0,0,0,0,0,0,0
340612,2,1,2000,0,0,0,0,0,0,0,0,0,0
340612,3,1,2000,0,0,0,0,0,0,0,0,0,0
340613,1,1,2000,0,0,0,0,0,0,0,0,14,0
340613,2,1,2000,0,0,0,0,0,0,0,0,0,0
340613,3,1,2000,0,0,0,0,3,0,0,0,0,26
340615,1,1,2000,0,24,0,0,0,11,0,0,0,0
340616,1,1,2000,0,0,0,0,0,7,21,0,0,18
340616,2,1,2000,0,6,0,0,0,0,0,0,0,13
340617,1,1,2000,0,0,0,0,0,0,0,21,0,0
340617,2,1,2000,16,16,16,16,16,16,16,16,16,16
340618,0,1,2000,0,0,0,0,0,0,0,0,0,0
340618,2,1,2000,0,0,0,0,0,0,10,0,13,0
340618,3,1,2000,0,0,0,12,0,24,18,17,0,0
340619,1,1,2000,0,0,0,0,0,0,0,0,0,0
340619,2,1,2000,0,0,7,0,0,0,5,0,0,0
340620,0,1,2000,35,35,35,35,35,35,35,35,35,35
340620,1,1,2000,0,0,0,0,0,9,0,0,0,0
340621,1,1,2000,0,0,0,13,0,23,0,0,0,0
340622,0,1,2000,0,29,21,30,0,18,0,33,0,6
340622,1,1,2000,12,8,19,4,7,14,18,13,17,6
340623,1,1,2000,0,0,0,0,0,0,0,0,0,0
340623,2,1,2000,0,0,0,0,0,0,0,11,0,0
340624,0,1,2000,0,0,0,0,0,26,0,0,0,0
340624,1,1,2000,0,0,0,0,0,0,0,0,0,9
340625,0,1,2000,0,0,0,0,0,0,0,0,0,0
340625,0,2,2000,18,21,15,21,41,0,3,0,13,0
340625,1,1,2000,0,0,0,0,0,0,0,0,0,0
340626,0,1,2000,0,0,0,0,0,0,0,0,0,0
340626,1,1,2000,0,0,0,0,0,0,0,0,0,0
340627,1,1,2000,0,21,6,0,0,0,0,0,16,0
340628,1,1,2000,0,0,0,0,0,0,0,0,0,0
340628,2,1,2000,0,0,0,0,0,0,0,0,0,0
340629,0,1,2000,0,0,0,0,0,0,0,0,0,0
340629,0,2,2000,0,0,0,0,0,0,0,0,11,0
340630,1,1,2000,0,0,0,0,0,0,0,0,0,0
340630,2,1,2000,0,0,0,0,0,0,0,0,0,0
340630,3,1,2000,10,0,8,0,0,0,0,0,23,0
340631,1,1,2000,24,24,24,24,24,24,24,24,24,24
340632,1,1,2000,22,17,18,14,20,28,15,6,26,6
340632,2,1,2000,0,0,0,0,0,0,0,0,0,0
340633,1,1,2000,20,20,20,20,20,20,20,20,20,20
340634,1,1,2000,0,13,0,0,0,0,0,0,0,0
340634,2,1,2000,0,0,0,7,0,0,0,0,0,0
340635,0,1,2000,0,23,0,0,0,0,0,0,0,0
340635,0,2,2000,26,0,0,0,0,0,0,0,0,0
340635,1,1,2000,0,0,0,0,0,0,0,0,0,0
340635,2,1,2000,0,0,0,0,0,0,0,0,0,0
340636,1,1,2000,0,19,0,21,10,0,0,0,22,14
340637,1,1,2000,0,0,0,0,0,0,0,0,0,0
340637,2,1,2000,0,0,0,0,0,0,0,0,0,0
340638,1,1,2000,0,0,0,0,0,0,0,0,0,0
340638,2,1,2000,0,0,0,0,0,0,0,0,0,0
340639,1,1,2000,0,0,0,0,0,23,0,21,0,0
340639,2,1,2000,0,0,0,0,0,9,0,0,0,0
340640,0,1,2000,0,0,0,0,0,0,0,0,0,0
340640,0,2,2000,0,0,0,0,0,0,0,0,0,0
340640,1,1,2000,14,14,14,14,14,14,14,14,14,14
340640,2,1,2000,0,0,5,0,25,20,0,0,15,12
340641,1,1,2000,8,0,0,25,0,16,17,0,10,21
340642,0,1,2000,13,13,13,13,13,13,13,13,13,13
340642,1,1,2000,0,0,33,6,0,0,0,0,0,19
340643,1,1,2000,0,0,0,0,0,0,0,0,0,0
340643,2,1,2000,0,6,0,0,10,0,0,0,0,9
340643,3,1,2000,0,0,0,0,0,0,0,0,0,0
340644,0,1,2000,0,0,19,24,6,36,0,18,22,0
340644,1,1,2000,0,0,0,0,0,0,0,0,0,0
340645,1,1,2000,31,31,31,31,31,31,31,31,31,31
340645,2,1,2000,0,9,0,2,0,0,0,0,0,0
340646,1,1,2000,0,0,0,0,0,0,0,0,0,0
340646,2,1,2000,0,0,0,0,0,0,0,0,0,0
340647,1,1,2000,0,0,0,0,0,0,0,0,0,0
340647,2,1,2000,0,0,0,0,0,0,0,0,0,0
340649,0,1,2000,0,0,0,0,0,0,0,0,0,0
340649,1,1,2000,0,0,0,0,0,0,0,0,0,0
340650,0,1,2000,36,36,36,36,36,36,36,36,36,36
340650,1,1,2000,0,0,0,0,0,0,0,0,0,0
340651,1,1,2000,0,0,0,0,0,0,0,0,0,0
340651,2,1,2000,0,0,0,0,0,0,0,0,0,14