ST_CASE,VEH_NO,PER_NO,YEAR,P1,P2,P3,P4,P5,P6,P7,P8,P9,P10
340652,1,1,2000,0,0,0,0,0,0,0,0,0,0
340652,2,1,2000,0,0,0,0,0,0,0,0,0,0
340652,3,1,2000,0,0,0,0,0,0,0,0,0,0
340653,1,1,2000,0,0,0,0,0,0,0,0,0,0
340653,2,1,2000,0,0,0,0,0,0,0,0,0,0
340654,1,1,2000,20,20,20,20,20,20,20,20,20,20
340655,0,1,2000,23,9,15,30,21,4,24,0,35,36
340655,0,2,2000,0,0,0,0,0,0,0,0,0,0
340655,1,1,2000,9,0,10,15,17,0,0,5,17,0
340656,1,1,2000,0,0,0,0,12,0,0,0,0,0
340656,2,1,2000,0,0,0,0,0,0,0,0,0,0
340656,3,1,2000,0,0,0,0,0,0,0,0,0,0
340657,1,1,2000,0,0,0,0,0,0,0,0,0,0
340657,2,1,2000,0,0,0,0,0,0,0,0,0,0
340658,1,1,2000,15,15,9,18,0,0,14,0,0,0
340660,1,1,2000,0,0,0,0,0,0,0,0,0,0
340661,1,1,2000,20,14,0,15,27,0,22,0,22,0
340662,1,1,2000,0,0,0,0,0,0,0,0,0,0
340662,2,1,2000,0,0,0,0,0,0,0,0,0,0
340663,1,1,2000,0,0,15,7,0,0,5,0,0,0
340664,0,1,2000,0,0,0,5,0,6,28,22,30,0
340664,1,1,2000,0,0,0,0,0,0,0,0,0,0
340665,1,1,2000,6,6,6,6,6,6,6,6,6,6
340666,1,1,2000,0,0,0,0,0,0,0,0,0,0
340667,0,1,2000,33,33,33,33,33,33,33,33,33,33
340667,1,1,2000,15,23,0,0,0,0,0,0,11,6
340668,1,1,2000,16,16,16,16,16,16,16,16,16,16
340668,2,1,2000,0,0,4,10,0,14,0,0,0,29
340669,1,1,2000,0,0,0,0,0,0,0,0,0,0
340669,2,1,2000,0,0,0,0,0,0,0,0,0,0
340669,3,1,2000,0,19,0,13,0,0,0,0,0,0
340670,1,1,2000,0,0,0,0,0,0,0,0,0,0
340670,2,1,2000,0,0,0,0,0,0,0,0,0,0
340671,1,1,2000,0,0,0,0,0,0,0,0,0,0
340671,2,1,2000,0,0,0,0,0,0,0,0,0,0
340672,1,1,2000,0,25,25,15,0,10,1,11,0,0
340672,2,1,2000,32,0,0,0,0,11,0,0,0,8
340673,0,1,2000,0,0,0,0,0,0,0,0,0,0
340673,1,1,2000,0,0,0,0,0,0,0,0,0,0
340674,1,1,2000,6,0,0,0,12,0,16,0,0,0
340674,2,1,2000,9,9,9,9,9,9,9,9,9,9
340675,1,1,2000,0,0,0,0,0,0,0,0,0,0
340675,2,1,2000,0,0,0,0,0,0,0,0,0,0
340676,0,1,2000,0,0,0,0,0,0,0,0,0,0
340676,1,1,2000,7,0,0,0,14,0,9,0,0,0
340677,0,1,2000,0,0,0,0,0,0,0,0,0,0
340677,1,1,2000,0,0,0,0,0,0,0,0,0,0
340678,1,1,2000,19,19,19,19,19,19,19,19,19,19
340679,1,1,2000,24,24,24,24,24,24,24,24,24,24
340679,2,1,2000,14,14,14,14,14,14,14,14,14,14
340680,0,1,2000,26,26,26,26,26,26,26,26,26,26
340680,1,1,2000,0,0,0,0,0,0,0,0,0,0
340681,1,1,2000,17,17,17,17,17,17,17,17,17,17
340681,2,1,2000,0,0,0,0,0,0,0,0,0,0
340681,3,1,2000,0,0,0,0,0,0,0,0,0,0
340682,1,1,2000,0,0,7,0,14,0,0,4,0,0
340683,1,1,2000,11,11,11,11,11,11,11,11,11,11
340684,0,1,2000,0,0,0,0,0,0,0,0,0,0
340684,1,1,2000,0,10,0,15,18,0,0,0,0,0
340685,1,1,2000,0,0,0,0,0,0,0,0,0,0
340685,2,1,2000,11,0,0,0,0,0,0,0,0,0
340686,1,1,2000,20,26,27,21,0,13,24,0,19,0
340687,1,1,2000,0,0,0,0,14,0,0,0,0,0
340687,2,1,2000,0,0,0,0,0,0,0,0,0,0
340688,1,1,2000,0,0,0,0,0,0,0,0,0,0
340688,2,1,2000,0,0,0,0,0,0,0,0,0,0
340689,1,1,2000,0,0,0,0,0,0,0,0,0,0
340691,1,1,2000,11,11,11,11,11,11,11,11,11,11
340691,2,1,2000,0,0,5,0,8,0,0,0,21,0
340692,0,1,2000,0,0,0,0,0,0,0,0,0,0
340692,1,1,2000,9,28,0,0,0,0,0,0,0,0
340693,1,1,2000,7,7,7,7,7,7,7,7,7,7
340694,1,1,2000,2,2,2,2,2,2,2,2,2,2
340695,0,1,2000,28,28,28,28,28,28,28,28,28,28
340695,1,1,2000,0,0,0,0,0,0,0,0,0,0
340696,1,1,2000,32,32,32,32,32,32,32,32,32,32
340697,1,1,2000,14,14,14,14,14,14,14,14,14,14
340698,1,1,2000,0,0,0,0,0,0,0,0,0,0
340699,0,1,2000,0,0,0,0,0,0,0,0,0,18
340699,1,1,2000,0,0,0,0,0,0,0,0,9,0
340700,1,1,2000,0,0,0,0,0,0,0,0,0,0
340701,0,1,2000,0,0,0,0,0,0,0,0,0,0
340701,1,1,2000,0,0,0,0,0,0,0,0,0,0
350001,1,1,2000,21,21,21,21,21,21,21,21,21,21
350002,1,1,2000,14,14,14,14,14,14,14,14,14,14
350003,1,1,2000,0,0,0,0,0,0,0,0,0,0
350004,1,1,2000,0,0,0,0,0,0,0,0,0,0
350004,2,1,2000,0,0,0,0,0,0,0,0,0,0
350005,1,1,2000,0,0,0,0,0,0,0,0,0,0
350005,2,1,2000,16,16,16,16,16,16,16,16,16,16
350006,0,1,2000,10,11,18,27,21,7,24,0,7,19
350006,0,2,2000,9,0,30,17,23,13,0,0,34,32
350006,0,3,2000,0,0,14,0,27,31,4,21,0,35
350006,0,4,2000,28,0,20,45,8,0,0,0,0,32
350006,0,5,2000,19,37,34,0,0,23,14,24,36,11
350006,1,1,2000,22,22,22,22,22,22,22,22,22,22
350007,1,1,2000,0,0,0,0,0,0,0,0,0,0
350008,1,1,2000,10,8,0,9,0,0,11,12,11,13
350008,2,1,2000,0,0,0,0,0,0,0,0,0,0
350008,3,1,2000,0,0,0,0,0,0,0,0,0,0
350009,1,1,2000,20,20,20,20,20,20,20,20,20,20
350010,0,1,2000,10,10,10,10,10,10,10,10,10,10
350010,1,1,2000,0,0,0,0,0,0,0,0,0,0
350011,1,1,2000,4,3,0,17,0,0,0,0,0,0
350012,1,1,2000,0,0,0,0,0,0,0,0,0,0
350012,2,1,2000,21,21,21,21,21,21,21,21,21,21
350013,1,1,2000,30,30,30,30,30,30,30,30,30,30
350014,1,1,2000,0,0,0,0,0,0,0,0,0,0
350015,1,1,2000,0,0,0,0,0,0,0,0,0,0
350016,1,2,2000,0,23,25,6,31,0,10,20,0,30
350017,1,1,2000,0,0,0,0,0,0,0,0,0,0
350017,2,1,2000,2,2,2,2,2,2,2,2,2,2
350018,0,1,2000,25,25,25,25,25,25,25,25,25,25
350018,1,1,2000,12,12,12,12,12,12,12,12,12,12
350019,1,1,2000,0,0,0,0,0,0,0,0,0,0
350019,2,1,2000,0,0,0,0,0,0,0,0,0,0
350020,1,1,2000,0,0,0,0,0,0,0,0,0,0
350020,2,1,2000,0,0,0,0,0,0,0,0,0,0
350021,0,1,2000,27,27,27,27,27,27,27,27,27,27
350021,1,1,2000,0,0,0,0,0,0,0,0,0,0
350022,1,1,2000,0,0,0,0,0,0,0,0,0,0
350023,1,1,2000,16,16,16,16,16,16,16,16,16,16
350024,1,1,2000,0,0,0,0,0,0,0,0,12,25
350024,2,1,2000,0,0,0,0,0,0,0,0,0,0
350025,1,1,2000,9,9,9,9,9,9,9,9,9,9
350026,1,1,2000,0,0,0,0,0,0,0,0,0,0
350027,1,1,2000,0,0,0,0,0,0,0,0,0,0
350028,1,1,2000,0,0,0,0,0,0,0,0,0,0
350029,1,1,2000,13,13,20,37,31,25,17,32,19,20
350030,1,1,2000,0,8,5,0,0,0,23,0,0,0
350030,2,1,2000,0,0,0,0,0,0,0,0,0,0
350031,1,1,2000,18,18,18,18,18,18,18,18,18,18
350032,1,1,2000,0,3,0,0,0,0,0,11,0,0
350033,1,1,2000,0,0,0,0,0,0,0,0,0,0
350033,2,1,2000,0,0,0,0,0,0,0,0,0,0
350034,1,1,2000,37,37,37,37,37,37,37,37,37,37
350035,1,1,2000,0,0,0,0,0,0,0,0,0,0
350035,2,1,2000,0,0,0,0,0,0,0,0,0,0
350036,1,1,2000,0,0,0,0,0,0,0,0,0,0
350037,1,1,2000,0,0,0,0,0,0,0,0,0,0
350037,2,1,2000,0,0,0,0,0,1,0,0,0,0
350038,1,1,2000,0,0,0,0,0,0,0,0,0,0
350039,1,1,2000,25,25,25,25,25,25,25,25,25,25
350040,1,1,2000,0,0,0,0,0,0,0,0,0,0
350041,1,1,2000,0,0,0,0,0,0,0,0,0,0
350042,1,1,2000,2,2,2,2,2,2,2,2,2,2
350042,2,1,2000,0,0,0,0,0,0,0,0,0,0
350043,0,1,2000,4,4,4,4,4,4,4,4,4,4
350043,1,1,2000,0,0,0,0,0,0,0,0,0,0
350044,0,1,2000,21,21,21,21,21,21,21,21,21,21
350044,1,1,2000,0,0,0,0,0,0,16,0,0,0
350045,1,1,2000,22,22,22,22,22,22,22,22,22,22
350046,1,1,2000,0,0,0,0,0,0,0,0,0,0
350046,2,1,2000,0,0,0,0,0,0,0,0,0,0
350046,3,1,2000,0,0,0,0,0,0,0,0,0,0
350047,1,1,2000,0,4,16,20,0,6,15,18,9,6
350047,2,1,2000,0,0,0,0,0,0,0,0,0,0
350048,1,1,2000,17,17,17,17,17,17,17,17,17,17
350049,1,1,2000,15,11,3,12,11,14,12,28,25,5
350050,1,1,2000,21,21,21,21,21,21,21,21,21,21
350051,1,1,2000,26,26,26,26,26,26,26,26,26,26
350051,2,1,2000,0,0,0,0,0,0,0,0,0,0
350051,3,1,2000,0,0,15,0,0,0,0,0,0,0
350052,1,1,2000,1,1,1,1,1,1,1,1,1,1
350053,1,1,2000,0,0,0,0,0,0,0,0,0,0
350054,1,1,2000,0,0,0,0,0,0,0,0,0,0
350054,2,1,2000,0,0,0,0,0,0,0,0,0,0
350055,1,1,2000,23,23,23,23,23,23,23,23,23,23
350056,1,1,2000,7,7,7,7,7,7,7,7,7,7
350057,1,1,2000,34,34,34,34,34,34,34,34,34,34
350057,2,1,2000,0,0,0,0,0,0,0,0,0,0
350058,1,1,2000,0,0,0,0,0,0,0,0,0,0
350058,2,1,2000,0,0,0,0,0,0,0,0,0,0
350059,1,1,2000,20,20,20,20,20,20,20,20,20,20
350060,1,1,2000,13,13,13,13,13,13,13,13,13,13
350061,0,1,2000,44,44,44,44,44,44,44,44,44,44
350061,1,1,2000,10,0,0,18,0,4,7,0,0,11
350062,1,1,2000,0,0,0,0,0,0,0,0,0,0
350062,2,1,2000,0,0,0,0,0,0,0,0,0,0
350063,1,1,2000,0,0,0,0,0,0,0,0,0,0
350064,1,1,2000,23,23,23,23,23,23,23,23,23,23
350065,1,1,2000,25,25,25,25,25,25,25,25,25,25
350065,2,1,2000,0,0,0,0,0,0,0,0,0,0
350066,1,1,2000,0,0,0,0,0,0,0,0,0,0
350066,2,1,2000,7,7,7,7,7,7,7,7,7,7
350067,0,1,2000,26,26,26,26,26,26,26,26,26,26
350067,0,2,2000,11,11,11,11,11,11,11,11,11,11
350067,1,1,2000,0,0,0,0,0,0,0,0,0,0
350068,1,1,2000,0,0,0,0,0,0,0,0,0,0
350068,2,1,2000,0,0,0,0,0,0,0,0,0,0
350069,1,1,2000,0,0,0,0,0,7,0,2,0,0
350069,2,1,2000,14,14,14,14,14,14,14,14,14,14
350070,1,1,2000,0,0,0,0,0,0,12,0,0,0
350071,1,1,2000,0,0,0,0,0,0,0,0,0,0
350072,1,1,2000,0,0,0,0,0,0,0,0,0,0
350073,1,1,2000,0,0,0,0,0,0,0,0,0,0
350074,1,1,2000,0,0,0,0,0,0,0,0,0,0
350075,1,1,2000,16,0,0,0,10,0,0,0,0,0
350076,1,1,2000,27,14,18,8,13,25,20,14,17,28
350077,1,1,2000,6,6,6,6,6,6,6,6,6,6
350078,0,1,2000,0,0,0,0,0,0,0,0,0,0
350078,1,1,2000,0,0,0,0,0,0,0,0,0,0
350079,1,1,2000,8,9,9,0,12,5,0,9,5,8
350079,2,1,2000,0,0,0,0,0,0,0,0,0,0
350080,1,1,2000,13,13,13,13,13,13,13,13,13,13
350081,0,1,2000,31,31,31,31,31,31,31,31,31,31
350081,1,1,2000,13,13,13,13,13,13,13,13,13,13
350082,1,1,2000,0,0,0,0,0,0,0,0,0,0
350082,2,1,2000,0,0,0,0,0,0,0,0,0,0
350083,1,1,2000,0,0,0,0,24,0,0,0,0,0
350083,2,1,2000,0,0,0,0,0,0,0,0,0,0
350084,1,1,2000,0,0,0,0,0,0,0,0,0,0
350084,2,1,2000,0,0,0,0,0,0,0,0,0,0
350085,1,1,2000,0,0,0,0,0,0,0,0,0,0
350086,1,1,2000,30,30,30,30,30,30,30,30,30,30
350087,1,1,2000,0,0,0,0,0,0,0,0,0,0
350087,2,1,2000,17,17,17,17,17,17,17,17,17,17
350087,3,1,2000,0,0,0,0,0,0,0,0,0,0
350088,1,1,2000,20,20,20,20,20,20,20,20,20,20
350089,1,1,2000,16,16,16,16,16,16,16,16,16,16
350089,2,1,2000,0,27,0,4,15,23,18,0,18,9
350090,1,1,2000,31,31,31,31,31,31,31,31,31,31
350091,1,1,2000,0,0,0,0,0,0,0,0,0,0
350092,1,1,2000,15,15,15,15,15,15,15,15,15,15
350093,1,1,2000,0,0,0,0,0,0,0,0,0,0
350094,1,1,2000,0,0,0,0,0,0,0,0,0,0
350094,2,1,2000,0,0,0,0,0,0,0,0,0,0
350095,1,1,2000,17,17,17,17,17,17,17,17,17,17
350096,0,1,2000,23,23,23,23,23,23,23,23,23,23
350096,1,1,2000,0,21,0,0,0,6,0,18,4,11
350097,1,1,2000,19,19,19,19,19,19,19,19,19,19
350098,1,1,2000,0,0,0,0,0,0,0,13,9,0
350098,2,1,2000,0,0,0,0,0,0,0,0,0,0
350099,1,1,2000,26,23,19,25,44,0,16,0,32,0
350100,1,1,2000,0,7,0,0,0,0,0,0,0,0
350101,1,1,2000,4,4,4,4,4,4,4,4,4,4
350101,2,1,2000,0,0,0,0,0,0,0,0,0,0
350102,1,1,2000,0,0,0,0,0,0,0,0,0,0
350102,2,1,2000,0,0,0,0,0,0,0,0,0,0
350103,1,1,2000,0,0,0,0,0,0,0,0,0,0
350104,1,1,2000,16,16,16,16,16,16,16,16,16,16
350105,0,1,2000,39,39,39,39,39,39,39,39,39,39
350105,1,1,2000,0,0,0,0,0,0,0,0,0,0
350106,1,1,2000,0,0,0,0,0,0,0,0,0,0
350107,1,1,2000,0,0,0,0,0,0,0,0,0,0
350107,2,1,2000,0,0,0,0,0,6,0,0,0,0
350108,0,1,2000,0,0,0,0,0,0,0,0,0,0
350108,1,1,2000,0,0,0,0,0,0,0,0,0,0
350109,1,1,2000,0,0,0,0,0,0,0,0,0,0
350110,1,1,2000,0,0,0,0,0,0,0,0,0,0
350110,2,1,2000,0,0,0,0,6,0,0,0,0,0
350111,1,1,2000,17,17,17,17,17,17,17,17,17,17
350111,2,1,2000,0,0,0,0,0,0,0,0,0,0
350112,1,1,2000,0,0,0,0,0,0,0,0,0,0
350112,2,1,2000,0,0,0,0,0,0,0,0,0,0
350112,3,1,2000,0,0,0,0,0,0,0,0,0,0
350113,0,1,2000,0,0,0,0,0,0,0,0,0,0
350113,1,1,2000,0,0,0,0,0,0,0,0,0,0
350114,0,1,2000,35,35,35,35,35,35,35,35,35,35
350114,1,1,2000,0,0,0,0,0,14,0,0,0,6
350115,1,1,2000,25,10,11,19,13,23,24,15,20,16
350115,2,1,2000,0,0,0,0,0,0,0,0,0,0
350116,1,1,2000,12,12,12,12,12,12,12,12,12,12
350117,1,1,2000,0,0,0,0,0,0,0,0,0,0
350117,2,1,2000,0,0,0,0,0,0,0,0,0,0
350118,1,1,2000,9,9,9,9,9,9,9,9,9,9
350119,1,1,2000,0,0,0,0,0,0,0,0,0,0
350119,2,1,2000,0,0,0,0,0,0,0,0,0,0
350120,1,1,2000,0,0,0,0,0,0,0,0,0,0
350120,2,1,2000,23,23,23,23,23,23,23,23,23,23
350121,1,1,2000,0,0,0,0,0,0,0,0,0,0
350121,2,1,2000,0,0,0,0,0,0,0,0,0,0
350122,1,1,2000,0,0,0,0,0,0,0,0,0,0
350122,2,1,2000,0,0,0,0,0,0,0,0,0,0
350123,1,1,2000,17,18,12,17,15,32,10,19,29,7
350124,1,1,2000,0,0,0,0,0,0,0,0,0,0
350124,2,1,2000,0,5,0,0,10,0,0,0,0,29
350125,1,1,2000,0,0,0,0,0,0,0,0,0,0
350126,1,1,2000,0,0,0,0,0,0,0,0,0,0
350127,1,1,2000,0,0,0,0,0,0,0,0,0,0
350127,2,1,2000,0,0,0,0,0,0,0,0,0,0
350128,1,1,2000,0,0,0,0,0,0,0,0,0,0
350128,2,1,2000,0,0,0,0,0,0,0,0,0,0
350129,1,1,2000,0,0,0,0,0,0,0,0,0,0
350130,1,1,2000,0,0,0,0,0,0,0,0,0,0
350131,1,1,2000,0,0,0,0,0,0,0,0,0,0
350131,2,1,2000,0,0,0,0,0,0,0,0,0,0
350132,1,1,2000,0,0,0,0,0,0,0,0,0,0
350133,0,1,2000,11,11,11,11,11,11,11,11,11,11
350133,0,2,2000,0,0,8,10,0,0,25,0,19,12
350133,1,1,2000,0,0,0,11,0,0,0,0,0,16
350134,1,1,2000,0,0,0,0,0,0,0,0,0,0
350134,2,1,2000,15,0,0,0,12,0,3,0,20,6
350135,1,1,2000,0,0,0,0,0,0,0,0,0,0
350136,1,1,2000,7,7,7,7,7,7,7,7,7,7
350137,1,1,2000,0,0,0,0,0,0,0,0,0,0
350138,1,1,2000,0,0,0,0,0,0,0,0,0,0
350139,1,1,2000,0,0,0,0,0,0,0,10,0,0
350139,2,1,2000,20,20,20,20,20,20,20,20,20,20
350140,1,1,2000,21,29,20,15,16,30,34,21,16,14
350141,1,1,2000,7,7,7,7,7,7,7,7,7,7
350142,1,1,2000,1,1,1,1,1,1,1,1,1,1
350143,1,1,2000,0,0,0,0,0,0,0,14,0,0
350144,1,1,2000,21,21,21,21,21,21,21,21,21,21
350145,1,1,2000,0,0,15,0,0,0,0,0,0,0
350146,1,1,2000,0,0,0,0,0,0,0,0,0,0
350146,2,1,2000,6,6,6,6,6,6,6,6,6,6
350147,1,1,2000,14,14,14,14,14,14,14,14,14,14
350148,1,1,2000,0,0,0,0,0,0,0,0,0,0
350149,1,1,2000,7,7,7,7,7,7,7,7,7,7
350149,2,1,2000,20,20,20,20,20,20,20,20,20,20
350150,1,1,2000,0,0,0,0,0,0,0,0,0,0
350151,0,1,2000,18,18,18,18,18,18,18,18,18,18
350151,1,1,2000,17,0,8,0,0,15,16,3,9,0
350151,2,1,2000,0,0,0,0,0,0,0,0,0,8
350152,1,1,2000,16,16,16,16,16,16,16,16,16,16
350153,1,1,2000,0,0,0,0,0,0,0,0,0,0
350153,2,1,2000,0,0,0,0,0,0,0,0,0,0
350154,1,1,2000,0,0,0,0,0,0,0,0,0,0
350154,2,1,2000,0,0,0,0,0,0,0,0,0,0
350155,1,1,2000,0,0,0,0,0,0,0,0,2,0
350156,0,1,2000,0,16,0,8,7,13,15,0,23,36
350156,1,1,2000,0,0,0,0,0,0,0,0,0,0
350157,1,1,2000,0,0,0,0,0,0,0,0,0,0
350157,2,1,2000,20,20,20,20,20,20,20,20,20,20
350158,1,1,2000,0,8,0,0,0,0,0,0,0,0
350159,1,1,2000,0,0,0,26,0,0,0,0,0,0
350159,2,1,2000,0,0,0,0,0,0,0,0,0,0
350160,1,1,2000,0,0,0,0,0,0,0,0,0,0
350160,2,1,2000,0,0,0,0,0,0,0,0,14,0
350160,3,1,2000,0,0,0,0,0,0,0,0,0,0
350161,0,1,2000,0,0,0,0,0,0,0,0,0,0
350161,1,1,2000,8,8,8,8,8,8,8,8,8,8
350162,1,1,2000,0,0,0,0,0,0,0,0,0,0
350162,2,1,2000,0,0,0,0,0,0,0,0,0,0
350162,3,1,2000,0,0,0,0,0,0,0,0,0,0
350163,1,1,2000,0,0,0,0,0,0,0,0,0,0
350163,2,1,2000,0,0,0,0,0,0,0,0,0,0
350163,3,1,2000,0,0,0,0,0,0,0,0,0,0
350164,1,1,2000,0,0,0,0,0,0,0,0,0,0
350165,1,1,2000,0,0,0,0,0,0,0,0,0,0
350166,1,1,2000,0,0,0,0,0,0,0,2,0,0
350167,1,1,2000,0,0,0,0,0,0,0,0,0,0
350168,1,1,2000,0,0,0,0,0,0,0,0,0,0
350169,1,1,2000,0,0,0,0,0,0,0,0,0,0
350170,1,1,2000,0,0,0,0,0,0,0,0,0,0
350171,1,1,2000,0,0,0,0,0,0,0,0,0,0
350172,1,1,2000,0,0,0,0,0,0,0,0,0,0
350172,2,1,2000,0,0,0,0,0,0,0,0,0,0
350173,1,1,2000,0,0,0,11,0,0,0,0,0,0
350174,1,1,2000,2,2,2,2,2,2,2,2,2,2
350175,1,1,2000,0,0,0,0,0,0,0,0,0,0
350175,2,1,2000,0,0,0,0,0,0,0,0,0,0
350176,1,1,2000,0,0,0,0,0,0,0,0,0,0
350176,2,1,2000,0,0,0,0,0,0,0,0,0,0
350176,3,1,2000,0,0,0,0,0,0,0,0,0,0
350176,4,1,2000,0,0,0,0,0,0,0,0,0,0
350177,1,1,2000,0,0,0,0,0,0,0,0,0,0
350178,1,1,2000,11,11,11,11,11,11,11,11,11,11
350179,1,1,2000,0,0,0,0,0,0,0,0,0,0
350180,1,1,2000,0,0,0,0,0,0,0,0,0,0
350181,0,1,2000,20,20,20,20,20,20,20,20,20,20
350181,1,1,2000,0,0,0,0,0,13,0,0,0,0
350182,1,1,2000,0,0,0,0,0,0,0,0,0,0
350183,1,1,2000,0,0,0,0,0,0,0,0,0,0
350183,2,1,2000,1,1,1,1,1,1,1,1,1,1
350184,1,1,2000,0,0,0,0,0,0,0,0,0,0
350185,1,1,2000,0,17,0,11,26,16,0,0,21,13
350185,2,1,2000,0,0,0,0,0,0,0,0,0,0
350186,1,1,2000,0,0,0,0,0,0,0,0,0,0
350186,2,1,2000,0,0,0,0,0,0,0,0,0,0
350186,3,1,2000,0,0,0,0,0,0,0,0,0,0
350186,4,1,2000,0,0,0,0,0,0,0,0,0,0
350187,1,1,2000,1,1,1,1,1,1,1,1,1,1
350187,2,1,2000,0,0,0,0,0,0,0,0,0,0
350187,3,1,2000,0,0,0,0,0,0,0,0,0,0
350188,1,1,2000,15,15,15,15,15,15,15,15,15,15
350189,1,1,2000,10,10,10,10,10,10,10,10,10,10
350190,1,1,2000,0,0,0,0,0,0,0,7,0,0
350191,1,1,2000,29,29,29,29,29,29,29,29,29,29
350192,1,1,2000,13,13,13,13,13,13,13,13,13,13
350193,1,1,2000,0,0,0,0,0,0,0,0,0,0
350193,2,1,2000,0,0,0,0,0,0,0,0,0,0
350195,1,1,2000,4,4,4,4,4,4,4,4,4,4
350196,1,1,2000,11,0,0,0,0,0,0,0,0,0
350196,2,1,2000,0,0,0,0,0,0,0,0,0,0
350196,3,1,2000,0,0,0,0,0,0,0,0,0,0
350199,0,1,2000,27,27,27,27,27,27,27,27,27,27
350199,1,1,2000,0,0,0,0,0,15,0,0,0,0
350200,1,1,2000,24,24,24,24,24,24,24,24,24,24
350201,1,1,2000,11,13,0,11,35,7,0,22,21,29
350203,1,1,2000,14,14,14,14,14,14,14,14,14,14
350204,0,1,2000,0,0,0,0,0,0,0,0,0,0
350204,1,1,2000,0,0,0,0,0,0,0,0,0,0
350205,1,1,2000,0,0,0,0,0,0,0,0,0,0
350205,2,1,2000,0,0,0,0,0,0,0,0,0,0
350207,1,1,2000,0,0,0,0,0,0,16,0,0,0
350207,2,1,2000,0,0,0,0,0,0,0,0,0,0
350208,1,1,2000,40,40,40,40,40,40,40,40,40,40
350208,2,1,2000,0,0,0,0,0,0,0,0,0,0
350209,1,1,2000,14,14,14,14,14,14,14,14,14,14
350211,1,1,2000,0,0,0,0,0,0,0,0,0,0
350212,1,1,2000,0,0,0,0,0,0,0,0,0,0
350212,2,1,2000,8,8,8,8,8,8,8,8,8,8
350213,1,1,2000,0,0,0,0,0,0,0,0,0,0
350213,2,1,2000,31,25,30,36,20,23,13,4,16,14
350214,1,1,2000,0,0,26,0,0,0,0,0,0,0
350214,2,1,2000,0,0,0,0,0,0,0,0,0,0
350215,1,1,2000,0,0,0,0,0,0,0,0,0,0
350216,1,1,2000,24,9,18,10,0,8,0,0,10,0
350216,2,1,2000,0,0,0,0,0,0,0,0,0,0
350216,3,1,2000,0,0,0,0,0,0,0,0,0,0
350217,1,1,2000,1,1,1,1,1,1,1,1,1,1
350217,2,1,2000,0,0,0,0,0,0,0,0,0,0
350218,1,1,2000,14,15,25,22,12,10,18,24,15,17
350219,1,1,2000,0,0,0,0,0,0,0,0,0,0
350220,1,1,2000,27,27,27,27,27,27,27,27,27,27
350220,2,1,2000,9,9,9,9,9,9,9,9,9,9
350221,1,1,2000,25,25,25,25,25,25,25,25,25,25
350222,0,1,2000,30,30,30,30,30,30,30,30,30,30
350222,1,1,2000,19,19,19,19,19,19,19,19,19,19
350223,1,1,2000,0,0,0,0,0,0,0,0,0,0
350223,2,1,2000,0,0,0,0,0,0,0,0,0,0
350224,1,1,2000,0,0,0,0,0,0,0,0,0,0
350225,1,1,2000,17,29,0,17,29,22,4,0,0,0
350226,1,1,2000,0,0,0,0,0,0,0,0,0,0
350227,1,1,2000,0,0,0,0,0,0,0,0,0,0
350228,1,1,2000,21,21,21,21,21,21,21,21,21,21
350228,2,1,2000,0,0,0,0,0,0,0,0,0,0
350229,1,1,2000,0,0,0,0,0,0,0,0,0,0
350230,0,1,2000,10,10,10,10,10,10,10,10,10,10
350230,1,1,2000,0,0,0,0,0,0,0,0,0,0
350231,1,1,2000,0,0,0,0,0,0,0,9,0,0
350231,2,1,2000,14,10,10,7,17,28,11,14,11,11
350232,1,1,2000,14,14,14,14,14,14,14,14,14,14
350233,1,1,2000,0,0,0,0,0,0,0,0,0,0
350233,2,1,2000,0,0,0,0,0,0,17,0,0,0
350234,0,1,2000,29,29,29,29,29,29,29,29,29,29
350234,1,1,2000,0,0,0,0,13,0,26,0,7,0
350235,1,1,2000,0,0,0,0,0,0,0,0,0,0
350235,2,1,2000,0,0,0,0,0,0,0,0,0,0
350235,3,1,2000,0,13,0,0,0,0,0,0,0,0
350235,4,1,2000,0,0,0,0,0,0,0,0,0,0
350236,0,1,2000,0,0,0,0,0,0,0,0,0,0
350236,1,1,2000,0,0,0,0,0,0,0,0,0,0
350238,1,1,2000,0,0,0,0,0,0,0,0,0,0
350238,2,1,2000,0,0,0,0,0,0,0,0,0,0
350239,0,1,2000,0,0,0,0,0,0,0,0,4,0
350239,1,1,2000,0,0,0,0,0,0,0,0,0,0
350240,1,1,2000,0,0,0,0,0,0,0,0,0,0
350240,2,1,2000,0,0,0,0,0,0,0,0,0,0
350241,0,1,2000,0,0,22,8,28,17,14,31,0,6
350241,1,1,2000,0,0,0,0,0,0,0,0,0,0
350242,1,1,2000,0,0,0,0,0,0,0,0,0,0
350242,2,1,2000,0,0,0,0,0,0,0,0,0,0
350243,1,1,2000,9,23,19,6,11,5,3,29,18,25