ST_CASE,VEH_NO,PER_NO,YEAR,P1,P2,P3,P4,P5,P6,P7,P8,P9,P10
350244,1,1,2000,0,0,0,0,0,0,0,0,0,0
350244,2,1,2000,0,0,0,0,0,0,0,0,0,0
350244,3,1,2000,0,0,0,0,10,0,0,0,0,0
350245,0,1,2000,0,0,0,0,0,0,0,0,0,0
350245,1,1,2000,0,0,0,0,0,0,0,0,0,0
350246,0,1,2000,0,0,0,0,0,0,0,0,0,0
350246,1,1,2000,0,0,0,0,0,0,0,0,0,0
350247,1,1,2000,0,0,0,0,20,4,0,0,0,0
350247,2,1,2000,15,15,15,15,15,15,15,15,15,15
350247,3,1,2000,0,0,0,0,0,0,0,0,0,0
350248,1,1,2000,21,21,21,21,21,21,21,21,21,21
350248,2,1,2000,0,0,0,0,0,0,0,0,0,0
350249,1,1,2000,0,0,0,0,0,0,0,0,0,0
350250,1,1,2000,0,0,0,0,0,0,0,0,0,0
350251,1,1,2000,0,0,0,0,0,0,0,0,0,0
350251,2,1,2000,0,0,0,0,0,0,0,0,0,0
350251,3,1,2000,0,0,0,0,0,0,0,0,0,0
350252,1,1,2000,0,36,23,15,9,11,17,19,8,14
350252,2,1,2000,0,0,0,0,0,0,0,0,0,0
350252,3,1,2000,0,0,0,0,0,0,0,0,0,0
350253,1,1,2000,24,24,24,24,24,24,24,24,24,24
350253,2,1,2000,0,0,0,0,0,0,0,0,0,0
350254,1,1,2000,20,20,20,20,20,20,20,20,20,20
350255,1,1,2000,0,0,0,0,0,0,0,0,0,0
350256,1,1,2000,0,0,0,0,0,0,0,0,0,0
350256,2,1,2000,0,0,0,0,0,0,0,0,0,0
350257,1,1,2000,11,0,0,0,11,0,0,0,0,0
350258,1,1,2000,0,0,0,0,0,0,0,0,0,0
350258,2,1,2000,15,15,15,15,15,15,15,15,15,15
350259,0,1,2000,18,18,18,18,18,18,18,18,18,18
350259,1,1,2000,15,15,15,15,15,15,15,15,15,15
350260,1,1,2000,22,22,22,22,22,22,22,22,22,22
350260,2,1,2000,0,0,0,4,0,0,0,0,0,0
350261,1,1,2000,0,0,0,30,0,0,8,15,9,9
350262,1,1,2000,24,4,10,18,18,12,16,23,8,20
350263,1,1,2000,0,0,0,0,0,0,0,0,22,0
350263,2,1,2000,0,0,0,0,0,0,0,0,0,0
350263,3,1,2000,0,0,0,0,0,0,0,0,0,0
350264,1,1,2000,0,0,0,0,0,0,0,0,0,0
350264,2,1,2000,0,0,0,0,0,0,0,0,0,0
350264,3,1,2000,0,0,0,0,0,0,0,0,0,0
350266,0,1,2000,16,16,16,16,16,16,16,16,16,16
350266,1,1,2000,18,0,0,0,0,0,0,0,13,0
350267,1,1,2000,28,28,28,28,28,28,28,28,28,28
350267,2,1,2000,0,0,0,0,0,0,0,0,0,0
350268,1,1,2000,13,13,13,13,13,13,13,13,13,13
350269,0,1,2000,1,1,1,1,1,1,1,1,1,1
350269,1,1,2000,0,0,0,0,0,0,0,0,0,0
350270,1,1,2000,0,0,0,0,0,0,0,0,0,0
350270,2,1,2000,0,0,0,4,0,0,0,0,0,0
350271,1,1,2000,0,0,0,0,0,0,0,0,0,0
350271,2,1,2000,0,0,0,0,0,0,0,0,0,0
350271,3,1,2000,0,0,0,0,0,0,0,0,0,0
350272,1,1,2000,0,0,0,0,0,0,0,0,0,0
350273,1,1,2000,0,0,0,0,0,0,0,0,0,0
350273,2,1,2000,10,10,10,10,10,10,10,10,10,10
350274,1,1,2000,0,0,0,0,0,0,0,0,0,0
350274,2,1,2000,0,0,4,18,0,0,0,15,0,0
350275,0,1,2000,15,15,15,15,15,15,15,15,15,15
350275,0,2,2000,29,0,21,12,10,15,0,24,5,12
350275,1,1,2000,0,0,0,0,0,0,0,0,0,0
350275,2,1,2000,0,0,0,0,0,0,0,0,0,0
350276,1,1,2000,10,10,10,10,10,10,10,10,10,10
350276,2,1,2000,0,0,0,0,0,0,0,0,0,0
350277,1,1,2000,0,0,0,0,0,0,0,0,0,0
350277,2,1,2000,22,22,22,22,22,22,22,22,22,22
350278,1,1,2000,0,0,0,0,0,0,0,0,0,0
350278,2,1,2000,0,0,0,0,0,0,0,0,0,0
350279,1,1,2000,23,23,23,23,23,23,23,23,23,23
350280,1,1,2000,0,0,0,0,0,0,0,0,0,15
350281,1,1,2000,0,0,0,0,0,0,0,0,0,0
350282,1,1,2000,0,0,0,0,0,0,0,0,0,0
350282,2,1,2000,0,0,0,0,0,0,0,0,0,0
350283,0,1,2000,0,0,0,0,0,0,0,0,0,0
350283,1,1,2000,0,0,0,0,0,0,0,0,0,0
350284,0,1,2000,0,0,0,0,0,0,0,0,0,0
350284,1,1,2000,0,0,0,0,0,0,0,0,0,0
350285,1,1,2000,0,0,0,0,0,0,0,0,0,0
350286,0,1,2000,39,39,39,39,39,39,39,39,39,39
350286,1,1,2000,0,0,0,0,0,0,0,0,0,0
350287,1,1,2000,30,30,30,30,30,30,30,30,30,30
350287,2,1,2000,6,0,0,0,0,0,0,0,0,0
350288,1,1,2000,12,12,12,12,12,12,12,12,12,12
350289,1,1,2000,11,11,11,11,11,11,11,11,11,11
350290,0,1,2000,0,0,0,0,0,0,0,0,0,0
350290,1,1,2000,0,0,0,0,0,0,0,0,0,0
350291,1,1,2000,0,0,0,0,0,0,0,0,0,0
350291,2,1,2000,0,0,0,0,0,0,0,0,9,0
350291,3,1,2000,0,0,0,0,0,0,0,0,0,0
350292,1,1,2000,0,0,0,0,0,0,0,0,0,0
350292,2,1,2000,4,0,0,0,0,0,0,0,0,0
350293,1,1,2000,0,0,0,0,0,0,0,0,0,0
350294,1,1,2000,0,0,0,9,0,0,0,0,0,0
350294,2,1,2000,0,10,9,10,0,0,11,7,0,0
350295,1,1,2000,34,34,34,34,34,34,34,34,34,34
350296,0,1,2000,29,29,29,29,29,29,29,29,29,29
350296,1,1,2000,14,27,0,14,30,0,11,0,0,0
350297,0,1,2000,0,32,29,16,0,0,24,0,17,20
350297,1,1,2000,24,0,0,0,0,0,0,0,0,0
350298,1,1,2000,0,22,19,15,17,15,30,0,23,8
350299,1,1,2000,0,0,0,0,0,0,0,0,0,0
350299,2,1,2000,0,0,0,15,4,0,0,0,0,0
350300,1,1,2000,0,0,0,0,0,0,0,0,0,0
350301,0,1,2000,17,17,17,17,17,17,17,17,17,17
350301,1,1,2000,0,0,0,0,0,0,2,32,0,0
350302,1,1,2000,0,0,0,0,0,0,0,0,0,0
350303,1,1,2000,0,0,0,0,0,0,0,0,0,0
350303,2,1,2000,8,14,20,9,24,5,20,0,11,10
350304,1,1,2000,0,0,0,0,0,0,0,0,0,0
350304,2,1,2000,2,2,2,2,2,2,2,2,2,2
350305,1,1,2000,0,7,12,22,30,10,0,0,0,21
350306,0,1,2000,0,0,0,0,0,0,0,0,0,0
350306,1,1,2000,0,0,0,0,0,0,0,0,0,0
350307,1,1,2000,0,0,0,0,0,0,0,0,0,0
350307,2,1,2000,0,0,0,0,0,0,0,0,0,0
350308,1,1,2000,13,24,7,22,9,13,27,5,23,0
350308,2,1,2000,0,0,0,0,0,14,0,0,0,0
350309,1,1,2000,0,0,0,0,0,0,0,0,0,0
350310,1,1,2000,0,0,0,0,0,0,0,0,0,0
350310,2,1,2000,0,0,0,0,0,0,0,0,0,0
350311,1,1,2000,9,9,9,9,9,9,9,9,9,9
350311,2,1,2000,0,0,0,0,0,0,0,0,0,0
350312,1,1,2000,0,0,0,0,0,0,0,0,0,0
350313,1,1,2000,0,0,0,0,0,0,0,0,0,0
350314,1,1,2000,0,0,0,0,0,0,0,0,0,0
350314,2,1,2000,0,0,0,0,0,0,0,0,0,0
350315,1,1,2000,0,0,0,0,0,0,0,0,0,0
350315,2,1,2000,0,0,0,0,0,0,0,0,0,0
350315,3,1,2000,0,0,0,0,0,0,0,0,0,0
350316,1,1,2000,15,6,21,0,26,34,20,21,25,8
350317,0,1,2000,0,0,0,0,0,0,0,0,0,0
350317,1,1,2000,0,0,0,0,0,0,0,0,0,0
350318,1,1,2000,17,16,18,10,14,21,19,7,14,19
350319,0,1,2000,0,0,0,0,0,0,0,0,0,0
350319,1,1,2000,0,0,0,0,0,0,0,0,0,0
350320,1,1,2000,24,24,24,24,24,24,24,24,24,24
350320,2,1,2000,0,0,0,0,0,0,0,0,0,0
350321,1,1,2000,18,18,18,18,18,18,18,18,18,18
350321,2,1,2000,7,4,0,22,3,0,12,13,0,18
350321,3,1,2000,0,0,0,0,0,0,0,0,0,0
350322,1,1,2000,38,38,38,38,38,38,38,38,38,38
350323,0,1,2000,0,0,0,0,0,0,0,0,0,0
350323,1,1,2000,0,0,0,0,0,0,0,0,0,0
350324,0,1,2000,39,39,39,39,39,39,39,39,39,39
350324,1,1,2000,0,0,0,0,0,0,0,0,0,21
350326,1,1,2000,0,0,0,0,0,0,0,0,0,0
350326,2,1,2000,0,0,0,0,0,0,0,0,0,0
350327,1,1,2000,0,0,0,0,0,0,0,0,0,0
350328,1,1,2000,0,0,0,0,0,0,0,0,0,0
350329,1,1,2000,0,0,0,0,0,0,0,0,0,0
350330,1,1,2000,0,0,0,16,14,0,0,20,0,0
350331,0,1,2000,0,11,41,30,20,0,42,22,0,19
350331,1,1,2000,0,0,0,0,0,0,0,0,0,0
350332,0,1,2000,13,13,13,13,13,13,13,13,13,13
350332,1,1,2000,0,0,0,0,0,0,0,0,0,0
350333,1,1,2000,2,0,0,0,0,0,0,0,0,0
350334,1,1,2000,0,0,0,0,0,0,0,0,0,0
350334,2,1,2000,0,0,0,0,0,0,0,0,0,0
350335,1,1,2000,0,0,0,0,0,0,0,0,0,0
350335,2,1,2000,0,0,13,0,0,0,0,0,0,0
350335,3,1,2000,0,0,0,0,0,0,0,0,0,0
350336,0,1,2000,18,14,7,0,11,0,12,0,0,5
350336,1,1,2000,0,0,0,0,0,0,0,0,0,0
350337,1,1,2000,0,0,0,0,0,0,0,0,0,0
350338,1,1,2000,0,0,0,20,0,15,0,0,8,21
350339,1,1,2000,18,18,18,18,18,18,18,18,18,18
350339,2,1,2000,0,0,19,0,16,0,9,0,0,0
350340,1,1,2000,0,0,0,0,0,0,0,0,0,0
350341,1,1,2000,0,0,0,0,0,0,0,0,0,0
350341,2,1,2000,0,0,0,0,0,0,0,0,0,0
350342,1,1,2000,0,0,0,0,15,0,0,0,0,5
350343,1,1,2000,0,0,0,0,0,0,0,0,0,0
350343,2,1,2000,0,0,0,0,0,0,0,0,0,0
350344,1,1,2000,24,24,24,24,24,24,24,24,24,24
350345,1,1,2000,28,28,28,28,28,28,28,28,28,28
350346,1,1,2000,12,12,12,12,12,12,12,12,12,12
350347,1,1,2000,0,0,0,0,0,0,7,0,0,0
350347,2,1,2000,0,0,0,0,0,0,0,0,0,0
350347,3,1,2000,0,0,0,0,0,0,0,0,0,0
350348,1,1,2000,18,18,18,18,18,18,18,18,18,18
350350,1,1,2000,13,13,13,13,13,13,13,13,13,13
350351,1,1,2000,0,0,0,0,0,0,0,0,0,0
350352,1,1,2000,11,0,0,0,9,0,0,0,0,0
350352,2,1,2000,0,16,5,10,8,16,0,28,11,12
350353,1,1,2000,12,12,12,12,12,12,12,12,12,12
350353,2,1,2000,0,0,0,0,0,0,0,16,0,0
350354,1,1,2000,0,0,0,0,0,0,0,0,0,0
350354,2,1,2000,0,0,0,0,0,0,0,0,0,0
350355,1,1,2000,20,20,20,20,20,20,20,20,20,20
350356,1,1,2000,13,13,13,13,13,13,13,13,13,13
350357,1,1,2000,6,6,6,6,6,6,6,6,6,6
350358,1,1,2000,0,0,0,0,0,0,0,0,0,0
350359,1,1,2000,24,24,24,24,24,24,24,24,24,24
350360,1,1,2000,17,27,11,15,14,12,23,7,14,18
350362,0,1,2000,28,28,28,28,28,28,28,28,28,28
350362,1,1,2000,0,0,0,0,0,0,0,0,0,0
350363,1,1,2000,0,0,0,0,0,0,0,0,0,0
350363,2,1,2000,0,0,0,0,0,0,0,0,0,0
350364,1,1,2000,0,0,0,0,0,0,0,0,0,0
350365,0,1,2000,0,0,0,0,0,0,0,0,0,0
350365,1,1,2000,0,0,0,0,0,0,0,0,0,17
350366,1,1,2000,0,0,0,0,0,0,0,0,0,0
350366,2,1,2000,0,0,0,0,0,0,0,0,0,0
350367,1,1,2000,13,4,0,17,0,5,0,14,0,5
350368,0,1,2000,28,28,28,28,28,28,28,28,28,28
350368,1,1,2000,0,0,0,0,0,0,0,0,0,0
350369,1,1,2000,16,16,16,16,16,16,16,16,16,16
350370,0,1,2000,0,0,0,0,0,0,0,0,0,0
350370,1,1,2000,0,0,0,0,0,0,0,0,0,0
350371,1,1,2000,0,0,0,0,0,0,0,0,0,0
350371,2,1,2000,22,22,22,22,22,22,22,22,22,22
350372,1,1,2000,19,19,19,19,19,19,19,19,19,19
350373,1,1,2000,0,0,0,0,0,0,0,0,0,0
350373,2,1,2000,0,0,0,0,0,0,0,0,0,0
350374,1,1,2000,0,0,0,0,0,0,0,0,0,0
350374,2,1,2000,11,0,0,0,0,0,0,0,0,0
350375,1,1,2000,11,11,10,10,15,12,6,27,13,7
350376,1,1,2000,5,16,0,7,16,8,0,10,9,8
350376,2,1,2000,0,0,0,0,0,0,0,0,0,0
350377,1,1,2000,0,0,0,0,0,0,0,0,0,0
350378,1,1,2000,0,0,18,0,0,0,0,0,0,0
350378,2,1,2000,20,18,13,5,27,7,10,12,22,12
350379,1,1,2000,0,0,0,0,0,0,0,0,0,0
350380,1,1,2000,0,0,0,0,0,0,0,0,0,0
350380,2,1,2000,0,0,0,0,0,0,0,0,0,0
350381,1,1,2000,0,0,0,0,0,0,0,0,0,0
350382,1,1,2000,0,0,0,0,0,0,0,0,0,0
350383,1,1,2000,12,12,12,12,12,12,12,12,12,12
350384,1,1,2000,15,15,15,15,15,15,15,15,15,15
350384,2,1,2000,0,0,0,0,0,0,0,0,0,0
350385,1,1,2000,0,0,2,0,0,0,0,0,0,0
350387,1,1,2000,2,2,2,2,2,2,2,2,2,2
350387,2,1,2000,0,0,0,0,0,0,0,0,0,0
350388,1,1,2000,0,0,0,0,0,11,0,0,0,0
350389,1,1,2000,0,0,0,0,8,0,0,0,0,0
350390,1,1,2000,0,2,13,0,0,0,15,9,9,0
350391,1,1,2000,34,35,3,32,11,25,26,27,25,18
350392,1,1,2000,4,4,4,4,4,4,4,4,4,4
350393,0,1,2000,22,12,0,14,8,0,0,0,0,0
350393,1,1,2000,0,0,0,0,0,0,19,0,0,24
350394,1,1,2000,0,0,0,0,0,0,0,0,0,0
350394,2,1,2000,11,16,8,0,0,0,0,0,0,7
350395,1,1,2000,0,0,0,4,0,0,3,0,0,0
350396,1,1,2000,0,0,0,0,0,0,0,0,0,0
350398,1,1,2000,22,22,22,22,22,22,22,22,22,22
350398,2,1,2000,0,0,0,0,0,0,0,0,0,0
350400,1,1,2000,0,0,0,0,0,0,0,0,0,0
350400,2,1,2000,0,0,0,0,0,0,0,0,0,0
350400,3,1,2000,0,0,0,0,0,0,0,0,0,0
360001,1,1,2000,9,0,0,0,0,0,0,0,0,0
360001,2,1,2000,0,0,0,0,0,0,0,0,0,0
360002,0,1,2000,0,0,0,0,0,0,0,0,0,0
360002,1,1,2000,0,0,0,19,0,0,0,0,0,0
360002,2,1,2000,0,0,0,0,0,0,0,0,0,0
360003,1,1,2000,0,0,0,0,0,0,0,0,0,0
360003,2,1,2000,21,21,27,20,17,25,16,10,8,16
360004,1,1,2000,0,0,0,0,0,0,0,0,0,0
360004,2,1,2000,0,0,0,0,0,0,0,0,0,0
360005,1,1,2000,2,2,2,2,2,2,2,2,2,2
360005,2,1,2000,0,0,0,0,0,0,0,0,0,0
360006,1,1,2000,0,0,0,0,0,0,0,0,0,0
360007,1,1,2000,21,21,21,21,21,21,21,21,21,21
360008,1,1,2000,0,0,0,0,0,0,0,0,0,0
360009,1,1,2000,18,18,18,18,18,18,18,18,18,18
360010,0,1,2000,28,28,28,28,28,28,28,28,28,28
360010,1,1,2000,0,0,0,0,6,0,0,0,0,0
360011,1,1,2000,0,0,0,0,0,0,0,0,0,0
360012,1,1,2000,0,0,0,0,0,0,0,0,0,0
360013,1,1,2000,0,0,0,0,0,0,0,0,0,0
360013,2,1,2000,0,0,0,0,0,0,0,0,0,0
360014,1,1,2000,0,0,0,0,0,0,0,0,0,0
360014,2,1,2000,0,0,0,0,0,0,0,0,0,0
360015,0,1,2000,1,1,1,1,1,1,1,1,1,1
360015,1,1,2000,0,0,0,0,0,0,0,0,0,0
360016,0,1,2000,21,21,21,21,21,21,21,21,21,21
360016,0,2,2000,24,44,23,15,33,27,0,0,21,21
360016,1,1,2000,28,0,16,20,12,7,10,10,18,17
360017,1,1,2000,0,0,0,0,0,0,0,0,0,0
360017,2,1,2000,0,0,0,0,0,0,0,0,0,0
360018,1,1,2000,0,0,8,0,0,0,0,0,0,0
360019,0,1,2000,0,0,0,0,0,0,0,0,0,0
360019,1,1,2000,0,0,0,0,0,0,0,0,0,0
360020,1,1,2000,0,0,0,0,0,0,0,0,0,0
360021,1,1,2000,0,0,0,0,0,0,0,0,0,0
360021,2,1,2000,0,0,0,0,0,0,0,0,0,0
360022,0,1,2000,0,0,0,0,0,0,0,0,0,0
360022,1,1,2000,0,0,0,0,0,0,0,0,0,0
360023,1,1,2000,0,0,0,0,0,0,0,0,0,0
360023,2,1,2000,0,0,0,0,0,0,0,0,0,0
360024,1,1,2000,0,0,0,0,0,0,0,0,0,0
360024,2,1,2000,11,0,0,0,0,0,0,0,0,16
360025,0,1,2000,0,0,21,0,0,0,0,0,0,0
360025,1,1,2000,4,15,0,0,0,0,21,0,0,0
360026,0,1,2000,0,0,0,0,0,0,0,0,0,0
360026,1,1,2000,0,0,0,0,17,0,0,0,0,0
360027,1,1,2000,0,0,0,0,0,0,0,7,0,0
360027,2,1,2000,0,0,0,0,0,0,0,0,0,0
360028,0,1,2000,0,0,0,0,0,0,0,0,0,0
360028,0,2,2000,0,0,0,0,0,0,0,0,0,0
360028,0,3,2000,17,0,0,0,0,0,0,11,0,0
360028,0,4,2000,10,0,0,0,0,0,0,0,0,0
360028,1,1,2000,0,0,0,0,0,0,0,0,0,0
360029,1,1,2000,0,0,0,0,0,0,0,0,0,0
360029,2,1,2000,0,4,0,0,0,0,0,0,0,0
360030,1,1,2000,0,0,0,0,0,0,0,0,0,0
360030,2,1,2000,0,5,0,0,0,0,0,0,22,0
360031,0,1,2000,0,0,0,0,0,0,0,0,0,0
360031,1,1,2000,0,0,0,0,0,0,0,0,0,0
360031,2,1,2000,0,0,0,0,0,0,0,0,0,0
360032,1,1,2000,0,0,0,0,0,0,0,0,0,0
360032,2,1,2000,0,0,0,0,0,0,0,0,0,0
360033,1,1,2000,22,22,22,22,22,22,22,22,22,22
360034,1,1,2000,0,0,0,0,0,0,0,0,0,0
360035,1,1,2000,0,0,0,0,0,0,0,0,0,0
360036,1,1,2000,0,0,0,0,0,0,0,0,0,0
360036,2,1,2000,4,0,0,0,0,0,0,0,10,0
360037,1,1,2000,0,0,0,0,0,0,0,0,0,0
360037,2,1,2000,0,0,0,0,0,0,0,0,0,0
360038,1,1,2000,0,0,0,0,0,0,0,0,0,0
360038,2,1,2000,0,0,0,0,0,0,0,0,0,0
360039,1,1,2000,0,0,0,0,0,0,0,0,0,0
360039,2,1,2000,0,0,0,0,0,0,0,0,0,0
360040,1,1,2000,0,0,0,0,0,0,0,0,0,0
360040,2,1,2000,0,14,0,0,0,0,0,0,0,0
360041,1,1,2000,0,0,0,0,0,0,0,0,0,0
360042,0,1,2000,0,0,0,0,0,0,0,0,0,0
360042,1,1,2000,0,0,0,0,0,0,0,0,0,0
360043,1,1,2000,0,0,0,0,0,0,0,0,0,0
360043,2,1,2000,0,0,0,0,0,0,0,0,0,0
360044,1,1,2000,13,12,16,24,4,13,36,16,11,9
360045,1,1,2000,0,0,0,0,0,0,0,0,0,0
360046,1,1,2000,31,11,6,17,8,15,12,7,0,10
360047,1,1,2000,27,27,27,27,27,27,27,27,27,27
360048,1,1,2000,0,0,0,0,0,0,0,0,0,0
360048,2,1,2000,0,0,0,0,0,0,0,0,0,0
360049,1,1,2000,0,0,0,0,0,0,0,0,0,0
360049,2,1,2000,0,0,0,0,0,0,0,0,0,0
360050,1,1,2000,0,0,0,0,0,0,0,0,0,0
360050,2,1,2000,0,0,0,0,0,0,0,0,0,0
360051,1,1,2000,0,0,0,0,0,0,0,0,0,0
360052,1,1,2000,26,20,18,22,21,13,13,11,21,3
360053,1,1,2000,0,0,0,0,0,0,0,0,0,0
360053,2,1,2000,0,0,0,13,10,13,10,0,0,7
360054,0,1,2000,0,0,0,0,0,0,0,0,0,0
360054,1,1,2000,0,0,0,0,0,0,0,0,0,0
360054,2,1,2000,0,0,0,0,0,0,0,0,0,0
360055,1,1,2000,0,0,0,0,0,0,0,0,0,0
360055,2,1,2000,0,0,0,0,13,0,0,0,0,0
360056,0,1,2000,0,0,0,0,0,0,0,0,0,0
360056,1,1,2000,0,0,0,0,0,0,0,0,0,0
360057,0,1,2000,0,0,0,0,0,0,0,0,0,0
360057,1,1,2000,0,0,0,0,0,0,0,0,0,0
360058,0,1,2000,0,0,0,0,0,0,0,0,0,0
360058,1,1,2000,0,0,0,0,0,0,0,0,0,0
360059,1,1,2000,4,4,4,4,4,4,4,4,4,4
360059,2,1,2000,0,0,0,0,0,0,0,0,0,0
360060,1,1,2000,20,20,20,20,20,20,20,20,20,20
360060,2,1,2000,0,0,7,0,0,0,0,0,0,0
360061,1,1,2000,21,21,21,21,21,21,21,21,21,21
360062,1,1,2000,0,0,0,0,0,0,0,0,0,0
360062,2,1,2000,0,0,0,0,0,0,0,0,0,0
360063,0,1,2000,26,26,26,26,26,26,26,26,26,26
360063,1,1,2000,0,24,0,0,0,0,0,4,0,20
360064,0,1,2000,0,0,0,0,0,0,0,0,0,0
360064,1,1,2000,0,0,0,0,0,0,0,0,0,0
360065,1,1,2000,0,0,0,0,0,0,0,0,0,0
360066,1,1,2000,0,0,0,0,0,0,0,0,0,0
360066,2,1,2000,0,0,0,0,0,0,0,0,0,0
360067,1,1,2000,0,0,0,0,0,0,0,0,0,0
360067,2,1,2000,0,0,0,0,0,0,0,0,0,0
360068,0,1,2000,0,0,0,0,0,0,0,0,0,0
360068,1,1,2000,0,0,0,0,0,0,0,0,0,0
360069,0,1,2000,0,0,21,0,0,0,0,0,0,0
360069,1,1,2000,0,0,0,0,0,0,0,0,0,0
360070,1,1,2000,0,0,0,0,0,0,0,0,0,0
360071,1,1,2000,1,1,1,1,1,1,1,1,1,1
360072,1,1,2000,20,20,20,20,20,20,20,20,20,20
360073,1,1,2000,0,0,0,0,0,0,0,0,0,0
360073,2,1,2000,0,0,0,0,0,0,0,0,0,0
360074,1,1,2000,0,0,0,0,0,0,0,0,0,0
360074,2,1,2000,0,0,0,0,0,0,0,0,0,0
360075,0,1,2000,0,0,0,0,0,0,0,0,0,0
360075,1,1,2000,0,0,0,0,0,0,0,0,0,0
360076,1,1,2000,0,0,0,0,0,0,0,0,0,0
360076,2,1,2000,0,0,0,0,0,0,0,0,0,0
360077,1,1,2000,0,0,0,0,0,0,0,0,0,0
360077,2,1,2000,4,4,4,4,4,4,4,4,4,4
360078,1,1,2000,0,0,0,0,0,0,0,0,0,0
360078,2,1,2000,0,0,0,0,0,0,0,0,0,0
360079,1,1,2000,0,0,0,0,0,0,0,0,0,0
360079,2,1,2000,0,0,0,0,0,0,0,0,0,11
360080,1,1,2000,0,0,0,0,0,0,0,0,0,0
360080,2,1,2000,0,0,0,0,0,0,0,0,0,0
360081,1,1,2000,0,0,0,0,0,0,0,0,0,0
360081,2,1,2000,3,0,0,0,0,0,0,0,5,0
360082,1,1,2000,0,0,0,0,0,0,0,0,0,0
360082,2,1,2000,0,0,0,0,0,0,0,0,0,0
360083,1,1,2000,0,0,0,0,0,0,0,0,0,0
360083,2,1,2000,0,0,0,0,0,0,0,0,0,0
360084,1,1,2000,0,0,0,0,0,0,0,0,0,0
360084,2,1,2000,0,0,0,0,0,0,0,0,0,0
360085,1,1,2000,0,0,0,0,0,0,0,0,0,0
360085,2,1,2000,0,0,0,0,0,0,0,0,0,0
360086,1,1,2000,0,0,0,0,0,0,0,0,0,0
360086,2,1,2000,0,0,0,0,0,0,0,0,0,0
360087,1,1,2000,0,0,0,0,0,0,0,0,0,0
360087,2,1,2000,0,0,0,0,0,0,0,0,0,0
360087,3,1,2000,0,21,0,0,5,11,0,0,0,0
360088,1,1,2000,0,23,0,0,0,0,0,0,0,0
360089,0,1,2000,0,0,0,0,0,0,0,0,0,0
360089,1,1,2000,7,17,18,12,11,20,10,9,6,20
360090,1,1,2000,0,0,0,0,0,0,0,0,0,0
360090,2,1,2000,0,0,0,0,0,0,0,0,0,0
360091,0,1,2000,20,20,20,20,20,20,20,20,20,20
360091,1,1,2000,0,0,0,0,0,0,0,0,0,0
360092,0,1,2000,0,0,0,0,0,0,0,0,0,0
360092,1,1,2000,13,0,0,0,0,0,0,0,0,0
360093,1,1,2000,0,0,0,0,0,0,0,0,0,0
360093,2,1,2000,0,0,0,0,0,0,0,0,0,0
360094,1,1,2000,0,0,0,0,0,0,0,0,0,0
360094,2,1,2000,0,0,0,0,0,0,0,0,0,0
360095,1,1,2000,0,0,0,0,0,0,0,0,0,0
360095,2,1,2000,0,0,0,0,0,0,0,0,0,0
360096,1,1,2000,0,0,0,0,0,0,0,0,0,0
360096,2,1,2000,0,0,0,0,0,0,0,0,0,0
360097,1,1,2000,4,0,0,0,0,0,0,0,0,0
360097,2,1,2000,0,0,0,0,0,0,0,0,0,0
360098,1,1,2000,0,0,0,0,0,0,0,0,0,0
360098,2,1,2000,0,0,0,0,0,0,0,0,0,0
360099,0,1,2000,0,0,0,14,0,0,22,0,0,0
360099,1,1,2000,0,0,0,0,0,4,0,13,0,17
360100,1,1,2000,0,0,0,0,0,0,0,0,0,0
360101,1,1,2000,0,0,0,0,0,0,0,0,0,0
360102,1,1,2000,25,25,25,25,25,25,25,25,25,25
360103,0,1,2000,0,0,0,0,0,0,0,0,0,0
360103,1,1,2000,0,0,11,0,0,22,0,0,0,0
360104,0,1,2000,0,0,0,0,0,0,0,0,0,0
360104,1,1,2000,0,0,0,0,0,0,0,0,0,0
360105,0,1,2000,11,14,25,0,15,0,0,25,18,48
360105,1,1,2000,0,0,0,0,0,0,0,0,0,0
360105,2,1,2000,14,0,0,0,0,0,0,0,4,0
360106,1,1,2000,0,8,0,0,0,0,0,0,0,0
360106,2,1,2000,0,0,0,0,0,0,0,0,0,0
360107,1,1,2000,0,0,0,15,0,9,0,0,11,21
360108,1,1,2000,0,0,0,0,13,0,0,0,0,0
360108,2,1,2000,0,0,0,0,0,0,0,0,0,0
360109,1,1,2000,18,18,18,18,18,18,18,18,18,18
360109,2,1,2000,0,8,0,0,0,0,0,0,0,0
360110,1,1,2000,0,0,0,0,0,0,0,0,0,0
360110,2,1,2000,17,0,0,0,6,0,0,0,0,0
360111,1,1,2000,0,0,0,0,0,0,0,0,0,0
360111,2,1,2000,0,0,0,0,0,0,0,0,0,0
360112,1,1,2000,0,0,0,0,0,0,0,0,0,0
360112,2,1,2000,0,0,0,0,0,0,0,0,0,0
360112,3,1,2000,0,0,0,0,0,0,0,0,0,0
360113,1,1,2000,0,0,0,0,0,0,0,0,0,0
360113,2,1,2000,0,0,0,0,0,0,0,0,0,0
360114,0,1,2000,0,0,0,0,0,0,0,0,14,0
360114,1,1,2000,0,0,0,0,0,0,0,0,0,0
360115,1,1,2000,0,0,0,0,0,0,0,0,0,0
360115,2,1,2000,0,0,0,0,0,0,0,0,0,0
360116,0,1,2000,0,0,0,0,0,0,0,0,0,0
360116,1,1,2000,0,0,0,0,0,0,0,0,0,0
360117,1,1,2000,16,16,16,16,16,16,16,16,16,16