ST_CASE,VEH_NO,PER_NO,YEAR,P1,P2,P3,P4,P5,P6,P7,P8,P9,P10
360118,1,1,2000,14,14,14,14,14,14,14,14,14,14
360119,1,1,2000,12,12,12,12,12,12,12,12,12,12
360120,1,1,2000,22,22,22,22,22,22,22,22,22,22
360121,1,1,2000,16,0,0,0,0,0,0,0,18,0
360123,1,1,2000,0,0,17,0,0,0,0,0,0,0
360123,2,1,2000,0,0,0,0,0,0,0,0,0,0
360124,1,1,2000,0,0,0,0,0,0,0,0,0,0
360125,0,1,2000,0,0,0,9,0,0,0,0,0,0
360125,1,1,2000,0,0,0,0,0,0,0,0,0,0
360126,1,1,2000,10,10,10,10,10,10,10,10,10,10
360127,1,1,2000,23,23,23,23,23,23,23,23,23,23
360128,1,1,2000,0,0,0,0,0,0,0,0,0,0
360129,0,1,2000,0,0,0,0,0,0,0,0,0,0
360129,0,2,2000,0,21,0,21,0,13,0,16,13,0
360129,1,1,2000,0,0,0,18,0,0,0,0,0,0
360130,1,1,2000,2,2,2,2,2,2,2,2,2,2
360130,2,1,2000,0,0,0,0,4,0,0,28,0,0
360130,3,1,2000,0,0,0,0,0,0,0,0,6,0
360130,4,1,2000,0,13,0,14,0,0,0,0,0,0
360131,1,1,2000,13,16,31,29,11,21,17,25,28,17
360132,1,1,2000,12,17,18,15,0,7,16,14,23,7
360133,1,1,2000,0,0,0,0,0,0,0,0,0,0
360134,1,1,2000,0,0,0,0,0,0,0,0,0,0
360134,2,1,2000,0,0,0,0,0,0,0,0,0,0
360135,1,1,2000,1,1,1,1,1,1,1,1,1,1
360136,1,1,2000,0,0,0,0,0,0,0,0,0,0
360136,2,1,2000,0,0,0,0,0,0,0,15,0,0
360137,1,1,2000,0,0,0,0,0,0,0,0,0,0
360137,2,1,2000,0,0,0,0,0,0,0,0,0,0
360138,1,1,2000,0,0,0,0,0,0,0,0,0,0
360138,2,1,2000,0,0,0,0,0,0,0,0,0,0
360139,1,1,2000,0,0,0,0,0,0,0,0,0,0
360139,2,1,2000,0,0,0,0,0,0,0,0,0,0
360139,3,1,2000,0,0,0,0,0,0,0,0,0,0
360140,1,1,2000,0,0,0,0,0,0,0,0,0,0
360140,2,1,2000,0,0,0,0,0,9,0,0,0,0
360141,1,1,2000,0,0,0,0,0,0,0,0,0,0
360141,2,1,2000,0,0,0,0,0,0,0,0,0,0
360142,0,1,2000,0,0,0,0,0,0,0,0,0,0
360142,1,1,2000,0,0,0,0,0,0,0,0,0,0
360143,1,1,2000,0,0,0,0,0,0,0,0,0,0
360143,2,1,2000,0,0,0,0,0,0,0,0,0,0
360144,1,1,2000,0,0,0,0,0,0,0,0,0,0
360145,1,1,2000,0,0,0,0,0,0,0,0,0,0
360146,1,1,2000,0,0,0,0,0,0,0,0,0,0
360147,1,1,2000,9,11,12,18,21,12,14,12,19,18
360148,1,1,2000,25,0,24,9,20,7,16,12,13,11
360149,1,1,2000,0,0,0,0,0,0,0,0,0,0
360149,2,1,2000,0,0,0,0,0,0,0,0,0,0
360150,1,1,2000,16,22,15,37,23,11,24,8,13,6
360151,0,1,2000,0,0,6,0,0,0,0,0,0,0
360151,2,1,2000,0,0,0,0,0,0,0,0,0,0
360152,1,1,2000,0,0,0,0,0,0,0,0,0,0
360153,1,1,2000,0,0,0,0,0,0,0,0,0,0
360153,2,1,2000,0,0,0,0,0,15,0,0,0,0
360154,1,1,2000,0,0,0,0,0,0,0,0,0,0
360154,2,1,2000,0,0,0,0,0,0,17,0,0,0
360155,1,1,2000,0,0,0,0,0,0,0,0,0,0
360156,1,1,2000,0,19,45,13,10,8,20,21,21,18
360157,1,1,2000,0,0,0,0,0,0,0,0,0,0
360158,0,1,2000,0,0,0,0,0,0,0,0,0,0
360158,1,1,2000,0,0,0,7,0,0,0,0,0,0
360159,1,1,2000,0,0,0,0,0,0,0,0,0,0
360159,2,1,2000,0,0,0,0,0,0,0,0,0,0
360160,1,1,2000,0,0,0,0,0,0,0,0,0,0
360161,1,1,2000,0,0,0,0,0,0,0,0,0,0
360161,2,1,2000,9,12,22,7,6,16,33,17,20,15
360162,1,1,2000,28,18,16,21,23,26,19,24,13,12
360163,1,1,2000,0,0,0,0,19,0,0,0,0,0
360163,2,1,2000,0,0,0,0,0,0,4,0,0,0
360164,1,1,2000,0,0,0,0,0,0,0,0,0,9
360165,1,1,2000,0,0,0,0,0,0,0,0,0,0
360165,2,1,2000,21,21,21,21,21,21,21,21,21,21
360166,0,1,2000,1,1,1,1,1,1,1,1,1,1
360166,1,1,2000,0,14,0,5,11,0,11,16,3,4
360167,1,1,2000,0,0,0,0,0,0,0,0,0,0
360167,2,1,2000,0,6,0,0,0,18,0,0,0,0
360168,1,1,2000,10,0,7,19,8,0,0,6,15,14
360168,2,1,2000,0,0,0,0,0,0,0,0,0,0
360169,1,1,2000,16,13,37,19,18,4,8,32,12,16
360170,1,1,2000,0,0,0,0,0,0,0,0,0,0
360170,2,1,2000,0,0,0,0,0,0,0,0,0,0
360171,1,1,2000,0,0,0,0,0,0,0,0,0,0
360171,2,1,2000,0,0,0,0,0,0,0,0,0,0
360172,0,1,2000,0,0,0,0,0,0,0,0,0,0
360172,1,1,2000,0,0,0,0,0,0,0,0,0,0
360172,2,1,2000,0,0,0,0,0,0,0,0,0,0
360173,0,1,2000,3,0,0,0,0,0,0,0,0,0
360173,1,1,2000,0,0,0,0,0,0,0,0,0,0
360173,2,1,2000,0,4,0,0,0,0,0,0,0,0
360174,1,1,2000,0,0,0,0,0,0,0,0,0,0
360175,1,1,2000,0,0,0,0,0,0,0,0,0,0
360175,2,1,2000,0,0,0,0,0,0,0,0,0,0
360176,1,1,2000,0,0,0,0,0,0,0,0,0,0
360176,2,1,2000,0,0,0,3,0,14,0,0,0,0
360177,1,1,2000,16,16,16,16,16,16,16,16,16,16
360178,1,1,2000,23,23,23,23,23,23,23,23,23,23
360179,1,1,2000,0,0,0,0,0,0,0,0,0,0
360179,2,1,2000,0,0,0,0,0,0,0,0,0,0
360180,1,1,2000,0,0,0,0,0,0,0,0,0,0
360180,2,1,2000,0,0,0,0,0,0,0,0,0,0
360181,0,1,2000,0,0,0,0,0,0,0,0,0,0
360181,1,1,2000,0,0,0,0,0,0,0,0,0,0
360181,2,1,2000,0,0,0,0,0,0,0,0,0,0
360182,1,1,2000,17,17,17,17,17,17,17,17,17,17
360183,0,1,2000,0,0,0,0,0,0,0,0,0,0
360183,0,2,2000,7,25,0,0,23,0,0,0,0,5
360183,1,1,2000,0,0,0,0,0,0,11,13,0,0
360184,1,1,2000,0,0,0,0,0,0,0,0,0,0
360185,1,1,2000,0,0,0,0,0,0,0,0,0,0
360185,2,1,2000,0,0,0,0,0,0,0,0,0,0
360186,0,1,2000,9,0,0,12,0,0,10,10,0,0
360186,1,1,2000,10,15,17,8,34,19,28,11,9,10
360187,1,1,2000,3,5,9,0,17,0,0,16,0,9
360187,2,1,2000,0,0,0,0,0,0,0,16,0,0
360188,1,1,2000,0,0,0,0,0,0,0,0,0,0
360188,2,1,2000,0,0,0,0,0,0,0,0,0,0
360189,1,1,2000,20,35,18,29,17,30,0,13,56,0
360189,2,1,2000,0,0,0,0,0,0,0,0,0,0
360190,0,1,2000,29,29,29,29,29,29,29,29,29,29
360190,0,2,2000,0,0,0,0,0,0,0,0,0,0
360190,1,1,2000,17,12,17,32,19,14,14,12,25,8
360191,1,1,2000,0,0,0,0,0,0,16,19,0,0
360192,1,1,2000,0,0,0,0,0,0,0,0,0,0
360192,2,1,2000,0,0,0,0,0,0,0,0,0,0
360192,3,1,2000,0,0,0,0,0,0,0,0,0,0
360193,0,1,2000,0,0,0,0,0,6,0,0,10,0
360193,1,1,2000,0,0,0,7,0,0,0,5,0,0
360194,1,1,2000,0,0,0,8,0,0,0,0,0,0
360194,2,1,2000,0,0,0,10,0,0,0,0,0,0
360195,1,1,2000,0,0,0,0,0,0,0,0,0,0
360196,0,1,2000,0,0,0,0,0,0,0,0,0,0
360196,0,2,2000,0,0,0,0,0,0,0,0,0,0
360196,1,1,2000,0,0,0,0,0,0,0,8,0,0
360197,1,1,2000,0,0,0,0,0,5,0,0,0,0
360197,2,1,2000,0,0,0,0,0,0,0,0,0,0
360198,1,1,2000,0,0,0,0,0,0,0,0,0,0
360199,1,1,2000,0,0,0,0,0,0,0,0,0,0
360199,2,1,2000,0,0,0,0,0,0,0,0,0,0
360200,1,1,2000,0,0,0,0,0,0,0,0,0,7
360200,2,1,2000,0,2,0,0,0,0,0,0,0,0
360201,0,1,2000,13,0,0,0,0,0,0,0,13,0
360201,1,1,2000,0,0,0,0,0,0,0,0,13,0
360202,1,1,2000,35,49,18,15,18,24,6,27,9,15
360203,1,1,2000,0,0,0,0,0,0,0,0,0,0
360203,2,1,2000,0,0,0,4,0,0,0,0,0,0
360204,1,1,2000,13,13,13,13,13,13,13,13,13,13
360205,1,1,2000,2,2,2,2,2,2,2,2,2,2
360206,1,1,2000,0,0,0,0,0,0,0,0,0,0
360206,2,1,2000,0,0,0,0,0,0,0,0,0,0
360207,1,1,2000,9,6,31,12,10,30,5,8,20,19
360208,1,1,2000,7,7,7,7,7,7,7,7,7,7
360209,1,1,2000,20,20,20,20,20,20,20,20,20,20
360210,1,1,2000,0,0,0,0,0,0,0,0,0,0
360211,1,1,2000,16,16,16,16,16,16,16,16,16,16
360212,1,1,2000,0,0,0,0,0,0,0,0,0,0
360213,1,1,2000,6,6,6,6,6,6,6,6,6,6
360214,1,1,2000,23,23,23,23,23,23,23,23,23,23
360215,1,1,2000,23,25,9,25,31,24,19,17,23,0
360216,1,1,2000,0,0,0,0,0,6,0,0,0,0
360216,2,1,2000,10,0,0,0,0,0,0,0,0,0
360217,1,1,2000,0,0,0,0,0,0,0,0,0,0
360217,2,1,2000,0,0,0,0,0,0,0,0,0,0
360218,1,1,2000,0,0,0,0,0,0,0,0,0,0
360218,2,1,2000,0,0,0,0,0,0,0,0,0,0
360219,0,1,2000,26,26,26,26,26,26,26,26,26,26
360219,1,1,2000,26,27,9,11,19,24,36,13,7,17
360220,1,1,2000,0,0,0,20,0,0,17,0,0,0
360221,1,1,2000,14,14,20,14,9,15,3,11,14,15
360222,1,1,2000,0,0,0,0,0,0,0,0,0,0
360222,2,1,2000,0,0,0,0,0,0,0,0,0,0
360223,0,1,2000,3,3,3,3,3,3,3,3,3,3
360223,1,1,2000,0,0,0,0,0,0,0,5,0,0
360224,1,1,2000,0,0,0,0,0,0,0,0,0,0
360224,2,1,2000,0,0,0,0,0,0,0,0,0,0
360224,3,1,2000,0,0,0,0,0,0,0,0,0,0
360225,1,1,2000,0,0,0,0,0,0,0,0,0,0
360225,2,1,2000,0,0,0,0,0,0,0,0,0,0
360226,1,1,2000,0,0,0,0,10,0,0,0,0,0
360226,2,1,2000,0,0,0,0,0,0,0,0,0,0
360227,1,1,2000,21,4,19,10,12,14,0,17,15,25
360228,1,1,2000,0,0,0,0,0,0,0,0,0,0
360228,2,1,2000,0,0,0,0,0,0,0,0,0,0
360229,1,1,2000,0,0,0,0,0,0,0,0,0,0
360229,2,1,2000,0,0,0,0,0,0,0,0,0,0
360230,1,1,2000,0,0,0,0,0,0,0,0,0,0
360230,2,1,2000,0,0,0,0,0,0,0,0,0,0
360230,3,1,2000,0,0,0,0,0,0,0,0,0,0
360231,0,1,2000,33,33,33,33,33,33,33,33,33,33
360231,1,1,2000,17,9,15,0,0,11,0,0,0,0
360232,1,1,2000,0,0,0,0,0,0,0,0,0,0
360233,1,1,2000,12,12,12,12,12,12,12,12,12,12
360234,1,1,2000,24,24,24,24,24,24,24,24,24,24
360235,1,1,2000,11,11,11,11,11,11,11,11,11,11
360236,0,1,2000,0,0,0,0,0,0,0,0,0,0
360236,1,1,2000,16,18,33,24,12,13,17,16,25,24
360237,0,1,2000,0,0,0,0,0,0,0,0,0,0
360237,1,1,2000,0,0,0,0,0,0,0,0,9,0
360238,1,1,2000,0,0,0,19,0,0,0,0,0,0
360238,2,1,2000,0,0,0,0,0,0,0,0,0,0
360239,0,1,2000,27,27,27,27,27,27,27,27,27,27
360239,1,1,2000,0,0,0,0,0,21,0,0,0,0
360240,1,1,2000,0,0,0,0,0,0,0,0,0,0
360240,2,1,2000,0,0,0,0,0,0,0,0,0,0
360240,3,1,2000,0,0,0,0,0,0,0,0,0,0
360241,0,1,2000,0,0,0,0,0,0,0,0,0,0
360241,1,1,2000,15,15,0,15,16,18,0,0,9,0
360242,1,1,2000,0,0,0,0,0,0,0,0,16,0
360242,2,1,2000,0,0,0,0,0,7,0,0,0,0
360243,1,1,2000,0,0,0,0,0,0,0,0,0,0
360243,2,1,2000,12,6,16,14,12,7,16,13,12,21
360244,1,1,2000,23,23,23,23,23,23,23,23,23,23
360244,2,1,2000,0,0,20,0,17,0,6,0,0,12
360245,1,1,2000,0,0,0,15,0,0,0,0,0,0
360246,1,1,2000,16,14,11,13,44,23,44,16,22,27
360247,1,1,2000,0,0,0,0,0,0,0,0,0,0
360248,1,1,2000,21,21,21,21,21,21,21,21,21,21
360249,1,1,2000,0,0,0,0,0,0,0,0,0,0
360250,0,1,2000,0,0,0,0,0,0,0,0,0,0
360250,1,1,2000,0,0,0,0,0,0,0,10,0,0
360251,0,1,2000,0,0,0,0,0,0,0,0,0,0
360251,1,1,2000,0,0,0,0,0,0,0,0,0,9
360252,1,1,2000,0,0,0,0,0,0,0,0,0,0
360252,2,1,2000,0,0,0,0,0,0,0,0,0,0
360253,1,1,2000,0,0,0,0,0,0,0,0,0,0
360253,2,1,2000,0,0,0,0,0,0,0,0,0,0
360254,1,1,2000,9,23,21,3,10,16,28,23,11,12
360254,2,1,2000,33,33,33,33,33,33,33,33,33,33
360255,1,1,2000,0,0,0,0,0,0,0,0,0,0
360255,2,1,2000,0,0,0,0,0,0,0,0,0,0
360256,1,1,2000,0,0,0,0,0,0,0,0,0,0
360257,2,1,2000,0,0,0,0,0,0,0,0,0,0
360258,1,1,2000,19,19,19,19,19,19,19,19,19,19
360259,1,1,2000,0,0,0,0,0,0,0,0,0,0
360259,2,1,2000,22,22,22,22,22,22,22,22,22,22
360260,0,1,2000,0,0,0,0,0,0,0,0,0,0
360260,1,1,2000,0,0,0,0,0,0,0,0,0,0
360261,1,1,2000,0,0,18,0,0,0,0,0,0,0
360261,2,1,2000,0,0,0,0,0,0,0,0,0,0
360262,1,1,2000,0,0,0,0,0,0,0,0,0,0
360262,2,1,2000,0,0,0,0,0,0,0,0,0,0
360263,1,1,2000,10,23,16,22,0,16,17,13,17,34
360263,2,1,2000,0,0,0,0,0,0,0,0,0,0
360264,1,1,2000,0,0,0,0,0,0,0,0,0,0
360264,2,1,2000,0,0,0,0,0,0,0,0,0,0
360265,0,1,2000,20,0,0,60,0,0,0,0,0,0
360265,1,1,2000,0,0,0,0,0,0,0,0,0,17
360266,0,1,2000,0,0,0,0,0,0,0,0,0,0
360266,1,1,2000,0,0,0,0,0,0,0,0,0,0
360267,1,1,2000,0,0,4,0,0,0,0,0,0,0
360268,1,1,2000,0,0,0,0,0,0,0,0,0,0
360268,2,1,2000,0,0,0,0,0,0,0,0,15,0
360269,1,1,2000,20,20,20,20,20,20,20,20,20,20
360270,1,1,2000,16,16,16,16,16,16,16,16,16,16
360271,0,1,2000,0,0,0,0,0,0,0,0,0,0
360271,1,1,2000,0,16,0,0,0,0,0,0,0,0
360272,1,1,2000,0,0,0,0,0,0,0,0,0,0
360273,1,1,2000,0,0,0,0,16,0,0,0,0,0
360274,1,1,2000,15,11,22,12,7,21,4,4,0,21
360274,2,1,2000,0,0,0,0,0,4,0,0,0,0
360275,0,1,2000,23,23,0,19,9,4,22,0,28,56
360275,1,1,2000,0,0,0,0,0,0,0,0,8,0
360275,2,1,2000,0,0,14,15,0,0,0,13,0,0
360276,1,1,2000,0,0,0,0,0,0,0,0,0,0
360276,2,1,2000,0,0,0,0,0,0,0,0,0,0
360277,1,1,2000,0,0,0,0,0,0,0,0,0,0
360277,2,1,2000,0,0,0,0,0,0,0,0,0,0
360278,1,1,2000,26,26,26,26,26,26,26,26,26,26
360279,1,1,2000,5,0,0,0,0,0,0,0,22,0
360280,0,1,2000,0,0,0,0,0,0,0,0,0,0
360280,1,1,2000,10,0,8,0,0,0,0,0,0,0
360281,0,1,2000,4,4,4,4,4,4,4,4,4,4
360281,1,1,2000,0,0,0,0,0,0,16,0,11,0
360282,1,1,2000,20,9,0,8,0,0,0,0,0,6
360282,2,1,2000,7,0,19,15,0,0,3,23,0,5
360283,1,1,2000,0,0,0,0,0,0,0,0,0,0
360283,2,1,2000,0,0,0,0,0,0,0,0,0,0
360283,3,1,2000,0,0,0,0,0,0,0,0,0,0
360283,4,1,2000,0,0,0,0,0,0,0,0,0,0
360283,5,1,2000,0,0,0,0,0,0,0,0,0,0
360283,6,1,2000,0,0,0,0,0,0,0,0,0,0
360284,1,1,2000,0,0,0,0,0,0,0,0,0,0
360285,1,1,2000,0,0,0,0,0,0,0,0,0,0
360287,1,1,2000,16,16,16,16,16,16,16,16,16,16
360288,1,1,2000,14,13,9,19,22,19,16,15,21,10
360289,1,1,2000,0,0,0,0,0,0,0,0,0,0
360290,0,1,2000,0,0,0,0,0,0,0,0,0,0
360290,1,1,2000,0,0,0,0,0,0,0,0,0,0
360291,0,1,2000,0,0,0,0,0,0,0,0,0,0
360291,1,1,2000,0,0,0,0,0,0,0,0,0,0
360291,2,1,2000,0,0,0,0,0,0,0,0,0,0
360292,1,1,2000,0,0,0,0,0,0,0,2,0,0
360292,2,1,2000,13,13,13,13,13,13,13,13,13,13
360293,1,1,2000,0,0,0,0,0,0,0,0,14,0
360293,2,1,2000,0,0,0,0,0,0,0,0,0,0
360294,1,1,2000,13,6,22,8,7,9,14,8,9,7
360295,1,1,2000,0,0,0,0,0,0,0,0,0,0
360295,2,1,2000,18,0,0,0,0,0,0,0,0,0
360296,1,1,2000,0,0,0,0,0,0,0,0,0,0
360296,2,1,2000,0,0,0,0,0,0,0,0,0,4
360297,1,1,2000,0,0,0,5,0,0,0,0,0,0
360298,1,1,2000,0,0,0,0,0,0,0,0,0,0
360298,2,1,2000,0,0,0,0,0,0,0,0,0,0
360299,1,1,2000,0,0,0,0,0,0,0,0,0,11
360300,1,1,2000,0,0,0,0,0,0,0,0,0,0
360300,2,1,2000,0,0,0,0,0,0,0,0,0,0
360300,3,1,2000,0,0,0,0,0,0,0,0,0,0
360301,1,1,2000,0,0,0,0,0,0,0,0,0,0
360302,1,1,2000,1,15,33,28,7,18,17,18,9,28
360303,1,1,2000,0,0,0,0,0,0,0,0,0,0
360303,2,1,2000,0,0,0,0,0,0,0,0,0,0
360304,1,1,2000,0,0,0,0,0,0,0,0,0,0
360304,2,1,2000,0,0,0,0,0,0,0,0,0,0
360305,1,1,2000,0,0,0,0,0,0,0,0,0,0
360305,2,1,2000,0,0,0,0,0,0,0,0,0,0
360306,1,1,2000,0,0,0,0,0,0,0,0,0,0
360306,2,1,2000,12,12,12,12,12,12,12,12,12,12
360307,1,1,2000,9,15,22,16,22,19,8,17,8,21
360308,1,1,2000,0,0,0,19,0,0,0,19,0,13
360308,2,1,2000,0,0,0,0,0,0,0,0,0,0
360309,1,1,2000,0,0,0,0,0,0,0,0,0,0
360309,2,1,2000,0,0,0,0,6,0,0,0,0,8
360309,3,1,2000,0,17,0,0,0,6,0,0,0,0
360309,4,1,2000,0,0,0,0,0,0,0,0,0,0
360310,1,1,2000,0,0,0,0,0,0,0,0,0,10
360310,2,1,2000,0,0,0,0,0,0,0,0,0,0
360311,0,1,2000,0,3,20,23,0,23,0,22,0,3
360311,1,1,2000,0,23,0,0,0,0,0,0,0,0
360312,1,1,2000,0,0,0,0,0,0,0,0,0,0
360313,1,1,2000,0,0,0,0,0,0,0,0,0,0
360314,1,1,2000,17,26,36,32,8,16,13,8,8,22
360315,1,1,2000,14,14,14,14,14,14,14,14,14,14
360316,1,1,2000,6,6,6,6,6,6,6,6,6,6
360317,1,1,2000,2,2,2,2,2,2,2,2,2,2
360317,2,1,2000,0,0,0,0,0,0,0,0,0,0
360318,1,1,2000,0,0,0,0,0,0,0,0,0,0
360318,2,1,2000,0,0,0,0,0,0,0,0,0,0
360319,1,1,2000,0,0,0,0,0,0,0,0,0,0
360319,2,1,2000,0,0,0,0,0,0,0,0,0,0
360320,1,1,2000,0,0,0,0,0,0,0,0,0,0
360320,2,1,2000,0,0,0,0,0,0,0,0,0,0
360321,0,1,2000,0,0,0,0,0,0,0,0,0,0
360321,1,1,2000,0,0,0,0,0,0,0,0,0,0
360322,1,1,2000,0,0,0,0,0,0,0,0,0,0
360322,2,1,2000,0,0,0,0,0,0,0,0,0,0
360323,1,1,2000,0,0,0,0,0,0,0,0,0,0
360323,2,1,2000,0,0,0,0,0,0,0,0,0,0
360324,1,1,2000,1,1,1,1,1,1,1,1,1,1
360324,2,1,2000,0,0,0,0,0,0,0,0,0,3
360325,0,1,2000,0,0,0,0,0,0,0,0,0,0
360325,1,1,2000,0,0,0,0,0,0,0,0,0,0
360326,0,1,2000,0,0,0,0,0,0,0,0,0,0
360326,1,1,2000,0,0,0,0,0,0,0,0,0,0
360327,0,1,2000,0,0,0,0,0,0,0,0,0,0
360327,1,1,2000,0,0,0,0,0,0,0,0,0,0
360328,1,1,2000,0,0,0,0,0,0,0,15,0,0
360329,1,1,2000,0,0,0,0,0,0,0,0,29,0
360329,2,1,2000,0,0,0,0,0,0,14,0,0,0
360330,0,1,2000,38,38,38,38,38,38,38,38,38,38
360330,1,1,2000,0,0,0,0,0,0,0,0,0,0
360331,1,1,2000,0,0,0,0,0,0,0,0,0,0
360331,2,1,2000,0,0,0,0,0,0,0,0,0,0
360332,1,1,2000,0,0,0,0,0,0,0,0,0,0
360332,2,1,2000,0,0,0,0,0,0,0,0,0,0
360332,3,1,2000,0,0,0,0,10,0,0,0,0,0
360333,1,1,2000,0,0,0,0,0,0,0,0,0,0
360333,2,1,2000,0,0,0,0,0,0,0,0,0,0
360334,1,1,2000,22,25,35,12,22,19,15,13,19,15
360335,1,1,2000,25,25,25,25,25,25,25,25,25,25
360336,1,1,2000,0,0,0,0,0,0,0,0,7,0
360337,1,1,2000,0,0,0,0,0,0,0,0,0,0
360338,1,1,2000,0,0,0,0,0,0,0,0,0,0
360339,1,1,2000,16,12,15,18,20,6,24,22,8,10
360340,1,1,2000,0,0,0,0,6,5,0,0,0,0
360341,1,1,2000,0,0,0,0,0,0,0,0,0,0
360341,2,1,2000,13,13,0,0,0,0,0,0,0,0
360342,1,1,2000,8,8,8,8,8,8,8,8,8,8
360343,1,1,2000,21,14,17,24,10,22,0,13,25,22
360344,1,1,2000,0,0,0,0,0,0,0,0,0,0
360345,1,1,2000,0,0,0,0,0,0,0,0,0,0
360346,1,1,2000,21,17,14,24,28,29,0,11,23,24
360347,0,1,2000,0,0,0,0,0,0,0,0,0,0
360347,1,1,2000,0,0,0,0,0,0,0,0,0,0
360347,2,1,2000,0,0,0,0,0,0,0,0,0,0
360348,0,1,2000,0,0,0,0,0,0,0,0,0,0
360348,1,1,2000,0,0,0,0,0,0,0,0,0,0
360349,0,1,2000,0,0,0,0,0,0,0,0,0,0
360349,1,1,2000,0,0,0,0,0,0,0,0,0,0
360350,0,1,2000,0,0,0,0,0,0,0,0,0,0
360350,1,1,2000,0,0,0,0,0,0,5,0,0,0
360351,1,1,2000,0,0,0,0,0,0,0,6,17,0
360351,2,1,2000,0,0,0,0,0,0,0,0,0,0
360352,1,1,2000,0,0,0,0,0,0,0,0,0,0
360352,2,1,2000,0,0,0,0,0,0,0,0,0,0
360352,3,1,2000,0,0,0,0,0,0,0,0,0,0
360353,1,1,2000,0,29,0,0,0,0,0,0,0,0
360354,1,1,2000,0,0,0,0,0,0,0,0,0,0
360354,2,1,2000,0,0,0,0,0,0,0,0,0,0
360355,1,1,2000,11,11,11,11,11,11,11,11,11,11
360356,1,1,2000,0,0,0,0,0,0,0,0,0,0
360357,1,1,2000,14,14,14,14,14,14,14,14,14,14
360358,1,1,2000,25,7,5,22,24,0,19,19,17,18
360359,0,1,2000,1,1,1,1,1,1,1,1,1,1
360359,1,1,2000,0,0,0,0,0,0,0,0,0,0
360360,0,1,2000,21,21,21,21,21,21,21,21,21,21
360360,1,1,2000,0,0,0,0,0,0,0,0,0,0
360361,1,1,2000,0,0,0,0,0,0,0,0,0,0
360361,2,1,2000,0,0,0,0,16,0,0,0,0,0
360362,0,1,2000,30,30,30,30,30,30,30,30,30,30
360362,1,1,2000,0,0,0,0,0,0,0,0,0,0
360363,1,1,2000,0,0,19,0,0,0,0,25,0,0
360364,1,1,2000,0,0,0,0,0,0,0,0,0,0
360364,2,1,2000,0,0,0,0,0,0,0,0,0,0
360365,1,1,2000,0,0,0,0,0,0,0,0,0,0
360365,2,1,2000,4,5,0,16,30,12,7,3,19,16
360366,1,1,2000,0,0,0,0,0,0,0,0,0,0
360366,2,1,2000,0,0,13,6,0,8,0,0,0,0
360366,3,1,2000,18,49,17,9,5,25,15,0,16,12
360367,1,1,2000,0,0,0,0,0,0,0,0,0,0
360367,2,1,2000,0,0,0,0,0,0,0,0,0,0
360368,0,1,2000,0,0,6,0,0,0,0,0,0,0
360368,1,1,2000,0,0,0,0,0,0,0,0,0,0
360369,1,1,2000,0,0,0,0,0,0,0,0,0,0
360369,2,1,2000,0,0,0,0,0,0,0,0,0,0
360370,1,1,2000,6,25,19,9,0,10,23,11,25,10
360371,0,1,2000,0,11,0,2,0,0,12,0,0,0
360371,1,1,2000,7,18,10,0,0,18,0,0,0,16
360371,2,1,2000,10,4,28,0,0,16,12,0,4,0
360372,1,1,2000,0,0,0,0,0,12,0,0,7,15
360373,1,1,2000,0,0,0,0,0,0,0,0,0,0
360373,2,1,2000,0,0,0,0,0,0,0,0,0,0
360374,1,1,2000,0,0,0,0,0,0,0,0,0,0
360374,2,1,2000,0,0,0,11,0,0,0,0,0,0
360375,1,1,2000,0,0,12,14,0,0,0,0,0,0
360375,2,1,2000,0,0,0,0,0,0,0,0,0,0
360376,1,1,2000,0,0,0,0,0,0,0,0,0,0
360377,0,1,2000,0,0,0,0,0,0,0,0,0,0
360377,1,1,2000,0,0,0,0,0,0,0,0,0,0
360378,1,1,2000,10,0,0,0,0,0,0,0,0,0
360378,2,1,2000,0,0,0,0,0,0,0,0,0,0
360379,0,1,2000,0,0,0,0,0,0,0,0,0,0
360379,1,1,2000,0,0,0,0,0,0,0,0,0,0
360380,1,1,2000,0,0,0,0,0,0,0,0,0,0
360380,2,1,2000,0,0,0,0,0,0,0,0,0,0
360381,1,1,2000,0,0,0,0,0,0,0,0,0,0
360381,2,1,2000,0,0,0,0,0,0,0,0,0,0
360382,1,1,2000,0,0,0,0,0,0,0,0,0,0
360383,1,1,2000,0,0,0,0,0,0,0,0,0,0
360384,1,1,2000,0,0,0,0,0,0,0,0,0,0
360384,2,1,2000,0,0,0,0,0,0,0,0,0,0
360385,1,1,2000,0,0,0,0,0,0,0,0,0,0
360385,2,1,2000,0,0,0,0,0,0,0,0,27,0
360386,1,1,2000,8,20,18,13,15,17,5,8,5,13
360387,0,1,2000,26,0,24,8,0,0,0,0,16,23
360387,1,1,2000,0,0,0,0,0,0,0,0,0,0
360387,2,1,2000,0,0,0,0,0,0,0,0,0,0
360388,1,1,2000,14,12,13,20,29,0,35,19,20,49
360390,1,1,2000,9,0,26,0,12,0,0,0,0,0
360391,0,1,2000,0,0,4,0,0,0,0,0,0,0
360391,1,1,2000,0,9,0,0,0,0,0,0,0,0
360392,1,1,2000,0,0,0,0,0,0,0,0,0,0
360392,2,1,2000,0,0,0,0,0,0,0,0,0,0
360393,1,1,2000,0,0,0,0,0,0,0,0,0,0
360393,2,1,2000,0,0,0,0,0,0,0,0,0,0
360394,1,1,2000,0,0,0,0,0,0,0,0,0,0
360394,2,1,2000,0,0,0,0,0,0,0,0,0,0