ST_CASE,VEH_NO,PER_NO,YEAR,P1,P2,P3,P4,P5,P6,P7,P8,P9,P10
360395,1,1,2000,0,0,0,0,0,0,0,0,0,0
360395,2,1,2000,0,0,0,0,0,0,0,0,0,0
360396,1,1,2000,0,0,0,0,0,0,0,0,0,0
360396,2,1,2000,0,0,0,0,0,0,0,0,0,0
360397,1,1,2000,0,0,0,0,0,0,11,0,0,0
360397,2,1,2000,0,0,0,0,0,0,0,0,0,17
360397,3,1,2000,7,0,0,0,0,0,0,0,0,0
360397,4,1,2000,0,0,0,0,0,0,0,0,0,0
360397,5,1,2000,0,0,0,0,0,0,0,0,0,0
360397,6,1,2000,0,0,0,0,0,0,0,0,0,0
360397,7,1,2000,0,17,8,27,18,0,19,21,14,23
360398,0,1,2000,0,0,0,0,0,0,0,0,0,0
360398,1,1,2000,0,0,0,0,0,0,0,0,0,0
360399,0,1,2000,0,0,0,0,0,0,0,0,0,0
360399,1,1,2000,0,0,5,0,0,0,0,0,0,0
360400,1,1,2000,0,0,0,0,0,0,0,0,0,0
360400,2,1,2000,0,0,0,0,0,0,0,0,0,0
360401,1,1,2000,0,0,0,0,0,0,0,0,0,0
360401,2,1,2000,0,0,0,0,0,0,0,0,0,0
360401,3,1,2000,0,0,0,0,0,0,0,0,0,0
360402,0,1,2000,0,0,0,0,0,0,0,0,0,0
360402,1,1,2000,0,0,10,0,0,0,0,0,0,0
360403,0,1,2000,0,0,0,0,0,0,0,0,0,0
360403,1,1,2000,0,0,0,0,0,0,0,0,0,0
360404,0,1,2000,0,0,0,0,0,0,0,0,0,0
360404,1,1,2000,0,0,0,0,0,0,0,0,0,0
360405,1,1,2000,0,0,0,0,0,0,0,0,0,0
360405,2,1,2000,0,0,0,0,0,0,0,0,0,0
360406,1,1,2000,0,5,0,0,0,0,0,0,0,16
360406,2,1,2000,0,0,0,0,0,0,0,0,0,0
360407,1,1,2000,0,0,0,0,0,0,0,0,0,0
360407,2,1,2000,0,0,0,0,0,0,0,0,0,0
360408,0,1,2000,0,0,0,0,0,0,0,0,0,0
360408,1,1,2000,0,0,0,0,0,11,0,0,0,0
360409,1,1,2000,2,2,2,2,2,2,2,2,2,2
360409,2,1,2000,0,0,0,0,0,0,0,0,0,0
360409,3,1,2000,0,0,0,0,0,0,0,0,0,0
360410,0,1,2000,0,0,0,0,0,0,0,0,0,0
360410,1,1,2000,0,0,0,0,0,0,0,0,0,0
360411,0,1,2000,0,0,0,0,0,0,0,0,0,0
360411,0,2,2000,9,0,0,0,0,0,0,0,0,0
360411,1,1,2000,0,5,0,0,0,0,0,0,0,0
360412,1,1,2000,0,0,0,0,0,0,0,0,0,0
360412,2,1,2000,0,0,0,0,0,0,0,0,14,0
360413,0,1,2000,0,0,0,0,0,0,0,0,0,0
360413,1,1,2000,13,13,13,13,13,13,13,13,13,13
360414,0,1,2000,0,0,0,0,0,0,0,0,0,0
360414,1,1,2000,0,0,0,8,0,0,0,0,0,0
360415,1,1,2000,0,0,0,0,0,0,0,0,0,0
360415,2,1,2000,0,0,0,0,0,0,0,0,0,0
360415,3,1,2000,0,0,0,0,0,0,0,0,0,0
360416,0,1,2000,0,0,0,0,0,0,0,0,0,0
360416,1,1,2000,0,0,0,0,0,0,0,0,0,0
360417,0,1,2000,0,0,0,0,0,0,0,0,0,0
360417,1,1,2000,0,0,0,0,0,0,0,0,0,0
360418,0,1,2000,22,22,22,22,22,22,22,22,22,22
360418,1,1,2000,0,0,0,0,0,0,0,0,0,0
360419,1,1,2000,0,0,0,0,0,0,0,0,0,0
360419,2,1,2000,0,0,0,0,0,0,0,0,0,0
360420,1,1,2000,0,0,17,0,0,0,0,0,0,0
360420,2,1,2000,0,0,0,0,0,0,0,0,0,0
360421,0,1,2000,0,39,0,0,0,0,0,0,0,0
360421,1,1,2000,0,0,0,0,0,0,0,0,0,0
360422,1,1,2000,0,0,0,0,0,0,0,0,0,0
360423,1,1,2000,14,14,14,14,14,14,14,14,14,14
360424,1,1,2000,0,0,0,0,0,0,0,0,0,0
360425,1,1,2000,0,0,0,0,0,0,17,0,13,0
360426,1,1,2000,0,0,0,0,0,0,0,0,0,0
360427,1,1,2000,0,0,0,0,0,5,0,0,0,5
360428,1,1,2000,0,0,0,0,0,0,0,0,0,0
360428,2,1,2000,0,5,0,0,0,0,0,0,0,0
360429,1,1,2000,0,0,0,0,0,0,0,0,0,0
360429,2,1,2000,0,0,0,0,0,0,0,0,0,0
360430,0,1,2000,0,31,0,0,21,14,0,0,0,0
360430,1,1,2000,0,0,0,0,0,0,0,0,0,0
360431,1,1,2000,0,0,0,0,0,0,0,0,0,0
360431,2,1,2000,0,0,0,0,0,0,0,0,0,8
360432,1,1,2000,0,0,0,0,0,0,0,0,0,0
360432,2,1,2000,0,0,0,0,0,0,0,0,0,0
360433,0,1,2000,0,0,0,0,0,0,0,0,0,0
360433,1,1,2000,0,0,0,0,0,0,0,0,0,0
360434,1,1,2000,4,31,34,21,19,8,32,20,10,11
360435,1,1,2000,0,0,0,8,33,23,18,30,8,0
360436,0,1,2000,0,0,0,0,0,0,0,0,0,0
360436,1,1,2000,0,0,0,0,0,0,0,0,0,0
360437,0,1,2000,0,0,0,0,0,0,0,0,0,0
360437,1,1,2000,0,0,0,0,0,0,0,0,0,0
360438,1,1,2000,11,21,35,13,7,13,6,10,0,24
360439,1,1,2000,14,23,15,9,12,12,8,11,19,32
360439,2,1,2000,15,0,0,26,0,0,0,0,0,12
360440,1,1,2000,17,15,5,16,12,10,10,10,25,5
360441,1,1,2000,0,0,0,0,0,0,0,0,0,0
360442,1,1,2000,0,0,0,0,0,0,0,0,0,0
360443,0,1,2000,0,0,0,0,0,0,0,0,0,0
360443,1,1,2000,0,0,0,0,0,0,0,0,0,0
360444,1,1,2000,0,0,0,0,0,0,0,0,0,0
360444,2,1,2000,0,0,0,0,0,0,0,0,0,0
360444,3,1,2000,0,0,0,0,0,0,0,0,0,0
360445,0,1,2000,0,0,0,0,0,0,0,0,56,0
360445,1,1,2000,0,0,0,0,0,0,0,0,0,0
360446,1,1,2000,16,16,16,16,16,16,16,16,16,16
360447,1,1,2000,22,22,22,22,22,22,22,22,22,22
360448,1,1,2000,0,0,0,0,0,0,0,0,0,0
360449,0,1,2000,0,0,0,0,0,0,0,0,0,0
360449,1,1,2000,3,0,0,0,0,0,0,0,0,0
360449,2,1,2000,0,0,0,0,0,0,0,0,0,16
360450,1,1,2000,0,20,19,11,11,13,18,11,8,19
360450,2,1,2000,0,0,0,0,0,0,0,15,0,0
360451,1,1,2000,9,0,0,0,0,0,0,5,0,0
360452,0,1,2000,0,0,0,0,0,0,0,0,0,0
360452,1,1,2000,0,0,0,0,0,0,0,0,0,0
360453,1,1,2000,10,6,26,0,20,16,14,11,16,18
360454,0,1,2000,0,0,0,0,0,0,0,0,0,0
360454,1,1,2000,0,0,0,0,0,0,0,0,0,0
360455,1,1,2000,0,0,0,0,0,0,0,0,0,0
360455,2,1,2000,0,21,0,0,0,0,0,12,0,0
360456,1,1,2000,0,0,14,0,0,0,0,0,0,0
360456,2,1,2000,0,0,0,0,0,0,0,0,0,0
360457,0,1,2000,0,0,0,0,15,0,0,0,0,24
360457,1,1,2000,0,0,0,0,9,22,0,30,15,6
360458,1,1,2000,24,0,0,0,0,18,0,9,0,0
360458,2,1,2000,0,0,0,0,0,0,0,0,0,0
360459,0,1,2000,0,0,0,0,0,0,0,0,0,0
360459,1,1,2000,10,0,0,0,0,0,0,0,0,0
360460,1,1,2000,0,0,0,0,0,20,12,0,0,0
360461,1,1,2000,0,0,0,0,0,0,0,0,0,0
360461,2,1,2000,0,0,0,0,0,0,0,0,0,9
360462,0,1,2000,0,0,0,0,0,0,0,0,0,0
360462,1,1,2000,0,0,0,0,0,0,0,0,0,0
360463,0,1,2000,0,12,0,0,0,0,0,0,0,0
360463,1,1,2000,0,0,0,0,0,0,0,0,0,0
360464,1,1,2000,0,0,0,0,0,0,0,0,0,0
360464,2,1,2000,0,0,0,3,0,0,0,0,0,0
360465,1,1,2000,0,0,11,0,4,0,0,0,0,7
360465,2,1,2000,11,0,0,5,8,0,0,0,0,0
360465,3,1,2000,0,0,0,5,0,0,0,0,0,8
360466,1,1,2000,0,0,0,0,0,0,0,0,0,0
360466,2,1,2000,0,0,0,0,0,0,0,0,0,0
360467,1,1,2000,0,0,0,0,0,0,0,0,0,0
360467,2,1,2000,0,0,19,0,0,0,0,0,0,0
360468,1,1,2000,0,0,0,0,0,0,0,0,0,0
360468,2,1,2000,0,0,0,0,0,0,0,0,0,0
360469,1,1,2000,0,0,0,0,0,0,0,0,0,0
360469,2,1,2000,0,0,0,0,0,0,0,0,0,0
360470,1,1,2000,0,0,0,0,0,11,9,0,0,0
360471,1,1,2000,0,0,0,0,0,0,0,0,0,0
360471,2,1,2000,0,0,0,0,0,0,0,17,0,0
360472,1,1,2000,0,0,0,0,0,0,0,0,0,0
360472,2,1,2000,0,0,0,0,0,0,0,0,0,0
360472,3,1,2000,0,0,0,0,0,0,0,0,0,0
360472,4,1,2000,0,0,0,0,0,0,0,0,0,0
360473,0,1,2000,0,0,0,0,0,0,0,0,0,0
360473,1,1,2000,5,0,0,0,6,11,0,0,0,0
360474,1,1,2000,0,0,0,0,0,0,0,0,0,0
360474,2,1,2000,0,0,0,0,0,0,0,0,0,0
360474,3,1,2000,15,22,22,12,19,10,33,21,11,21
360475,1,1,2000,0,0,0,0,0,0,0,0,0,0
360475,2,1,2000,7,7,7,7,7,7,7,7,7,7
360476,0,1,2000,0,0,0,0,0,0,0,0,0,0
360476,0,2,2000,0,0,0,0,0,0,0,0,0,0
360476,1,1,2000,0,0,0,0,0,0,0,0,0,0
360477,1,1,2000,0,0,0,0,0,0,0,0,0,0
360477,2,1,2000,7,7,7,7,7,7,7,7,7,7
360478,1,1,2000,10,0,0,0,0,0,0,0,0,0
360478,2,1,2000,0,0,0,0,0,0,0,0,0,0
360478,3,1,2000,0,0,0,0,0,0,0,0,0,0
360479,1,1,2000,0,0,0,0,0,0,0,0,0,0
360479,2,1,2000,0,0,0,0,0,0,0,0,0,0
360480,1,1,2000,0,0,0,0,0,0,0,0,0,0
360480,2,1,2000,0,0,0,0,0,0,0,0,0,0
360480,3,1,2000,0,0,0,0,0,0,0,0,0,0
360481,0,1,2000,0,0,0,0,0,0,0,0,0,0
360481,1,1,2000,0,0,0,0,0,0,0,0,0,0
360482,1,1,2000,0,0,0,0,0,0,0,0,0,0
360482,2,1,2000,14,14,14,14,14,14,14,14,14,14
360483,1,1,2000,9,15,12,29,21,0,8,14,9,21
360483,2,1,2000,0,0,0,6,38,11,12,7,0,18
360484,0,1,2000,0,0,0,0,0,0,0,0,0,0
360484,1,1,2000,0,0,0,0,0,23,0,0,0,0
360485,1,1,2000,0,0,0,0,0,0,0,0,0,0
360486,1,1,2000,11,11,11,11,11,11,11,11,11,11
360487,1,1,2000,0,0,0,0,0,0,0,0,0,11
360488,1,1,2000,8,0,0,0,0,0,11,0,12,0
360489,0,1,2000,18,18,18,18,18,18,18,18,18,18
360489,1,1,2000,18,0,0,0,0,0,0,0,0,13
360489,2,1,2000,0,0,0,0,0,0,0,0,0,0
360490,1,1,2000,0,0,0,0,0,0,0,0,0,0
360491,0,1,2000,0,0,0,0,0,0,0,0,0,0
360491,0,2,2000,0,0,0,0,0,0,0,0,0,0
360491,1,1,2000,0,0,0,0,0,0,0,0,0,0
360492,0,1,2000,0,0,0,0,0,0,0,0,0,0
360492,1,1,2000,0,0,0,0,0,0,0,0,13,0
360493,1,1,2000,0,0,0,0,0,0,0,0,0,0
360493,2,1,2000,0,0,0,0,0,0,0,0,0,0
360494,0,1,2000,0,0,0,0,0,0,0,0,0,0
360494,1,1,2000,0,0,0,0,0,0,0,0,0,0
360495,1,1,2000,8,8,8,8,8,8,8,8,8,8
360496,1,1,2000,0,0,0,0,0,0,0,0,0,0
360496,2,1,2000,0,0,0,0,0,0,0,0,0,0
360497,1,1,2000,8,0,0,0,0,0,0,0,0,0
360497,2,1,2000,0,0,0,0,0,0,0,0,0,0
360498,1,1,2000,0,0,0,0,0,0,0,0,0,0
360498,2,1,2000,0,0,0,0,6,0,0,0,0,0
360499,1,1,2000,0,14,7,11,22,6,0,0,21,0
360500,1,1,2000,29,0,0,0,11,0,0,0,0,15
360501,1,1,2000,0,0,0,0,0,0,0,0,0,0
360502,1,1,2000,0,0,0,0,0,0,0,0,0,0
360503,1,1,2000,6,7,27,24,18,23,12,32,19,17
360504,1,1,2000,0,0,0,0,0,0,0,0,0,0
360504,2,1,2000,17,0,0,0,0,0,4,0,0,0
360505,1,1,2000,0,0,0,0,0,0,0,0,0,0
360505,2,1,2000,0,0,0,0,0,0,0,0,0,0
360506,1,1,2000,0,0,11,13,0,0,0,0,0,0
360507,1,1,2000,1,1,1,1,1,1,1,1,1,1
360508,1,1,2000,0,0,0,0,0,0,0,0,0,0
360509,1,1,2000,0,0,0,0,0,0,0,0,0,0
360510,0,1,2000,0,0,0,0,0,0,0,0,0,0
360510,1,1,2000,0,0,0,0,0,0,0,0,7,0
360511,1,1,2000,0,0,0,0,0,0,0,0,0,0
360511,2,1,2000,0,17,0,0,0,0,0,0,0,0
360512,1,1,2000,11,21,21,11,9,21,18,10,19,19
360513,0,1,2000,0,0,0,0,0,0,0,0,0,0
360513,1,1,2000,0,0,0,0,0,0,0,0,0,0
360514,1,1,2000,21,21,21,21,21,21,21,21,21,21
360515,1,1,2000,0,0,0,0,0,0,0,0,0,0
360516,1,1,2000,0,0,0,0,0,0,0,0,0,0
360517,1,1,2000,0,0,0,0,0,0,0,0,0,0
360518,1,1,2000,19,19,24,13,14,6,16,10,21,36
360519,1,1,2000,28,28,28,28,28,28,28,28,28,28
360520,1,1,2000,10,26,12,20,15,18,14,18,24,6
360520,2,1,2000,12,18,11,0,20,23,2,15,14,5
360521,1,1,2000,0,0,0,0,0,0,19,0,20,0
360521,2,1,2000,0,0,0,0,0,0,0,0,0,0
360522,1,1,2000,0,0,0,0,0,0,0,0,0,0
360522,2,1,2000,0,0,0,0,0,0,0,0,0,0
360523,1,1,2000,0,0,0,0,0,0,0,0,0,7
360523,2,1,2000,0,0,0,0,0,0,0,0,4,0
360523,3,1,2000,0,0,0,0,0,0,0,0,0,7
360523,4,1,2000,0,0,0,0,0,0,0,0,0,0
360524,1,1,2000,39,14,14,20,7,19,22,41,16,17
360525,1,1,2000,0,0,0,0,0,0,0,0,0,0
360525,2,1,2000,0,0,0,0,0,0,0,0,7,0
360526,1,1,2000,0,0,0,0,0,0,0,0,0,0
360526,2,1,2000,0,0,0,0,0,0,0,0,0,0
360527,1,1,2000,0,0,0,0,0,0,0,0,0,0
360528,1,1,2000,18,3,9,13,38,6,20,30,3,16
360529,1,1,2000,0,0,0,0,0,0,0,0,0,0
360530,1,1,2000,21,21,21,21,21,21,21,21,21,21
360531,1,1,2000,0,11,0,0,0,9,0,0,0,0
360531,2,1,2000,15,12,25,15,10,4,13,16,15,15
360532,1,1,2000,0,0,0,0,0,0,0,0,0,0
360532,2,1,2000,0,0,0,0,0,0,0,0,0,0
360533,1,1,2000,0,0,0,0,0,0,0,0,0,0
360533,2,1,2000,0,0,0,0,0,0,0,0,0,0
360534,1,1,2000,0,0,0,0,0,0,0,0,0,0
360534,2,1,2000,0,0,0,0,0,0,0,0,0,0
360535,1,1,2000,0,0,0,0,0,0,0,0,0,0
360535,2,1,2000,0,0,0,0,0,0,0,0,0,0
360536,1,1,2000,17,17,17,17,17,17,17,17,17,17
360536,2,1,2000,13,10,1,13,18,23,8,30,26,10
360537,1,1,2000,0,0,0,0,0,0,0,0,0,0
360537,2,1,2000,0,0,0,0,0,0,0,0,0,0
360538,0,1,2000,6,6,7,27,5,13,15,0,31,0
360538,0,2,2000,0,0,0,0,0,0,0,0,0,0
360538,0,3,2000,30,26,0,0,25,0,20,0,0,22
360538,0,4,2000,10,0,0,0,0,0,18,0,0,0
360538,0,5,2000,0,0,25,0,0,0,0,0,0,29
360538,1,1,2000,0,0,0,0,0,0,0,0,0,0
360538,2,1,2000,0,0,0,0,0,0,0,0,0,0
360539,1,1,2000,0,0,0,0,0,0,0,0,0,0
360539,2,1,2000,0,5,0,0,13,0,0,0,0,0
360540,1,1,2000,0,11,0,21,0,0,0,0,0,0
360541,1,1,2000,6,15,33,22,5,9,15,17,8,9
360542,1,1,2000,0,0,0,0,0,0,0,0,0,0
360542,2,1,2000,0,0,0,0,0,0,0,0,0,0
360543,0,1,2000,0,0,0,0,0,0,0,0,0,0
360543,1,1,2000,0,0,0,0,0,0,0,0,0,0
360543,2,1,2000,0,0,0,0,0,0,0,0,0,0
360544,0,1,2000,0,0,0,0,0,0,0,0,0,0
360544,1,1,2000,0,0,0,0,0,0,0,0,0,0
360545,1,1,2000,0,0,0,0,0,0,0,0,0,18
360546,1,1,2000,0,0,0,0,0,0,0,0,0,0
360547,1,1,2000,0,0,0,0,0,0,0,0,0,0
360548,0,1,2000,0,7,0,0,0,0,13,0,0,0
360548,1,1,2000,0,0,0,0,0,0,0,0,9,0
360549,0,1,2000,0,0,0,0,0,0,0,0,0,0
360549,1,1,2000,0,0,0,0,0,0,0,0,0,0
360550,1,1,2000,0,0,0,0,0,0,0,5,0,0
360551,1,1,2000,0,0,0,0,0,0,0,0,0,0
360551,2,1,2000,0,0,0,0,0,0,0,0,0,0
360552,0,1,2000,13,0,0,0,34,25,0,0,0,0
360552,1,1,2000,0,0,0,0,0,0,0,0,0,0
360553,0,1,2000,0,0,0,0,0,0,0,0,0,0
360553,1,1,2000,0,0,0,0,0,0,0,0,0,0
360554,1,1,2000,0,0,0,0,0,0,0,0,0,0
360554,2,1,2000,0,0,0,0,9,0,0,0,0,0
360555,1,1,2000,0,0,0,0,0,0,0,0,0,0
360555,2,1,2000,0,0,0,0,0,0,0,0,0,0
360556,1,1,2000,0,0,0,1,0,0,0,0,0,0
360556,2,1,2000,0,0,0,0,0,0,0,0,0,0
360557,1,1,2000,0,0,0,0,0,0,0,0,0,0
360558,1,1,2000,0,0,0,0,0,0,0,0,0,0
360559,1,1,2000,17,17,17,17,17,17,17,17,17,17
360559,2,1,2000,0,0,0,0,0,0,0,0,0,0
360559,3,1,2000,0,0,0,0,0,0,13,0,0,0
360560,0,1,2000,0,0,0,0,0,0,0,0,0,0
360560,1,1,2000,0,0,0,0,0,0,0,0,0,0
360561,1,1,2000,0,0,0,0,0,0,0,0,0,0
360561,2,1,2000,0,0,0,0,0,0,0,0,0,0
360562,1,1,2000,0,0,0,0,0,0,0,0,0,0
360562,2,1,2000,0,0,0,0,0,0,0,0,0,0
360562,3,1,2000,0,0,0,0,0,0,0,21,0,0
360563,1,1,2000,0,0,0,0,0,0,0,0,0,0
360563,2,1,2000,0,0,0,0,0,0,0,0,0,0
360564,1,1,2000,10,10,0,0,0,13,0,0,0,0
360564,2,1,2000,0,0,0,0,0,0,0,0,0,0
360565,1,1,2000,24,15,19,18,26,8,26,18,21,9
360566,1,1,2000,0,0,0,0,0,0,0,0,0,0
360566,2,1,2000,0,0,0,0,0,0,0,0,0,0
360567,1,1,2000,0,0,0,0,0,0,0,0,0,0
360568,1,1,2000,0,0,0,0,0,0,0,0,0,0
360569,1,1,2000,16,16,16,16,16,16,16,16,16,16
360570,1,1,2000,18,22,0,0,17,0,27,23,0,0
360571,1,1,2000,13,13,13,13,13,13,13,13,13,13
360572,1,1,2000,0,0,0,0,0,0,0,0,0,0
360573,1,1,2000,17,17,17,17,17,17,17,17,17,17
360574,1,1,2000,0,0,14,0,0,0,0,0,0,13
360575,1,1,2000,0,0,0,0,12,17,0,0,20,0
360576,1,1,2000,10,10,10,10,10,10,10,10,10,10
360577,1,1,2000,9,9,9,9,9,9,9,9,9,9
360578,0,1,2000,29,29,29,29,29,29,29,29,29,29
360578,1,1,2000,0,0,0,0,3,0,0,0,0,0
360579,1,1,2000,0,0,0,0,0,0,0,0,0,0
360579,2,1,2000,0,0,0,0,0,0,0,0,0,0
360580,1,1,2000,0,0,0,0,0,0,0,0,0,0
360580,2,1,2000,0,0,0,0,0,0,0,0,0,0
360581,1,1,2000,0,0,0,0,0,0,0,0,0,0
360581,2,1,2000,0,0,0,0,0,0,0,0,0,0
360582,1,1,2000,0,0,0,0,0,0,0,0,0,0
360582,2,1,2000,0,0,0,0,0,0,0,0,0,0
360582,3,1,2000,0,0,0,0,0,0,0,0,0,0
360583,1,1,2000,0,0,0,0,0,0,0,0,0,0
360583,2,1,2000,0,0,0,0,0,0,0,0,0,0
360584,1,1,2000,0,0,0,0,0,0,0,0,0,0
360585,0,1,2000,0,0,0,0,0,0,0,0,0,0
360585,1,1,2000,0,0,0,0,0,0,0,0,0,0
360586,1,1,2000,19,34,21,13,9,19,21,22,14,31
360587,1,1,2000,0,0,0,0,0,0,0,0,0,0
360587,2,1,2000,0,0,0,0,0,0,0,0,0,0
360587,3,1,2000,0,0,17,0,0,0,0,0,0,25
360588,1,1,2000,17,15,25,5,15,5,12,30,13,14
360588,2,1,2000,12,0,22,18,14,8,0,0,0,0
360589,1,1,2000,0,0,0,0,0,0,0,0,0,0
360590,1,1,2000,0,0,0,0,0,0,0,0,0,0
360591,1,1,2000,0,0,0,0,0,0,0,0,8,0
360592,1,1,2000,7,7,0,0,0,0,0,19,0,0
360593,1,1,2000,0,0,0,0,0,0,0,0,0,0
360594,1,1,2000,0,0,0,0,0,0,0,0,0,0
360594,2,1,2000,0,0,0,0,0,0,13,0,0,0
360595,0,1,2000,0,0,0,0,0,0,0,0,0,0
360595,1,1,2000,0,0,0,0,0,0,0,0,0,0
360596,0,1,2000,0,0,0,0,0,0,0,0,0,0
360596,1,1,2000,0,0,0,0,0,0,0,0,0,0
360597,0,1,2000,0,0,0,0,0,0,0,0,0,0
360597,1,1,2000,31,0,0,0,0,0,0,0,0,0
360598,1,1,2000,0,0,0,0,0,0,0,0,0,0
360599,1,1,2000,0,14,0,0,0,0,0,0,0,0
360599,2,1,2000,0,0,0,0,0,0,0,0,0,0
360600,1,1,2000,0,0,0,0,0,0,0,0,0,0
360600,2,1,2000,0,26,0,0,0,0,0,0,0,0
360601,1,1,2000,0,0,0,0,0,0,0,0,0,0
360601,2,1,2000,0,10,21,19,11,22,8,16,0,41
360601,3,1,2000,0,0,0,0,0,0,0,0,0,0
360602,1,1,2000,8,8,8,8,8,8,8,8,8,8
360603,1,1,2000,17,17,17,17,17,17,17,17,17,17
360604,1,1,2000,15,15,15,15,15,15,15,15,15,15
360605,1,1,2000,18,11,28,24,22,7,16,8,27,17
360606,1,1,2000,0,0,0,0,0,0,0,0,0,0
360606,2,1,2000,0,0,0,0,0,0,0,0,0,0
360607,1,1,2000,0,0,0,0,0,0,0,0,0,0
360608,1,1,2000,23,23,23,23,23,23,23,23,23,23
360609,1,1,2000,5,27,11,19,28,15,10,6,10,8
360610,1,1,2000,5,25,23,37,42,29,19,18,20,30
360611,0,1,2000,0,0,0,0,0,0,0,0,0,0
360611,1,1,2000,0,0,0,0,0,0,0,0,0,0
360612,1,1,2000,0,0,0,0,0,0,0,0,0,0
360612,2,1,2000,0,0,0,0,0,0,0,0,0,0
360613,1,1,2000,0,0,0,0,0,0,0,0,0,0
360613,2,1,2000,0,0,0,0,0,16,0,0,0,0
360614,1,1,2000,0,0,0,0,0,0,0,0,0,13
360615,1,1,2000,19,19,19,19,19,19,19,19,19,19
360616,1,1,2000,4,8,0,10,17,11,0,0,0,10
360617,1,1,2000,9,14,26,24,23,18,24,24,28,19
360618,1,1,2000,0,0,0,0,0,0,0,0,0,0
360619,1,1,2000,16,9,3,8,19,18,16,10,10,15
360620,1,1,2000,0,0,0,0,0,0,0,0,0,0
360620,2,1,2000,0,0,0,0,0,0,0,0,0,0
360621,1,1,2000,0,0,0,0,0,0,0,0,0,0
360621,2,1,2000,0,15,26,0,21,5,34,13,23,0
360622,0,1,2000,5,5,5,5,5,5,5,5,5,5
360622,1,1,2000,0,0,0,0,0,0,11,0,0,0
360622,2,1,2000,0,11,0,0,0,0,24,0,0,0
360623,1,1,2000,17,15,4,2,19,20,23,8,17,21
360624,1,1,2000,0,0,0,0,0,0,0,0,0,0
360624,2,1,2000,0,0,0,0,0,0,0,0,0,0
360625,1,1,2000,0,0,0,0,0,0,0,20,0,0
360626,0,1,2000,2,2,2,2,2,2,2,2,2,2
360626,1,1,2000,0,0,0,0,0,0,0,0,0,0
360627,0,1,2000,0,0,0,0,0,0,0,0,0,0
360627,1,1,2000,0,0,14,0,0,0,0,0,0,0
360628,1,1,2000,6,0,0,0,0,0,0,15,0,0
360629,0,1,2000,0,0,0,22,11,0,0,0,0,0
360629,1,1,2000,13,11,14,0,14,0,31,0,3,0
360629,2,1,2000,0,0,0,0,0,0,0,0,17,0
360630,0,1,2000,0,0,0,0,0,0,0,0,0,0
360630,1,1,2000,21,0,0,13,3,6,0,10,22,13
360631,1,1,2000,0,0,0,0,0,0,0,0,0,0
360631,2,1,2000,0,0,0,0,0,0,0,0,0,0
360632,0,1,2000,0,0,13,0,19,3,19,21,0,0
360632,1,1,2000,0,0,0,0,0,0,0,0,0,0
360632,2,1,2000,0,0,0,0,0,0,0,0,0,0
360633,1,1,2000,0,0,0,0,0,0,0,0,0,0
360634,1,1,2000,0,0,0,0,0,0,0,0,0,0
360635,1,1,2000,0,11,0,10,13,10,14,7,0,8
360636,1,1,2000,0,0,23,0,0,0,0,0,0,0
360636,2,1,2000,0,0,0,0,0,0,0,0,0,0
360637,1,1,2000,5,5,5,5,5,5,5,5,5,5
360637,2,1,2000,0,0,0,0,0,0,0,0,0,0
360637,3,1,2000,0,0,0,0,0,0,0,0,0,0
360638,1,1,2000,0,0,0,9,0,0,0,0,0,0
360639,1,1,2000,25,25,25,25,25,25,25,25,25,25
360639,2,1,2000,32,23,5,4,23,15,23,15,15,0
360640,1,1,2000,0,0,0,0,0,0,0,0,0,0
360641,1,1,2000,0,0,0,0,0,0,0,0,0,0
360642,1,1,2000,24,24,24,24,24,24,24,24,24,24
360643,1,1,2000,1,1,1,1,1,1,1,1,1,1
360644,1,1,2000,0,0,0,0,0,0,0,0,0,0
360644,2,1,2000,0,0,0,0,0,0,0,0,0,0
360645,0,1,2000,33,33,33,33,33,33,33,33,33,33
360645,1,1,2000,7,0,0,0,0,0,0,0,0,0
360646,1,1,2000,0,0,0,0,0,0,5,0,0,22
360646,2,1,2000,0,0,0,0,0,0,0,0,0,0
360647,0,1,2000,0,0,0,0,0,0,0,0,0,0
360647,1,1,2000,0,0,0,0,0,0,0,31,0,23
360648,0,1,2000,0,0,0,0,0,0,0,20,0,0
360648,1,1,2000,0,0,0,8,0,0,0,0,0,0
360649,0,1,2000,0,0,0,0,0,0,0,0,0,0
360649,1,1,2000,0,0,0,0,0,0,0,0,0,0
360650,1,1,2000,16,16,16,16,16,16,16,16,16,16
360650,2,1,2000,0,0,0,0,0,0,0,0,0,0
360651,1,1,2000,0,0,0,0,0,0,0,0,0,5
360651,2,1,2000,0,0,0,0,0,0,0,0,0,0
360652,1,1,2000,0,0,0,0,0,0,0,0,0,0
360652,2,1,2000,0,0,0,0,0,0,0,0,0,0
360653,1,1,2000,0,0,0,0,0,0,0,0,0,0
360653,2,1,2000,0,0,0,0,0,0,0,0,0,0
360654,1,1,2000,0,21,9,15,13,20,0,13,9,2
360655,1,1,2000,0,0,0,0,0,0,0,0,0,0
360655,2,1,2000,0,0,0,0,0,0,0,0,0,0
360656,1,1,2000,0,0,0,0,0,0,0,0,0,0
360656,2,1,2000,0,0,21,0,0,0,0,0,0,0
360657,1,1,2000,0,0,0,23,0,0,0,0,5,0
360657,2,1,2000,0,0,0,0,0,0,0,0,0,0
360658,1,1,2000,0,0,0,0,0,0,0,0,22,0
360658,2,1,2000,0,0,0,0,0,0,0,0,0,0
360659,0,1,2000,0,26,19,22,26,0,0,16,7,18
360659,1,1,2000,0,0,0,5,0,0,0,0,0,0
360660,1,1,2000,0,14,0,11,0,0,16,5,0,0
360660,2,1,2000,0,0,0,0,0,0,0,0,0,0
360661,0,1,2000,26,26,26,26,26,26,26,26,26,26