ST_CASE,VEH_NO,PER_NO,YEAR,P1,P2,P3,P4,P5,P6,P7,P8,P9,P10
360926,2,1,2000,0,0,0,0,0,0,0,0,0,0
360927,1,1,2000,0,0,0,0,16,0,0,0,14,0
360927,2,1,2000,0,26,0,0,0,0,0,0,0,0
360927,3,1,2000,0,0,0,0,0,14,0,0,0,0
360928,0,1,2000,0,0,0,0,0,0,0,0,0,0
360928,1,1,2000,0,0,0,0,0,0,0,0,0,0
360930,1,1,2000,0,0,0,0,0,0,0,0,0,0
360931,1,1,2000,0,0,0,0,0,0,0,0,0,0
360932,1,1,2000,0,0,0,0,0,0,0,0,0,0
360932,2,1,2000,0,0,0,0,0,0,0,0,0,0
360933,1,1,2000,0,0,0,0,0,0,0,0,0,0
360933,2,1,2000,0,0,0,0,0,0,0,0,0,6
360934,0,1,2000,9,9,9,9,9,9,9,9,9,9
360934,1,1,2000,0,0,0,0,0,0,0,0,0,0
360934,2,1,2000,0,0,16,0,0,0,0,0,0,0
360934,3,1,2000,0,0,0,0,0,0,0,0,0,0
360934,4,1,2000,0,0,7,0,0,0,0,0,0,0
360935,1,1,2000,0,20,36,21,0,23,2,29,11,10
360935,2,1,2000,0,0,0,0,0,0,0,0,0,0
360936,1,1,2000,0,0,0,0,0,0,0,0,0,0
360936,2,1,2000,0,0,0,0,0,0,0,26,0,0
360936,3,1,2000,0,0,0,0,0,0,0,0,0,0
360936,4,1,2000,0,0,10,0,0,0,0,0,0,0
360936,5,1,2000,0,0,0,0,0,0,0,0,0,0
360936,6,1,2000,0,0,0,9,0,0,0,0,0,0
360936,7,1,2000,0,0,0,0,0,0,0,0,25,0
360937,1,1,2000,0,0,16,0,0,0,0,0,0,0
360937,2,1,2000,4,12,38,20,11,10,4,8,5,26
360938,1,1,2000,8,31,26,21,0,5,11,16,31,23
360939,1,1,2000,0,0,0,0,0,0,0,0,0,0
360939,2,1,2000,0,0,0,0,0,0,0,0,0,0
360940,1,1,2000,0,0,0,0,0,0,0,0,0,0
360941,1,1,2000,4,13,21,0,18,11,8,0,20,22
360941,2,1,2000,0,0,0,0,0,0,0,0,0,0
360942,1,1,2000,0,0,0,0,0,0,0,0,0,0
360942,2,1,2000,0,0,0,0,0,0,0,0,0,0
360943,1,1,2000,0,0,0,0,0,0,0,0,0,0
360943,2,1,2000,0,0,0,0,0,0,0,0,0,0
360943,3,1,2000,0,0,0,0,0,0,0,0,0,0
360943,4,1,2000,0,0,0,0,0,0,0,0,0,0
360944,1,1,2000,12,25,20,32,13,34,26,24,14,20
360945,1,1,2000,0,0,3,0,0,0,0,0,0,0
360945,2,1,2000,0,0,0,0,0,0,0,0,0,0
360946,1,1,2000,0,0,0,0,7,0,0,0,0,0
360946,2,1,2000,0,0,0,0,0,0,0,0,0,0
360946,3,1,2000,0,0,0,0,0,0,0,0,0,0
360947,1,1,2000,18,18,18,18,18,18,18,18,18,18
360948,1,1,2000,27,17,17,22,22,26,8,13,12,18
360949,1,1,2000,0,0,0,0,0,0,0,0,0,0
360949,2,1,2000,0,0,0,0,0,0,0,0,0,0
360950,0,1,2000,0,0,0,0,0,0,0,0,0,0
360950,1,1,2000,0,7,0,0,0,0,0,0,0,0
360951,1,1,2000,12,12,12,12,12,12,12,12,12,12
360952,1,1,2000,0,0,0,0,0,0,0,0,0,0
360953,1,1,2000,11,14,0,0,0,0,0,12,0,0
360954,1,1,2000,0,0,0,0,0,0,0,0,0,0
360954,2,1,2000,0,0,0,0,0,0,0,0,0,0
360955,1,1,2000,14,14,14,14,14,14,14,14,14,14
360956,1,1,2000,0,18,0,19,0,6,19,16,18,21
360957,1,1,2000,0,0,0,10,0,0,0,0,0,0
360957,2,1,2000,0,0,0,0,0,0,0,11,0,0
360958,1,1,2000,0,0,0,0,0,0,0,0,0,0
360958,2,1,2000,0,0,0,0,0,0,0,0,0,0
360959,1,1,2000,0,0,0,0,0,0,0,0,0,0
360959,2,1,2000,0,0,0,0,0,0,0,0,0,0
360960,1,1,2000,12,12,12,12,12,12,12,12,12,12
360960,2,1,2000,0,0,0,0,0,0,0,0,0,0
360961,1,1,2000,0,0,0,0,0,0,0,0,0,0
360961,2,1,2000,0,0,0,0,0,0,0,0,0,0
360962,1,1,2000,0,0,0,0,0,0,0,0,0,0
360963,1,1,2000,0,0,0,0,0,0,0,0,0,0
360963,2,1,2000,0,0,0,0,0,0,0,0,0,0
360964,1,1,2000,0,0,0,0,0,0,0,0,0,0
360964,2,1,2000,0,0,0,0,0,0,0,0,0,0
360965,1,1,2000,0,0,0,0,0,0,0,0,0,0
360965,2,1,2000,0,0,0,0,0,0,0,0,0,0
360966,1,1,2000,0,10,0,2,0,2,0,14,0,13
360967,1,1,2000,7,4,22,11,13,17,13,23,0,15
360967,2,1,2000,0,0,0,0,0,0,0,0,0,0
360968,1,1,2000,0,0,0,0,0,0,0,0,0,0
360968,2,1,2000,0,0,0,21,10,0,0,0,19,0
360969,0,1,2000,0,0,0,0,0,0,0,0,0,0
360969,0,2,2000,28,0,13,0,16,7,26,0,0,19
360969,1,1,2000,0,0,0,0,0,0,0,0,0,0
360970,1,1,2000,0,0,0,0,0,0,0,0,0,0
360970,2,1,2000,0,0,0,0,0,0,0,0,0,0
360971,1,1,2000,0,0,0,0,0,0,0,0,0,0
360971,2,1,2000,0,0,0,0,0,0,0,0,0,0
360972,0,1,2000,0,0,0,0,0,0,0,0,0,0
360972,1,1,2000,9,0,0,0,0,0,0,0,0,0
360973,0,1,2000,0,0,0,0,0,0,0,0,0,0
360973,1,1,2000,0,0,0,0,0,0,0,0,0,0
360974,1,1,2000,0,0,0,0,0,0,0,0,0,0
360974,2,1,2000,0,0,0,0,0,0,0,0,0,0
360975,0,1,2000,0,0,0,34,28,0,0,23,21,0
360975,1,1,2000,0,0,0,5,0,0,0,0,0,0
360976,0,1,2000,0,0,0,0,0,0,0,0,0,0
360976,1,1,2000,0,0,25,0,0,0,0,0,0,0
360977,1,1,2000,0,0,0,0,12,0,0,0,0,0
360977,2,1,2000,0,0,0,0,0,0,0,0,0,7
360978,1,1,2000,0,0,0,0,0,0,0,0,0,0
360978,2,1,2000,0,0,0,0,0,0,11,0,0,0
360979,0,1,2000,0,0,0,0,0,0,0,0,0,0
360979,1,1,2000,0,0,0,0,0,0,0,0,0,0
360980,0,1,2000,0,0,0,0,0,0,0,0,0,0
360980,0,2,2000,0,0,0,0,0,0,0,0,0,0
360980,1,1,2000,0,0,0,0,0,0,0,0,0,0
360981,1,1,2000,0,0,0,0,0,0,0,0,0,0
360982,0,1,2000,0,0,0,0,0,0,0,0,0,0
360982,1,1,2000,0,0,0,0,0,0,0,0,0,0
360983,1,1,2000,0,0,0,0,0,0,0,0,0,0
360983,2,1,2000,0,0,0,0,0,0,0,0,0,0
360984,1,1,2000,0,0,0,0,0,0,0,0,0,0
360984,2,1,2000,0,0,0,0,0,0,0,0,0,0
360984,3,1,2000,0,0,0,0,0,0,0,0,0,0
360985,1,1,2000,5,12,2,7,22,0,15,29,12,27
360985,2,1,2000,0,0,0,0,0,0,0,0,0,0
360986,0,1,2000,3,3,3,3,3,3,3,3,3,3
360986,1,1,2000,0,0,0,0,0,0,0,0,0,0
360987,1,1,2000,9,0,22,22,6,8,9,21,28,5
360988,0,1,2000,0,0,0,0,0,0,0,13,0,0
360988,1,1,2000,0,0,0,0,0,0,0,0,0,0
360989,1,1,2000,11,15,16,4,13,32,10,1,16,13
360990,1,1,2000,11,11,11,11,11,11,11,11,11,11
360991,1,1,2000,0,0,0,0,0,0,0,0,0,0
360991,2,1,2000,0,0,0,0,0,0,0,0,0,0
360992,1,1,2000,15,0,0,0,0,0,0,0,0,0
360992,2,1,2000,19,19,19,19,19,19,19,19,19,19
360993,1,1,2000,6,0,8,17,13,20,3,4,23,8
360994,1,1,2000,0,0,0,0,0,0,0,0,0,0
360994,2,1,2000,0,0,0,0,0,0,0,0,0,0
360995,1,1,2000,0,0,0,0,0,0,0,0,0,0
360995,2,1,2000,0,0,0,0,0,0,0,0,0,0
360996,1,1,2000,18,18,18,18,18,18,18,18,18,18
360997,1,1,2000,23,23,23,23,23,23,23,23,23,23
360998,1,1,2000,0,0,0,0,0,0,0,0,0,0
360999,1,1,2000,0,14,0,0,0,15,0,0,0,0
361000,1,1,2000,0,0,0,0,0,0,0,0,0,0
361001,1,1,2000,0,0,0,0,0,0,0,0,0,0
361001,2,1,2000,14,23,4,21,6,5,21,14,16,9
361002,1,1,2000,15,15,15,15,15,15,15,15,15,15
361002,2,1,2000,0,0,0,0,0,0,0,13,14,18
361003,1,1,2000,0,0,0,0,0,0,0,0,0,0
361004,0,1,2000,0,0,0,0,0,0,0,0,0,0
361004,0,2,2000,0,0,0,0,0,0,0,0,0,0
361004,1,1,2000,0,0,0,0,0,0,0,0,0,0
361005,0,1,2000,0,0,0,0,0,0,0,0,0,0
361005,1,1,2000,0,0,0,0,0,0,0,0,0,0
361006,1,1,2000,0,0,0,0,0,0,0,0,0,0
361006,2,1,2000,0,0,0,0,0,0,0,0,0,0
361007,1,1,2000,15,0,0,0,0,0,0,0,0,0
361008,1,1,2000,9,9,9,9,9,9,9,9,9,9
361009,0,1,2000,0,0,0,0,0,0,0,0,0,0
361009,1,1,2000,0,0,0,0,0,0,0,0,0,0
361010,1,1,2000,0,22,0,0,0,0,0,0,0,9
361010,2,1,2000,0,7,0,4,0,0,0,0,0,0
361011,1,1,2000,0,0,0,0,0,0,15,0,0,0
361011,2,1,2000,0,0,0,0,0,0,0,0,0,15
361012,1,1,2000,0,0,0,0,0,0,0,0,0,0
361013,1,1,2000,0,0,0,0,0,0,0,0,0,0
361013,2,1,2000,0,0,0,0,6,0,0,0,0,0
361014,1,1,2000,10,18,12,20,38,11,25,25,39,13
361015,1,1,2000,9,9,9,9,9,9,9,9,9,9
361016,1,1,2000,6,6,6,6,6,6,6,6,6,6
361017,0,1,2000,0,0,0,0,0,0,0,0,0,0
361017,1,1,2000,0,0,0,0,0,0,0,0,0,0
361018,0,1,2000,0,0,0,0,0,0,0,0,0,0
361018,1,1,2000,0,0,0,0,0,0,0,0,0,0
361019,0,1,2000,0,0,0,0,0,0,0,0,0,0
361019,1,1,2000,0,0,0,0,0,0,0,0,0,0
361020,1,1,2000,0,0,0,0,0,15,18,0,0,0
361020,2,1,2000,0,0,0,0,0,17,0,0,0,0
361021,0,1,2000,0,0,0,0,0,0,0,0,0,0
361021,1,1,2000,0,0,0,0,0,0,0,0,0,0
361022,0,1,2000,0,0,0,0,5,0,0,0,0,14
361022,1,1,2000,0,0,0,0,0,0,0,0,0,0
361023,1,1,2000,0,0,0,0,0,0,0,0,0,0
361024,1,1,2000,0,0,0,0,0,0,0,0,0,0
361025,1,1,2000,0,0,0,0,0,0,0,0,0,0
361025,2,1,2000,0,0,0,0,0,0,0,0,0,0
361026,1,1,2000,0,0,0,5,0,0,0,0,0,0
361027,1,1,2000,0,17,0,0,0,0,0,0,0,0
361027,2,1,2000,0,0,0,0,0,0,0,0,0,0
361028,1,1,2000,0,0,0,0,0,0,0,0,0,0
361028,2,1,2000,9,9,9,9,9,9,9,9,9,9
361029,1,1,2000,0,0,0,0,0,0,0,0,0,0
361029,2,1,2000,0,0,0,0,0,0,0,0,0,0
361030,1,1,2000,0,0,0,0,0,0,0,0,0,0
361030,2,1,2000,0,0,0,0,0,0,0,0,0,0
361031,1,1,2000,11,0,16,18,11,18,0,6,0,20
361031,2,1,2000,0,0,0,0,0,0,20,0,0,0
361032,1,1,2000,0,0,0,0,0,0,0,0,0,25
361032,2,1,2000,0,0,0,0,0,0,0,0,0,0
361033,1,1,2000,0,0,0,0,0,0,0,0,0,0
361033,2,1,2000,0,0,0,29,4,0,0,0,0,0
361034,0,1,2000,0,38,0,0,0,0,0,0,0,0
361034,1,1,2000,7,25,13,24,12,29,24,6,7,14
361035,0,1,2000,0,0,0,0,0,0,0,0,0,0
361035,1,1,2000,24,13,15,5,11,5,18,0,19,6
361036,1,1,2000,0,0,0,0,0,0,0,0,0,0
361036,2,1,2000,0,0,0,0,0,0,0,0,0,0
361037,1,1,2000,0,0,0,0,0,11,0,0,0,0
361037,2,1,2000,0,4,0,19,0,0,0,0,17,0
361038,0,1,2000,0,0,0,0,0,0,0,0,0,0
361038,1,1,2000,0,0,20,0,0,0,0,0,0,0
361039,1,1,2000,15,15,15,15,15,15,15,15,15,15
361040,1,1,2000,0,0,0,0,0,0,0,0,12,0
361041,0,1,2000,0,0,0,0,32,0,0,0,0,0
361041,1,1,2000,0,0,0,0,0,0,0,0,0,0
361042,0,1,2000,0,0,0,0,0,0,0,0,0,0
361042,1,1,2000,0,0,0,0,0,0,0,0,0,0
361043,1,1,2000,0,0,0,9,0,0,5,16,0,0
361044,0,1,2000,0,0,0,0,0,0,0,0,0,0
361044,1,1,2000,0,0,0,0,0,0,0,0,0,0
361045,0,1,2000,0,0,0,0,0,0,0,0,0,0
361045,1,1,2000,0,0,0,0,0,0,0,0,0,0
361046,1,1,2000,0,0,0,0,0,0,0,0,0,0
361046,2,1,2000,1,1,1,1,1,1,1,1,1,1
361047,1,1,2000,0,0,0,0,0,0,0,0,0,0
361047,2,1,2000,0,0,0,0,0,0,0,0,0,0
361048,1,1,2000,0,0,0,0,0,0,0,0,0,0
361048,2,1,2000,0,0,0,0,0,0,0,0,0,0
361049,1,1,2000,0,0,0,0,0,0,0,0,0,0
361049,2,1,2000,0,0,0,0,0,0,0,14,0,0
361050,1,1,2000,0,0,0,0,0,0,0,0,0,0
361050,2,1,2000,0,0,0,0,0,0,0,0,0,0
361050,3,1,2000,0,0,0,0,0,0,0,0,0,0
361051,1,1,2000,0,0,0,0,0,0,0,0,0,0
361051,2,1,2000,0,0,0,0,0,0,0,0,0,0
361052,1,1,2000,14,14,19,14,7,10,21,12,9,16
361052,2,1,2000,12,0,0,0,0,36,0,0,0,22
361053,1,1,2000,0,6,0,26,20,26,0,15,0,7
361054,1,1,2000,0,0,0,0,0,0,0,0,0,0
361054,2,1,2000,0,0,0,0,0,0,0,0,0,0
361055,1,1,2000,0,0,0,0,8,9,0,0,0,0
361055,2,1,2000,12,22,27,3,26,7,18,22,31,24
361056,0,1,2000,0,0,0,0,0,0,0,0,0,0
361056,1,1,2000,0,0,0,0,0,0,0,0,0,0
361057,1,1,2000,0,0,0,0,0,0,0,0,0,0
361057,2,1,2000,0,0,0,0,0,0,0,0,0,0
361058,1,1,2000,0,0,0,12,7,0,0,0,0,0
361059,1,1,2000,0,0,0,20,0,0,0,0,0,0
361060,1,1,2000,0,0,0,0,0,0,0,0,0,0
361060,2,1,2000,0,0,0,0,0,0,0,0,0,0
361060,3,1,2000,0,0,0,0,0,0,0,0,0,0
361061,0,1,2000,0,0,0,0,0,0,0,0,0,0
361061,1,1,2000,0,0,0,0,0,0,0,0,0,0
361062,1,1,2000,0,0,0,0,0,0,0,0,0,0
361062,2,1,2000,0,0,0,0,0,0,0,0,0,0
361063,1,1,2000,0,0,0,0,0,0,0,0,0,0
361064,1,1,2000,0,0,0,0,0,0,0,0,0,0
361064,2,1,2000,0,0,0,0,0,0,0,0,0,0
361065,1,1,2000,0,0,0,0,0,0,0,0,0,0
361065,2,1,2000,0,0,0,0,0,0,0,0,0,0
361065,3,1,2000,0,0,0,0,0,0,0,0,0,0
361066,1,1,2000,0,0,0,0,0,6,0,0,0,14
361067,1,1,2000,0,0,0,0,0,0,0,0,0,0
361067,2,1,2000,36,36,36,36,36,36,36,36,36,36
361068,1,1,2000,0,0,0,0,0,0,0,0,0,0
361068,2,1,2000,0,0,0,0,0,0,0,0,0,0
361069,0,1,2000,0,0,0,0,0,0,0,0,0,0
361069,1,1,2000,0,0,0,0,0,0,0,0,0,0
361070,0,1,2000,0,0,0,0,0,0,0,0,0,0
361070,1,1,2000,0,0,0,0,0,0,0,0,0,0
361071,1,1,2000,0,0,0,0,0,0,0,0,0,0
361071,2,1,2000,3,3,3,3,3,3,3,3,3,3
361072,1,1,2000,0,0,0,0,0,0,0,0,0,0
361072,2,1,2000,0,0,0,0,0,0,0,0,0,0
361073,0,1,2000,0,0,0,0,0,0,0,0,0,0
361073,1,1,2000,0,0,0,0,0,0,0,0,0,0
361074,0,1,2000,0,0,0,0,0,0,0,0,0,0
361074,0,2,2000,0,0,0,0,0,0,0,0,0,0
361074,0,3,2000,0,0,0,0,0,0,0,0,0,0
361074,1,1,2000,0,0,0,0,0,0,0,0,0,0
361075,1,1,2000,0,0,0,0,0,0,0,0,0,0
361075,2,1,2000,0,0,0,0,0,0,0,0,0,0
361075,3,1,2000,0,0,0,0,0,0,0,0,0,0
361076,1,1,2000,0,0,0,0,0,0,0,0,0,0
361076,2,1,2000,0,0,0,0,0,0,0,0,0,0
361077,1,1,2000,0,0,0,0,0,0,0,0,0,0
361077,2,1,2000,0,0,0,0,0,0,0,0,0,0
361078,1,1,2000,0,0,0,0,0,0,0,0,0,0
361078,2,1,2000,0,0,0,0,0,0,0,0,0,0
361079,1,1,2000,18,18,18,18,18,18,18,18,18,18
361080,0,1,2000,3,3,3,3,3,3,3,3,3,3
361080,1,1,2000,0,0,0,0,0,0,0,0,0,0
361081,1,1,2000,8,8,8,8,8,8,8,8,8,8
361081,2,1,2000,0,0,0,0,16,0,0,0,0,0
361082,0,1,2000,27,0,0,0,0,33,0,11,16,0
361082,1,1,2000,0,0,0,0,0,11,0,0,0,0
361083,1,1,2000,0,0,0,0,0,0,0,0,0,0
361083,2,1,2000,0,0,0,0,0,0,0,0,0,0
361084,1,1,2000,0,0,0,0,0,0,0,14,0,0
361084,2,1,2000,0,0,0,0,0,0,0,0,0,0
361085,1,1,2000,16,16,16,16,16,16,16,16,16,16
361086,1,1,2000,0,0,10,0,0,0,0,0,0,0
361087,1,1,2000,0,0,0,0,0,0,0,0,0,0
361087,2,2,2000,0,0,0,0,0,0,0,0,0,0
361088,0,1,2000,0,0,0,0,0,0,0,0,0,0
361088,1,1,2000,0,8,0,0,0,0,0,0,0,13
361088,2,1,2000,0,0,0,0,0,0,0,0,0,0
361089,1,1,2000,0,0,0,0,0,0,0,0,0,0
361089,2,1,2000,0,0,0,0,0,0,0,0,0,0
361090,1,1,2000,0,0,0,0,0,0,0,0,0,0
361091,1,1,2000,0,27,15,0,0,10,11,0,0,0
361092,1,1,2000,0,0,0,0,0,0,0,0,0,0
361092,2,1,2000,0,0,0,0,0,0,0,0,0,0
361093,0,1,2000,0,0,0,0,0,0,0,0,0,0
361093,1,1,2000,0,0,0,0,0,0,0,0,0,0
361094,0,1,2000,0,0,10,0,17,0,0,17,0,0
361094,1,1,2000,0,0,0,0,9,4,0,0,0,0
361095,1,1,2000,0,0,0,0,9,0,0,0,0,0
361095,2,1,2000,0,0,0,0,0,0,0,0,0,0
361096,1,1,2000,0,0,0,0,8,13,0,0,0,0
361097,1,1,2000,0,0,0,0,0,0,0,0,0,0
361098,0,1,2000,14,0,0,0,0,0,0,0,0,0
361098,1,1,2000,0,0,0,0,0,0,0,0,27,9
361099,1,1,2000,0,0,0,0,0,0,0,0,0,0
361099,2,1,2000,0,0,0,0,0,0,0,0,0,0
361100,0,1,2000,0,16,0,0,18,0,0,0,0,0
361100,1,1,2000,0,0,0,0,0,0,0,0,0,0
361101,1,1,2000,0,0,0,0,0,6,15,0,0,0
361102,0,1,2000,17,17,17,17,17,17,17,17,17,17
361102,1,1,2000,0,0,0,0,0,0,0,0,0,0
361103,1,1,2000,6,0,0,0,0,0,0,0,0,0
361103,2,1,2000,0,0,0,0,0,0,0,0,0,0
361104,0,1,2000,0,0,0,0,0,0,0,0,0,0
361104,1,1,2000,0,0,0,0,0,0,0,0,0,0
361105,1,1,2000,0,15,38,9,19,17,16,13,16,4
361106,0,1,2000,27,27,27,27,27,27,27,27,27,27
361106,1,1,2000,0,0,0,0,0,0,0,0,0,0
361107,1,1,2000,1,1,1,1,1,1,1,1,1,1
361107,2,1,2000,0,0,0,0,6,0,0,12,29,0
361108,1,1,2000,0,0,0,0,0,0,0,0,0,0
361108,2,1,2000,0,0,0,0,0,0,0,0,0,0
361109,1,1,2000,0,0,0,0,0,0,0,0,0,0
361110,1,1,2000,12,12,12,12,12,12,12,12,12,12
361111,1,1,2000,8,8,8,8,8,8,8,8,8,8
361112,1,1,2000,0,0,0,0,0,0,0,0,0,0
361113,1,1,2000,0,0,23,0,0,11,0,0,0,0
361114,1,1,2000,0,0,12,9,0,19,0,16,0,17
361115,0,1,2000,3,3,3,3,3,3,3,3,3,3
361115,1,1,2000,0,0,0,0,0,0,0,0,0,0
361116,0,1,2000,10,0,0,0,0,24,0,24,28,0
361116,1,1,2000,0,0,0,0,0,0,0,0,0,0
361117,1,1,2000,0,0,0,0,0,0,0,0,0,0
361117,2,1,2000,0,17,0,0,0,29,0,0,0,0
361118,1,1,2000,0,0,0,0,0,0,0,0,0,0
361118,2,1,2000,0,0,0,12,0,10,0,0,0,0
361119,1,1,2000,0,0,0,0,0,0,0,0,0,0
361119,2,1,2000,0,0,0,0,0,0,0,0,0,0
361120,0,1,2000,25,25,25,25,25,25,25,25,25,25
361120,1,1,2000,0,0,0,0,0,0,0,0,0,0
361121,1,1,2000,0,0,0,0,0,0,0,0,0,0
361121,2,1,2000,0,0,0,0,0,0,0,0,0,0
361122,1,1,2000,21,36,11,15,10,24,15,0,23,18
361123,1,1,2000,0,0,0,16,0,0,0,0,0,0
361124,1,1,2000,0,0,0,0,0,0,0,0,0,0
361125,1,1,2000,0,0,0,0,0,0,0,0,0,0
361125,2,1,2000,0,0,0,0,0,0,0,0,0,0
361126,0,1,2000,27,27,27,27,27,27,27,27,27,27
361126,1,1,2000,0,0,0,0,0,0,0,0,0,0
361127,1,1,2000,0,12,0,0,0,0,0,0,0,0
361127,2,1,2000,17,19,20,10,27,11,29,8,6,21
361128,1,1,2000,0,0,0,0,0,4,0,0,0,0
361128,2,1,2000,0,0,0,0,0,0,0,0,0,0
361129,0,1,2000,0,28,0,0,0,0,18,28,0,39
361129,1,1,2000,0,0,0,0,0,0,0,0,0,0
361129,2,1,2000,0,0,0,0,0,0,0,0,0,0
361130,0,1,2000,0,0,0,0,0,0,0,0,0,0
361130,1,1,2000,0,0,0,0,0,0,0,0,0,0
361131,1,1,2000,0,0,0,0,0,0,0,0,6,0
361131,2,1,2000,0,0,0,0,0,4,0,0,0,0
361132,0,1,2000,0,0,0,0,0,0,0,0,0,0
361132,1,1,2000,0,0,0,9,0,0,0,0,0,0
361133,1,1,2000,0,0,0,0,0,0,0,0,0,0
361133,2,1,2000,2,0,0,0,0,0,0,0,0,0
361134,1,1,2000,0,0,0,0,0,0,0,0,0,0
361134,2,1,2000,0,0,0,0,0,0,0,0,0,0
361135,0,1,2000,0,0,0,0,0,0,0,0,0,0
361135,1,1,2000,9,0,9,0,0,0,0,0,0,0
361136,1,1,2000,0,16,0,0,0,0,0,0,0,0
361136,2,1,2000,0,0,0,0,0,0,0,0,0,0
361136,3,1,2000,0,0,0,0,0,0,0,0,0,0
361137,1,1,2000,0,0,0,0,0,0,0,0,0,0
361137,2,1,2000,0,0,0,0,0,0,10,0,0,0
361138,1,1,2000,0,0,0,0,0,0,0,0,0,0
361139,0,1,2000,0,0,0,0,0,0,0,0,0,5
361139,1,1,2000,0,0,0,0,0,0,0,0,0,0
361140,1,1,2000,0,0,0,0,0,0,0,0,0,0
361140,2,1,2000,0,0,0,0,0,0,0,0,0,0
361141,1,1,2000,23,23,23,23,23,23,23,23,23,23
361142,1,1,2000,3,3,3,3,3,3,3,3,3,3
361143,1,1,2000,15,15,15,15,15,15,15,15,15,15
361144,1,1,2000,0,0,0,0,0,0,0,0,0,0
361145,1,1,2000,0,0,0,0,0,0,0,0,0,0
361146,0,1,2000,2,2,2,2,2,2,2,2,2,2
361146,1,1,2000,11,0,24,0,0,0,0,0,0,0
361147,0,1,2000,0,0,0,0,0,0,0,0,0,0
361147,1,1,2000,0,0,0,0,0,0,0,0,0,0
361148,0,1,2000,1,1,1,1,1,1,1,1,1,1
361148,1,1,2000,0,0,0,15,17,0,0,0,0,0
361149,1,1,2000,12,12,12,12,12,12,12,12,12,12
361150,0,1,2000,9,0,0,0,0,0,0,0,49,6
361150,1,1,2000,0,0,10,0,12,19,0,21,0,0
361151,1,1,2000,0,0,0,0,0,0,0,0,0,0
361151,2,1,2000,0,0,0,0,0,14,0,0,0,0
361151,3,1,2000,0,0,0,0,0,0,0,0,0,0
361152,0,1,2000,0,0,0,0,0,0,0,0,0,0
361152,1,1,2000,0,0,0,0,0,0,0,0,0,0
361153,1,1,2000,0,0,0,0,0,0,0,0,0,0
361153,2,1,2000,0,0,0,0,0,0,0,0,0,0
361154,1,1,2000,20,20,20,20,20,20,20,20,20,20
361155,1,1,2000,0,0,0,0,0,0,0,0,0,0
361155,2,1,2000,0,0,0,0,0,0,0,0,0,0
361155,3,1,2000,0,0,0,0,0,0,0,0,0,0
361156,0,1,2000,0,14,0,23,0,0,0,0,0,0
361156,1,1,2000,0,0,0,0,0,0,0,0,0,0
361156,2,1,2000,0,0,0,0,0,0,0,13,0,0
361157,0,1,2000,0,37,15,0,0,0,16,16,15,0
361157,1,1,2000,19,19,7,30,14,17,11,0,9,3
361158,1,1,2000,3,0,0,0,0,15,0,0,0,0
361159,0,1,2000,0,0,0,0,0,0,0,0,0,0
361159,1,1,2000,0,5,0,0,0,0,0,4,0,0
361160,0,1,2000,28,28,28,28,28,28,28,28,28,28
361160,1,1,2000,0,0,0,0,0,0,0,0,0,0
361161,0,1,2000,0,29,0,0,0,0,0,0,0,0
361161,1,1,2000,0,0,0,0,0,0,0,0,0,0
361162,1,1,2000,0,0,0,0,0,0,0,0,0,0
361163,1,1,2000,0,0,0,0,22,0,0,5,0,0
361164,1,1,2000,4,4,4,4,4,4,4,4,4,4
361164,2,1,2000,0,0,0,0,0,0,0,0,0,0
361165,1,1,2000,0,0,0,0,0,20,0,0,0,0
361166,0,1,2000,0,0,0,0,0,0,0,0,0,0
361166,1,1,2000,18,18,18,18,18,18,18,18,18,18
361167,0,1,2000,0,0,0,0,0,0,0,0,0,0
361167,1,1,2000,0,0,0,0,0,0,0,0,0,0
361168,1,1,2000,0,0,0,13,14,0,25,0,0,0
361169,1,1,2000,0,0,0,0,9,0,0,0,0,0
361170,1,1,2000,0,0,0,0,0,0,0,0,0,0
361171,1,1,2000,0,0,0,0,0,0,0,0,0,13
361171,2,1,2000,0,0,0,0,0,0,0,0,0,0
361172,1,1,2000,0,31,0,13,0,0,0,0,0,0
361173,1,1,2000,0,0,0,0,0,0,0,13,0,0
361174,1,1,2000,0,0,0,0,0,0,0,0,0,0
361175,1,1,2000,0,0,0,0,0,0,0,0,0,0
361176,1,1,2000,0,0,0,0,0,0,0,0,0,0
361177,1,1,2000,0,0,0,0,0,0,0,0,0,0
361177,2,1,2000,0,0,0,0,0,0,0,0,0,0
361178,1,1,2000,0,0,0,0,0,0,0,0,0,0
361178,2,1,2000,0,0,0,0,0,0,0,0,0,0
361179,1,1,2000,0,0,0,0,0,0,0,0,0,0
361179,2,1,2000,0,0,0,0,0,0,0,0,0,0
361180,1,1,2000,1,1,1,1,1,1,1,1,1,1
361180,2,1,2000,4,4,4,4,4,4,4,4,4,4
361181,0,1,2000,0,0,0,0,0,0,0,0,0,0
361181,1,1,2000,0,0,0,0,0,0,0,0,0,0
361182,0,1,2000,0,0,0,0,0,0,0,0,0,0
361182,1,1,2000,0,0,0,0,0,0,0,0,0,0
361183,0,1,2000,0,0,0,0,0,0,0,0,0,0
361183,1,1,2000,0,0,0,0,0,0,0,0,0,0
361183,2,1,2000,28,0,0,0,0,0,0,36,21,0
361184,0,1,2000,23,23,23,23,23,23,23,23,23,23
361184,1,1,2000,0,0,0,0,0,0,0,0,0,0
361185,0,1,2000,17,17,17,17,17,17,17,17,17,17
361185,1,1,2000,0,0,0,0,15,0,0,0,0,0
361185,2,1,2000,0,0,0,23,0,0,0,0,0,0
361186,1,1,2000,0,0,0,0,0,0,0,6,0,0
361187,1,1,2000,0,0,0,0,0,0,0,0,0,0
361188,1,1,2000,29,29,29,29,29,29,29,29,29,29
361189,1,1,2000,0,0,0,0,0,0,0,0,0,0
361190,1,1,2000,0,0,0,0,0,0,0,0,0,0
361191,1,1,2000,0,0,0,0,0,0,0,0,0,0