ST_CASE,VEH_NO,PER_NO,YEAR,P1,P2,P3,P4,P5,P6,P7,P8,P9,P10
361192,1,1,2000,0,0,0,0,0,0,0,0,0,0
361192,2,1,2000,0,0,0,0,0,0,0,0,0,0
361193,1,1,2000,0,0,16,0,0,0,0,0,26,0
361194,0,1,2000,0,0,0,0,0,0,0,0,0,0
361194,1,1,2000,0,0,0,0,0,0,0,0,0,0
361195,0,1,2000,21,21,21,21,21,21,21,21,21,21
361195,1,1,2000,0,0,0,0,0,0,0,0,0,0
361196,1,1,2000,0,0,0,0,0,0,0,0,0,0
361196,2,1,2000,0,0,0,0,0,0,0,0,0,0
361197,0,1,2000,0,0,0,0,0,0,0,0,0,0
361197,1,1,2000,0,0,0,0,0,12,0,0,0,0
361198,1,1,2000,0,0,0,0,0,0,0,0,0,0
361198,2,1,2000,0,0,0,0,0,0,0,0,0,0
361199,1,1,2000,0,0,0,0,0,0,0,0,0,0
361199,2,1,2000,0,0,0,0,0,0,0,0,0,0
361200,0,1,2000,0,0,0,0,0,0,0,0,0,0
361200,1,1,2000,0,0,0,0,0,0,0,0,0,0
361200,2,1,2000,0,0,0,0,0,0,0,0,0,0
361201,1,1,2000,0,0,0,0,0,0,0,0,0,0
361201,2,1,2000,0,0,0,0,0,0,0,0,0,0
361202,1,1,2000,14,8,3,18,10,26,8,0,8,5
361203,1,1,2000,0,0,0,0,0,0,0,0,0,0
361203,2,1,2000,0,0,0,0,0,0,0,0,0,0
361204,0,1,2000,19,19,19,19,19,19,19,19,19,19
361204,1,1,2000,0,0,0,16,11,0,0,0,0,0
361205,1,1,2000,0,0,0,0,0,0,0,0,0,0
361205,2,1,2000,2,2,2,2,2,2,2,2,2,2
361206,1,1,2000,0,0,10,0,19,0,13,0,0,0
361206,2,1,2000,0,0,0,0,0,0,0,0,0,0
361207,1,1,2000,0,0,0,0,0,0,0,0,0,0
361207,2,1,2000,0,0,0,0,0,0,0,0,0,0
361208,0,1,2000,0,0,0,0,0,21,0,0,0,0
361208,1,1,2000,0,0,0,0,0,0,0,0,0,0
361209,0,1,2000,0,0,0,0,0,0,0,0,0,0
361209,1,1,2000,0,0,0,0,0,0,0,0,0,0
361210,1,1,2000,0,0,0,0,0,0,0,0,0,0
361211,1,1,2000,0,0,0,0,0,0,0,0,0,0
361212,1,1,2000,9,9,9,9,9,9,9,9,9,9
361213,1,1,2000,0,0,0,0,0,0,0,0,0,0
361213,2,1,2000,0,0,0,0,0,0,0,0,0,0
361214,0,1,2000,2,2,2,2,2,2,2,2,2,2
361214,1,1,2000,0,0,0,0,0,0,0,0,0,0
361215,1,1,2000,24,24,24,24,24,24,24,24,24,24
361216,1,1,2000,14,17,19,5,6,20,25,16,8,24
361217,0,1,2000,0,0,0,0,0,0,0,0,0,0
361217,1,1,2000,0,0,0,0,0,0,0,0,0,0
361218,0,1,2000,0,0,0,0,0,0,0,0,0,0
361218,1,1,2000,0,0,0,0,0,0,0,0,0,0
361219,0,1,2000,11,11,11,11,11,11,11,11,11,11
361219,1,1,2000,0,0,0,0,0,0,0,0,0,0
361220,1,1,2000,6,0,0,0,0,0,12,0,0,0
361220,2,1,2000,0,0,0,0,0,0,0,0,0,0
361221,0,1,2000,0,0,0,0,0,0,0,0,0,0
361221,1,1,2000,0,0,0,0,0,0,0,0,0,0
361222,0,1,2000,0,0,0,0,0,0,0,0,0,0
361222,1,1,2000,0,0,0,0,0,0,0,0,0,0
361223,1,1,2000,9,9,9,9,9,9,9,9,9,9
361224,0,1,2000,0,0,0,0,0,0,0,4,0,0
361224,1,1,2000,0,0,0,0,0,0,0,0,0,0
361225,1,1,2000,0,0,0,0,0,0,0,0,0,0
361225,2,1,2000,0,0,0,0,0,0,0,0,0,0
361226,2,1,2000,0,0,0,0,0,0,0,0,25,0
361227,0,1,2000,0,0,0,0,0,0,0,0,0,0
361227,1,1,2000,0,0,0,13,0,0,0,18,0,0
361228,1,1,2000,0,0,0,0,0,0,0,0,0,0
361229,1,1,2000,0,0,0,0,0,0,0,0,0,0
361230,1,1,2000,0,0,0,0,0,0,0,0,0,0
361231,1,1,2000,0,0,0,0,0,0,0,0,0,0
361231,2,1,2000,8,0,6,0,0,22,0,0,0,0
361232,0,1,2000,0,29,0,10,0,0,0,24,11,0
361232,1,1,2000,0,0,0,0,0,0,0,0,0,0
361233,0,1,2000,0,0,0,0,0,0,0,0,0,0
361233,1,1,2000,0,0,0,0,0,0,0,0,0,0
361234,1,1,2000,0,0,0,0,0,0,0,0,0,0
361234,2,1,2000,0,0,0,0,0,0,0,0,0,0
361235,1,1,2000,0,0,0,0,0,0,0,0,0,0
361236,1,1,2000,17,23,5,13,25,17,25,0,13,19
361237,0,1,2000,0,0,0,0,0,0,0,0,0,0
361237,1,1,2000,0,0,0,0,0,0,0,0,0,0
361238,1,1,2000,0,0,0,0,0,0,0,0,0,0
361239,1,1,2000,0,0,0,0,0,0,0,0,0,0
361240,0,1,2000,0,0,0,0,0,0,0,0,0,0
361240,1,1,2000,0,0,0,0,0,0,0,0,0,0
361241,1,1,2000,22,22,22,22,22,22,22,22,22,22
361242,1,1,2000,0,0,0,0,0,0,0,0,0,0
361243,1,1,2000,0,0,0,0,0,0,8,0,0,0
361244,1,1,2000,9,18,26,14,28,22,30,0,14,20
361245,1,1,2000,0,0,0,0,0,0,0,0,0,0
361245,2,1,2000,0,0,0,0,0,0,0,0,0,0
361246,1,1,2000,0,12,20,25,19,10,13,25,0,25
361246,2,1,2000,0,0,0,0,0,13,0,0,0,0
361247,1,1,2000,0,0,0,0,0,0,0,0,0,0
361248,1,1,2000,19,19,19,19,19,19,19,19,19,19
361249,0,1,2000,1,1,1,1,1,1,1,1,1,1
361249,0,2,2000,14,29,10,8,0,6,17,0,32,19
361249,0,3,2000,13,0,34,0,31,9,34,0,11,8
361249,1,1,2000,7,4,17,3,9,14,17,13,27,5
361250,1,1,2000,0,0,0,0,0,0,0,0,0,0
361250,2,1,2000,0,0,0,0,0,0,0,0,0,0
361251,0,1,2000,0,0,0,0,0,0,0,0,0,0
361251,1,1,2000,0,0,0,0,0,0,0,0,0,9
361252,0,1,2000,0,0,0,0,0,0,0,0,0,0
361252,1,1,2000,0,0,0,0,0,0,0,0,0,0
361253,0,1,2000,0,0,0,0,0,0,0,0,0,0
361253,1,1,2000,0,0,0,0,0,0,0,0,0,0
361254,0,1,2000,0,0,0,0,0,0,0,0,0,0
361254,1,1,2000,0,0,0,0,0,0,0,0,0,0
361255,0,1,2000,0,0,0,0,0,0,0,0,0,0
361255,1,1,2000,0,0,0,0,0,0,0,0,0,0
361256,0,1,2000,27,27,27,27,27,27,27,27,27,27
361256,1,1,2000,0,0,0,0,0,0,0,0,0,0
361257,1,1,2000,0,0,0,11,0,0,0,0,0,0
361257,2,1,2000,0,0,0,0,0,0,0,0,0,0
361258,0,1,2000,0,0,0,0,0,0,0,0,0,0
361258,1,1,2000,0,0,0,0,0,0,0,0,0,0
361259,0,1,2000,0,7,0,0,0,0,9,0,41,8
361259,1,1,2000,0,0,0,0,0,0,0,0,0,0
361260,0,1,2000,0,0,0,0,0,0,0,0,0,0
361260,1,1,2000,0,0,0,0,0,0,0,0,0,0
361261,0,1,2000,0,0,0,0,0,0,0,0,0,0
361261,1,1,2000,0,0,0,0,0,0,0,0,0,0
361262,0,1,2000,0,0,0,0,0,0,0,9,0,33
361262,1,1,2000,0,0,0,0,0,0,0,0,0,0
361263,0,1,2000,22,0,38,6,25,0,0,0,43,8
361263,0,2,2000,0,0,0,0,0,0,0,0,0,0
361263,1,1,2000,0,0,0,0,0,0,0,0,0,0
361264,0,1,2000,4,4,4,4,4,4,4,4,4,4
361264,1,1,2000,0,0,0,13,11,0,0,0,25,20
361265,0,1,2000,0,0,0,0,0,0,0,0,0,0
361265,1,1,2000,0,0,0,0,0,0,0,0,0,0
361266,0,1,2000,0,0,0,0,0,0,0,0,0,0
361266,1,1,2000,0,0,0,0,0,0,0,0,0,0
361267,0,1,2000,0,0,0,0,0,0,0,0,0,0
361267,1,1,2000,15,22,25,2,14,12,15,11,16,22
361268,1,1,2000,0,0,0,0,0,19,16,0,0,0
361269,0,1,2000,0,0,0,0,0,0,0,0,0,0
361269,1,1,2000,0,0,0,0,0,0,0,0,0,0
361269,2,1,2000,0,0,0,0,0,0,0,0,0,0
361270,0,1,2000,0,0,0,0,0,0,0,17,0,0
361270,1,1,2000,0,0,0,0,0,0,0,0,0,0
361271,1,1,2000,8,8,8,8,8,8,8,8,8,8
361272,1,1,2000,21,0,18,8,18,9,23,10,0,12
361272,2,1,2000,0,0,0,0,0,0,0,0,0,0
361273,1,1,2000,0,0,0,0,0,0,0,0,24,0
361273,2,1,2000,25,25,25,25,25,25,25,25,25,25
361274,1,1,2000,12,9,7,0,9,6,42,0,0,9
361275,0,1,2000,3,3,3,3,3,3,3,3,3,3
361275,1,1,2000,0,0,0,0,0,0,0,0,0,0
361276,0,1,2000,0,21,0,2,0,27,29,21,0,21
361276,1,1,2000,0,0,0,0,0,0,0,0,0,17
361277,0,1,2000,0,0,0,0,0,0,0,0,9,0
361277,1,1,2000,0,0,19,0,0,0,0,0,0,0
361278,1,1,2000,0,0,0,0,0,0,0,0,0,0
361279,1,1,2000,0,0,4,5,8,0,0,0,0,0
361280,0,1,2000,0,0,0,0,0,0,0,0,0,0
361280,1,1,2000,0,0,0,0,0,0,0,0,0,0
361281,1,1,2000,0,0,0,0,0,0,0,0,0,0
361281,2,1,2000,0,0,0,0,0,0,0,0,0,0
361281,3,1,2000,0,0,0,0,0,0,0,0,0,0
361282,1,1,2000,0,18,0,0,0,0,0,0,0,14
361283,1,1,2000,0,17,27,0,0,18,0,0,0,0
361284,1,1,2000,0,0,0,0,0,0,0,0,0,0
361285,0,1,2000,0,0,0,0,0,0,0,0,9,0
361286,1,1,2000,1,1,1,1,1,1,1,1,1,1
361287,1,1,2000,0,0,0,0,0,0,0,0,0,0
361287,2,1,2000,0,0,0,0,0,0,0,0,0,0
361288,1,1,2000,0,0,0,0,0,0,0,0,0,0
361288,2,1,2000,0,0,0,0,0,0,0,0,0,0
361289,0,1,2000,0,0,0,0,0,0,0,0,0,0
361289,1,1,2000,0,0,0,0,0,0,0,0,0,0
361290,1,1,2000,0,0,0,0,0,0,0,0,0,0
361290,2,1,2000,0,0,0,0,0,0,0,0,0,0
361291,1,1,2000,0,0,0,0,0,0,0,0,0,0
361292,1,1,2000,17,17,17,17,17,17,17,17,17,17
361293,1,1,2000,12,18,30,12,42,23,20,10,14,10
361294,1,1,2000,0,0,0,0,0,0,0,0,0,0
361295,0,1,2000,0,0,0,0,0,0,0,15,0,0
361295,1,1,2000,0,0,0,16,0,7,0,0,14,0
361296,0,1,2000,0,0,0,0,0,0,0,0,0,0
361296,1,1,2000,0,0,0,0,0,0,0,0,0,0
361297,1,1,2000,0,0,0,0,0,0,0,0,0,0
361297,2,1,2000,0,15,0,0,0,0,0,0,0,0
361298,0,1,2000,38,0,0,21,0,2,0,0,0,30
361298,1,1,2000,0,0,0,0,0,0,0,0,0,0
361299,1,1,2000,0,0,0,0,0,0,0,0,0,0
361300,1,1,2000,0,0,0,0,0,0,0,0,0,0
361301,0,1,2000,0,0,0,0,0,0,25,0,0,0
361301,1,1,2000,0,0,0,0,0,23,0,0,0,0
361302,0,1,2000,0,0,0,0,0,0,0,0,0,0
361302,1,1,2000,0,0,0,0,0,0,22,17,0,0
361303,1,1,2000,0,14,0,0,0,0,0,0,0,0
361303,2,1,2000,0,0,0,0,0,0,0,0,0,0
361303,3,1,2000,0,0,0,0,0,0,0,0,0,0
361304,0,1,2000,0,0,0,0,0,0,0,0,0,0
361304,1,1,2000,0,0,0,0,0,0,0,0,0,0
361305,1,1,2000,0,0,0,0,0,0,0,0,0,0
361305,2,1,2000,0,7,0,0,0,0,0,0,0,0
361305,3,1,2000,0,7,0,0,14,10,10,0,14,0
361306,1,1,2000,0,0,0,0,0,0,0,0,0,0
361306,2,1,2000,0,0,0,0,0,0,0,0,0,0
361307,1,1,2000,0,0,0,0,0,0,0,0,0,0
361307,2,1,2000,0,0,0,0,0,0,0,0,0,0
361308,0,1,2000,10,26,0,0,15,14,0,0,26,0
361308,1,1,2000,0,0,0,0,0,9,0,0,0,0
361309,1,1,2000,0,0,0,0,0,0,0,0,0,0
361309,2,1,2000,0,0,0,0,0,0,0,0,0,0
361310,1,1,2000,0,0,0,0,0,0,0,0,0,0
361311,0,1,2000,0,0,0,0,0,0,0,0,0,0
361311,1,1,2000,0,0,0,0,0,0,0,0,0,0
361311,2,1,2000,0,0,0,0,0,0,0,0,0,0
361312,1,1,2000,5,5,5,5,5,5,5,5,5,5
361313,0,1,2000,0,0,0,0,0,0,0,0,0,0
361313,1,1,2000,0,0,0,0,0,0,0,0,0,0
361314,1,1,2000,0,0,0,0,0,0,0,0,0,0
361314,2,1,2000,0,0,0,0,0,0,0,0,0,0
361314,3,1,2000,0,0,0,0,0,0,0,0,0,0
361315,1,1,2000,0,0,0,0,0,0,0,0,0,0
361316,0,1,2000,0,0,0,0,0,0,0,0,0,0
361316,0,2,2000,0,0,0,0,0,0,0,0,4,0
361316,1,1,2000,0,0,0,0,0,0,0,0,0,0
361317,1,1,2000,0,0,0,0,0,0,0,0,0,10
361317,2,1,2000,0,0,0,0,0,0,0,0,0,0
361317,3,1,2000,0,0,0,0,0,0,0,0,0,0
361318,1,1,2000,8,8,8,8,8,8,8,8,8,8
361319,1,1,2000,0,0,0,0,8,0,0,0,0,0
361320,1,1,2000,0,0,18,0,0,12,0,0,0,0
361320,2,1,2000,8,19,16,13,11,9,9,11,13,12
361321,1,1,2000,0,0,0,0,0,0,0,0,0,0
361321,2,1,2000,0,0,0,0,0,0,0,0,0,0
361322,1,1,2000,0,0,0,0,0,0,15,0,0,0
361323,0,1,2000,0,0,0,0,0,0,0,0,0,0
361323,1,1,2000,0,0,0,0,0,0,0,0,0,0
361324,1,1,2000,6,23,17,14,20,0,7,17,11,23
361325,1,1,2000,9,9,9,9,9,9,9,9,9,9
361326,0,1,2000,0,0,0,0,0,0,0,0,0,0
361326,1,1,2000,0,0,0,0,0,0,0,0,0,0
361327,0,1,2000,0,0,0,0,0,0,14,0,0,0
361327,1,1,2000,0,0,0,0,0,0,0,0,0,0
361328,0,1,2000,0,0,0,0,0,0,0,0,0,0
361328,1,1,2000,0,7,0,0,0,0,0,0,0,0
361329,1,1,2000,0,0,0,0,0,0,0,0,0,0
361330,1,1,2000,0,37,0,0,0,21,15,0,0,10
361331,0,1,2000,0,0,0,0,0,0,0,0,0,0
361331,1,1,2000,0,0,0,0,0,0,0,14,0,0
361332,1,1,2000,0,0,0,0,0,0,0,0,0,0
361332,2,1,2000,0,0,0,0,0,0,0,0,0,0
361333,0,1,2000,7,7,7,7,7,7,7,7,7,7
361333,1,1,2000,0,3,5,0,0,21,0,0,0,0
361334,0,1,2000,0,32,27,0,13,0,0,4,0,0
361334,1,1,2000,0,0,19,0,0,0,0,11,0,0
361335,1,1,2000,0,0,0,0,0,0,0,0,0,0
361335,2,1,2000,0,0,0,0,0,0,0,0,0,0
361336,0,1,2000,0,0,0,0,0,0,0,17,0,0
361336,1,1,2000,0,0,0,0,0,0,0,0,0,0
361337,0,1,2000,0,0,0,0,0,0,0,0,0,0
361337,1,1,2000,0,0,0,0,0,0,0,0,0,0
361338,0,1,2000,0,0,0,0,0,0,0,0,0,0
361338,1,1,2000,0,0,0,0,0,0,0,0,0,0
361339,0,1,2000,0,0,0,0,24,0,0,0,0,0
361339,1,1,2000,0,0,0,0,0,0,0,0,0,0
361340,1,1,2000,0,0,28,0,0,0,0,0,26,40
361341,0,1,2000,21,21,21,21,21,21,21,21,21,21
361341,1,1,2000,0,0,0,0,0,0,0,0,0,0
361342,0,1,2000,0,0,0,0,0,0,0,0,0,0
361342,1,1,2000,2,17,11,16,3,11,5,10,9,14
361343,0,1,2000,0,0,0,0,14,0,0,9,0,0
361343,0,2,2000,21,17,13,18,0,0,21,0,18,5
361343,0,3,2000,18,11,0,28,19,15,13,29,0,27
361343,1,1,2000,0,0,19,0,0,0,0,0,0,0
361344,0,1,2000,0,0,0,0,0,0,0,0,0,0
361344,1,1,2000,0,0,0,0,0,0,0,0,0,0
361345,1,1,2000,0,2,0,0,0,0,0,0,0,0
361345,2,1,2000,0,0,0,0,0,0,0,0,0,0
361346,0,1,2000,0,0,0,0,0,0,0,0,0,0
361346,1,1,2000,0,0,0,0,0,0,0,0,0,0
361347,1,1,2000,0,0,0,0,0,0,0,0,0,0
361347,2,1,2000,0,0,0,0,0,0,0,0,0,0
361348,1,1,2000,0,0,0,0,0,0,0,0,0,0
361349,1,1,2000,0,0,0,0,0,0,0,11,0,0
361349,2,1,2000,0,0,0,0,0,0,0,0,0,17
361350,1,1,2000,18,18,18,18,18,18,18,18,18,18
361350,2,1,2000,0,0,7,0,23,0,12,0,9,0
361351,0,1,2000,0,0,0,0,0,0,0,0,0,0
361351,1,1,2000,0,0,0,0,0,0,0,0,0,0
361352,0,1,2000,0,0,0,0,0,0,0,0,0,0
361352,1,1,2000,0,0,0,0,0,0,0,0,14,0
361353,0,1,2000,0,0,0,21,0,0,0,20,0,0
361353,1,1,2000,0,0,0,0,0,0,0,0,0,0
361354,0,1,2000,0,0,0,0,0,0,0,0,0,0
361354,1,1,2000,0,0,0,0,0,0,0,0,0,0
361355,0,1,2000,0,0,0,0,0,0,0,0,0,0
361355,1,1,2000,0,0,0,0,0,0,0,0,0,0
361356,0,1,2000,0,0,0,0,0,0,0,0,0,15
361356,0,2,2000,0,0,18,0,0,0,0,0,0,0
361356,1,1,2000,0,0,0,0,0,0,0,0,0,9
361356,2,1,2000,0,0,0,0,0,0,0,0,0,0
361357,0,1,2000,0,17,0,0,0,0,37,0,17,0
361357,1,1,2000,0,0,0,0,0,0,0,0,0,0
361358,0,1,2000,31,0,0,0,0,0,0,0,0,0
361358,0,2,2000,0,0,0,0,0,0,0,0,0,0
361358,1,1,2000,0,0,0,6,0,0,0,0,0,0
361359,1,1,2000,0,0,0,0,0,0,0,0,0,0
361359,2,1,2000,0,0,0,0,0,0,0,0,0,0
361360,0,1,2000,0,0,0,0,0,0,0,0,0,0
361360,1,1,2000,0,0,0,0,0,0,0,0,0,0
361361,0,1,2000,0,0,0,0,0,0,0,0,0,0
361361,1,1,2000,0,0,0,0,0,0,0,0,0,0
361362,1,1,2000,0,0,0,0,0,2,0,0,0,0
361362,2,1,2000,0,0,0,0,0,0,0,0,0,0
361364,1,1,2000,0,5,0,0,0,0,0,0,0,0
361364,2,1,2000,0,0,0,0,0,0,0,2,0,0
361365,1,1,2000,5,0,0,0,0,0,0,0,0,0
361366,1,1,2000,0,0,0,0,0,0,0,0,0,0
361366,2,1,2000,0,0,0,0,0,0,0,0,0,0
361367,1,1,2000,22,0,0,0,0,0,20,0,0,0
361368,1,1,2000,12,10,23,21,3,16,14,19,21,10
361369,0,1,2000,0,0,0,0,0,0,0,0,0,0
361369,1,1,2000,0,0,0,0,0,0,0,0,0,0
361370,0,1,2000,0,0,0,0,0,0,0,0,0,0
361370,1,1,2000,0,0,0,0,0,0,0,0,0,0
361371,1,1,2000,0,0,7,0,0,0,0,0,0,0
361371,2,1,2000,0,0,0,0,0,0,0,0,0,0
361372,1,1,2000,0,0,0,0,0,0,0,0,0,0
361372,2,1,2000,0,0,0,0,0,7,0,2,8,0
361373,1,1,2000,0,0,0,0,0,0,0,0,0,0
361374,1,1,2000,0,0,0,0,0,0,0,0,0,0
361374,2,1,2000,0,0,0,0,0,0,0,0,0,0
361375,1,1,2000,0,0,0,0,0,0,0,0,0,0
361375,2,1,2000,0,0,0,0,0,0,0,0,0,0
361376,0,1,2000,0,0,0,31,0,26,0,0,0,0
361376,1,1,2000,0,0,0,0,0,0,0,0,0,0
370001,1,1,2000,0,0,0,0,0,0,0,0,0,0
370001,2,1,2000,0,0,0,0,0,0,0,0,0,0
370001,3,1,2000,19,0,0,0,0,12,0,0,0,0
370002,0,1,2000,31,0,0,0,0,27,0,0,0,0
370002,1,1,2000,27,16,20,18,29,27,23,24,15,22
370003,1,1,2000,32,18,0,32,12,32,16,27,27,6
370004,1,1,2000,0,0,28,0,0,13,0,0,0,0
370005,1,1,2000,0,0,0,0,0,0,0,0,0,0
370005,2,1,2000,25,13,29,0,15,14,13,20,6,11
370006,1,1,2000,7,14,20,9,15,9,14,7,18,12
370007,1,1,2000,0,0,0,0,0,0,0,0,0,0
370007,2,1,2000,0,0,31,0,0,0,0,0,0,0
370008,1,1,2000,28,21,15,27,2,18,13,16,21,20
370009,1,1,2000,0,0,0,0,0,0,0,0,0,0
370009,2,1,2000,0,16,0,0,0,0,0,0,0,0
370010,0,1,2000,0,0,0,0,0,0,0,0,6,0
370010,1,1,2000,24,0,0,0,6,0,0,0,0,0
370011,1,1,2000,0,0,0,0,0,0,0,0,0,0
370011,2,1,2000,0,0,0,0,0,0,0,0,0,0
370012,1,1,2000,0,0,0,0,0,0,0,0,0,0
370012,2,1,2000,24,31,24,27,31,24,19,27,23,28
370013,1,1,2000,0,0,0,0,0,0,0,0,0,0
370014,1,1,2000,21,21,11,14,10,22,20,16,15,36
370015,1,1,2000,0,0,0,0,0,0,0,0,0,0
370015,2,1,2000,0,0,0,0,0,0,0,0,0,0
370016,0,1,2000,0,19,0,0,0,0,0,0,0,0
370016,1,1,2000,0,0,0,0,0,0,0,14,0,0
370017,1,1,2000,0,0,0,0,0,0,0,0,0,0
370017,2,1,2000,0,0,0,0,0,0,0,0,0,0
370018,1,1,2000,0,0,0,0,0,0,0,0,0,0
370018,2,1,2000,0,0,0,0,0,0,0,0,0,0
370018,3,1,2000,0,0,0,0,0,0,0,0,0,0
370019,1,1,2000,0,0,0,0,0,0,0,0,0,0
370019,2,1,2000,0,0,0,0,0,0,0,0,0,0
370020,1,1,2000,34,42,18,17,44,22,9,17,17,31
370021,1,1,2000,20,11,10,8,22,17,16,15,7,13
370021,2,1,2000,0,0,0,0,0,0,0,0,0,0
370022,1,1,2000,0,0,11,20,10,15,13,0,0,5
370022,2,1,2000,0,11,0,0,0,14,0,12,0,3
370023,1,1,2000,0,0,0,0,0,0,9,0,0,0
370023,2,1,2000,0,0,0,0,0,0,0,0,0,0
370024,1,1,2000,0,0,0,0,0,0,0,0,0,0
370024,2,1,2000,0,0,0,0,0,0,0,0,0,0
370025,1,1,2000,0,13,0,0,0,11,0,0,0,0
370026,1,1,2000,0,0,0,0,0,0,0,0,0,0
370027,1,1,2000,19,0,0,0,0,0,0,0,0,0
370028,1,1,2000,4,0,0,5,0,0,15,11,0,20
370028,2,1,2000,21,5,11,15,19,0,17,10,12,14
370029,0,1,2000,0,0,0,48,0,8,41,16,20,4
370029,1,1,2000,0,0,0,0,0,0,12,0,0,0
370030,1,1,2000,22,26,21,18,0,7,16,20,11,7
370031,1,1,2000,0,0,0,0,0,0,0,0,0,0
370031,2,1,2000,0,0,0,0,0,0,0,0,0,0
370032,1,1,2000,0,0,0,0,0,0,0,0,0,0
370033,0,1,2000,0,0,32,0,0,22,17,0,0,43
370033,1,1,2000,0,0,0,0,0,0,0,0,0,0
370034,1,1,2000,0,0,0,0,9,0,0,0,0,0
370034,2,1,2000,0,0,0,0,0,0,0,0,0,0
370035,1,1,2000,0,0,0,0,0,0,0,0,0,0
370035,2,1,2000,0,0,0,0,0,0,0,0,0,0
370036,1,1,2000,0,0,0,0,0,0,0,0,0,0
370036,2,1,2000,0,0,0,0,0,27,0,0,0,0
370037,1,1,2000,0,0,0,0,0,0,0,0,0,0
370037,2,1,2000,0,0,0,0,27,0,0,0,0,36
370038,1,1,2000,0,0,0,0,0,0,0,0,0,0
370039,1,1,2000,0,0,0,0,0,0,0,0,0,8
370039,2,1,2000,0,0,0,0,12,0,0,0,0,0
370039,3,1,2000,0,0,0,0,0,0,0,0,0,0
370040,1,1,2000,4,37,9,25,30,22,16,15,3,10
370041,1,1,2000,0,0,0,0,0,0,0,0,0,0
370042,0,1,2000,14,10,39,20,0,11,13,5,13,19
370042,1,1,2000,0,0,0,0,0,0,0,2,0,8
370043,1,1,2000,0,0,0,24,0,0,0,0,0,0
370044,1,1,2000,4,12,16,25,20,23,18,10,36,59
370045,1,1,2000,0,0,0,0,0,0,0,0,0,0
370046,1,1,2000,0,0,0,0,0,0,2,0,0,0
370046,2,1,2000,0,0,0,0,0,0,0,0,0,0
370047,1,1,2000,15,24,0,0,0,6,10,7,15,0
370048,1,1,2000,18,0,0,0,0,0,0,0,0,0
370048,2,1,2000,0,0,0,0,0,0,0,0,0,0
370049,1,1,2000,20,18,0,13,18,0,17,13,26,22
370049,2,1,2000,0,0,0,0,0,0,0,0,0,0
370049,3,1,2000,0,0,0,0,0,0,0,0,0,0
370050,1,1,2000,0,17,0,0,0,0,0,0,0,0
370051,1,1,2000,0,0,0,0,0,0,0,0,0,0
370051,2,1,2000,0,0,0,0,0,0,0,0,0,0
370052,1,1,2000,0,0,0,0,0,0,0,0,0,0
370052,2,1,2000,0,0,0,0,0,0,0,0,0,0
370053,1,1,2000,15,11,10,7,0,13,0,10,0,0
370054,1,1,2000,4,29,13,23,21,10,14,17,19,11
370054,2,1,2000,0,0,0,0,0,5,0,11,0,0
370054,3,1,2000,0,0,0,0,0,0,0,0,0,0
370055,1,1,2000,13,0,0,20,0,0,0,0,0,0
370055,2,1,2000,0,0,0,0,0,0,0,0,0,0
370056,1,1,2000,0,0,0,0,0,0,0,0,0,0
370056,2,1,2000,0,0,0,0,0,0,0,0,0,0
370058,1,1,2000,0,0,0,0,15,0,0,0,0,0
370058,2,1,2000,0,0,0,0,0,0,0,0,0,0
370059,1,1,2000,0,0,0,18,0,0,0,0,0,0
370060,1,1,2000,0,0,0,0,0,0,0,0,0,0
370060,2,1,2000,0,0,0,0,0,0,0,0,0,0
370061,1,1,2000,14,24,0,17,34,14,14,6,0,0
370062,1,1,2000,0,0,0,0,0,0,0,0,0,0
370062,2,1,2000,0,0,0,0,0,0,0,0,0,0
370063,1,1,2000,0,0,0,0,0,0,0,0,0,0
370063,2,1,2000,0,0,0,0,0,0,0,0,0,0
370064,1,1,2000,0,0,0,0,0,0,0,0,0,0
370064,2,1,2000,0,0,0,0,0,0,0,0,0,0
370065,1,1,2000,0,14,15,17,28,17,8,0,0,15
370066,1,1,2000,0,0,0,0,0,15,0,0,15,0
370067,1,1,2000,22,0,6,20,0,11,0,18,14,14
370068,1,1,2000,0,0,0,0,0,0,0,0,0,0
370068,2,1,2000,0,0,0,0,0,0,0,0,0,0
370068,3,1,2000,0,0,0,0,0,0,0,0,0,0
370068,4,1,2000,0,0,0,0,0,0,0,5,0,0
370069,1,1,2000,0,13,0,10,24,7,0,15,36,3
370070,1,1,2000,0,0,0,0,0,0,0,0,0,0
370070,2,1,2000,0,0,0,0,0,14,0,0,0,0
370072,1,1,2000,16,7,14,21,11,25,11,11,12,21
370073,1,1,2000,0,0,0,0,0,0,0,0,0,0
370073,2,1,2000,0,0,0,0,0,0,9,0,19,0
370074,1,1,2000,0,0,0,0,0,0,0,0,0,0
370074,2,1,2000,0,0,0,0,0,0,0,0,0,0
370075,1,1,2000,14,29,13,14,18,19,13,25,0,8
370076,0,1,2000,28,28,17,30,5,0,11,18,17,22
370076,1,1,2000,14,0,0,0,0,0,0,19,0,0
370077,1,1,2000,7,10,16,34,8,31,19,19,7,20
370078,1,1,2000,0,0,0,0,0,0,0,0,0,0
370078,2,1,2000,0,0,0,0,0,0,0,0,0,0
370079,1,1,2000,0,0,0,0,0,0,0,0,0,0
370079,2,1,2000,0,20,15,0,12,15,5,12,23,12
370080,1,1,2000,0,0,0,0,0,0,0,0,17,0
370080,2,1,2000,0,0,0,0,0,0,0,0,0,0
370081,1,1,2000,0,16,0,0,0,0,10,20,19,0
370081,2,1,2000,0,0,0,0,0,0,2,0,3,0
370081,3,1,2000,0,0,0,0,0,0,0,0,0,0
370082,1,1,2000,0,0,0,0,0,0,0,0,0,0
370082,2,1,2000,28,0,0,0,0,0,0,0,0,0
370083,0,1,2000,0,23,0,0,32,33,0,24,0,0
370083,1,1,2000,0,0,0,0,0,3,0,0,0,0