ST_CASE,VEH_NO,PER_NO,YEAR,P1,P2,P3,P4,P5,P6,P7,P8,P9,P10
370084,1,1,2000,9,12,32,11,40,12,17,0,13,7
370085,1,1,2000,0,0,17,10,0,0,39,0,0,17
370085,2,1,2000,0,0,0,0,11,0,16,4,0,0
370086,1,1,2000,0,0,0,0,0,0,0,9,0,0
370086,2,1,2000,0,0,0,0,0,0,0,0,0,0
370087,1,1,2000,0,0,0,0,0,0,0,0,0,0
370087,2,1,2000,0,0,0,0,0,0,0,5,0,0
370088,1,1,2000,0,0,0,0,0,0,15,8,0,0
370089,1,1,2000,23,23,23,23,23,23,23,23,23,23
370090,1,1,2000,0,0,0,0,0,0,0,0,0,0
370090,2,1,2000,0,0,0,0,0,0,0,0,0,0
370091,1,1,2000,0,0,0,0,0,0,0,0,0,0
370091,2,1,2000,0,0,0,0,0,23,0,16,11,12
370092,1,1,2000,11,19,10,13,20,9,19,23,13,20
370093,1,1,2000,22,0,12,0,10,10,22,0,24,26
370093,2,1,2000,0,6,0,0,0,0,0,20,16,0
370094,1,1,2000,0,0,0,0,0,10,0,0,0,0
370094,2,1,2000,8,10,4,28,11,7,0,20,0,12
370094,3,1,2000,0,0,0,0,0,0,0,0,0,0
370095,0,1,2000,24,25,27,10,19,17,33,23,15,26
370095,1,1,2000,0,0,0,0,0,0,0,0,0,0
370096,1,1,2000,0,0,0,0,0,0,0,0,0,0
370096,2,1,2000,0,0,0,0,0,0,0,0,0,0
370097,1,1,2000,0,0,0,0,0,0,0,0,0,0
370097,2,1,2000,0,0,7,0,0,0,0,26,0,7
370098,1,1,2000,0,0,0,0,0,0,0,0,0,0
370098,2,1,2000,0,0,0,0,0,0,0,0,0,0
370099,1,1,2000,0,0,0,0,0,0,0,0,0,0
370100,1,1,2000,0,0,0,0,0,0,0,0,0,0
370100,2,1,2000,0,0,7,0,13,0,0,0,0,16
370101,1,1,2000,0,0,6,0,0,0,0,0,0,0
370101,2,1,2000,0,0,0,0,0,0,0,0,0,0
370102,1,1,2000,0,0,0,0,0,0,0,0,0,16
370102,2,1,2000,0,0,0,0,0,0,0,0,0,0
370103,1,1,2000,0,0,0,0,0,0,0,0,0,0
370103,2,1,2000,0,0,0,0,0,0,0,0,0,0
370103,3,1,2000,0,0,0,0,0,0,0,0,0,0
370104,1,1,2000,0,0,0,0,0,0,0,0,0,0
370104,2,1,2000,0,0,0,0,0,0,0,0,0,0
370105,1,1,2000,23,0,0,18,22,0,0,0,0,0
370106,1,1,2000,19,0,23,36,17,7,7,11,14,26
370107,1,1,2000,0,0,0,0,0,0,0,0,0,0
370107,2,1,2000,0,0,0,0,0,0,0,0,0,0
370108,1,1,2000,0,0,0,0,0,0,0,0,0,0
370109,1,1,2000,25,0,12,17,0,32,19,26,31,14
370110,1,1,2000,16,20,25,26,19,9,6,8,9,17
370110,2,1,2000,0,0,0,0,0,0,0,0,0,0
370111,1,1,2000,0,0,0,0,0,0,0,0,0,0
370111,2,1,2000,0,0,0,0,0,0,0,0,0,0
370112,1,1,2000,0,0,0,0,0,0,0,15,0,10
370113,1,1,2000,0,0,12,0,0,0,0,0,0,0
370113,2,1,2000,0,0,0,0,0,0,0,0,0,0
370113,3,1,2000,0,0,0,0,0,0,0,0,0,0
370114,1,1,2000,0,0,0,0,0,0,0,0,0,0
370114,2,1,2000,0,0,0,0,0,0,0,0,0,0
370115,1,1,2000,0,0,0,0,0,0,0,0,0,0
370116,0,1,2000,0,0,0,0,0,0,0,0,0,0
370116,1,1,2000,0,0,0,0,0,0,0,0,0,0
370117,1,1,2000,0,0,0,0,0,0,0,0,11,0
370118,0,1,2000,0,0,0,0,0,0,0,0,0,0
370118,1,1,2000,0,0,0,9,0,0,0,0,0,0
370119,1,1,2000,0,0,0,0,0,0,0,0,0,0
370119,2,1,2000,2,0,0,0,0,0,0,0,0,0
370119,3,1,2000,0,0,0,0,0,0,0,0,0,0
370120,1,1,2000,23,32,0,22,16,6,8,18,36,34
370121,1,1,2000,0,0,7,0,0,0,0,0,0,0
370121,2,1,2000,0,0,0,0,0,0,0,0,0,0
370122,1,1,2000,19,0,0,0,0,12,19,14,0,0
370123,1,1,2000,0,0,0,0,0,0,0,0,0,0
370123,2,1,2000,0,0,0,0,0,0,25,9,0,0
370124,0,1,2000,21,25,32,17,0,6,21,0,12,0
370124,1,1,2000,0,0,0,0,0,0,0,0,0,0
370125,1,1,2000,5,0,23,0,28,7,12,6,14,0
370125,2,1,2000,0,0,0,0,0,0,0,0,0,0
370126,0,1,2000,0,0,0,0,0,0,0,0,0,0
370126,1,1,2000,0,0,0,0,0,0,0,0,0,0
370127,1,1,2000,6,18,5,8,19,14,0,7,14,18
370128,1,1,2000,0,0,0,0,0,0,0,0,0,0
370128,2,1,2000,0,0,0,0,0,0,0,0,0,0
370129,1,1,2000,0,0,0,17,0,25,0,0,0,23
370129,2,1,2000,0,0,0,0,0,0,0,0,0,0
370130,1,1,2000,0,0,0,0,0,0,0,0,0,0
370130,2,1,2000,0,0,0,0,0,0,0,0,0,0
370131,1,1,2000,8,10,7,18,21,0,18,16,14,19
370132,1,1,2000,0,0,0,0,0,0,0,0,0,0
370132,2,1,2000,0,0,0,0,0,5,0,0,0,0
370133,1,1,2000,16,15,21,17,18,33,26,9,4,12
370134,1,1,2000,0,0,0,0,0,0,0,0,0,0
370134,2,1,2000,0,0,14,0,0,0,0,0,0,0
370135,1,1,2000,22,17,13,23,1,11,21,30,18,15
370136,0,1,2000,0,23,17,17,10,0,0,0,13,0
370136,1,1,2000,0,0,0,0,3,0,0,0,0,0
370137,1,1,2000,0,4,0,0,0,0,0,0,0,0
370137,2,1,2000,0,0,0,0,0,0,0,0,0,0
370138,1,1,2000,0,0,0,0,5,0,0,0,0,0
370138,2,1,2000,0,0,0,0,0,0,0,0,0,0
370139,1,1,2000,10,10,10,10,10,10,10,10,10,10
370140,1,1,2000,7,7,7,7,7,7,7,7,7,7
370141,1,1,2000,22,10,19,11,13,19,9,22,26,9
370141,2,1,2000,22,0,7,4,23,16,13,25,24,31
370142,1,1,2000,20,18,34,29,25,16,13,13,8,10
370143,1,1,2000,0,0,7,5,10,0,0,0,0,0
370144,1,1,2000,0,0,0,0,0,0,0,0,0,0
370144,2,1,2000,0,0,0,0,0,0,0,0,0,0
370144,3,1,2000,0,0,0,0,0,0,0,0,0,0
370145,1,1,2000,0,0,0,0,0,0,0,0,0,0
370145,2,1,2000,0,0,0,0,0,0,0,0,0,0
370146,1,1,2000,0,0,0,0,0,0,0,0,0,0
370146,2,1,2000,0,0,0,0,0,0,0,0,0,0
370147,0,1,2000,0,0,0,0,0,0,27,0,0,0
370147,1,1,2000,0,0,0,0,0,0,0,0,0,0
370148,1,1,2000,0,0,0,0,0,0,0,0,0,0
370148,2,1,2000,0,0,0,0,0,0,0,0,0,0
370149,1,1,2000,0,0,18,25,0,8,0,0,0,0
370150,1,1,2000,11,25,9,8,19,15,7,17,8,11
370151,1,1,2000,0,0,0,0,0,0,0,0,0,0
370152,1,1,2000,0,0,0,0,0,0,0,0,0,0
370152,2,1,2000,0,0,0,0,0,0,0,0,0,0
370153,1,1,2000,0,0,0,0,0,0,0,0,14,0
370153,2,1,2000,0,0,0,0,0,0,0,0,0,0
370153,3,1,2000,0,0,0,0,0,0,0,0,0,0
370154,1,1,2000,0,0,0,0,0,0,11,0,0,0
370154,2,1,2000,0,0,0,0,25,0,0,0,0,0
370155,1,1,2000,0,0,0,0,0,0,0,0,0,0
370155,2,1,2000,0,0,0,0,0,0,0,0,0,0
370156,1,1,2000,0,0,31,24,8,28,0,24,13,36
370157,0,1,2000,0,24,33,12,11,25,18,0,17,37
370157,1,1,2000,0,0,0,0,0,0,0,0,6,0
370158,1,1,2000,0,0,0,0,0,0,0,0,0,0
370158,2,1,2000,0,19,0,0,0,0,0,0,0,0
370159,0,1,2000,0,0,0,0,0,0,8,0,25,0
370159,1,1,2000,0,0,0,0,0,0,0,0,0,0
370159,2,1,2000,0,0,0,0,0,0,0,0,0,0
370160,1,1,2000,0,0,0,11,0,18,9,13,0,4
370161,1,1,2000,0,0,0,0,0,0,0,0,0,0
370162,1,1,2000,0,0,0,0,0,0,0,0,0,0
370162,2,1,2000,0,27,0,19,21,15,0,28,9,0
370163,1,1,2000,25,4,0,4,0,5,7,15,0,0
370164,1,1,2000,20,13,16,17,19,33,14,4,23,20
370165,1,1,2000,0,9,0,0,0,8,0,0,0,0
370165,2,1,2000,0,0,0,0,0,0,0,0,0,0
370166,1,1,2000,0,19,14,7,19,0,14,0,13,16
370167,1,1,2000,0,0,0,0,0,0,0,0,0,0
370167,2,1,2000,0,0,0,0,0,0,0,0,0,0
370169,1,1,2000,0,0,0,0,0,0,0,0,0,0
370169,2,1,2000,0,0,0,0,0,0,0,0,0,0
370170,1,1,2000,0,0,0,0,11,0,0,9,0,0
370171,1,1,2000,0,0,0,0,0,0,0,0,0,0
370171,2,1,2000,0,0,0,0,0,0,0,0,0,13
370172,1,1,2000,14,0,0,0,0,0,10,9,0,0
370173,1,1,2000,0,0,0,0,0,0,0,0,0,0
370173,2,1,2000,0,0,0,0,0,0,0,0,0,0
370174,1,1,2000,24,11,0,0,9,0,21,16,16,16
370175,0,1,2000,21,6,16,0,0,16,0,19,0,6
370175,1,1,2000,0,0,0,0,0,0,0,21,0,0
370176,1,1,2000,0,0,0,0,0,0,0,0,0,0
370176,2,1,2000,0,0,0,0,0,0,0,0,0,0
370177,1,1,2000,24,0,0,0,0,0,0,0,10,0
370178,1,1,2000,15,35,27,14,32,27,0,24,22,12
370179,0,1,2000,27,19,0,0,19,29,8,0,0,22
370179,1,1,2000,0,0,0,0,0,0,0,0,0,0
370180,1,1,2000,0,0,0,0,0,0,0,0,0,0
370180,2,1,2000,0,0,0,0,0,0,0,0,0,0
370181,1,1,2000,0,0,0,0,0,0,0,0,0,0
370181,2,1,2000,0,0,0,0,0,0,0,0,0,0
370182,1,1,2000,23,25,20,20,27,19,23,26,10,15
370183,1,1,2000,0,0,0,0,0,0,0,0,0,0
370183,2,1,2000,0,0,0,0,0,0,0,0,0,14
370184,1,1,2000,19,0,21,18,17,0,17,0,18,0
370185,1,1,2000,0,0,0,0,0,0,0,0,0,0
370185,2,1,2000,0,0,0,0,0,0,0,0,13,6
370186,1,1,2000,0,0,0,0,0,0,0,0,0,0
370186,2,1,2000,0,0,0,0,0,0,0,0,0,0
370187,1,1,2000,0,0,0,0,0,0,17,0,0,0
370187,2,1,2000,0,0,0,0,0,0,0,0,0,0
370188,0,1,2000,7,28,22,0,25,21,38,0,0,4
370188,1,1,2000,0,0,0,0,0,0,0,0,0,0
370189,1,1,2000,0,0,0,0,0,0,0,0,0,0
370189,2,1,2000,0,0,0,0,0,0,0,0,0,0
370190,0,1,2000,0,23,38,7,29,16,17,10,0,0
370190,1,1,2000,0,0,0,10,0,0,24,0,0,0
370192,1,1,2000,28,23,27,22,16,13,42,15,7,29
370192,2,1,2000,0,0,0,0,0,12,0,0,0,0
370192,3,1,2000,0,0,0,0,0,0,0,0,0,0
370193,1,1,2000,0,0,0,0,0,0,0,0,0,0
370193,2,1,2000,0,14,0,0,0,0,0,0,0,0
370194,1,1,2000,5,27,19,19,19,12,18,27,28,15
370195,1,1,2000,0,0,0,0,0,0,0,0,0,0
370195,2,1,2000,0,0,0,0,0,0,0,0,0,0
370196,1,1,2000,0,0,0,0,0,0,0,0,0,0
370196,2,1,2000,0,0,0,0,0,0,0,0,0,0
370197,1,1,2000,0,0,0,0,0,0,0,3,0,0
370197,2,1,2000,0,0,0,0,0,0,0,0,0,0
370198,1,1,2000,0,0,5,0,0,0,0,0,0,9
370198,2,1,2000,13,17,14,5,20,9,20,25,19,10
370199,0,1,2000,0,16,0,0,3,0,0,0,0,39
370199,1,1,2000,0,0,0,0,0,0,0,0,0,0
370200,1,1,2000,0,0,0,0,0,0,2,0,0,0
370202,1,1,2000,16,18,15,16,31,13,11,22,21,19
370203,1,1,2000,0,0,0,23,8,0,0,0,0,0
370204,1,1,2000,2,13,0,0,0,0,0,0,0,0
370205,1,1,2000,0,0,0,0,0,0,0,0,0,0
370205,2,1,2000,0,0,0,0,0,0,0,0,0,0
370206,1,1,2000,0,0,0,0,0,0,0,0,0,0
370206,2,1,2000,21,0,9,0,0,0,0,0,0,0
370206,3,1,2000,0,0,0,0,20,0,0,0,0,0
370207,1,1,2000,7,16,24,9,14,6,14,21,10,22
370208,1,1,2000,9,0,7,31,41,0,18,7,0,0
370209,1,1,2000,0,0,0,0,0,0,0,0,0,0
370209,2,1,2000,0,0,0,0,0,0,0,0,0,0
370210,1,1,2000,0,0,0,0,0,0,0,16,0,0
370210,2,1,2000,0,0,0,0,0,0,0,0,0,0
370210,3,1,2000,0,0,0,0,0,0,0,0,0,0
370211,1,1,2000,10,0,0,0,0,0,0,0,0,0
370212,1,1,2000,0,0,0,0,0,0,0,0,0,0
370213,1,1,2000,31,33,38,12,31,24,13,16,6,12
370214,1,1,2000,19,21,12,17,28,5,0,10,18,0
370215,1,1,2000,0,0,0,0,0,0,0,0,0,0
370216,1,1,2000,17,17,17,17,17,17,17,17,17,17
370217,1,1,2000,18,13,10,0,17,15,19,18,7,13
370218,1,1,2000,0,0,0,19,0,10,0,0,0,12
370218,2,1,2000,0,0,0,0,0,0,0,0,0,0
370219,1,1,2000,0,0,0,0,0,0,24,0,0,0
370219,2,1,2000,0,0,0,0,0,16,0,12,0,0
370220,1,1,2000,7,8,17,0,0,13,0,23,18,0
370221,1,1,2000,0,0,0,0,0,0,0,0,0,6
370221,2,1,2000,0,0,0,0,0,0,0,0,0,14
370222,1,1,2000,0,0,0,0,0,0,0,0,0,0
370223,1,1,2000,0,0,0,0,0,0,0,0,0,0
370223,2,1,2000,6,0,0,0,0,0,0,0,0,0
370224,1,1,2000,0,0,0,0,0,0,0,0,0,0
370224,2,1,2000,0,0,0,0,0,0,0,0,0,0
370224,3,1,2000,0,0,0,0,0,0,0,0,0,0
370225,0,1,2000,19,0,0,23,0,0,37,0,0,0
370225,1,1,2000,0,0,16,0,0,0,7,0,0,0
370226,0,1,2000,22,8,14,11,20,13,17,17,22,0
370226,1,1,2000,0,0,0,0,0,0,0,0,0,0
370227,1,1,2000,16,30,13,33,14,19,16,11,14,15
370228,0,1,2000,0,25,13,46,38,23,12,0,29,37
370228,1,1,2000,0,0,0,0,0,0,0,0,0,0
370229,1,1,2000,10,26,16,25,13,20,15,0,13,0
370230,1,1,2000,0,0,0,0,0,0,0,5,0,0
370231,1,1,2000,0,3,0,0,0,0,0,0,0,0
370231,2,1,2000,0,0,0,0,0,0,0,0,0,0
370232,1,1,2000,16,26,10,32,12,31,19,8,12,25
370233,1,1,2000,31,0,38,0,0,0,0,0,0,24
370234,1,1,2000,0,0,0,0,0,0,0,0,0,0
370234,2,1,2000,0,0,0,0,0,0,0,0,0,0
370235,1,1,2000,0,0,0,0,0,0,0,0,0,0
370235,2,1,2000,0,0,0,0,0,0,0,0,0,0
370236,1,1,2000,15,17,29,26,29,16,17,29,10,18
370237,1,1,2000,0,16,15,0,3,23,0,10,0,13
370238,1,1,2000,0,0,0,0,0,0,0,0,0,0
370238,2,1,2000,0,0,0,0,0,0,0,0,0,0
370239,1,1,2000,15,0,16,0,15,0,0,0,0,0
370240,1,1,2000,57,0,0,9,0,15,0,19,21,0
370241,1,1,2000,21,15,16,20,27,17,7,32,12,35
370242,1,1,2000,0,0,0,21,0,0,14,0,0,0
370243,1,1,2000,17,35,18,27,23,21,23,15,31,29
370244,1,1,2000,0,0,0,0,0,0,0,0,0,0
370244,2,1,2000,19,0,0,0,0,0,0,0,0,0
370245,1,1,2000,0,0,0,0,0,0,0,0,0,0
370245,2,1,2000,0,0,0,0,0,0,0,0,0,0
370246,1,1,2000,14,12,15,33,0,28,0,0,0,18
370247,1,1,2000,20,15,0,22,0,2,29,30,22,24
370247,2,1,2000,0,0,0,0,0,0,7,0,0,0
370248,1,1,2000,32,12,0,9,21,9,12,18,9,0
370249,1,1,2000,18,26,11,0,16,24,13,19,24,0
370250,1,1,2000,20,10,6,18,22,15,11,13,16,15
370251,1,1,2000,0,0,0,0,0,0,0,0,0,0
370251,2,1,2000,0,0,0,0,0,0,0,0,0,0
370252,1,1,2000,0,0,0,0,0,0,7,0,0,0
370252,2,1,2000,0,0,0,0,0,0,0,0,0,0
370253,1,1,2000,0,0,0,0,0,0,0,10,0,0
370253,2,1,2000,19,0,0,0,0,0,0,0,10,0
370254,1,1,2000,0,0,0,0,0,0,0,0,0,0
370254,2,1,2000,0,0,0,0,0,0,0,0,0,0
370255,1,1,2000,15,23,25,18,24,18,13,15,16,18
370256,1,1,2000,0,0,0,9,0,0,0,0,0,0
370256,2,1,2000,0,0,0,0,0,0,0,0,0,0
370257,1,1,2000,41,9,17,36,9,30,19,12,11,17
370258,1,1,2000,0,0,0,0,0,0,0,0,0,0
370258,2,1,2000,0,13,0,0,0,0,0,0,0,0
370259,1,1,2000,4,18,9,12,12,16,13,20,0,17
370260,1,1,2000,0,0,0,0,0,0,0,0,0,0
370260,2,1,2000,0,0,0,0,0,0,0,0,0,0
370261,1,1,2000,0,0,0,0,0,0,19,0,0,0
370261,2,1,2000,0,0,9,0,0,0,0,0,14,0
370261,3,1,2000,0,0,0,0,0,0,0,0,0,0
370262,1,1,2000,0,0,0,0,0,0,0,0,0,0
370262,2,1,2000,0,0,0,0,0,0,0,0,0,0
370262,3,1,2000,0,0,0,0,0,0,0,0,0,0
370262,4,1,2000,0,0,0,0,0,0,0,0,0,0
370263,1,1,2000,0,0,0,0,0,0,0,0,0,0
370264,1,1,2000,22,0,21,30,19,0,26,21,0,14
370265,1,1,2000,0,0,0,0,0,0,0,0,0,0
370265,2,1,2000,0,0,3,0,0,0,0,0,0,0
370266,1,1,2000,27,15,20,11,16,16,27,19,21,1
370267,1,1,2000,0,0,0,0,7,0,0,0,0,0
370267,2,1,2000,0,0,0,0,0,0,0,0,0,0
370267,3,1,2000,15,0,0,0,0,0,0,0,0,0
370267,4,1,2000,0,0,0,0,0,0,0,0,0,0
370267,5,1,2000,0,0,0,0,0,0,0,0,0,10
370267,6,1,2000,0,0,0,0,0,0,0,0,0,0
370267,7,1,2000,0,0,0,0,0,0,0,20,0,0
370268,1,1,2000,0,0,0,0,0,0,0,0,0,0
370268,2,1,2000,0,0,0,0,0,0,0,0,0,0
370269,0,1,2000,19,42,23,40,33,19,27,0,22,14
370269,1,1,2000,0,0,0,0,0,0,0,0,0,15
370270,0,1,2000,25,0,0,0,0,0,16,0,0,0
370270,1,1,2000,0,0,0,0,0,0,0,0,0,0
370271,1,1,2000,9,12,15,21,16,11,12,21,20,18
370272,1,1,2000,19,17,21,24,14,26,13,17,17,17
370273,0,1,2000,0,28,0,7,0,0,0,9,0,0
370273,0,2,2000,0,0,0,0,0,4,10,0,0,0
370273,1,1,2000,0,0,0,0,0,0,0,0,22,0
370274,1,1,2000,0,0,0,0,0,0,0,0,0,0
370275,1,1,2000,0,0,0,0,0,0,0,0,0,0
370275,2,1,2000,0,0,0,0,0,0,0,0,0,0
370276,1,1,2000,0,18,0,0,0,0,10,0,0,0
370276,2,1,2000,0,0,0,0,0,0,0,0,0,0
370277,1,1,2000,0,0,0,0,0,0,0,0,0,0
370277,2,1,2000,0,0,0,0,0,0,0,0,0,0
370278,1,1,2000,30,26,19,15,16,20,11,5,13,24
370279,1,1,2000,24,15,0,0,13,5,0,14,0,0
370279,2,1,2000,0,0,0,0,0,0,0,7,0,0
370280,1,1,2000,0,0,0,0,0,0,0,0,0,0
370280,2,1,2000,0,0,0,0,0,0,0,0,0,0
370281,0,1,2000,0,0,0,0,0,0,0,0,0,0
370281,1,1,2000,0,0,0,0,0,0,0,0,0,0
370283,0,1,2000,39,12,15,41,30,18,24,25,24,14
370283,1,1,2000,0,0,0,0,0,0,0,0,0,0
370284,0,1,2000,0,0,29,0,0,12,7,15,0,0
370284,1,1,2000,12,13,4,5,6,15,19,17,9,16
370285,1,1,2000,0,0,0,0,0,0,0,0,0,0
370286,1,1,2000,7,31,0,36,0,28,12,18,0,21
370287,1,1,2000,0,0,0,0,0,0,0,0,0,0
370288,0,1,2000,19,10,0,0,19,0,0,0,24,0
370288,0,2,2000,0,0,0,0,0,0,0,0,0,0
370288,1,1,2000,0,0,0,0,0,0,0,0,0,0
370289,1,1,2000,0,3,13,16,15,6,15,0,0,10
370290,1,1,2000,0,0,0,0,0,0,0,0,0,0
370291,0,1,2000,0,19,16,0,23,10,0,21,0,36
370291,1,1,2000,0,0,0,0,0,0,0,0,0,0
370292,1,1,2000,15,0,0,0,23,0,13,0,21,15
370293,1,1,2000,0,0,0,0,0,0,0,0,6,0
370293,2,1,2000,0,0,0,0,0,0,0,0,0,0
370294,1,1,2000,13,0,21,0,0,0,0,0,0,0
370295,1,1,2000,0,0,0,0,0,0,0,0,0,2
370295,2,1,2000,0,0,0,0,0,0,0,0,0,0
370296,1,1,2000,0,0,0,0,0,0,0,0,0,0
370296,2,1,2000,0,15,0,0,19,0,0,0,11,0
370297,0,1,2000,0,20,4,0,19,0,25,0,32,31
370297,1,1,2000,0,0,0,0,0,0,0,17,15,0
370298,1,1,2000,0,0,0,0,0,0,0,0,0,0
370298,2,1,2000,0,0,0,0,0,0,0,0,0,0
370299,1,1,2000,0,0,0,0,0,0,0,0,0,0
370299,2,1,2000,0,0,0,0,0,22,0,0,0,19
370299,3,1,2000,0,0,0,0,0,0,0,0,0,0
370300,0,1,2000,0,0,0,0,0,0,0,0,0,0
370300,1,1,2000,0,0,0,0,8,0,0,0,0,0
370300,2,1,2000,0,12,0,28,0,0,0,0,0,0
370301,1,1,2000,0,0,3,0,0,0,0,0,0,0
370301,2,1,2000,0,0,11,0,11,0,0,0,0,11
370301,3,1,2000,0,0,9,0,0,0,0,0,0,0
370302,1,1,2000,0,0,0,0,0,0,0,0,0,0
370303,1,1,2000,21,13,10,12,15,8,14,17,14,22
370304,0,1,2000,0,0,0,0,0,0,0,0,0,0
370304,1,1,2000,0,0,0,0,0,0,0,6,0,0
370305,1,1,2000,23,23,28,15,22,45,19,10,24,16
370305,2,1,2000,0,0,0,0,0,0,0,0,0,0
370306,1,1,2000,0,0,0,0,0,0,0,0,0,0
370306,2,1,2000,0,0,0,0,0,0,0,0,0,0
370307,1,1,2000,0,0,0,0,0,0,0,0,0,0
370307,2,1,2000,0,0,0,0,0,0,0,0,0,0
370308,1,1,2000,21,13,12,30,8,20,24,15,12,24
370309,1,1,2000,0,0,0,0,0,0,0,0,0,0
370310,1,1,2000,15,6,11,6,17,13,18,13,17,20
370311,1,1,2000,28,16,17,20,23,15,28,21,14,20
370312,1,1,2000,0,0,0,0,0,0,0,0,0,0
370313,1,1,2000,0,0,0,0,0,0,0,0,0,0
370313,2,1,2000,0,0,5,0,0,0,0,0,0,2
370314,1,1,2000,24,13,27,21,15,16,5,25,25,11
370315,1,1,2000,23,18,24,0,13,20,11,12,0,30
370316,1,1,2000,11,15,16,13,23,5,28,6,24,0
370317,1,1,2000,0,0,0,0,0,0,0,0,3,0
370318,0,1,2000,14,47,22,13,30,11,18,19,36,33
370318,1,1,2000,20,30,16,23,22,10,23,17,9,7
370319,1,1,2000,6,0,0,14,0,0,0,0,0,0
370319,2,1,2000,0,0,0,0,0,0,0,0,0,0
370320,1,1,2000,0,0,0,0,0,0,0,0,0,0
370320,2,1,2000,0,0,0,0,0,0,0,0,0,0
370321,1,1,2000,0,0,0,0,0,0,0,0,0,0
370322,1,1,2000,0,0,0,0,0,0,0,4,0,0
370322,2,1,2000,0,0,0,0,0,0,0,0,0,0
370323,1,1,2000,0,0,0,0,0,0,0,0,0,0
370323,2,1,2000,0,0,0,0,0,0,0,0,0,0
370324,1,1,2000,0,16,33,12,0,0,0,0,9,0
370325,1,1,2000,0,0,0,0,0,0,0,0,0,0
370326,1,1,2000,0,0,0,0,0,0,0,0,0,15
370326,2,1,2000,0,0,0,0,0,0,0,0,0,0
370327,1,1,2000,6,6,0,0,0,0,0,0,0,0
370328,0,1,2000,30,13,24,23,25,16,25,21,19,19
370328,1,1,2000,0,14,0,0,18,12,0,0,0,0
370329,1,1,2000,12,7,6,29,20,11,15,30,32,10
370330,1,1,2000,0,0,0,0,0,0,0,0,9,0
370330,2,1,2000,0,0,0,0,10,0,0,0,0,0
370331,1,1,2000,0,0,0,0,0,0,0,0,0,0
370332,1,1,2000,0,0,0,0,0,0,0,0,0,0
370332,2,1,2000,0,0,0,0,0,0,0,0,0,0
370333,1,1,2000,0,0,0,0,0,0,0,0,0,0
370334,1,1,2000,0,0,0,0,0,11,0,0,0,0
370335,1,1,2000,0,0,0,0,0,0,0,0,0,0
370336,1,1,2000,12,21,0,21,15,7,17,4,16,5
370336,2,1,2000,0,0,0,0,0,0,0,0,0,0
370337,1,1,2000,0,0,0,0,0,0,0,0,0,0
370338,1,1,2000,0,0,0,0,0,0,0,0,0,18
370338,2,1,2000,0,0,0,0,0,0,0,0,0,0
370339,1,1,2000,0,0,0,0,0,0,0,0,0,0
370339,2,1,2000,0,0,0,0,0,0,0,0,0,0
370340,1,1,2000,5,16,28,11,32,0,9,21,0,23
370341,1,1,2000,0,0,0,0,0,0,0,0,0,4
370341,2,1,2000,0,0,0,0,0,0,0,0,0,0
370342,1,1,2000,0,0,0,0,0,0,0,0,0,0
370342,2,1,2000,0,0,0,0,11,0,0,0,0,0
370343,1,1,2000,0,13,0,0,0,0,0,0,0,0
370344,1,1,2000,12,8,0,0,7,9,27,0,7,27
370345,0,1,2000,25,26,22,21,0,22,29,19,21,9
370345,1,1,2000,26,12,14,18,9,12,14,11,18,5
370346,1,1,2000,26,10,14,17,16,15,3,15,41,4
370347,1,1,2000,15,19,25,12,6,7,13,8,6,0
370348,1,1,2000,0,0,0,0,0,0,0,0,0,0
370348,2,1,2000,0,0,0,0,0,0,0,0,0,0
370349,1,1,2000,7,20,15,12,12,26,12,22,13,0
370350,1,1,2000,0,0,0,13,0,0,0,0,0,0
370352,1,1,2000,0,18,0,0,22,0,0,0,0,0
370353,1,1,2000,0,0,0,0,0,0,24,30,11,39
370354,1,1,2000,25,15,23,14,4,20,12,18,11,13
370355,1,1,2000,0,0,0,0,0,0,0,0,0,0
370355,2,1,2000,0,0,0,0,0,0,0,0,0,0
370355,3,1,2000,0,0,0,0,0,0,0,0,13,0
370356,1,1,2000,26,21,0,7,0,0,16,0,0,5
370357,1,1,2000,0,0,0,0,0,26,0,0,0,0
370357,2,1,2000,0,0,0,0,0,0,0,0,0,0
370358,1,1,2000,0,0,0,0,0,0,0,0,0,0
370358,2,1,2000,0,0,0,0,0,0,0,0,0,7
370359,1,1,2000,22,26,13,13,13,0,19,13,14,18
370360,0,1,2000,0,0,0,0,12,17,18,0,0,0
370360,1,1,2000,0,0,0,0,0,0,0,0,0,0
370361,1,1,2000,5,31,16,21,0,20,11,4,14,31
370362,1,1,2000,0,0,15,0,0,0,0,0,0,0
370363,1,1,2000,0,0,0,0,0,0,0,0,0,0
370363,2,1,2000,0,0,0,0,0,0,0,0,0,0
370364,1,1,2000,0,0,0,0,0,0,0,0,0,0
370364,2,1,2000,0,0,0,0,0,0,0,0,0,0
370365,1,1,2000,0,0,0,0,0,0,0,0,0,0
370365,2,1,2000,0,0,0,0,0,0,0,0,0,0
370366,1,1,2000,11,20,19,20,29,0,26,9,19,3
370366,2,1,2000,0,0,0,0,0,0,0,0,0,0
370367,1,1,2000,0,0,0,0,0,0,0,0,0,0
370368,1,1,2000,14,15,39,36,13,35,30,7,27,9
370369,0,1,2000,0,0,0,0,0,0,0,11,10,0
370369,1,1,2000,0,0,0,0,0,0,4,0,0,0