ST_CASE,VEH_NO,PER_NO,YEAR,P1,P2,P3,P4,P5,P6,P7,P8,P9,P10
370370,1,1,2000,0,4,10,0,17,0,0,0,0,0
370371,1,1,2000,0,0,0,0,0,0,0,0,0,0
370371,2,1,2000,0,0,0,0,0,0,0,0,0,0
370372,1,1,2000,0,0,0,0,0,0,0,0,0,0
370372,2,1,2000,9,0,0,0,31,0,0,0,0,0
370372,3,1,2000,0,0,0,0,0,0,0,0,0,0
370373,1,1,2000,0,0,0,0,0,0,0,13,0,0
370373,2,1,2000,0,0,0,0,0,0,0,0,0,0
370374,1,1,2000,0,0,0,22,0,0,0,0,0,9
370375,1,1,2000,16,16,26,9,23,11,0,14,20,31
370376,1,1,2000,25,20,7,5,17,27,22,15,24,19
370377,1,1,2000,0,0,0,0,12,0,0,0,0,0
370377,2,1,2000,0,0,0,0,7,0,0,0,0,0
370377,3,1,2000,4,4,17,0,22,46,0,13,0,0
370378,1,1,2000,0,0,0,11,0,0,0,0,0,14
370378,2,1,2000,0,0,0,0,0,0,0,0,0,0
370378,3,1,2000,0,0,0,0,0,0,0,0,0,0
370378,4,1,2000,22,0,0,0,0,6,0,0,0,0
370379,1,1,2000,0,0,0,0,0,0,0,0,0,0
370379,2,1,2000,0,0,0,0,0,0,0,0,0,0
370380,1,1,2000,2,7,0,13,11,15,14,5,19,0
370381,1,1,2000,0,0,0,0,0,27,0,0,0,15
370382,1,1,2000,13,0,18,0,4,12,18,0,0,15
370383,1,1,2000,0,0,0,0,0,0,4,14,0,0
370383,2,1,2000,0,0,0,0,0,0,0,0,0,0
370384,1,1,2000,0,0,0,0,0,0,13,0,0,0
370384,2,1,2000,0,0,0,0,0,0,0,17,0,0
370385,1,1,2000,22,29,14,19,18,11,10,14,21,11
370386,1,1,2000,0,0,0,0,30,0,11,0,0,0
370387,1,1,2000,14,26,18,30,30,22,13,12,14,19
370388,1,1,2000,0,0,0,0,0,0,13,0,20,0
370388,2,1,2000,0,0,0,0,0,0,0,0,0,11
370389,0,1,2000,0,0,0,0,0,0,0,0,0,0
370389,1,1,2000,0,0,0,0,0,0,0,0,0,0
370390,1,1,2000,0,0,0,0,0,0,0,0,0,0
370391,1,1,2000,0,0,0,0,0,0,0,0,0,0
370391,2,1,2000,0,0,0,0,0,0,0,0,0,0
370392,1,1,2000,20,20,34,17,33,8,34,27,20,16
370393,1,1,2000,19,16,15,9,18,18,5,21,14,12
370394,1,1,2000,0,0,0,0,0,0,0,0,0,0
370395,1,1,2000,0,0,0,0,0,0,0,0,0,0
370395,2,1,2000,0,0,0,0,0,0,0,0,0,0
370396,1,1,2000,0,0,0,0,0,0,0,0,0,0
370396,2,1,2000,0,0,0,0,0,0,0,0,0,0
370397,1,1,2000,15,10,0,0,10,7,0,0,0,9
370397,2,1,2000,0,0,0,0,10,0,0,18,0,0
370398,1,1,2000,0,0,0,0,0,0,0,0,0,0
370398,2,1,2000,0,0,0,0,0,0,0,0,0,0
370399,1,1,2000,0,0,0,0,0,0,0,0,0,0
370400,1,1,2000,3,0,0,3,0,0,0,0,0,0
370400,2,1,2000,14,0,15,0,0,7,4,15,0,16
370401,1,1,2000,0,0,0,0,0,0,0,0,4,0
370401,2,1,2000,0,0,0,0,0,0,0,0,0,0
370402,0,1,2000,0,0,0,0,0,0,0,0,0,0
370402,1,1,2000,0,15,0,0,10,0,0,0,0,0
370403,1,1,2000,0,0,0,0,0,0,0,0,0,0
370403,2,1,2000,0,0,0,0,0,0,0,0,0,0
370404,1,1,2000,0,0,0,0,0,0,0,0,0,0
370404,2,1,2000,0,0,0,0,0,0,0,0,0,0
370405,1,1,2000,0,0,0,0,0,0,0,0,0,0
370406,1,1,2000,0,16,22,14,23,0,21,22,12,9
370407,1,1,2000,0,0,0,0,0,0,0,0,0,0
370407,2,1,2000,0,0,0,0,4,0,0,0,0,0
370408,1,1,2000,0,0,0,0,0,0,0,0,0,0
370408,2,1,2000,0,0,0,0,0,0,0,0,0,0
370409,1,1,2000,8,20,23,0,20,0,0,0,0,16
370410,1,1,2000,0,0,0,0,0,0,0,0,0,0
370410,2,1,2000,0,0,0,0,0,0,0,0,0,0
370410,3,1,2000,0,0,0,0,0,0,0,0,0,0
370411,1,1,2000,16,16,16,16,16,16,16,16,16,16
370411,2,1,2000,0,0,0,0,0,0,0,0,0,6
370412,0,1,2000,44,11,30,29,6,23,9,22,7,34
370412,1,1,2000,0,0,0,0,0,0,0,0,0,0
370413,0,1,2000,0,0,0,0,0,0,22,0,0,0
370413,1,1,2000,0,0,0,0,10,0,0,0,11,0
370414,1,1,2000,41,0,0,28,0,0,0,0,19,0
370415,1,1,2000,29,14,14,44,17,13,0,17,16,16
370416,0,1,2000,16,17,16,27,13,23,29,26,26,13
370416,1,1,2000,0,0,0,13,0,0,0,0,0,0
370417,1,1,2000,0,0,0,0,0,0,0,0,0,0
370417,2,1,2000,0,0,0,0,0,0,0,0,0,0
370418,1,1,2000,9,13,31,15,0,0,0,11,20,21
370419,1,1,2000,0,0,0,0,0,0,0,0,0,0
370419,2,1,2000,0,7,0,0,0,0,0,0,0,0
370420,1,1,2000,0,0,0,0,0,0,0,0,0,0
370420,2,1,2000,20,0,0,0,0,0,0,0,0,0
370421,1,1,2000,13,0,0,0,0,0,0,14,0,0
370423,1,1,2000,0,14,0,22,0,0,0,0,0,11
370424,1,1,2000,0,0,0,0,0,0,0,0,0,0
370425,0,1,2000,19,17,0,16,0,0,0,22,16,17
370425,1,1,2000,0,0,4,8,0,0,0,0,0,20
370426,1,1,2000,0,0,0,0,0,0,0,0,0,6
370426,2,1,2000,0,0,9,0,8,0,13,19,16,0
370427,0,1,2000,0,31,34,30,0,0,0,0,10,23
370427,1,1,2000,0,0,0,17,0,0,0,0,0,0
370428,1,1,2000,0,0,0,0,0,0,0,0,0,0
370429,1,1,2000,0,0,0,0,0,0,0,0,0,0
370429,2,1,2000,0,0,0,0,0,41,0,0,0,0
370430,1,1,2000,21,0,0,0,35,0,0,0,0,0
370431,1,1,2000,15,13,16,12,2,19,12,11,5,10
370432,1,1,2000,0,18,0,32,16,0,14,19,0,10
370433,1,1,2000,0,0,0,0,0,0,0,0,0,0
370433,2,1,2000,0,0,0,0,0,0,0,0,0,0
370434,0,1,2000,4,4,4,4,4,4,4,4,4,4
370434,1,1,2000,0,0,0,0,0,11,0,0,0,0
370435,1,1,2000,3,12,7,0,20,11,0,22,14,0
370435,2,1,2000,0,0,13,0,0,0,10,0,0,10
370436,1,1,2000,0,0,0,0,0,0,0,0,0,0
370436,2,1,2000,0,0,0,0,0,0,0,0,0,0
370437,1,1,2000,25,0,0,14,7,25,8,27,12,19
370437,2,1,2000,0,0,0,0,0,0,0,0,0,0
370438,1,1,2000,5,13,0,6,12,10,10,11,19,10
370438,2,1,2000,19,0,0,0,0,0,0,0,0,0
370439,1,1,2000,0,0,0,0,0,0,0,0,0,0
370440,1,1,2000,0,0,0,0,0,0,0,0,0,0
370441,1,1,2000,26,18,12,23,35,7,0,15,20,28
370442,1,1,2000,7,22,17,0,13,3,13,11,14,15
370443,1,1,2000,0,0,0,0,0,0,0,0,0,0
370444,1,1,2000,45,42,12,33,35,0,28,22,27,19
370445,1,1,2000,0,0,0,0,0,0,0,0,0,0
370445,2,1,2000,0,0,0,0,0,18,0,9,0,24
370446,0,1,2000,23,22,12,34,42,27,15,25,35,21
370446,1,1,2000,0,0,0,0,0,0,15,0,0,5
370447,0,1,2000,6,0,37,18,13,27,24,32,17,15
370447,1,1,2000,0,0,0,0,0,0,0,0,0,0
370449,1,1,2000,18,23,28,0,20,18,22,12,25,13
370451,1,1,2000,0,0,0,0,0,0,0,0,0,0
370452,1,1,2000,0,0,0,0,0,0,0,0,0,0
370452,2,1,2000,0,0,0,0,0,0,0,0,0,0
370453,1,1,2000,0,13,0,0,10,24,9,0,0,17
370454,1,1,2000,0,0,0,0,7,0,0,0,0,0
370454,2,1,2000,0,0,23,0,0,0,0,0,0,15
370455,0,1,2000,0,0,0,0,0,0,0,0,0,0
370455,1,1,2000,0,0,0,0,0,0,0,0,0,0
370456,1,1,2000,0,0,0,0,0,0,0,0,0,0
370456,2,1,2000,0,0,0,0,5,0,0,0,0,0
370458,1,1,2000,0,10,5,28,16,24,17,16,17,25
370459,1,1,2000,0,0,0,0,0,0,0,0,0,0
370459,2,1,2000,0,0,0,0,0,0,0,0,0,0
370460,1,1,2000,0,0,0,0,0,0,0,0,0,0
370461,1,1,2000,0,7,12,0,0,10,0,12,0,14
370461,2,1,2000,0,0,0,0,0,0,0,0,0,0
370462,1,1,2000,0,0,0,0,0,0,0,0,0,0
370462,2,1,2000,0,0,0,0,0,0,0,0,0,0
370464,0,1,2000,0,19,8,28,0,10,8,0,0,11
370464,1,1,2000,0,0,0,0,0,0,0,0,0,0
370465,1,1,2000,15,0,0,0,4,0,0,0,0,0
370465,2,1,2000,0,0,0,0,0,0,0,7,0,0
370466,1,1,2000,21,0,5,0,7,10,17,20,7,25
370467,1,1,2000,0,0,0,0,18,0,19,11,0,0
370468,1,1,2000,0,0,0,0,9,0,0,0,0,0
370469,1,1,2000,0,0,0,0,0,0,0,0,0,0
370470,0,1,2000,21,0,0,0,0,0,0,0,0,0
370470,1,1,2000,0,0,0,0,0,0,0,0,0,0
370471,1,1,2000,11,16,0,0,0,0,0,0,0,0
370472,1,1,2000,0,0,0,0,0,0,0,0,0,0
370472,2,1,2000,0,0,0,0,0,0,0,0,0,0
370473,1,1,2000,27,33,17,27,11,8,10,9,18,26
370474,1,1,2000,0,0,0,0,0,0,0,0,0,0
370475,1,1,2000,0,16,17,0,9,10,0,0,0,0
370476,1,1,2000,7,4,13,22,7,4,23,19,10,16
370477,0,1,2000,0,0,0,0,0,0,0,0,0,0
370477,1,1,2000,0,0,0,0,0,0,0,0,0,0
370478,1,1,2000,0,0,0,0,0,0,0,0,0,0
370478,2,1,2000,0,0,0,0,0,0,0,0,0,0
370478,3,1,2000,0,0,0,0,0,0,0,0,0,0
370479,1,1,2000,0,0,0,0,0,0,0,0,0,0
370479,2,1,2000,0,0,0,0,0,0,0,0,0,0
370480,1,1,2000,0,0,0,0,0,0,0,0,0,0
370480,2,1,2000,0,0,0,0,0,0,0,0,0,0
370481,1,1,2000,26,14,26,0,14,0,0,0,0,0
370482,1,1,2000,14,33,22,8,21,10,29,0,34,13
370483,1,1,2000,9,42,14,0,16,0,0,18,10,0
370483,2,1,2000,0,0,0,0,0,0,0,0,0,0
370483,3,1,2000,0,0,0,0,0,0,0,0,0,0
370484,1,1,2000,0,0,33,0,0,0,0,11,0,0
370485,1,1,2000,0,0,0,0,0,0,0,0,7,0
370485,2,1,2000,0,0,0,0,0,0,0,19,0,0
370486,1,1,2000,0,0,0,0,0,0,0,0,0,0
370487,1,1,2000,23,18,24,6,22,18,31,13,14,9
370488,0,1,2000,15,0,0,16,30,18,14,29,20,0
370488,1,1,2000,0,19,18,19,15,11,13,20,19,16
370489,1,1,2000,0,0,0,0,0,9,0,0,0,0
370489,2,1,2000,0,0,0,0,0,0,0,0,0,0
370490,1,1,2000,0,19,5,13,0,12,18,24,25,0
370491,1,1,2000,8,13,15,24,9,10,17,24,23,8
370492,0,1,2000,0,0,0,0,0,0,0,0,0,0
370492,1,1,2000,0,0,0,0,0,0,0,0,0,0
370492,2,1,2000,0,0,0,0,0,0,0,0,0,0
370493,1,1,2000,0,0,0,0,0,0,0,0,0,8
370494,1,1,2000,0,0,0,0,0,0,0,0,0,0
370494,2,1,2000,0,0,34,0,0,0,0,20,0,0
370495,1,1,2000,0,0,0,0,0,8,0,0,0,0
370495,2,1,2000,12,28,17,9,12,35,29,17,24,13
370496,1,1,2000,0,0,0,0,0,0,0,0,0,0
370496,2,1,2000,0,0,0,0,0,0,0,0,0,0
370497,1,1,2000,0,0,20,0,0,0,0,0,0,0
370498,1,1,2000,0,0,0,0,0,0,0,0,0,0
370498,2,1,2000,0,0,0,0,0,0,0,0,0,0
370499,1,1,2000,0,0,0,0,0,0,0,0,0,0
370499,2,1,2000,0,0,15,0,0,0,0,13,0,0
370500,1,1,2000,0,0,0,0,0,0,0,0,0,0
370500,2,1,2000,0,0,0,0,0,0,0,0,0,0
370500,3,1,2000,0,0,0,0,0,0,0,0,0,0
370501,1,1,2000,16,0,0,21,17,13,37,0,22,0
370502,1,1,2000,0,0,0,0,0,0,0,0,0,0
370502,2,1,2000,0,0,0,0,0,0,0,0,0,0
370503,1,1,2000,21,10,5,0,27,51,0,0,3,17
370504,1,1,2000,17,16,27,22,17,10,10,25,16,3
370505,1,1,2000,5,0,19,0,0,13,0,24,0,16
370506,1,1,2000,0,0,0,0,0,0,0,9,0,0
370507,1,1,2000,0,0,0,21,3,0,0,0,0,0
370507,2,1,2000,0,0,0,0,0,0,0,0,0,0
370508,1,1,2000,0,0,11,27,0,16,15,0,0,7
370509,1,1,2000,11,24,16,11,22,27,21,39,13,0
370509,2,1,2000,0,0,0,0,0,0,0,0,0,4
370510,1,1,2000,0,0,0,0,0,0,0,0,0,0
370510,2,1,2000,0,0,0,0,0,0,0,0,0,0
370511,1,1,2000,11,20,12,0,26,8,3,0,6,19
370512,1,1,2000,0,0,0,0,0,0,0,0,0,0
370512,2,1,2000,0,0,0,0,0,0,0,0,0,0
370513,1,1,2000,26,25,23,31,21,0,21,23,16,24
370514,1,1,2000,7,8,0,4,17,0,20,16,4,16
370515,1,1,2000,27,29,17,19,25,25,21,9,25,37
370516,1,1,2000,0,0,0,0,0,0,0,0,0,0
370517,1,1,2000,0,0,0,0,0,0,0,0,0,0
370517,2,1,2000,0,0,0,0,0,0,0,0,0,0
370518,0,1,2000,0,33,20,38,0,0,0,0,0,21
370518,1,1,2000,0,0,0,0,0,0,0,0,0,0
370519,1,1,2000,0,13,13,0,14,10,4,0,12,14
370520,1,1,2000,13,20,22,24,3,23,22,8,17,6
370520,2,1,2000,10,17,10,13,9,14,4,10,11,9
370521,0,1,2000,0,0,0,16,0,0,0,0,0,0
370521,1,1,2000,13,24,0,17,0,10,15,8,21,11
370522,0,1,2000,0,0,0,0,0,0,0,0,0,0
370522,0,2,2000,0,0,0,0,0,0,0,0,0,0
370522,1,1,2000,0,0,0,0,0,0,0,0,0,0
370523,0,1,2000,21,0,0,0,0,0,19,0,0,0
370523,1,1,2000,0,0,0,0,0,0,0,0,0,0
370524,1,1,2000,0,0,0,0,0,0,0,0,0,0
370524,2,1,2000,17,15,0,0,0,0,0,0,0,0
370525,0,1,2000,0,0,0,0,0,0,0,0,0,0
370525,1,1,2000,0,0,0,0,0,0,0,0,0,0
370526,1,1,2000,0,0,0,0,0,0,0,0,0,0
370526,2,1,2000,0,0,0,0,0,0,0,0,0,0
370526,3,1,2000,0,0,0,0,0,0,0,19,0,0
370526,4,1,2000,0,0,0,0,0,0,0,0,0,0
370527,1,1,2000,16,32,14,12,16,16,32,35,21,19
370528,1,1,2000,18,0,0,0,23,9,13,7,0,0
370529,1,1,2000,0,0,0,0,0,0,0,0,0,0
370529,2,1,2000,0,0,0,0,0,0,0,0,0,0
370530,0,1,2000,21,11,28,0,0,0,0,0,0,0
370530,1,1,2000,0,0,0,0,0,0,0,0,0,0
370531,1,1,2000,9,16,6,21,3,0,12,3,0,8
370531,2,1,2000,0,0,0,0,16,0,5,0,0,0
370532,1,1,2000,9,0,0,0,0,0,0,0,23,0
370532,2,1,2000,0,0,0,0,0,0,0,0,0,0
370533,1,1,2000,0,0,0,0,0,0,0,0,0,0
370533,2,1,2000,0,0,0,0,0,0,0,0,0,0
370534,1,1,2000,0,0,0,14,0,0,14,23,0,0
370535,1,1,2000,0,0,0,24,0,0,0,0,0,0
370536,1,1,2000,21,21,21,21,21,21,21,21,21,21
370536,2,1,2000,0,0,14,23,15,30,8,16,20,0
370537,1,1,2000,0,0,24,0,0,0,0,0,0,0
370538,0,1,2000,0,0,0,0,0,0,0,0,0,0
370538,1,1,2000,0,0,0,0,0,0,0,0,0,0
370539,0,1,2000,0,0,0,0,0,0,0,0,0,0
370539,1,1,2000,0,0,0,9,0,0,15,0,0,0
370540,1,1,2000,0,0,0,0,0,0,0,0,0,0
370540,2,1,2000,0,0,0,0,0,0,0,0,0,0
370540,3,1,2000,0,0,0,0,0,0,0,0,0,0
370540,4,1,2000,0,0,0,0,0,0,0,0,0,0
370540,5,1,2000,0,0,0,0,0,0,0,0,0,0
370541,1,1,2000,0,0,0,0,0,0,0,0,0,0
370541,2,1,2000,0,0,0,0,0,0,0,5,0,0
370542,1,1,2000,12,18,14,6,17,9,14,11,18,16
370543,0,1,2000,55,0,0,0,0,19,28,10,8,23
370543,1,1,2000,0,0,0,0,0,0,0,0,0,0
370544,1,1,2000,0,15,0,20,13,0,0,0,3,0
370545,1,1,2000,0,0,0,0,7,0,0,23,0,0
370546,1,1,2000,0,0,0,0,0,0,0,0,0,0
370546,2,1,2000,0,0,0,0,0,0,0,0,0,0
370547,1,1,2000,0,0,0,0,0,0,0,0,0,0
370548,1,1,2000,15,21,18,3,11,0,18,9,5,14
370549,1,1,2000,0,0,0,0,0,0,0,0,0,0
370549,2,1,2000,0,44,0,0,0,0,0,0,0,0
370550,0,1,2000,0,0,0,0,0,0,0,10,0,0
370550,0,2,2000,0,0,0,0,0,6,0,0,0,0
370550,1,1,2000,0,0,0,0,0,0,0,0,0,0
370550,2,1,2000,0,0,0,0,0,0,0,0,0,0
370550,3,1,2000,0,0,0,0,0,0,0,0,0,0
370551,0,1,2000,0,0,0,0,0,0,0,0,0,0
370551,1,1,2000,0,0,0,0,0,0,0,0,0,0
370552,1,1,2000,0,0,0,0,0,0,0,0,0,0
370552,2,1,2000,19,20,15,18,44,5,15,12,30,17
370553,1,1,2000,0,0,0,0,0,0,0,0,0,0
370553,2,1,2000,0,0,0,0,0,0,0,0,0,0
370554,1,1,2000,16,5,0,0,9,12,18,20,6,0
370555,1,1,2000,0,0,0,0,0,0,0,0,0,0
370555,2,1,2000,22,10,43,19,21,13,3,10,13,46
370556,1,1,2000,0,0,0,0,0,23,0,0,0,0
370557,1,1,2000,0,0,0,0,0,0,0,0,0,0
370558,1,1,2000,0,0,0,0,0,0,0,0,0,0
370558,2,1,2000,0,0,0,0,0,0,0,0,0,0
370559,1,1,2000,0,5,0,0,0,0,0,0,0,0
370560,1,1,2000,0,0,0,0,0,0,0,0,0,0
370560,2,1,2000,0,0,15,28,17,23,19,18,0,0
370561,1,1,2000,10,2,18,16,0,5,0,19,8,0
370561,2,1,2000,0,0,0,0,0,0,0,0,0,0
370561,3,1,2000,0,0,0,0,0,0,0,0,0,0
370562,1,1,2000,0,0,0,0,0,0,0,0,0,0
370562,2,1,2000,0,0,0,0,0,0,0,0,0,0
370563,1,1,2000,0,0,0,0,0,5,0,0,0,0
370563,2,1,2000,0,0,0,0,0,0,0,0,0,0
370564,1,1,2000,0,0,0,0,0,0,0,0,0,0
370564,2,1,2000,0,0,0,0,0,0,0,0,0,0
370565,1,1,2000,0,0,0,0,0,0,0,0,0,0
370565,2,1,2000,9,0,0,0,0,0,0,0,0,0
370566,1,1,2000,32,0,7,0,5,0,0,13,20,9
370566,2,1,2000,0,0,0,0,0,0,0,0,0,0
370567,1,1,2000,11,22,9,0,5,0,0,0,0,20
370568,1,1,2000,0,0,0,0,4,0,0,0,0,0
370568,2,1,2000,10,0,7,0,7,0,3,0,0,0
370569,0,1,2000,0,0,0,0,0,0,0,0,0,0
370569,1,1,2000,0,0,0,0,0,0,0,0,0,0
370570,1,1,2000,0,0,0,0,0,0,0,15,0,0
370570,2,1,2000,0,0,0,0,0,0,0,0,0,0
370571,1,1,2000,0,0,0,0,0,0,0,0,0,0
370572,1,1,2000,0,0,0,0,0,0,0,11,0,0
370572,2,1,2000,0,0,0,0,0,0,0,0,0,0
370573,1,1,2000,0,0,0,0,0,0,0,0,0,0
370573,2,1,2000,0,0,0,0,0,0,0,0,0,0
370573,3,1,2000,0,0,0,0,0,5,0,0,0,0
370573,4,1,2000,5,0,0,0,0,0,0,0,0,0
370574,1,1,2000,19,13,28,3,22,0,6,19,8,14
370575,1,1,2000,0,0,0,0,0,0,0,0,0,0
370575,2,1,2000,0,0,0,0,0,0,0,0,0,0
370576,1,1,2000,11,10,0,0,0,0,35,0,16,0
370577,1,1,2000,10,0,0,0,0,0,0,0,0,0
370578,1,1,2000,0,0,0,0,0,0,0,0,0,0
370578,2,1,2000,0,0,0,0,7,0,0,0,0,0
370578,3,1,2000,0,0,0,0,0,0,0,0,0,0
370578,4,1,2000,0,0,0,0,0,0,0,0,0,0
370579,1,1,2000,0,0,0,0,0,0,0,0,0,0
370579,2,1,2000,0,0,0,0,0,0,0,0,0,0
370580,1,1,2000,0,0,0,0,0,14,0,0,0,0
370580,2,1,2000,0,13,0,0,0,0,0,0,11,23
370581,1,1,2000,15,12,5,18,22,18,24,26,25,14
370582,0,1,2000,25,29,30,43,0,9,8,0,22,0
370582,1,1,2000,0,0,0,0,0,0,0,0,0,0
370583,0,1,2000,0,0,0,0,0,0,0,37,0,0
370583,1,1,2000,0,0,0,0,0,0,0,0,0,0
370584,1,1,2000,0,0,0,6,0,0,0,9,0,0
370585,1,1,2000,0,21,0,0,0,0,0,0,0,0
370585,2,1,2000,0,9,0,0,0,0,0,0,0,17
370586,1,1,2000,0,0,0,0,0,0,12,0,0,0
370586,2,1,2000,0,0,0,0,0,0,17,0,0,9
370587,1,1,2000,20,27,13,16,19,14,22,9,9,14
370588,1,1,2000,0,0,0,0,0,0,0,0,0,8
370588,2,1,2000,0,0,0,0,0,0,0,0,0,0
370589,1,1,2000,0,0,0,0,0,0,0,0,0,0
370589,2,1,2000,0,0,0,6,0,0,0,0,0,0
370590,1,1,2000,0,0,0,0,0,0,0,0,0,0
370590,2,1,2000,22,0,0,0,10,0,0,4,11,7
370591,1,1,2000,0,22,28,22,9,21,9,25,18,10
370592,1,1,2000,0,0,0,0,0,0,0,0,0,0
370593,1,1,2000,14,9,12,12,21,37,23,24,20,20
370594,1,1,2000,0,0,0,0,20,40,0,0,0,14
370595,0,1,2000,0,0,0,0,0,0,0,0,0,0
370595,1,1,2000,0,0,0,0,0,0,6,0,0,0
370596,1,1,2000,0,0,0,0,0,0,0,0,0,0
370596,2,1,2000,0,0,0,0,0,0,0,0,0,0
370597,0,1,2000,34,48,12,6,17,3,13,47,17,11
370597,1,1,2000,0,0,0,10,0,0,0,0,0,0
370598,1,1,2000,0,20,0,0,7,0,0,7,0,0
370599,1,1,2000,0,0,0,0,0,0,0,0,0,0
370599,2,1,2000,0,0,0,0,0,0,0,0,0,0
370600,1,1,2000,0,0,0,0,0,0,0,0,5,0
370600,2,1,2000,0,0,0,0,0,0,0,0,0,0
370601,1,1,2000,18,15,33,36,25,24,20,31,14,31
370602,1,1,2000,0,0,0,0,0,0,0,0,0,0
370602,2,1,2000,0,0,0,0,0,0,0,0,0,0
370603,1,1,2000,0,0,0,0,0,0,0,0,0,16
370604,1,1,2000,21,24,22,18,27,28,23,42,0,10
370605,1,1,2000,12,0,27,15,18,10,7,19,13,21
370606,1,1,2000,0,0,0,0,0,0,0,0,0,0
370606,2,1,2000,0,0,0,0,0,0,8,0,17,0
370607,1,1,2000,0,0,0,0,0,0,0,0,0,0
370607,2,1,2000,0,0,0,0,0,0,0,0,0,0
370607,3,1,2000,0,0,0,0,0,0,0,0,0,0
370608,0,1,2000,0,0,0,19,0,0,11,0,0,0
370608,1,1,2000,0,0,0,0,0,0,0,0,0,0
370609,1,1,2000,0,0,0,0,0,0,0,0,0,0
370609,2,1,2000,0,0,0,0,0,0,0,0,0,0
370610,0,1,2000,0,17,0,0,0,0,24,0,0,0
370610,1,1,2000,0,0,0,0,0,0,0,0,0,0
370611,0,1,2000,13,39,30,40,20,28,8,10,32,23
370611,1,1,2000,0,0,0,0,0,0,0,0,0,0
370612,0,1,2000,18,18,0,0,36,0,0,47,0,0
370612,1,1,2000,0,0,0,0,0,0,0,0,0,0
370613,1,1,2000,0,0,0,14,0,0,0,0,0,0
370614,1,1,2000,0,0,0,0,0,0,16,0,6,16
370614,2,1,2000,14,0,0,0,10,0,0,0,0,0
370615,1,1,2000,0,10,0,0,0,0,0,0,0,0
370615,2,1,2000,0,0,0,0,0,0,0,0,0,0
370616,1,1,2000,17,19,8,25,20,19,9,27,13,18
370618,1,1,2000,0,0,0,0,0,0,0,0,0,0
370619,1,1,2000,0,0,0,0,0,0,0,0,0,20
370620,1,1,2000,0,0,0,0,0,0,0,0,0,0
370620,2,1,2000,0,0,0,0,0,0,0,0,0,0
370622,1,1,2000,0,0,0,0,0,0,0,0,0,0
370622,2,1,2000,0,0,0,0,0,0,0,0,0,0
370622,3,1,2000,0,0,0,0,0,0,0,0,0,0
370623,1,1,2000,0,0,0,0,5,0,0,0,0,26
370623,2,1,2000,0,0,0,0,0,0,0,0,0,0
370624,1,1,2000,0,0,0,0,0,0,0,0,0,0
370624,2,1,2000,0,0,0,0,0,0,0,0,0,0
370625,1,1,2000,0,0,0,0,0,0,0,0,0,0
370625,2,1,2000,0,0,0,0,0,0,0,0,0,0
370626,1,1,2000,0,0,0,0,0,0,0,0,0,0
370626,2,1,2000,0,0,0,0,0,0,0,0,0,0
370627,1,1,2000,0,0,0,0,0,0,0,0,0,0
370627,2,1,2000,0,0,0,0,0,0,0,0,0,0
370628,1,1,2000,0,20,0,9,0,0,0,0,36,0
370629,1,1,2000,28,40,0,30,18,14,28,15,16,13
370630,0,1,2000,0,3,0,0,13,0,0,0,0,0
370630,1,1,2000,31,18,19,38,36,15,29,9,18,35
370630,2,1,2000,0,0,0,0,0,0,0,0,0,0
370631,1,1,2000,15,6,10,0,0,0,3,17,8,17
370631,2,1,2000,0,0,0,0,0,0,0,0,0,0
370632,1,1,2000,4,18,10,22,23,23,18,20,19,10
370633,1,1,2000,0,17,39,0,0,0,0,38,0,0
370633,2,1,2000,0,0,0,0,0,0,0,0,0,0
370635,1,1,2000,14,10,0,26,0,0,0,0,0,0
370636,1,1,2000,0,0,0,0,0,0,0,0,0,0
370636,2,1,2000,0,0,0,0,0,0,0,0,0,0
370637,1,1,2000,0,0,0,0,0,0,0,0,0,0
370637,2,1,2000,0,0,0,0,0,0,0,0,0,0
370638,0,1,2000,26,7,29,14,7,20,18,0,20,14
370639,1,1,2000,0,0,0,0,0,0,0,0,0,0
370639,2,1,2000,20,0,0,0,0,11,0,0,0,0
370640,1,1,2000,0,0,5,0,0,16,0,6,0,0
370640,2,1,2000,0,0,0,0,0,0,0,0,0,0
370641,1,1,2000,0,0,0,0,10,0,0,0,0,0
370641,2,1,2000,0,0,0,0,0,0,0,0,0,0
370642,1,1,2000,0,12,0,0,0,0,0,0,0,0
370643,1,1,2000,0,0,0,0,0,0,0,0,0,0
370643,2,1,2000,0,0,0,0,0,0,0,0,0,0
370644,1,1,2000,0,0,0,0,0,0,0,0,0,0
370645,1,1,2000,16,0,36,19,34,17,0,19,25,15
370645,2,1,2000,0,0,0,0,0,0,0,0,0,0
370646,1,1,2000,0,0,0,0,0,0,0,0,0,0
370646,2,1,2000,0,18,0,0,0,0,0,0,0,0
370647,1,1,2000,0,0,0,17,0,0,19,0,8,0
370648,1,1,2000,0,0,0,0,0,0,0,0,0,0
370649,1,1,2000,26,40,18,10,11,16,38,11,4,24
370650,0,1,2000,18,22,17,29,26,32,43,24,20,27
370650,1,1,2000,0,0,0,0,0,0,0,0,0,0
370651,1,1,2000,0,30,21,0,0,0,0,0,0,0
370651,2,1,2000,0,0,0,0,0,0,0,0,0,0
370652,1,1,2000,0,0,0,0,0,0,0,0,0,0
370653,1,1,2000,0,10,18,0,0,0,0,0,0,0
370653,2,1,2000,0,0,0,0,0,0,0,14,0,0
370654,1,1,2000,0,0,0,11,0,0,28,0,0,0
370654,2,1,2000,0,0,0,0,0,0,0,0,0,28
370654,3,1,2000,0,0,0,0,0,0,0,0,0,0