ST_CASE,VEH_NO,PER_NO,YEAR,P1,P2,P3,P4,P5,P6,P7,P8,P9,P10
370939,0,1,2000,10,29,31,26,13,39,26,23,5,28
370939,1,1,2000,0,0,0,22,0,0,0,0,0,0
370940,1,1,2000,0,0,0,8,0,8,0,17,0,0
370941,0,1,2000,20,22,3,18,4,28,15,28,29,0
370941,1,1,2000,0,0,0,0,0,0,0,0,0,0
370942,1,1,2000,0,0,0,0,0,0,0,0,0,0
370942,2,1,2000,0,0,0,0,0,0,0,0,0,0
370943,1,1,2000,21,18,7,0,24,17,23,4,14,10
370944,1,1,2000,0,0,0,0,0,0,37,0,0,0
370944,2,1,2000,21,9,8,5,11,16,9,8,7,12
370945,1,1,2000,0,0,0,0,0,0,0,0,0,0
370945,2,1,2000,0,0,0,0,0,0,0,0,0,0
370945,3,1,2000,0,0,0,0,0,0,0,0,0,0
370946,1,1,2000,0,0,0,0,0,0,0,0,0,0
370947,1,1,2000,0,0,0,0,0,0,0,0,0,0
370947,2,1,2000,0,0,0,0,0,0,0,0,0,0
370947,3,1,2000,0,12,0,12,0,0,0,0,26,0
370948,1,1,2000,0,0,0,0,0,0,0,0,0,0
370948,2,1,2000,0,0,0,0,0,0,0,0,0,0
370949,1,1,2000,24,33,23,25,16,3,9,39,17,12
370950,0,1,2000,14,10,3,12,39,25,8,20,15,19
370950,1,1,2000,5,5,5,5,5,5,5,5,5,5
370951,1,1,2000,0,0,0,0,0,0,0,0,0,0
370951,2,1,2000,0,0,0,0,0,0,0,0,0,0
370951,3,1,2000,0,0,0,0,0,0,0,0,0,0
370951,4,1,2000,0,0,0,0,0,0,0,0,0,0
370952,1,1,2000,0,0,0,0,0,0,0,0,0,0
370952,2,1,2000,0,0,0,0,0,0,0,0,0,0
370952,3,1,2000,0,0,0,0,0,0,0,0,0,0
370952,4,1,2000,0,0,0,0,0,0,18,0,6,0
370952,5,1,2000,0,0,0,0,0,0,0,0,0,0
370952,6,1,2000,0,0,0,0,0,0,0,0,0,0
370953,1,1,2000,21,21,21,21,21,21,21,21,21,21
370954,1,1,2000,0,0,0,0,0,0,0,0,0,0
370954,2,1,2000,0,0,0,0,0,18,0,0,0,0
370955,1,1,2000,0,0,0,0,0,0,0,0,0,0
370956,1,1,2000,0,0,0,0,0,9,24,0,12,0
370957,1,1,2000,11,11,11,11,11,11,11,11,11,11
370958,1,1,2000,0,0,0,0,0,0,0,0,0,0
370958,2,1,2000,0,0,0,0,0,0,0,0,0,0
370959,1,1,2000,0,0,0,0,0,0,0,0,0,0
370959,2,1,2000,0,0,0,0,0,0,0,0,0,0
370960,0,1,2000,0,0,0,0,0,0,0,0,0,0
370960,1,1,2000,0,0,0,0,0,0,0,0,0,0
370961,1,1,2000,0,0,0,0,0,0,0,0,0,0
370961,2,1,2000,0,0,0,0,0,0,0,0,0,0
370961,3,1,2000,2,2,2,2,2,2,2,2,2,2
370961,4,1,2000,0,0,0,0,0,0,0,0,0,0
370962,1,1,2000,17,3,0,23,0,0,0,2,0,0
370963,1,1,2000,0,0,0,0,0,0,0,0,0,0
370963,2,1,2000,0,0,0,0,0,0,0,0,0,0
370964,1,1,2000,0,0,0,0,0,0,0,0,7,0
370964,2,1,2000,0,0,0,0,0,0,0,0,0,0
370965,1,1,2000,0,0,0,0,0,0,0,0,0,0
370965,2,1,2000,0,0,0,0,0,0,0,0,0,0
370966,1,1,2000,0,0,0,0,0,0,0,0,0,0
370966,2,1,2000,13,5,0,0,0,0,0,0,0,0
370967,1,1,2000,0,0,0,0,0,0,0,0,0,0
370967,2,1,2000,0,0,0,0,0,0,0,0,0,0
370968,1,1,2000,0,0,0,0,0,0,0,0,0,0
370969,0,1,2000,0,0,0,0,0,0,0,0,0,0
370969,1,1,2000,0,0,0,39,0,0,19,0,0,0
370970,1,1,2000,0,0,6,0,0,0,0,0,0,0
370970,2,1,2000,0,0,0,0,0,0,0,0,0,3
370971,1,1,2000,0,0,0,0,0,0,0,0,0,0
370972,1,1,2000,0,0,0,0,0,0,0,0,0,0
370973,0,1,2000,20,20,20,20,20,20,20,20,20,20
370973,1,1,2000,0,0,0,0,0,0,0,0,0,0
370974,1,1,2000,0,0,0,0,0,0,0,0,0,0
370974,2,1,2000,0,0,0,0,0,0,0,0,0,0
370975,1,1,2000,0,0,0,0,0,0,0,0,0,0
370975,2,1,2000,0,0,0,0,0,0,0,0,0,0
370976,1,1,2000,0,0,0,0,0,0,0,0,0,0
370976,2,1,2000,0,0,0,0,0,0,0,0,0,0
370977,1,1,2000,14,14,14,14,14,14,14,14,14,14
370978,1,1,2000,0,0,0,0,0,9,0,0,0,0
370978,2,1,2000,0,0,0,0,0,0,0,0,0,0
370979,1,1,2000,0,0,0,0,0,0,0,0,0,0
370979,2,1,2000,5,0,17,9,0,17,0,0,0,0
370980,1,1,2000,0,0,0,0,0,0,0,0,0,0
370980,2,1,2000,0,0,0,0,0,0,0,0,0,0
370981,1,1,2000,12,12,12,12,12,12,12,12,12,12
370982,1,1,2000,0,0,0,0,0,0,0,0,0,0
370983,1,1,2000,0,0,0,0,0,0,0,0,0,0
370984,1,1,2000,25,12,16,7,7,14,15,22,22,12
370985,1,1,2000,2,2,2,2,2,2,2,2,2,2
370985,2,1,2000,0,0,0,0,0,0,0,0,0,9
370986,1,1,2000,6,24,0,2,5,33,13,7,0,31
370987,1,1,2000,0,0,0,0,0,0,0,0,0,0
370987,2,1,2000,23,23,23,23,23,23,23,23,23,23
370988,1,1,2000,0,0,0,0,0,0,0,0,0,0
370989,1,1,2000,0,0,0,0,0,0,0,0,0,0
370990,1,1,2000,0,0,0,0,0,0,0,0,0,0
370990,2,1,2000,0,0,0,0,0,0,0,0,0,0
370991,1,1,2000,13,43,17,18,17,29,23,27,20,24
370992,1,1,2000,0,29,37,0,8,15,7,21,12,7
370993,1,1,2000,23,23,23,23,23,23,23,23,23,23
370993,2,1,2000,0,0,0,0,0,0,0,0,0,0
370994,1,1,2000,0,0,0,0,0,0,0,0,0,0
370994,2,1,2000,0,0,0,0,0,20,0,0,0,0
370995,0,1,2000,0,0,0,0,0,0,0,0,0,0
370995,1,1,2000,0,0,0,0,0,0,0,0,0,0
370996,1,1,2000,0,0,0,0,0,0,0,0,0,0
370996,2,1,2000,0,0,0,0,0,0,0,0,0,0
370997,1,1,2000,0,0,0,0,0,0,0,0,0,0
370997,2,1,2000,29,16,10,11,21,19,15,4,12,16
370997,3,1,2000,4,5,14,16,10,14,0,5,6,7
370998,1,1,2000,12,12,12,12,12,12,12,12,12,12
370998,2,1,2000,0,0,0,0,0,0,0,0,0,0
370999,1,1,2000,14,14,14,14,14,14,14,14,14,14
371000,1,1,2000,0,0,0,0,0,0,0,0,0,0
371001,1,1,2000,0,0,0,0,0,0,0,0,0,0
371001,2,1,2000,0,4,0,0,0,0,0,0,0,0
371002,1,1,2000,20,0,0,0,0,0,17,0,0,0
371002,2,1,2000,0,0,0,0,28,22,0,0,13,0
371003,1,1,2000,12,12,12,12,12,12,12,12,12,12
371003,2,1,2000,0,0,0,0,15,0,0,0,6,0
371004,0,1,2000,18,18,18,18,18,18,18,18,18,18
371004,1,1,2000,0,0,0,0,0,0,0,0,0,0
371006,1,1,2000,0,0,0,0,0,0,0,0,0,0
371006,2,1,2000,15,0,0,0,0,0,0,19,0,0
371007,1,1,2000,0,0,17,0,0,18,11,0,0,0
371008,1,1,2000,20,20,20,20,20,20,20,20,20,20
371008,2,1,2000,0,9,0,0,0,0,0,0,0,0
371009,1,1,2000,0,0,0,0,0,0,0,0,0,0
371009,2,1,2000,0,0,0,0,0,0,0,0,0,0
371010,1,1,2000,6,6,6,6,6,6,6,6,6,6
371011,1,1,2000,0,32,9,27,19,0,21,0,21,0
371012,1,1,2000,6,0,12,23,10,0,7,0,19,0
371012,2,1,2000,0,0,0,0,0,0,0,0,0,0
371013,1,1,2000,13,27,0,24,10,36,10,7,10,9
371014,1,1,2000,0,0,0,0,0,0,0,0,0,0
371014,2,1,2000,0,0,0,0,0,0,0,0,0,0
371015,0,1,2000,0,32,38,28,9,0,0,0,0,0
371015,1,1,2000,0,0,0,0,0,0,0,0,15,0
371016,1,1,2000,0,0,0,0,0,0,0,0,0,0
371016,2,1,2000,0,0,0,0,0,0,0,0,0,0
371017,1,1,2000,16,16,16,16,16,16,16,16,16,16
371018,1,1,2000,0,0,0,0,0,0,0,0,0,0
371019,1,1,2000,0,0,0,0,0,0,0,0,0,0
371019,2,1,2000,0,5,0,0,0,0,0,0,0,0
371020,1,1,2000,0,0,0,0,0,0,0,0,0,0
371020,2,1,2000,0,0,0,0,0,0,0,0,0,0
371021,1,1,2000,0,0,0,0,0,0,0,0,0,0
371022,1,1,2000,9,9,9,9,9,9,9,9,9,9
371022,2,1,2000,0,0,0,0,0,0,0,0,0,0
371023,1,1,2000,0,0,0,0,0,0,0,0,0,0
371024,1,1,2000,0,0,0,0,0,0,0,0,0,0
371024,2,1,2000,0,0,0,0,0,0,0,0,0,0
371024,3,1,2000,0,0,0,0,0,0,0,0,0,0
371025,1,1,2000,0,0,0,0,0,0,0,0,0,0
371025,2,1,2000,0,0,0,0,0,0,0,0,0,0
371026,0,1,2000,29,18,0,0,0,0,0,0,0,0
371026,1,1,2000,0,0,0,0,0,0,0,0,0,0
371027,1,1,2000,7,0,0,0,0,0,0,0,0,0
371027,2,1,2000,0,0,0,0,0,0,0,0,12,0
371027,3,1,2000,0,0,0,0,0,0,0,0,0,0
371028,1,1,2000,3,10,14,17,24,3,13,10,11,4
371029,1,1,2000,21,21,21,21,21,21,21,21,21,21
371030,1,1,2000,0,0,0,0,0,0,0,0,0,0
371031,1,1,2000,13,0,0,0,0,0,0,0,0,4
371032,1,1,2000,0,0,0,0,0,0,0,0,0,0
371032,2,1,2000,0,0,0,0,0,0,0,0,0,0
371033,0,1,2000,0,0,0,0,0,0,0,0,0,0
371033,1,1,2000,0,0,0,0,0,0,0,0,23,0
371034,1,1,2000,0,19,0,0,0,31,0,14,0,0
371035,1,1,2000,3,3,3,3,3,3,3,3,3,3
371036,1,1,2000,23,23,23,23,23,23,23,23,23,23
371037,1,1,2000,23,0,0,0,0,0,0,0,19,0
371038,1,1,2000,0,0,0,0,0,0,0,0,0,0
371038,2,1,2000,0,0,0,0,0,0,10,0,0,0
371039,1,1,2000,19,0,28,18,20,7,6,23,38,23
371040,1,1,2000,0,0,0,0,0,0,0,0,0,0
371040,2,1,2000,0,0,0,0,0,0,0,0,0,0
371041,1,1,2000,18,30,20,0,14,15,34,15,13,13
371041,2,1,2000,0,0,0,0,0,0,18,0,0,0
371041,3,1,2000,0,0,0,0,0,0,0,0,0,0
371042,1,1,2000,0,7,10,15,11,11,26,0,32,10
371042,2,1,2000,0,0,0,0,11,10,0,0,0,0
371043,1,1,2000,0,0,0,0,0,0,0,0,0,0
371043,2,1,2000,0,0,0,0,0,0,0,0,0,0
371043,3,1,2000,0,0,0,0,0,0,0,0,0,0
371044,1,1,2000,0,0,0,0,0,0,0,0,0,0
371044,2,1,2000,0,0,0,0,0,0,0,0,0,0
371044,3,1,2000,0,0,0,0,0,0,0,0,0,0
371045,1,1,2000,0,0,0,0,0,0,0,0,0,0
371045,2,1,2000,0,0,0,0,0,0,0,0,0,0
371046,1,1,2000,0,0,0,0,0,0,0,0,0,0
371046,2,1,2000,21,21,21,21,21,21,21,21,21,21
371047,1,1,2000,0,0,0,0,0,0,0,0,0,0
371047,2,1,2000,0,0,0,0,0,0,0,0,0,0
371048,0,1,2000,0,0,0,0,0,0,0,0,0,0
371048,1,1,2000,0,0,0,0,0,0,0,0,0,0
371049,1,1,2000,0,0,0,0,0,0,0,0,0,0
371049,2,1,2000,11,0,0,0,0,0,0,0,0,0
371050,1,1,2000,0,0,0,0,0,0,0,0,0,0
371050,2,1,2000,0,0,0,0,0,0,0,0,0,0
371051,1,1,2000,0,0,0,0,0,0,0,0,0,0
371052,1,1,2000,19,16,19,28,52,28,24,16,33,33
371053,1,1,2000,0,0,0,0,0,0,0,0,0,0
371053,2,1,2000,15,15,15,15,15,15,15,15,15,15
371054,1,1,2000,0,0,0,0,0,0,0,0,0,0
371054,2,1,2000,17,8,12,8,23,0,0,14,16,18
371055,1,1,2000,0,0,0,0,18,10,0,29,15,0
371056,1,1,2000,24,24,24,24,24,24,24,24,24,24
371057,0,1,2000,0,0,0,37,0,0,0,0,0,38
371057,1,1,2000,0,0,0,0,0,0,0,0,0,0
371058,1,1,2000,0,0,0,0,0,0,0,0,0,0
371058,2,1,2000,0,0,0,0,0,0,0,14,0,0
371059,1,1,2000,21,0,9,15,11,4,21,23,14,24
371060,1,1,2000,19,9,16,3,17,27,11,20,0,39
371061,1,1,2000,0,10,12,8,13,9,29,3,0,8
371062,1,1,2000,0,0,0,0,0,0,11,0,0,0
371062,2,1,2000,0,3,13,0,20,4,0,15,11,0
371063,1,1,2000,0,0,0,0,0,0,0,0,0,0
371063,2,1,2000,0,0,0,0,0,0,0,0,0,0
371064,1,1,2000,0,0,0,0,0,0,0,0,0,0
371064,2,1,2000,0,0,0,0,0,0,0,0,0,0
371065,1,1,2000,0,0,0,0,0,0,0,0,0,0
371066,0,1,2000,10,23,37,23,16,8,11,6,24,18
371066,1,1,2000,0,0,0,0,0,9,0,0,0,0
371067,0,1,2000,26,0,0,0,0,0,0,0,22,0
371067,1,1,2000,0,0,0,0,0,0,0,0,0,0
371068,0,1,2000,0,0,0,0,0,0,0,0,0,0
371068,1,1,2000,0,0,0,0,0,0,0,0,0,0
371069,1,1,2000,0,0,0,0,0,0,0,0,0,8
371069,2,1,2000,0,0,0,0,0,0,0,0,0,0
371070,1,1,2000,0,0,0,0,0,0,0,0,0,0
371070,2,1,2000,0,0,0,0,0,0,0,0,0,0
371070,3,1,2000,0,0,0,0,0,0,0,0,0,0
371070,4,1,2000,0,0,0,0,0,0,0,0,0,0
371071,0,1,2000,0,0,0,0,0,0,0,0,0,0
371071,1,1,2000,0,0,0,0,0,0,0,0,0,0
371072,1,1,2000,11,0,0,17,20,19,0,24,14,30
371073,0,1,2000,0,0,0,0,0,0,0,0,0,0
371073,1,1,2000,0,0,0,0,0,0,0,0,0,0
371074,1,1,2000,25,28,4,11,22,23,21,20,13,11
371075,1,1,2000,15,34,0,16,25,21,11,0,25,10
371076,1,1,2000,0,0,0,0,0,0,0,0,0,0
371077,0,1,2000,0,0,0,0,0,0,0,0,0,0
371077,1,1,2000,0,0,0,0,0,0,0,0,0,0
371078,0,1,2000,0,0,0,0,0,0,0,8,0,0
371078,1,1,2000,0,0,0,0,0,0,0,0,0,0
371079,1,1,2000,7,9,8,22,28,18,11,24,21,16
371079,2,1,2000,0,0,0,0,0,0,0,0,0,0
371080,1,1,2000,19,0,11,6,22,36,16,22,11,14
371080,2,1,2000,0,12,8,28,5,7,8,20,22,12
371081,1,1,2000,27,20,16,17,19,17,28,7,20,14
371082,1,1,2000,19,19,25,15,5,7,12,13,9,18
371082,2,1,2000,0,0,0,0,7,0,0,0,0,0
371083,1,1,2000,0,0,0,0,0,0,0,0,0,0
371083,2,1,2000,0,0,0,0,9,0,27,0,0,0
371084,1,1,2000,0,0,0,0,0,0,0,0,0,0
371085,1,1,2000,20,21,7,18,18,21,10,10,32,0
371085,2,1,2000,27,0,10,0,0,0,0,0,0,0
371086,0,1,2000,26,0,0,0,0,0,0,0,0,14
371086,1,1,2000,0,7,17,0,0,0,12,0,13,0
371087,0,1,2000,10,20,28,27,15,20,36,9,8,15
371087,1,1,2000,0,0,0,0,0,0,0,8,0,0
371088,0,1,2000,0,29,11,0,0,0,16,16,0,10
371088,1,1,2000,0,0,0,9,0,19,15,0,0,0
371089,1,1,2000,24,24,24,24,24,24,24,24,24,24
371090,1,1,2000,10,26,26,12,3,12,32,21,14,6
371091,1,1,2000,0,0,0,0,0,0,0,0,0,0
371091,2,1,2000,0,0,0,0,0,0,0,0,0,0
371092,1,1,2000,7,36,25,7,4,24,17,5,13,17
371092,2,1,2000,0,0,0,0,0,0,0,0,0,0
371092,3,1,2000,0,0,0,0,0,0,0,0,0,0
371093,1,1,2000,17,4,25,12,10,16,0,6,0,24
371094,1,1,2000,0,0,0,0,0,0,0,0,0,0
371094,2,1,2000,0,0,0,0,0,0,0,0,0,0
371095,1,1,2000,0,0,0,0,0,0,0,0,0,0
371096,1,1,2000,0,0,0,0,0,0,0,0,0,0
371097,1,1,2000,0,0,0,0,0,0,0,0,0,0
371097,2,1,2000,0,0,0,0,0,0,0,0,0,0
371098,1,1,2000,26,13,5,33,20,28,15,12,9,26
371098,2,1,2000,0,0,0,0,0,0,0,0,0,0
371099,1,1,2000,7,7,7,7,7,7,7,7,7,7
371100,0,1,2000,0,0,0,0,0,0,0,0,0,0
371100,1,1,2000,0,0,0,0,6,0,0,0,0,0
371101,1,1,2000,21,21,21,21,21,21,21,21,21,21
371102,1,1,2000,17,41,13,20,0,29,12,12,18,21
371103,1,1,2000,0,0,0,0,0,0,0,0,0,0
371103,2,1,2000,0,0,0,0,0,0,0,0,0,0
371104,1,1,2000,0,0,0,0,0,0,0,0,0,0
371105,1,1,2000,0,0,0,0,0,0,0,0,0,0
371105,2,1,2000,0,0,0,0,0,0,0,0,0,0
371106,1,1,2000,0,0,14,0,8,0,8,0,5,6
371107,0,1,2000,0,0,0,0,0,0,0,0,0,0
371107,1,1,2000,0,0,0,0,0,0,0,0,0,0
371108,1,1,2000,0,24,0,10,20,0,0,0,0,0
371109,1,1,2000,0,0,0,0,0,0,0,8,0,0
371109,2,1,2000,0,0,0,0,0,0,0,0,0,0
371110,0,1,2000,0,13,10,0,0,0,13,50,37,0
371110,0,2,2000,0,0,0,0,0,0,23,0,0,0
371110,1,1,2000,0,0,0,0,0,0,0,0,0,0
371111,1,1,2000,0,16,0,0,0,0,0,0,10,5
371111,2,1,2000,0,0,0,0,0,0,0,0,0,0
371111,3,1,2000,0,0,0,0,0,0,0,0,0,0
371111,4,1,2000,0,0,0,0,0,0,0,0,0,0
371112,1,1,2000,33,18,22,18,28,20,14,13,14,16
371113,1,1,2000,0,0,0,0,0,0,0,0,0,0
371113,2,1,2000,0,0,0,0,0,0,0,0,0,0
371114,2,1,2000,0,0,7,19,0,0,0,0,0,0
371115,1,1,2000,0,0,0,29,0,0,0,0,0,0
371115,2,1,2000,5,5,5,5,5,5,5,5,5,5
371116,0,1,2000,0,0,0,0,0,0,0,0,0,0
371116,1,1,2000,0,0,0,0,0,0,14,0,8,0
371117,1,1,2000,12,12,12,12,12,12,12,12,12,12
371118,1,1,2000,12,12,12,12,12,12,12,12,12,12
371118,2,1,2000,0,0,0,0,0,0,0,0,0,0
371119,1,1,2000,0,20,45,0,19,0,12,0,0,10
371120,1,1,2000,0,0,0,0,0,0,0,0,0,0
371121,1,1,2000,0,0,0,0,0,0,0,0,0,0
371121,2,1,2000,17,20,28,11,16,20,19,0,18,0
371122,1,1,2000,0,0,0,0,0,0,0,0,0,0
371122,2,1,2000,0,0,0,0,0,0,0,0,0,0
371123,1,1,2000,0,0,0,0,0,0,0,0,0,0
371124,0,1,2000,22,0,0,25,13,17,0,25,22,0
371124,1,1,2000,0,0,0,0,0,0,0,0,0,0
371125,1,1,2000,0,0,0,0,0,0,0,0,0,0
371126,1,1,2000,0,0,0,6,0,0,0,0,0,0
371126,2,1,2000,0,0,0,0,0,0,0,0,0,0
371127,1,1,2000,0,0,0,0,0,0,0,0,0,0
371127,2,1,2000,0,0,0,0,0,0,0,0,0,0
371128,0,1,2000,0,0,0,0,0,0,0,0,0,0
371128,1,1,2000,0,0,0,0,0,0,0,0,0,0
371129,1,1,2000,0,0,0,0,0,0,0,0,0,0
371129,2,1,2000,0,0,0,0,0,0,0,0,0,0
371130,1,1,2000,10,0,14,0,0,0,0,0,0,0
371131,1,1,2000,18,18,18,18,18,18,18,18,18,18
371132,0,1,2000,13,13,13,13,13,13,13,13,13,13
371132,1,1,2000,0,0,0,0,0,0,4,0,0,0
371133,0,1,2000,0,0,0,0,0,0,0,0,0,0
371134,1,1,2000,9,16,11,22,24,12,31,22,11,25
371134,2,1,2000,0,0,0,16,0,0,0,0,0,0
371135,1,1,2000,11,3,35,7,29,17,25,14,19,13
371136,1,1,2000,8,0,0,0,0,3,0,15,1,9
371136,2,1,2000,0,0,0,0,14,0,11,0,0,0
371137,0,1,2000,11,15,28,24,8,22,27,12,15,21
371137,1,1,2000,0,0,0,0,0,0,0,0,0,0
371138,0,1,2000,0,0,0,0,0,0,0,0,0,0
371138,0,2,2000,0,0,0,0,0,0,0,0,0,0
371138,1,1,2000,0,0,0,0,0,0,0,19,0,0
371138,2,1,2000,0,0,0,0,0,0,0,0,0,0
371139,1,1,2000,0,0,0,0,0,0,0,0,0,17
371140,1,1,2000,0,0,0,0,0,0,0,0,0,0
371141,1,1,2000,0,0,0,0,0,0,0,0,0,0
371141,2,1,2000,0,0,0,0,0,0,0,0,0,0
371142,1,1,2000,12,2,0,21,0,20,22,15,6,12
371142,2,1,2000,0,0,0,0,0,0,0,0,0,0
371143,1,1,2000,17,16,12,0,0,22,6,34,18,16
371144,1,1,2000,0,0,0,0,8,0,0,0,0,0
371145,1,1,2000,6,0,0,0,0,0,0,0,0,0
371145,2,1,2000,0,0,0,0,0,0,10,8,16,0
371145,3,1,2000,0,0,0,0,0,0,0,0,0,0
371145,4,1,2000,0,0,0,0,0,0,0,0,0,0
371146,0,1,2000,31,0,16,28,0,30,34,15,25,0
371146,1,1,2000,11,0,0,0,0,0,0,0,0,0
371147,0,1,2000,0,26,18,0,31,20,10,24,31,0
371147,1,1,2000,0,0,0,0,0,0,0,0,0,0
371148,1,1,2000,17,15,22,24,19,18,21,17,29,27
371149,1,1,2000,14,13,16,10,16,23,27,4,12,14
371150,1,1,2000,0,0,0,0,0,12,0,0,0,0
371151,1,1,2000,0,0,0,0,0,0,0,0,0,0
371152,1,1,2000,0,9,16,0,10,0,0,0,0,13
371152,2,1,2000,10,33,21,12,7,26,9,24,0,19
371153,1,1,2000,0,0,0,0,0,0,0,0,0,0
371154,1,1,2000,0,0,0,0,0,0,0,0,0,0
371154,2,1,2000,0,0,0,0,0,0,0,0,0,0
371155,1,1,2000,0,0,0,0,0,0,0,0,0,0
371155,2,1,2000,15,0,0,0,0,9,0,0,0,0
371155,3,1,2000,0,0,0,0,0,0,0,0,0,0
371156,1,1,2000,0,0,0,0,11,0,0,0,0,0
371156,2,1,2000,0,0,0,0,0,0,0,0,0,0
371157,1,1,2000,0,0,0,0,0,0,0,0,0,0
371158,1,1,2000,0,0,0,0,0,0,0,0,0,17
371159,0,1,2000,0,0,0,0,0,0,0,0,0,0
371159,1,1,2000,0,0,0,0,0,0,0,0,0,0
371159,2,1,2000,0,0,0,0,0,0,0,0,0,0
371160,1,1,2000,18,15,18,10,0,0,29,0,12,10
371161,1,1,2000,18,22,19,24,15,23,22,45,25,6
371162,1,1,2000,12,14,20,0,20,5,24,31,11,25
371163,1,1,2000,0,0,0,0,0,0,0,0,0,0
371164,1,1,2000,0,0,0,0,0,0,0,0,0,0
371164,2,1,2000,0,0,22,0,0,8,0,0,0,0
371165,1,1,2000,0,0,0,0,0,0,0,0,0,0
371166,1,1,2000,0,0,0,0,0,0,0,0,0,0
371166,2,1,2000,0,0,0,0,0,0,0,0,0,0
371167,1,1,2000,0,16,0,0,0,0,0,0,0,0
371167,2,1,2000,0,0,0,0,0,0,0,0,0,0
371168,1,1,2000,12,5,0,21,0,9,18,22,24,12
371168,2,1,2000,0,0,0,0,0,0,0,0,0,0
371169,1,1,2000,0,0,0,0,0,0,0,0,0,9
371169,2,1,2000,0,0,0,0,0,0,0,0,0,0
371170,1,1,2000,17,20,23,21,23,0,0,10,8,6
371171,1,1,2000,23,27,23,27,22,20,6,7,19,0
371171,2,1,2000,0,0,0,0,0,0,0,0,0,0
371172,1,1,2000,0,0,12,0,0,0,0,0,0,0
371173,1,1,2000,33,27,0,18,25,0,42,29,7,14
371174,1,1,2000,0,0,0,0,0,0,0,0,0,0
371174,2,1,2000,17,7,18,9,30,16,35,18,20,21
371175,1,1,2000,0,0,0,0,0,0,0,0,0,0
371175,2,1,2000,16,4,0,33,6,27,13,0,0,0
371176,0,1,2000,11,11,11,11,11,11,11,11,11,11
371176,1,1,2000,22,0,0,0,0,0,0,0,0,0
371177,1,1,2000,0,0,0,0,0,0,21,0,25,5
371177,2,1,2000,0,0,0,0,0,0,0,0,0,0
371177,3,1,2000,0,0,0,0,0,0,0,0,10,0
371178,1,1,2000,0,0,16,11,0,0,0,0,0,0
371178,2,1,2000,0,0,0,0,0,0,0,0,0,0
371178,3,1,2000,10,0,0,0,0,0,0,0,0,0
371179,0,1,2000,7,16,28,26,22,19,18,29,26,41
371179,1,1,2000,0,0,0,0,0,0,0,0,7,0
371180,1,1,2000,10,26,15,16,7,11,17,23,12,14
371180,2,1,2000,0,0,0,0,0,0,0,0,0,0
371181,1,1,2000,7,7,7,7,7,7,7,7,7,7
371182,1,1,2000,11,11,11,11,11,11,11,11,11,11
371183,1,1,2000,0,0,0,0,0,0,0,0,0,0
371183,2,1,2000,0,0,0,0,0,0,0,0,0,0
371184,1,1,2000,17,0,0,0,0,0,0,0,17,0
371185,1,1,2000,0,0,0,0,0,0,0,0,0,0
371186,1,1,2000,0,0,0,0,0,0,0,0,0,0
371187,1,1,2000,0,0,0,0,0,0,16,0,0,0
371188,1,1,2000,0,12,19,0,18,18,7,11,0,0
371189,1,1,2000,0,0,0,0,0,0,0,0,0,0
371190,1,1,2000,0,0,0,0,0,0,0,0,0,0
371191,1,1,2000,0,0,0,0,0,0,0,0,0,0
371191,2,1,2000,0,0,0,0,0,0,0,0,0,0
371192,1,1,2000,0,0,0,0,0,0,0,0,0,0
371192,2,1,2000,12,21,7,3,0,0,0,0,15,53
371193,1,1,2000,0,0,20,0,0,0,0,0,0,22
371194,1,1,2000,15,15,15,15,15,15,15,15,15,15
371195,1,1,2000,0,0,0,0,0,11,0,0,0,0
371195,2,1,2000,31,0,30,20,13,18,25,0,15,29
371196,1,1,2000,12,21,7,4,7,0,0,0,13,22
371197,1,1,2000,0,0,0,0,0,0,0,0,0,0
371197,2,1,2000,0,0,0,0,0,0,0,0,0,0
371198,1,1,2000,0,0,0,0,0,0,0,0,0,0
371198,2,1,2000,0,0,0,0,0,0,0,0,0,0
371199,1,1,2000,17,18,31,14,7,8,23,29,0,23
371200,1,1,2000,0,0,0,5,0,0,0,0,0,0
371200,2,1,2000,0,0,0,0,0,0,0,0,0,0
371201,1,1,2000,0,0,0,0,0,15,0,0,0,0
371201,2,1,2000,0,0,0,0,0,0,5,0,0,0
371202,1,1,2000,14,15,17,9,4,4,32,7,13,15
371203,0,1,2000,6,28,26,13,18,7,0,32,28,15
371203,1,1,2000,0,0,16,16,0,0,11,0,4,15
371204,1,1,2000,0,0,10,0,0,0,0,0,0,0
371204,2,1,2000,0,0,0,0,0,18,0,0,0,0
371205,1,1,2000,27,5,23,22,21,0,18,0,18,14
371206,1,1,2000,0,0,0,0,0,0,0,0,0,0
371207,1,1,2000,18,18,18,18,18,18,18,18,18,18
371208,1,1,2000,0,0,0,0,0,0,0,0,0,0
371208,2,1,2000,0,0,8,0,0,0,6,0,0,0
371209,1,1,2000,0,0,0,0,9,0,0,0,0,0
371209,2,1,2000,0,0,0,0,0,0,8,0,0,0
371210,1,1,2000,0,0,0,0,0,0,0,0,0,0
371211,1,1,2000,17,17,17,17,17,17,17,17,17,17
371212,1,1,2000,11,16,17,0,0,0,22,12,0,16
371213,1,1,2000,21,0,0,0,0,0,0,0,0,0
371214,1,1,2000,0,0,0,0,0,18,28,0,0,0
371214,2,1,2000,0,35,0,0,0,0,19,0,0,0