ST_CASE,VEH_NO,PER_NO,YEAR,P1,P2,P3,P4,P5,P6,P7,P8,P9,P10
371215,0,1,2000,14,11,37,37,20,17,24,13,13,25
371215,1,1,2000,0,0,0,0,0,0,0,0,0,0
371216,1,1,2000,11,26,13,4,30,0,12,0,5,12
371216,2,1,2000,0,0,0,0,0,0,0,0,0,0
371217,1,1,2000,0,0,0,0,0,0,0,0,0,0
371218,1,1,2000,13,13,13,13,13,13,13,13,13,13
371219,1,1,2000,6,6,6,6,6,6,6,6,6,6
371219,2,1,2000,0,0,0,0,0,0,0,0,0,0
371220,1,1,2000,0,0,0,0,0,0,0,0,0,0
371220,2,1,2000,0,0,0,0,0,0,0,22,0,0
371222,1,1,2000,0,0,0,0,0,0,0,16,7,0
371223,0,1,2000,0,0,0,0,0,0,0,0,0,0
371223,1,1,2000,0,0,0,0,0,0,0,0,0,0
371224,1,1,2000,14,14,14,14,14,14,14,14,14,14
371225,1,1,2000,0,0,0,0,0,0,11,0,0,0
371225,2,1,2000,0,0,0,0,0,0,0,0,0,0
371226,1,1,2000,0,0,0,0,0,0,0,0,0,0
371226,2,1,2000,0,0,0,0,0,0,0,0,0,0
371227,1,1,2000,0,17,21,0,0,0,0,18,17,0
371228,1,1,2000,15,0,0,0,0,0,19,0,0,0
371228,2,1,2000,0,0,0,0,0,0,0,0,0,0
371228,3,1,2000,0,0,0,0,0,0,0,0,0,0
371229,0,1,2000,0,0,13,0,0,0,0,0,0,27
371229,1,1,2000,0,0,0,0,0,0,0,0,0,0
371230,1,1,2000,13,28,19,20,7,11,37,21,22,0
371231,1,1,2000,0,0,0,0,0,0,17,0,0,0
371231,2,1,2000,0,0,0,0,0,0,0,0,0,0
371232,1,1,2000,0,0,0,0,0,0,0,0,0,0
371232,2,1,2000,0,0,0,0,0,0,0,0,0,0
371233,1,1,2000,0,0,0,0,0,0,0,0,0,0
371233,2,1,2000,0,0,0,0,0,0,0,0,0,0
371234,1,1,2000,13,0,0,0,0,0,0,0,0,0
371234,2,1,2000,0,0,0,0,0,0,0,0,0,0
371235,1,1,2000,12,14,0,21,15,15,28,17,21,10
371236,1,1,2000,18,3,17,6,14,6,25,35,17,33
371237,1,1,2000,0,0,0,0,0,0,0,0,0,0
371238,1,1,2000,13,19,7,31,17,16,7,33,23,7
371240,1,1,2000,0,0,0,0,0,0,0,0,0,0
371241,1,1,2000,27,22,18,7,9,23,27,6,20,15
371242,1,1,2000,0,0,0,0,0,0,18,0,0,0
371243,1,1,2000,0,0,0,0,0,0,0,0,0,0
371243,2,1,2000,0,0,0,0,23,0,0,0,17,0
371244,1,1,2000,0,0,0,0,0,0,0,0,0,0
371245,1,1,2000,0,0,0,0,0,0,0,0,0,0
371246,1,1,2000,0,0,0,0,0,0,0,0,0,0
371246,2,1,2000,20,20,20,20,20,20,20,20,20,20
371247,1,1,2000,0,0,0,0,0,0,0,0,0,0
371248,1,1,2000,0,0,0,0,0,0,0,0,0,0
371248,2,1,2000,0,0,8,24,0,10,0,16,2,0
371249,1,1,2000,0,0,0,0,0,0,0,0,0,0
371249,2,1,2000,0,0,0,0,0,0,0,0,0,0
371250,1,1,2000,0,0,0,0,0,0,0,0,0,0
371250,2,1,2000,0,0,0,0,0,0,0,0,0,0
371251,1,1,2000,0,0,0,0,0,0,0,0,0,0
371252,1,1,2000,0,0,0,0,0,0,0,0,0,0
371252,2,1,2000,0,0,0,0,0,0,0,0,0,0
371253,1,1,2000,0,0,0,0,0,0,0,0,0,0
371253,2,1,2000,0,0,0,0,0,0,0,0,0,0
371254,1,1,2000,0,0,0,0,0,0,0,0,0,0
371254,2,1,2000,0,0,0,0,0,0,0,0,0,0
371255,1,1,2000,0,0,0,0,0,0,0,0,0,0
371256,1,1,2000,0,0,0,0,0,0,0,0,0,0
371256,2,1,2000,0,0,0,0,0,0,0,0,0,0
371257,1,1,2000,0,0,0,0,0,0,0,0,0,0
371257,2,1,2000,0,0,0,0,0,0,0,0,0,0
371258,1,1,2000,16,16,16,16,16,16,16,16,16,16
371259,1,1,2000,24,0,9,0,0,18,20,0,0,0
371259,2,1,2000,0,0,0,0,0,0,0,0,0,0
371260,1,1,2000,0,0,21,0,0,0,0,0,0,0
371260,2,1,2000,0,0,0,0,0,0,0,0,0,0
371261,0,1,2000,21,0,30,0,37,39,25,0,0,0
371261,1,1,2000,0,0,0,0,0,0,0,0,0,0
371262,1,1,2000,32,0,13,16,15,0,0,14,24,21
371263,1,1,2000,0,0,0,0,0,0,0,5,0,0
371263,2,1,2000,0,0,0,0,0,0,0,0,0,0
371264,1,1,2000,15,15,15,15,15,15,15,15,15,15
371265,1,1,2000,0,0,0,0,0,0,0,0,0,0
371265,2,1,2000,0,0,0,0,0,0,0,0,0,0
371266,0,1,2000,0,0,0,13,0,0,0,0,0,28
371266,1,1,2000,0,0,0,0,0,0,0,0,0,0
371266,2,1,2000,0,0,0,0,0,0,0,0,0,0
371266,3,1,2000,0,0,0,0,0,0,0,0,0,0
371267,1,1,2000,0,0,0,0,0,0,0,0,0,0
371267,2,1,2000,0,0,0,0,0,0,0,0,0,0
371268,1,1,2000,22,28,12,8,27,2,8,14,19,13
371269,1,1,2000,10,23,14,27,9,27,0,34,0,12
371270,0,1,2000,16,27,18,25,51,14,22,0,36,24
371270,1,1,2000,0,0,0,0,0,0,0,0,0,0
371271,2,1,2000,0,0,0,0,0,0,0,0,0,0
371272,1,1,2000,0,0,0,0,0,0,0,0,0,0
371273,0,1,2000,0,0,13,0,14,35,0,0,0,7
371273,1,1,2000,0,0,0,0,5,0,0,0,0,0
371274,1,1,2000,0,0,0,0,0,0,0,0,0,0
371275,0,1,2000,0,0,0,0,0,0,0,0,0,0
371275,1,1,2000,0,0,0,0,0,0,0,0,0,0
371276,0,1,2000,0,0,0,0,0,0,0,0,0,0
371276,1,1,2000,0,0,0,0,0,9,0,0,0,0
371277,1,1,2000,0,0,0,0,0,0,0,0,0,0
371277,2,1,2000,0,0,0,0,0,0,0,0,0,0
371278,1,1,2000,27,17,5,18,29,20,22,19,26,14
371279,1,1,2000,0,0,0,0,0,0,0,0,0,0
371279,2,1,2000,0,22,11,17,33,24,28,17,19,10
371280,1,1,2000,0,0,0,0,0,0,0,0,0,0
371280,2,1,2000,0,0,0,0,0,0,0,0,0,0
371281,1,1,2000,23,10,25,14,24,12,15,11,6,0
371282,0,1,2000,0,0,0,0,0,0,0,0,0,0
371282,1,1,2000,0,0,0,0,0,0,2,0,0,0
371283,1,1,2000,17,0,15,27,0,18,0,0,10,16
371284,0,1,2000,0,0,0,0,0,0,0,0,0,0
371284,1,1,2000,0,0,0,0,0,0,0,0,0,0
371285,1,1,2000,21,0,0,0,0,0,12,0,0,29
371286,1,1,2000,0,22,34,18,20,0,11,17,28,17
371287,1,1,2000,0,0,0,0,0,0,0,0,0,0
371288,1,1,2000,0,0,0,0,0,0,0,0,0,0
371288,2,1,2000,0,0,0,0,0,0,0,0,0,0
371289,1,1,2000,0,0,0,0,0,0,0,16,0,0
371290,1,1,2000,0,0,0,0,0,0,0,0,0,0
371291,0,1,2000,0,0,0,0,5,0,0,0,0,0
371291,1,1,2000,0,19,0,0,0,0,0,0,0,0
371292,1,1,2000,0,0,0,0,0,0,0,0,0,0
371292,2,1,2000,0,0,0,0,0,0,0,0,0,0
371293,0,1,2000,21,24,33,20,25,32,33,26,11,21
371293,1,1,2000,0,0,0,0,0,0,0,0,0,0
371294,1,1,2000,16,18,24,0,0,0,0,0,0,0
371295,1,1,2000,32,32,32,32,32,32,32,32,32,32
371296,1,1,2000,0,21,0,19,0,0,0,6,0,28
371297,1,1,2000,12,12,11,27,15,17,16,11,8,12
371297,2,1,2000,0,0,0,0,0,0,0,0,0,0
371298,1,1,2000,0,0,0,0,0,0,0,0,0,0
371299,1,1,2000,32,32,32,32,32,32,32,32,32,32
371300,1,1,2000,11,21,32,6,19,15,9,0,0,0
371300,2,1,2000,0,0,0,0,0,17,0,0,0,0
371301,1,1,2000,0,0,0,0,0,0,0,0,0,0
371302,1,1,2000,0,0,0,22,28,22,0,0,23,15
371303,1,1,2000,0,0,0,0,0,0,0,0,0,0
371303,2,1,2000,0,0,0,0,0,0,0,0,0,0
371304,1,1,2000,0,0,0,0,0,0,0,0,0,0
371304,2,1,2000,0,0,0,0,0,0,0,0,0,0
371305,1,1,2000,0,0,0,12,0,0,0,10,0,0
371306,0,1,2000,10,10,10,10,10,10,10,10,10,10
371306,1,1,2000,0,23,0,0,7,22,19,18,16,5
371307,0,1,2000,20,0,17,0,0,26,0,0,0,0
371307,1,1,2000,7,12,24,12,15,22,24,17,11,25
371309,1,1,2000,0,0,22,0,0,0,0,0,0,0
371310,1,1,2000,13,13,13,13,13,13,13,13,13,13
371310,2,1,2000,0,0,0,0,0,0,0,0,0,0
371311,0,1,2000,18,18,18,18,18,18,18,18,18,18
371311,1,1,2000,0,0,0,0,0,0,0,0,0,0
371312,1,1,2000,0,0,0,0,0,0,0,0,0,0
371313,1,1,2000,14,25,22,9,9,14,13,58,11,15
371317,1,1,2000,24,19,22,16,0,27,14,5,15,27
371318,1,1,2000,0,0,31,0,0,0,0,0,0,0
371318,2,1,2000,20,15,6,10,15,19,18,8,22,18
371319,1,1,2000,0,0,0,0,0,0,0,0,0,0
371319,2,1,2000,0,0,0,0,0,0,0,0,0,0
371320,1,1,2000,0,7,35,10,17,13,14,0,24,16
371321,0,1,2000,22,24,0,14,0,44,15,0,13,13
371321,1,1,2000,0,0,0,21,0,0,0,0,0,0
371322,1,1,2000,0,0,0,0,0,0,0,0,0,0
371322,2,1,2000,0,0,0,0,0,0,0,0,0,0
371323,1,1,2000,21,19,24,8,26,19,14,15,21,10
371324,1,1,2000,38,9,5,16,11,14,0,6,14,0
371325,1,1,2000,0,11,0,0,0,0,0,27,25,0
371326,1,1,2000,0,0,0,0,0,0,0,0,0,0
371326,2,1,2000,0,0,0,0,0,0,0,0,0,0
371327,1,1,2000,0,0,0,0,0,0,0,0,0,0
371327,2,1,2000,0,0,0,0,0,0,0,0,0,3
371328,1,1,2000,16,3,20,13,32,24,19,0,3,10
371328,2,1,2000,0,0,0,0,0,0,0,0,0,0
371329,1,1,2000,0,16,0,0,0,0,0,0,0,7
371330,1,1,2000,14,13,23,25,0,25,10,9,15,22
371331,1,1,2000,0,0,0,0,0,0,0,0,0,0
371331,2,1,2000,0,0,0,0,0,0,0,0,0,0
371332,1,1,2000,14,8,9,35,12,7,10,24,19,10
371332,2,1,2000,0,0,0,0,0,0,0,0,0,0
371333,1,1,2000,24,37,23,9,0,19,23,0,25,12
371334,1,1,2000,0,0,0,0,0,0,0,0,0,0
371334,2,1,2000,0,0,0,0,0,0,0,0,2,0
371335,1,1,2000,14,14,14,14,14,14,14,14,14,14
371336,1,1,2000,13,13,13,13,13,13,13,13,13,13
371337,1,1,2000,21,16,8,18,13,7,13,27,20,13
371338,1,1,2000,0,0,0,0,0,0,0,0,0,0
371338,2,1,2000,0,0,0,0,0,0,0,14,0,0
371339,1,1,2000,0,0,0,0,0,0,0,0,0,0
371340,1,1,2000,0,0,0,0,7,0,0,0,0,0
371340,2,1,2000,18,14,12,4,7,0,0,10,17,0
371340,3,1,2000,0,0,0,0,0,0,0,0,0,0
371341,1,1,2000,18,18,18,18,18,18,18,18,18,18
371341,2,1,2000,0,0,0,0,0,0,0,0,0,0
371341,3,1,2000,10,0,0,0,0,0,0,0,0,0
371342,0,1,2000,0,0,0,0,0,0,0,0,0,0
371342,1,1,2000,0,0,0,0,0,0,0,0,0,0
371343,1,1,2000,0,0,0,0,0,0,0,23,0,7
371343,2,1,2000,0,0,0,0,0,0,0,0,0,0
371344,1,1,2000,0,35,34,7,11,11,9,24,23,25
371345,1,1,2000,0,0,6,0,0,0,0,0,0,0
371345,2,1,2000,0,9,0,0,0,0,0,13,0,18
371346,1,1,2000,13,23,26,25,13,0,9,13,3,35
371346,2,1,2000,0,0,0,0,0,0,0,0,0,0
371347,1,1,2000,16,0,23,0,16,0,0,0,0,0
371348,1,1,2000,41,13,0,14,25,19,9,3,11,15
371348,2,1,2000,17,17,14,21,8,13,17,8,6,5
371349,1,1,2000,15,28,10,13,17,5,24,7,21,26
371350,1,1,2000,6,0,0,0,0,0,0,0,0,0
371350,2,1,2000,0,0,22,0,0,0,0,0,0,0
371351,1,1,2000,0,0,0,0,0,0,0,0,0,0
371351,2,1,2000,9,13,12,13,31,12,0,13,21,5
371352,1,1,2000,10,0,0,0,0,0,0,0,0,0
371354,1,1,2000,0,0,0,10,0,0,0,0,0,0
371354,2,1,2000,0,0,0,0,0,0,0,0,0,0
371355,1,1,2000,0,0,0,0,0,0,0,0,0,0
371355,2,1,2000,0,0,0,0,0,0,0,0,0,0
371356,1,1,2000,16,15,12,3,5,12,27,0,9,18
371357,1,1,2000,0,0,0,0,0,0,11,0,0,0
371357,2,1,2000,0,0,0,0,0,0,0,0,0,0
371358,1,1,2000,0,0,0,0,0,0,0,0,0,0
371358,2,1,2000,0,0,0,0,0,0,0,0,0,0
371359,0,1,2000,0,0,0,0,13,0,0,0,0,0
371359,1,1,2000,0,0,0,0,0,0,0,0,0,0
371360,1,1,2000,0,0,0,0,0,0,0,0,0,0
371360,2,1,2000,0,0,0,0,0,0,0,0,0,0
371361,1,1,2000,0,0,0,0,0,0,0,0,0,0
371361,2,1,2000,0,9,0,0,0,0,0,0,0,0
371361,3,1,2000,0,0,0,0,0,0,0,0,0,2
371362,1,1,2000,20,15,17,14,23,12,14,28,5,0
371362,2,1,2000,0,0,0,11,0,0,0,0,0,0
371363,1,1,2000,0,8,0,0,0,0,0,0,10,0
371365,1,1,2000,15,19,14,13,10,7,3,8,0,9
371366,1,1,2000,16,22,24,36,16,13,15,20,24,16
371367,0,1,2000,38,41,24,0,17,16,5,19,0,9
371367,1,1,2000,0,0,0,0,0,0,0,0,0,0
371368,1,1,2000,0,0,0,0,0,0,0,0,0,0
371368,2,1,2000,0,0,0,0,0,0,0,0,0,0
371369,1,1,2000,0,0,0,0,0,0,0,0,0,0
371369,2,1,2000,0,0,0,0,0,0,10,0,0,6
371370,1,1,2000,26,11,5,47,11,26,26,25,23,36
371371,1,1,2000,0,0,0,0,0,0,0,0,0,0
371372,1,1,2000,0,0,0,0,0,0,0,0,0,16
371372,2,1,2000,14,0,0,0,0,4,4,0,0,17
371373,1,1,2000,8,13,0,17,0,0,12,22,0,14
371373,2,1,2000,0,0,0,0,0,0,0,0,0,0
371374,1,1,2000,0,0,0,0,0,0,0,0,0,0
371374,2,1,2000,0,0,0,24,0,0,0,0,0,0
371375,1,1,2000,0,0,0,0,0,4,0,0,0,0
371375,2,1,2000,0,0,0,0,0,0,0,0,0,0
371376,1,1,2000,15,12,11,16,4,15,6,17,9,11
371376,2,1,2000,0,0,0,0,0,0,0,0,0,0
371377,1,1,2000,0,0,0,0,0,0,0,0,0,0
371378,1,1,2000,31,13,15,9,18,0,18,6,8,24
371379,1,1,2000,10,0,0,0,0,0,0,0,0,0
371380,1,1,2000,17,0,6,0,0,8,0,0,0,0
371380,2,1,2000,0,0,0,0,0,0,0,0,0,0
371381,1,1,2000,0,0,0,0,0,0,0,0,0,0
371381,2,1,2000,0,0,0,0,0,0,14,0,0,0
371382,1,1,2000,0,0,0,0,0,0,0,0,0,0
371382,2,1,2000,0,0,0,0,0,0,0,0,9,0
371383,0,1,2000,0,0,0,28,0,33,0,0,0,0
371383,1,1,2000,0,0,0,0,0,0,0,0,0,0
371384,0,1,2000,47,18,11,35,12,0,20,21,0,9
371384,1,1,2000,0,0,0,0,0,10,12,0,0,0
371385,1,1,2000,7,0,0,0,0,0,0,0,13,11
371385,2,1,2000,13,8,14,0,0,8,0,0,0,21
371386,0,1,2000,0,0,0,0,0,0,0,0,0,0
371386,1,1,2000,25,10,0,11,17,0,0,35,16,29
371387,1,1,2000,11,0,0,17,0,8,29,0,14,14
371388,1,1,2000,0,0,0,0,0,0,0,0,0,0
371388,2,1,2000,0,0,0,0,0,0,0,0,0,0
371388,3,1,2000,0,0,0,0,0,0,0,0,0,0
371388,4,1,2000,0,0,0,0,0,0,0,0,0,0
371389,1,1,2000,0,0,0,0,0,0,0,0,0,0
371390,1,1,2000,21,7,14,3,35,26,11,19,41,12
371390,2,1,2000,0,0,0,0,0,0,17,0,0,0
371391,1,1,2000,0,4,0,0,0,0,0,0,0,0
371391,2,1,2000,0,0,0,0,0,0,0,0,0,0
371391,3,1,2000,0,0,0,0,0,0,0,0,0,0
371392,0,1,2000,48,30,17,23,40,12,39,5,40,32
371392,1,1,2000,0,0,0,0,0,0,0,0,0,0
371393,0,1,2000,0,13,33,11,34,28,15,28,23,0
371393,1,1,2000,10,20,4,18,10,12,22,25,13,6
371394,1,1,2000,33,10,20,5,7,21,12,11,27,34
371395,1,1,2000,18,6,11,16,10,11,11,12,9,5
371395,2,1,2000,0,11,5,16,0,15,0,10,10,14
371396,1,1,2000,8,18,13,0,25,7,0,5,7,10
371397,1,1,2000,0,0,0,0,0,0,0,0,0,0
371397,2,1,2000,0,0,0,0,0,0,0,0,0,0
371397,3,1,2000,0,0,0,0,0,0,0,0,0,0
371398,1,1,2000,31,11,10,17,0,6,0,0,15,8
371399,1,1,2000,0,0,0,0,0,0,0,0,0,0
371399,2,1,2000,7,11,0,11,5,4,17,0,21,29
371400,0,1,2000,10,26,3,17,13,9,0,0,0,0
371400,1,1,2000,0,0,0,0,0,43,0,0,0,0
371400,2,1,2000,0,0,0,0,0,0,0,0,0,8
371400,3,1,2000,0,18,0,0,0,0,0,20,12,0
371400,4,1,2000,0,0,0,0,0,0,0,0,0,0
371400,5,1,2000,0,0,15,0,6,0,0,0,0,0
371400,6,1,2000,0,0,0,0,0,0,0,0,0,0
371401,1,1,2000,0,0,0,0,0,0,0,15,0,0
371402,1,1,2000,3,18,14,8,17,8,20,7,18,4
371402,2,1,2000,0,10,0,0,0,0,0,0,0,0
371402,3,1,2000,0,26,0,0,0,0,0,0,0,0
371403,1,1,2000,0,0,15,0,0,0,0,0,24,0
371404,1,1,2000,0,8,0,0,11,0,0,0,0,0
371404,2,1,2000,0,0,0,0,0,0,0,0,0,0
371405,1,1,2000,16,9,22,16,27,24,28,25,17,11
371406,1,1,2000,19,14,15,0,0,23,13,17,6,17
371407,1,1,2000,19,22,10,16,17,23,31,20,14,29
371408,0,1,2000,0,0,0,0,0,0,0,0,0,0
371408,1,1,2000,0,0,0,0,0,0,0,0,0,0
371409,1,1,2000,10,29,23,21,15,12,16,12,12,13
371410,1,1,2000,0,0,0,0,0,0,0,0,0,11
371410,2,1,2000,0,0,0,0,0,0,0,0,0,0
371411,1,1,2000,9,0,0,0,4,28,11,5,6,0
371412,0,1,2000,0,0,0,0,0,0,0,0,0,0
371412,1,1,2000,0,0,0,0,0,0,0,0,0,0
371413,0,1,2000,31,28,6,15,5,27,0,0,23,13
371413,1,1,2000,0,0,0,0,0,0,0,0,0,0
371415,1,1,2000,0,0,0,0,3,0,0,0,0,0
371415,2,1,2000,0,0,0,0,0,0,0,0,0,0
371416,1,1,2000,0,0,0,0,0,0,0,0,0,0
371416,2,1,2000,0,0,0,0,0,0,0,0,0,0
371417,0,1,2000,22,0,0,15,0,12,0,26,6,0
371417,1,1,2000,0,0,0,0,0,0,0,0,0,0
371418,1,1,2000,25,15,23,22,19,7,36,13,20,25
371419,1,1,2000,0,0,0,0,0,0,0,0,0,0
371419,2,1,2000,0,0,0,0,0,0,0,0,0,0
371419,3,1,2000,0,0,0,0,0,0,0,0,0,0
371420,0,1,2000,10,49,16,15,32,13,20,0,18,17
371420,1,1,2000,0,12,0,0,0,0,0,0,0,0
371421,1,1,2000,0,0,0,0,0,0,0,0,0,14
371421,2,1,2000,0,0,0,0,0,0,0,0,0,0
371422,1,1,2000,0,0,0,0,0,0,0,0,0,0
371423,1,1,2000,0,15,0,0,0,0,0,0,0,0
371423,2,1,2000,0,0,0,0,0,0,0,0,0,0
371424,0,1,2000,0,0,0,0,0,0,0,0,0,0
371424,1,1,2000,0,0,0,0,0,0,0,0,0,0
371425,1,1,2000,13,7,6,14,25,23,9,9,16,17
371426,1,1,2000,0,0,0,0,0,0,0,0,0,0
371426,2,1,2000,0,0,0,0,0,0,0,0,0,0
371427,1,1,2000,23,17,0,0,12,0,14,11,4,17
371428,1,1,2000,4,12,11,0,6,10,30,6,20,14
371428,2,1,2000,0,9,0,27,20,0,0,0,10,23
371429,1,1,2000,20,20,20,20,20,20,20,20,20,20
371430,0,1,2000,14,45,15,21,12,26,41,21,30,0
371430,1,1,2000,0,0,0,0,0,0,0,0,0,0
371431,1,1,2000,0,0,0,0,0,0,0,0,0,0
371431,2,1,2000,0,0,0,0,0,0,0,0,0,0
371432,0,1,2000,12,0,24,0,0,0,0,0,0,18
371432,1,1,2000,5,5,5,5,5,5,5,5,5,5
371433,1,1,2000,16,15,20,38,12,26,22,15,13,12
371434,1,1,2000,0,0,0,0,0,0,0,0,0,6
371435,1,1,2000,0,0,0,0,0,0,0,0,0,0
371435,2,1,2000,0,0,0,0,0,0,0,0,0,0
371435,3,1,2000,0,0,0,0,0,0,0,0,0,0
371435,4,1,2000,0,0,0,0,0,0,0,0,0,0
371435,5,1,2000,0,0,0,0,0,0,0,0,0,0
371436,1,1,2000,0,0,0,0,0,0,0,0,0,0
371437,1,1,2000,0,0,0,12,3,0,0,0,0,0
371438,0,1,2000,0,0,0,0,16,0,0,0,0,0
371438,1,1,2000,0,0,0,0,0,0,0,23,0,0
371439,1,1,2000,0,0,8,18,0,0,18,0,16,38
371439,2,1,2000,11,0,0,25,11,10,0,0,10,11
371440,1,1,2000,0,0,0,0,0,0,0,0,0,0
371440,2,1,2000,0,0,0,0,0,0,0,0,0,0
371441,1,1,2000,0,0,0,0,14,0,0,0,0,0
371442,0,1,2000,0,0,0,0,24,0,0,0,0,0
371442,1,1,2000,0,0,0,10,3,0,10,0,0,0
380001,1,1,2000,0,0,0,0,0,0,0,0,0,0
380002,1,1,2000,0,0,0,0,0,0,0,0,0,0
380002,2,1,2000,0,0,8,0,0,0,0,2,0,0
380003,0,1,2000,22,0,0,0,0,0,0,0,0,0
380003,1,1,2000,0,0,0,0,0,0,0,0,0,0
380004,1,1,2000,32,32,32,32,32,32,32,32,32,32
380005,1,1,2000,18,18,18,18,18,18,18,18,18,18
380006,1,1,2000,32,32,32,32,32,32,32,32,32,32
380006,2,1,2000,0,0,0,0,0,0,0,0,0,0
380007,1,1,2000,27,27,27,27,27,27,27,27,27,27
380007,2,1,2000,9,9,9,9,9,9,9,9,9,9
380008,1,1,2000,0,0,0,0,0,0,0,0,0,0
380008,2,1,2000,0,0,0,0,0,0,0,0,0,0
380009,1,1,2000,0,0,0,0,0,0,0,0,0,0
380009,2,1,2000,35,35,35,35,35,35,35,35,35,35
380010,1,1,2000,0,0,0,0,0,0,0,0,0,0
380010,2,1,2000,0,0,0,0,0,0,0,0,0,0
380011,0,1,2000,3,3,3,3,3,3,3,3,3,3
380011,1,1,2000,16,16,16,16,16,16,16,16,16,16
380012,1,1,2000,0,0,0,0,0,0,0,0,0,0
380013,1,1,2000,22,22,22,22,22,22,22,22,22,22
380014,1,1,2000,4,4,4,4,4,4,4,4,4,4
380015,1,1,2000,0,0,0,0,0,0,0,0,0,0
380015,2,1,2000,0,0,0,0,0,0,0,0,0,0
380016,1,1,2000,0,0,0,0,0,0,0,0,0,0
380017,1,1,2000,19,19,19,19,19,19,19,19,19,19
380018,1,1,2000,8,8,8,8,8,8,8,8,8,8
380019,1,1,2000,27,27,27,27,27,27,27,27,27,27
380019,2,1,2000,0,0,0,0,0,7,0,16,0,0
380019,3,1,2000,0,5,0,0,0,0,0,0,0,0
380020,1,1,2000,0,0,0,0,0,0,0,0,0,0
380020,2,1,2000,0,0,0,0,0,0,0,0,0,0
380021,1,1,2000,0,0,0,0,0,0,0,0,0,0
380021,2,1,2000,0,0,0,0,0,0,0,0,0,0
380022,1,1,2000,0,0,0,13,0,0,0,0,0,0
380022,2,1,2000,0,0,0,0,0,0,0,0,0,0
380022,3,1,2000,0,0,0,0,0,0,0,0,0,0
380023,1,1,2000,0,0,0,0,0,0,0,0,0,0
380023,2,1,2000,0,0,0,0,0,15,0,0,0,11
380024,1,1,2000,25,25,25,25,25,25,25,25,25,25
380025,1,1,2000,0,0,0,0,0,0,0,0,0,0
380026,1,1,2000,7,7,7,7,7,7,7,7,7,7
380027,1,1,2000,0,0,0,0,0,0,0,0,0,0
380028,1,1,2000,0,0,37,5,0,0,0,0,0,0
380029,1,1,2000,0,0,0,0,0,0,0,0,0,0
380029,2,1,2000,0,0,0,0,0,0,0,0,0,0
380030,1,1,2000,0,0,15,0,0,0,0,0,0,0
380031,1,1,2000,24,24,24,24,24,24,24,24,24,24
380032,1,1,2000,0,23,0,10,0,28,15,16,0,0
380033,1,1,2000,0,0,0,0,0,0,0,0,0,0
380033,2,1,2000,0,0,0,0,0,0,0,0,0,0
380034,1,1,2000,0,0,0,0,0,0,0,0,0,0
380035,1,1,2000,14,14,14,14,14,14,14,14,14,14
380036,1,1,2000,15,15,15,15,15,15,15,15,15,15
380037,1,1,2000,0,0,0,0,0,0,0,0,0,0
380038,1,1,2000,0,0,0,0,0,0,0,0,0,0
380039,1,1,2000,14,14,14,14,14,14,14,14,14,14
380040,1,1,2000,11,11,11,11,11,11,11,11,11,11
380040,2,1,2000,0,0,0,0,0,0,0,0,0,0
380041,1,1,2000,0,0,0,0,0,0,0,0,0,0
380042,0,1,2000,0,0,0,0,0,0,0,0,0,0
380042,1,1,2000,0,0,0,0,0,0,0,0,0,0
380043,1,1,2000,24,24,24,24,24,24,24,24,24,24
380044,1,1,2000,31,31,31,31,31,31,31,31,31,31
380045,1,1,2000,0,0,0,0,0,0,0,0,0,0
380046,1,1,2000,0,0,0,0,28,0,0,0,0,0
380046,2,1,2000,0,0,0,0,0,0,0,0,0,0
380047,1,1,2000,22,22,22,22,22,22,22,22,22,22
380048,0,1,2000,0,0,0,0,0,0,0,0,0,0
380048,1,1,2000,0,0,0,0,0,0,0,0,0,0
380049,1,1,2000,0,0,0,0,0,0,0,0,0,0
380049,2,1,2000,0,0,0,0,0,0,0,0,0,0
380050,1,1,2000,0,0,3,0,0,0,0,0,0,0
380051,1,1,2000,15,15,15,15,15,15,15,15,15,15
380052,1,1,2000,0,30,0,0,0,0,0,0,0,0
380053,1,1,2000,0,0,0,0,0,0,0,0,0,0
380053,2,1,2000,0,0,0,0,0,0,0,0,0,0
380054,1,1,2000,16,16,16,16,16,16,16,16,16,16
380055,1,1,2000,0,0,0,0,0,0,0,0,0,0
380056,0,1,2000,26,26,26,26,26,26,26,26,26,26
380056,1,1,2000,8,27,20,15,13,0,21,0,17,5
380057,1,1,2000,0,0,0,0,0,0,0,0,0,0
380057,2,1,2000,0,0,0,0,0,0,0,0,0,0
380058,1,1,2000,0,0,0,0,0,0,0,0,0,0
380058,2,1,2000,2,2,2,2,2,2,2,2,2,2
380059,1,1,2000,27,17,13,17,18,12,21,21,16,27
380060,0,1,2000,19,19,19,19,19,19,19,19,19,19
380060,0,2,2000,0,18,14,6,25,0,0,0,22,0
380060,1,1,2000,19,19,19,19,19,19,19,19,19,19
380061,1,1,2000,24,15,16,28,26,18,26,23,11,23
380062,1,1,2000,16,16,16,16,16,16,16,16,16,16