ST_CASE,VEH_NO,PER_NO,YEAR,P1,P2,P3,P4,P5,P6,P7,P8,P9,P10
390276,1,1,2000,0,0,0,0,0,0,0,0,0,0
390277,1,1,2000,0,0,0,0,0,0,0,0,0,0
390277,2,1,2000,0,0,0,0,0,0,0,0,0,0
390278,1,1,2000,0,0,0,16,0,0,13,0,8,5
390279,1,1,2000,0,0,0,0,0,0,0,0,0,0
390279,2,1,2000,0,0,0,0,0,0,0,0,0,0
390280,1,1,2000,0,0,0,0,0,0,0,0,0,0
390281,1,1,2000,0,0,0,0,0,0,0,0,0,0
390281,2,1,2000,0,0,0,0,0,0,0,0,0,0
390281,3,1,2000,0,0,0,0,0,0,0,0,0,7
390282,1,1,2000,0,0,0,0,0,0,0,0,0,0
390282,2,1,2000,0,0,0,0,0,0,0,0,0,0
390282,3,1,2000,0,0,0,0,0,0,0,0,0,0
390282,4,1,2000,0,0,0,0,0,0,0,0,0,0
390283,1,1,2000,16,16,16,16,16,16,16,16,16,16
390284,3,1,2000,15,0,16,3,0,0,0,0,0,0
390285,0,1,2000,0,0,0,0,0,0,0,0,0,0
390285,1,1,2000,0,0,0,0,0,0,0,0,0,0
390285,2,1,2000,0,0,0,0,8,0,0,0,0,0
390286,1,1,2000,0,0,0,0,0,0,0,0,0,0
390286,2,1,2000,0,0,0,0,0,0,0,0,0,0
390287,1,1,2000,20,20,20,20,20,20,20,20,20,20
390288,1,1,2000,0,0,0,0,0,0,0,0,0,0
390289,1,1,2000,0,0,0,0,0,0,0,0,0,0
390290,0,1,2000,0,0,0,0,0,0,0,0,0,0
390290,1,1,2000,0,0,0,0,0,0,0,0,0,0
390291,1,1,2000,0,0,0,0,0,0,0,0,0,0
390292,0,1,2000,0,0,0,0,0,0,0,0,0,0
390292,0,2,2000,0,0,0,0,0,0,0,0,0,0
390292,1,1,2000,0,0,0,0,0,0,0,0,0,0
390293,1,1,2000,0,0,0,0,0,0,0,0,0,0
390293,2,1,2000,0,0,0,0,0,0,0,0,11,0
390294,1,1,2000,0,0,0,0,0,0,0,15,0,0
390294,2,1,2000,0,0,0,0,0,0,0,0,0,0
390295,1,1,2000,0,0,0,0,0,0,0,0,0,0
390295,2,1,2000,0,0,0,0,0,0,0,0,0,0
390296,1,1,2000,25,25,25,25,25,25,25,25,25,25
390297,1,1,2000,0,0,0,0,0,0,5,0,0,0
390297,2,1,2000,0,0,0,0,0,0,0,0,0,0
390298,1,1,2000,0,0,0,0,0,0,0,0,0,0
390299,1,1,2000,21,21,21,21,21,21,21,21,21,21
390300,1,1,2000,0,9,0,0,11,0,32,0,0,19
390301,1,1,2000,0,0,0,0,0,0,0,0,0,0
390301,2,1,2000,0,0,0,0,0,0,0,0,0,0
390302,1,1,2000,0,0,0,0,0,0,0,0,0,0
390302,2,1,2000,0,0,0,0,0,0,0,0,0,0
390303,1,1,2000,18,18,18,18,18,18,18,18,18,18
390304,1,1,2000,0,0,0,0,15,0,0,0,0,0
390305,1,1,2000,15,35,18,24,14,4,4,23,0,12
390306,1,1,2000,0,0,0,0,0,0,0,0,0,0
390306,2,1,2000,0,0,0,0,0,0,0,0,0,0
390307,1,1,2000,0,0,0,0,0,0,0,0,0,0
390307,2,1,2000,0,0,0,0,0,0,0,0,0,0
390308,1,1,2000,0,0,0,0,0,0,0,0,0,0
390308,2,1,2000,0,0,0,0,0,0,0,0,0,0
390309,1,1,2000,0,0,0,22,0,0,0,13,0,6
390309,2,1,2000,0,0,0,0,0,0,0,0,0,0
390310,1,1,2000,7,7,7,7,7,7,7,7,7,7
390310,2,1,2000,0,0,0,0,0,0,0,0,8,0
390311,1,1,2000,0,0,0,0,0,0,0,0,0,0
390311,2,1,2000,0,0,0,0,0,0,0,0,0,0
390311,3,1,2000,0,0,0,0,0,0,0,0,0,0
390312,1,1,2000,18,18,18,18,18,18,18,18,18,18
390313,1,1,2000,0,0,0,0,0,0,0,0,0,0
390313,2,1,2000,0,0,0,0,0,0,0,0,0,0
390314,1,1,2000,0,0,0,0,0,0,15,0,9,0
390314,2,1,2000,0,0,0,0,0,0,0,0,0,0
390315,1,1,2000,10,35,16,9,22,12,25,32,31,6
390315,2,1,2000,0,0,0,0,0,0,0,0,0,0
390316,1,1,2000,0,0,0,0,0,0,0,0,0,0
390317,1,1,2000,0,0,0,0,0,0,0,0,0,0
390317,2,1,2000,9,9,9,9,9,9,9,9,9,9
390318,1,1,2000,7,7,7,7,7,7,7,7,7,7
390319,1,1,2000,20,20,20,20,20,20,20,20,20,20
390320,1,1,2000,12,21,15,6,0,0,0,0,7,0
390321,1,1,2000,0,0,0,0,0,0,0,0,0,0
390322,1,1,2000,4,4,4,4,4,4,4,4,4,4
390322,2,1,2000,0,0,0,0,0,0,0,0,0,0
390323,1,1,2000,0,0,0,0,0,0,0,0,0,0
390324,1,1,2000,0,0,0,0,0,0,0,0,0,12
390324,2,1,2000,0,0,0,0,0,0,0,0,0,0
390325,1,1,2000,13,13,13,13,13,13,13,13,13,13
390326,1,1,2000,6,6,6,6,6,6,6,6,6,6
390326,2,1,2000,0,0,0,0,0,0,0,0,0,0
390326,3,1,2000,0,0,0,0,0,0,12,0,0,0
390327,1,1,2000,0,0,0,0,0,0,0,0,0,0
390327,2,1,2000,4,4,4,4,4,4,4,4,4,4
390328,1,1,2000,9,9,9,9,9,9,9,9,9,9
390329,1,1,2000,0,0,0,0,0,0,0,0,0,0
390329,2,1,2000,0,0,0,0,0,0,0,0,0,0
390330,1,1,2000,0,9,0,0,0,0,0,0,0,0
390331,1,1,2000,0,0,0,0,0,0,0,0,0,0
390331,2,1,2000,0,0,0,0,0,0,0,0,0,0
390332,1,1,2000,20,20,20,20,20,20,20,20,20,20
390333,1,1,2000,0,0,0,0,0,0,0,0,0,0
390333,2,1,2000,23,23,23,23,23,23,23,23,23,23
390334,1,1,2000,26,26,26,26,26,26,26,26,26,26
390335,1,1,2000,0,0,0,0,0,0,0,0,0,0
390335,2,1,2000,0,0,0,0,0,0,0,0,0,0
390335,3,1,2000,0,0,0,0,0,0,0,0,0,0
390336,1,1,2000,2,2,2,2,2,2,2,2,2,2
390336,2,1,2000,0,0,0,0,0,0,0,0,0,0
390337,1,1,2000,21,21,21,21,21,21,21,21,21,21
390338,1,1,2000,0,0,0,0,0,0,0,0,0,0
390338,2,1,2000,0,0,0,0,0,0,0,0,6,0
390339,1,1,2000,6,6,6,6,6,6,6,6,6,6
390339,2,1,2000,11,11,11,11,11,11,11,11,11,11
390340,1,1,2000,14,14,14,14,14,14,14,14,14,14
390341,1,1,2000,16,16,16,16,16,16,16,16,16,16
390342,1,1,2000,0,0,0,0,0,0,0,0,0,0
390342,2,1,2000,14,14,14,14,14,14,14,14,14,14
390343,1,1,2000,0,0,0,0,0,0,0,0,0,0
390343,2,1,2000,0,0,0,0,0,0,0,0,0,0
390344,1,1,2000,11,0,21,10,10,18,26,23,15,6
390345,0,1,2000,1,1,1,1,1,1,1,1,1,1
390345,1,1,2000,0,0,0,0,0,0,0,0,0,0
390346,1,1,2000,0,14,13,12,19,17,21,11,0,0
390347,1,1,2000,0,0,0,0,0,0,0,0,0,0
390347,2,1,2000,0,0,0,0,0,0,0,0,0,0
390348,1,1,2000,23,23,23,23,23,23,23,23,23,23
390349,1,1,2000,12,12,12,12,12,12,12,12,12,12
390350,1,1,2000,0,0,0,0,0,0,0,0,0,0
390350,2,1,2000,4,4,4,4,4,4,4,4,4,4
390351,1,1,2000,0,0,0,0,0,0,0,0,0,0
390351,2,1,2000,0,0,0,0,0,0,0,0,0,0
390352,1,1,2000,0,0,0,0,0,0,0,0,0,0
390353,1,1,2000,13,13,13,13,13,13,13,13,13,13
390353,2,1,2000,0,0,0,0,0,0,0,0,0,0
390353,3,1,2000,0,0,0,0,0,0,0,0,0,0
390354,0,1,2000,16,16,16,16,16,16,16,16,16,16
390354,1,1,2000,0,0,0,0,0,0,20,0,0,0
390355,1,1,2000,14,14,14,14,14,14,14,14,14,14
390356,1,1,2000,0,12,0,12,0,0,7,18,6,8
390356,2,1,2000,13,0,0,0,12,0,0,0,0,20
390357,1,1,2000,17,17,17,17,17,17,17,17,17,17
390358,1,1,2000,0,0,0,0,0,0,0,0,0,0
390358,2,1,2000,16,16,16,16,16,16,16,16,16,16
390359,1,1,2000,0,0,0,0,0,0,0,0,0,0
390359,2,1,2000,0,0,15,30,0,0,0,0,0,19
390359,3,1,2000,0,0,0,0,0,0,0,0,0,0
390360,0,1,2000,0,0,0,0,0,0,0,0,0,0
390360,1,1,2000,0,0,8,0,0,0,0,0,0,0
390361,1,1,2000,32,32,32,32,32,32,32,32,32,32
390362,1,1,2000,0,0,0,0,0,0,0,0,0,0
390363,0,1,2000,0,0,0,0,0,0,0,0,0,0
390363,1,1,2000,0,0,0,0,0,6,0,0,0,0
390364,1,1,2000,0,0,0,0,0,0,0,0,0,0
390365,1,1,2000,0,0,0,0,0,0,0,0,0,0
390365,2,1,2000,0,0,0,0,0,10,0,0,11,6
390366,1,1,2000,0,0,16,0,0,15,0,0,0,0
390367,1,1,2000,0,0,0,21,0,0,0,0,23,7
390367,2,1,2000,0,11,0,0,0,21,0,0,0,0
390368,1,1,2000,16,16,16,16,16,16,16,16,16,16
390369,1,1,2000,16,16,16,16,16,16,16,16,16,16
390370,1,1,2000,18,0,0,0,0,0,0,0,0,0
390370,2,1,2000,0,0,0,0,13,0,0,0,0,0
390371,1,1,2000,0,0,0,0,0,11,0,0,0,7
390372,1,1,2000,8,8,8,8,8,8,8,8,8,8
390373,1,1,2000,28,28,28,28,28,28,28,28,28,28
390374,1,1,2000,0,0,0,0,0,0,0,0,0,0
390375,1,1,2000,0,0,0,0,0,0,0,0,0,0
390375,2,1,2000,0,0,0,0,0,0,0,0,3,6
390376,0,1,2000,0,0,0,0,0,0,0,0,0,0
390376,1,1,2000,0,0,0,0,0,0,0,0,0,0
390377,1,1,2000,0,0,0,0,0,0,0,0,0,0
390377,2,1,2000,0,0,0,0,0,0,0,0,0,0
390378,1,1,2000,0,0,0,0,0,0,0,0,0,0
390378,2,1,2000,0,0,0,0,0,0,0,0,0,0
390379,1,1,2000,0,0,0,0,0,0,7,0,0,0
390379,2,1,2000,11,11,11,11,11,11,11,11,11,11
390380,0,1,2000,0,0,0,0,5,0,0,0,0,0
390380,1,1,2000,13,4,0,0,0,0,0,0,0,0
390381,1,1,2000,0,0,0,0,0,0,0,0,0,0
390381,2,1,2000,0,0,0,0,0,0,0,0,0,0
390382,0,1,2000,0,0,0,0,0,0,0,0,0,0
390382,1,1,2000,0,0,0,0,0,0,0,0,0,0
390383,1,1,2000,32,32,32,32,32,32,32,32,32,32
390384,1,1,2000,0,0,0,0,0,0,0,0,0,0
390384,2,1,2000,0,0,0,0,0,0,0,0,0,0
390385,1,1,2000,0,0,0,0,0,0,0,0,0,0
390385,2,1,2000,0,0,0,0,0,0,0,0,0,0
390386,1,1,2000,17,17,17,17,17,17,17,17,17,17
390387,1,1,2000,0,0,0,0,0,0,0,0,0,0
390387,2,1,2000,0,12,32,0,0,0,0,0,0,0
390388,0,1,2000,25,0,32,0,0,0,0,0,7,0
390388,1,1,2000,0,0,0,0,0,0,0,0,0,0
390389,1,1,2000,0,0,0,0,0,0,0,0,0,0
390389,2,1,2000,7,0,0,0,0,0,0,0,0,0
390390,1,1,2000,30,28,26,15,8,6,11,14,23,23
390391,1,1,2000,0,0,0,0,0,0,0,0,0,0
390391,2,1,2000,0,0,0,0,0,0,2,3,0,0
390392,1,1,2000,0,0,0,0,0,0,0,0,0,0
390392,2,1,2000,1,1,1,1,1,1,1,1,1,1
390393,1,1,2000,15,15,15,15,15,15,15,15,15,15
390393,2,1,2000,0,0,0,0,0,0,12,0,0,0
390394,1,1,2000,0,0,0,0,4,0,0,0,0,0
390394,2,1,2000,27,0,18,0,24,21,0,0,0,0
390395,1,1,2000,28,28,28,28,28,28,28,28,28,28
390396,1,1,2000,0,0,0,0,0,0,0,0,0,0
390396,2,1,2000,0,0,0,0,0,0,0,0,0,0
390397,1,1,2000,27,9,0,0,0,20,0,0,0,13
390397,2,1,2000,18,18,18,18,18,18,18,18,18,18
390398,1,1,2000,0,0,0,0,0,0,0,0,0,0
390398,2,1,2000,0,0,0,0,18,0,0,0,7,0
390399,1,1,2000,0,0,0,0,0,0,0,21,0,0
390399,2,1,2000,1,1,1,1,1,1,1,1,1,1
390400,1,1,2000,0,0,0,0,0,0,0,0,0,0
390400,2,1,2000,5,0,0,0,10,0,11,12,0,0
390401,1,1,2000,14,14,14,14,14,14,14,14,14,14
390402,0,1,2000,16,0,23,14,27,25,0,16,24,0
390402,1,1,2000,0,9,10,0,0,0,0,0,0,0
390403,1,1,2000,0,0,0,0,0,0,0,0,0,0
390403,2,1,2000,0,0,0,0,0,0,0,0,0,0
390403,3,1,2000,0,0,0,0,0,0,0,0,0,0
390404,1,1,2000,9,9,9,9,9,9,9,9,9,9
390405,1,1,2000,0,0,0,0,0,0,0,0,0,0
390405,2,1,2000,0,0,0,0,0,0,0,0,0,0
390406,1,1,2000,27,27,27,27,27,27,27,27,27,27
390407,1,1,2000,3,3,3,3,3,3,3,3,3,3
390407,2,1,2000,0,0,0,0,0,0,0,0,0,0
390408,1,1,2000,0,0,0,0,0,0,0,0,0,0
390408,2,1,2000,0,0,0,0,0,0,0,0,0,0
390409,1,1,2000,0,0,0,0,0,0,0,0,0,0
390410,1,1,2000,0,0,0,0,0,0,0,0,0,0
390410,2,1,2000,0,0,0,0,0,0,0,0,0,0
390411,1,1,2000,0,0,0,0,0,0,0,0,0,0
390411,2,1,2000,0,0,0,0,0,0,0,0,0,0
390411,3,1,2000,0,0,0,0,0,0,0,0,0,0
390412,1,1,2000,0,0,0,0,0,0,0,0,0,0
390413,1,1,2000,3,0,0,0,40,0,5,7,0,15
390414,1,1,2000,23,23,23,23,23,23,23,23,23,23
390415,1,1,2000,9,9,9,9,9,9,9,9,9,9
390416,1,1,2000,0,0,0,0,0,0,0,0,0,0
390417,1,1,2000,0,0,0,0,0,0,0,0,0,0
390417,2,1,2000,0,0,0,0,0,0,0,0,15,0
390417,3,1,2000,0,0,17,0,12,0,13,0,0,0
390418,1,1,2000,0,0,0,0,0,0,0,0,0,0
390418,2,1,2000,0,0,0,0,0,0,0,0,0,0
390419,1,1,2000,0,0,0,0,0,0,0,0,0,0
390420,1,1,2000,0,0,0,0,0,0,0,0,0,0
390420,2,1,2000,0,0,0,0,0,0,0,0,0,0
390420,3,1,2000,0,0,0,0,0,0,0,8,0,0
390421,1,1,2000,22,22,22,22,22,22,22,22,22,22
390421,2,1,2000,0,0,0,0,0,0,0,0,0,0
390422,1,1,2000,0,0,0,0,0,0,0,0,0,0
390423,0,1,2000,0,0,0,0,0,0,0,0,0,0
390423,1,1,2000,0,0,0,0,0,0,0,0,0,0
390424,1,1,2000,17,17,17,17,17,17,17,17,17,17
390425,1,1,2000,26,26,26,26,26,26,26,26,26,26
390426,1,1,2000,0,0,0,0,0,0,0,0,0,0
390427,1,1,2000,0,0,0,0,0,0,0,0,0,0
390427,2,1,2000,0,0,0,0,0,0,0,0,0,21
390427,3,1,2000,0,0,0,0,0,0,0,0,0,0
390428,0,1,2000,0,0,0,0,0,34,0,0,0,0
390428,0,2,2000,0,0,0,0,0,0,0,0,0,0
390428,1,1,2000,0,0,11,0,16,0,0,0,0,0
390429,1,1,2000,21,21,21,21,21,21,21,21,21,21
390429,2,1,2000,0,0,0,0,0,0,0,0,0,0
390430,1,1,2000,0,0,0,0,0,0,0,0,0,0
390431,1,1,2000,0,0,0,0,0,0,0,10,0,0
390431,2,1,2000,6,0,0,0,0,0,0,0,0,0
390432,1,1,2000,16,6,0,0,18,0,0,0,0,0
390433,1,1,2000,0,0,0,0,0,0,0,0,0,0
390434,1,1,2000,20,20,20,20,20,20,20,20,20,20
390434,2,1,2000,0,0,0,0,0,0,0,0,0,0
390435,1,1,2000,0,0,0,0,0,0,0,0,0,0
390435,2,1,2000,0,0,0,0,0,0,0,0,0,0
390436,1,1,2000,0,0,0,0,0,0,0,0,0,0
390436,2,1,2000,0,0,0,0,0,0,0,0,0,0
390437,1,1,2000,0,0,0,0,0,0,0,0,0,0
390437,2,1,2000,0,0,0,0,0,0,0,0,0,0
390438,1,1,2000,26,26,26,26,26,26,26,26,26,26
390439,1,1,2000,0,0,0,0,0,0,0,0,0,0
390439,2,1,2000,0,0,0,0,0,0,0,0,0,0
390440,1,1,2000,0,0,0,0,0,0,0,0,0,0
390441,1,1,2000,0,0,0,0,0,0,0,0,0,0
390442,1,1,2000,0,0,0,0,0,0,0,0,0,0
390442,2,1,2000,0,0,0,0,0,0,0,0,0,0
390443,1,1,2000,0,0,0,0,0,0,0,0,0,0
390443,2,1,2000,0,16,0,0,0,0,0,0,0,0
390444,1,1,2000,0,0,0,0,0,0,0,0,0,0
390445,1,1,2000,0,0,0,0,0,0,0,0,0,0
390446,1,1,2000,14,14,14,14,14,14,14,14,14,14
390447,1,1,2000,25,25,25,25,25,25,25,25,25,25
390447,2,1,2000,0,0,0,0,0,0,0,0,0,0
390448,1,1,2000,0,0,0,0,0,0,0,9,0,0
390448,2,1,2000,0,0,0,0,0,0,0,0,0,0
390449,1,1,2000,0,0,0,0,0,0,0,0,0,0
390450,1,1,2000,0,0,0,0,0,0,0,0,0,0
390450,2,1,2000,6,6,6,6,6,6,6,6,6,6
390451,1,1,2000,0,0,0,0,0,0,0,0,0,0
390451,2,1,2000,0,0,0,0,0,0,0,0,0,0
390452,1,1,2000,0,25,0,25,0,0,32,0,21,12
390453,1,1,2000,17,17,17,17,17,17,17,17,17,17
390454,1,1,2000,0,0,0,32,0,13,0,0,11,0
390454,2,1,2000,0,0,0,0,0,0,0,0,0,0
390455,1,1,2000,0,0,0,0,0,0,0,0,0,0
390455,2,1,2000,0,0,0,0,0,0,0,0,0,0
390456,1,1,2000,0,0,0,0,0,0,0,0,0,0
390457,1,1,2000,0,0,0,0,0,0,0,0,0,0
390457,2,1,2000,0,0,0,0,0,0,0,0,0,0
390457,3,1,2000,0,0,0,0,0,0,0,0,0,0
390458,1,1,2000,0,0,0,0,0,0,0,0,0,0
390458,2,1,2000,0,0,0,0,0,0,0,0,0,0
390458,3,1,2000,0,0,0,0,0,0,0,0,0,0
390458,4,1,2000,0,0,0,0,0,0,0,0,0,0
390459,1,1,2000,0,0,18,0,0,0,14,16,0,22
390460,0,1,2000,8,10,14,12,27,10,31,25,35,34
390460,1,1,2000,0,11,0,0,0,0,0,0,13,0
390461,1,1,2000,0,0,0,0,0,0,0,0,0,0
390462,1,1,2000,0,0,0,0,0,0,0,0,0,0
390462,2,1,2000,0,0,0,0,0,0,0,0,0,0
390463,1,1,2000,0,0,0,0,0,0,0,0,0,0
390463,2,1,2000,0,0,0,0,0,0,0,0,0,0
390463,3,1,2000,0,0,0,0,0,0,0,0,0,0
390464,1,1,2000,0,0,0,0,0,0,0,0,0,0
390464,2,1,2000,0,0,0,0,0,0,0,0,0,0
390465,0,1,2000,61,18,26,30,26,39,5,32,26,25
390465,1,1,2000,0,0,0,0,0,0,0,0,0,0
390466,1,1,2000,0,0,0,0,0,0,0,0,0,0
390466,2,1,2000,0,0,0,0,0,0,0,0,0,0
390467,1,1,2000,30,29,23,26,15,0,9,35,0,30
390468,1,1,2000,0,0,0,0,0,0,0,0,0,0
390469,1,1,2000,0,0,0,0,0,0,0,0,0,0
390469,2,1,2000,0,0,0,0,0,0,0,0,0,0
390470,1,1,2000,0,0,0,0,0,0,0,0,0,0
390472,1,1,2000,24,24,24,24,24,24,24,24,24,24
390473,1,1,2000,0,0,0,0,0,0,0,0,0,0
390473,2,1,2000,0,0,0,0,0,0,0,0,0,0
390474,0,1,2000,0,0,0,0,0,0,0,0,0,0
390474,1,1,2000,0,0,0,0,0,0,0,0,0,0
390475,1,1,2000,0,0,0,0,0,0,0,0,9,0
390476,0,1,2000,0,0,0,0,0,0,0,0,0,0
390476,1,1,2000,0,0,8,0,0,0,0,0,0,0
390477,1,1,2000,0,0,0,0,0,0,0,0,0,0
390477,2,1,2000,0,0,0,0,0,0,0,0,0,0
390478,0,1,2000,4,0,26,0,0,0,26,0,0,17
390478,1,1,2000,0,0,0,0,0,0,0,0,0,0
390479,1,1,2000,7,7,7,7,7,7,7,7,7,7
390480,1,1,2000,0,0,0,0,0,0,0,0,0,0
390481,1,1,2000,0,0,0,0,0,5,0,14,0,0
390481,2,1,2000,0,0,0,0,0,0,0,0,0,0
390482,1,1,2000,12,0,0,11,0,12,0,0,0,0
390483,1,1,2000,0,0,0,0,0,0,0,0,0,0
390484,1,1,2000,20,20,20,20,20,20,20,20,20,20
390485,1,1,2000,0,0,0,0,0,0,0,0,0,0
390485,2,1,2000,0,0,0,0,0,0,0,0,0,0
390486,1,1,2000,22,22,22,22,22,22,22,22,22,22
390487,0,1,2000,26,0,0,0,0,0,0,0,0,0
390487,1,1,2000,0,0,0,0,0,0,0,0,0,0
390488,1,1,2000,0,0,0,0,0,0,0,0,0,0
390488,2,1,2000,0,0,0,0,0,0,0,0,0,0
390489,0,1,2000,0,0,0,0,0,0,0,0,0,0
390489,1,1,2000,0,0,0,0,0,0,0,0,0,0
390490,0,1,2000,0,0,0,0,0,0,0,0,0,0
390490,1,1,2000,19,3,7,16,7,29,5,23,9,16
390491,1,1,2000,19,19,19,19,19,19,19,19,19,19
390492,1,1,2000,11,11,11,11,11,11,11,11,11,11
390495,0,1,2000,0,0,0,0,0,0,0,0,0,0
390495,1,1,2000,0,0,0,0,0,0,0,0,0,0
390496,1,1,2000,0,0,0,0,0,0,12,0,0,0
390496,2,1,2000,0,0,0,0,6,0,0,0,0,0
390497,1,1,2000,2,0,0,0,0,5,0,0,0,0
390497,2,1,2000,0,0,13,0,9,0,0,0,29,0
390498,1,1,2000,0,0,0,0,0,0,0,0,0,0
390499,1,1,2000,0,0,0,0,0,0,0,24,0,0
390500,1,1,2000,16,16,16,16,16,16,16,16,16,16
390501,1,1,2000,13,13,13,13,13,13,13,13,13,13
390502,1,1,2000,9,9,9,9,9,9,9,9,9,9
390502,2,1,2000,0,0,0,0,0,0,0,0,0,0
390504,1,1,2000,10,10,10,10,10,10,10,10,10,10
390505,1,1,2000,0,0,0,0,0,0,0,0,0,0
390505,2,1,2000,0,0,0,0,0,0,0,0,0,0
390506,1,1,2000,0,0,0,0,0,0,0,0,0,16
390506,2,1,2000,0,0,0,0,0,0,0,0,0,0
390507,1,1,2000,23,23,23,23,23,23,23,23,23,23
390508,1,1,2000,0,0,0,0,0,0,0,0,0,0
390508,2,1,2000,0,0,0,0,0,0,0,0,0,0
390508,3,1,2000,0,0,0,0,0,0,0,0,2,0
390509,0,1,2000,11,0,0,0,23,12,33,26,0,0
390509,1,1,2000,0,0,0,0,0,0,0,0,0,0
390510,0,1,2000,0,24,0,0,0,0,0,0,0,0
390510,0,2,2000,0,0,0,0,0,0,0,0,0,0
390510,1,1,2000,8,8,8,8,8,8,8,8,8,8
390511,1,1,2000,0,0,0,0,0,0,0,0,0,0
390512,0,1,2000,0,0,0,0,0,8,0,0,22,0
390512,0,2,2000,0,0,12,0,0,2,0,0,0,0
390512,1,1,2000,0,0,0,0,0,0,0,0,0,0
390513,0,1,2000,33,33,33,33,33,33,33,33,33,33
390513,1,1,2000,0,0,0,0,0,0,0,0,0,0
390514,1,1,2000,3,3,3,3,3,3,3,3,3,3
390515,1,1,2000,0,0,0,0,0,0,0,0,0,0
390515,2,1,2000,0,0,0,0,0,0,0,0,0,0
390516,1,1,2000,0,0,0,0,0,0,0,0,0,0
390517,1,1,2000,0,0,0,0,0,0,0,0,9,0
390517,2,1,2000,15,15,15,15,15,15,15,15,15,15
390518,1,1,2000,0,0,0,0,0,0,0,0,0,0
390519,1,1,2000,0,0,0,0,0,0,0,0,0,0
390520,1,1,2000,0,0,0,0,0,0,0,0,0,0
390520,2,1,2000,0,0,0,0,0,0,0,0,0,0
390521,1,1,2000,19,0,0,0,0,0,0,0,0,0
390521,2,1,2000,17,0,0,0,18,0,0,0,0,9
390522,1,1,2000,0,0,0,0,0,0,0,0,0,0
390522,2,1,2000,0,0,0,0,0,0,0,0,0,0
390523,1,1,2000,0,0,0,0,0,0,0,0,0,0
390523,2,1,2000,0,0,0,0,0,0,0,0,0,0
390524,1,1,2000,0,0,0,0,0,0,0,0,0,0
390524,2,1,2000,12,0,0,11,0,0,0,0,0,0
390525,1,1,2000,0,0,0,0,0,0,0,0,0,0
390525,2,1,2000,0,0,0,0,0,0,0,0,0,0
390526,1,1,2000,0,0,0,0,0,0,0,0,0,0
390527,1,1,2000,0,0,0,0,0,0,0,0,0,0
390527,2,1,2000,0,28,16,0,16,0,7,25,0,0
390528,1,1,2000,0,0,0,0,0,0,0,0,0,0
390528,2,1,2000,0,0,0,0,0,0,0,0,0,0
390529,1,1,2000,0,0,0,0,0,0,0,0,0,0
390530,1,1,2000,0,0,0,0,0,0,0,0,0,0
390530,2,1,2000,0,0,17,0,0,4,0,0,0,0
390531,0,1,2000,28,28,28,28,28,28,28,28,28,28
390531,1,1,2000,0,0,0,0,0,0,0,0,0,0
390532,1,1,2000,0,3,6,0,10,16,23,25,19,0
390533,1,1,2000,0,0,0,0,0,0,0,21,0,0
390534,1,1,2000,15,15,15,15,15,15,15,15,15,15
390535,1,1,2000,0,0,0,0,0,0,0,0,0,0
390535,2,1,2000,0,0,0,0,0,0,0,0,0,0
390536,1,1,2000,0,0,0,0,0,0,0,0,0,0
390536,2,1,2000,0,0,0,0,0,0,0,0,0,0
390537,0,1,2000,0,0,0,0,0,0,0,0,0,0
390537,1,1,2000,0,0,14,16,0,0,29,0,0,0
390538,1,1,2000,0,0,0,0,0,0,0,0,0,0
390538,2,1,2000,0,0,0,0,0,0,0,0,0,0
390539,1,1,2000,0,0,0,0,0,0,0,0,0,0
390539,2,1,2000,0,0,0,0,0,0,0,0,0,0
390539,3,1,2000,0,0,0,0,0,0,0,0,0,0
390539,4,1,2000,0,0,0,0,0,0,0,0,0,0
390540,1,1,2000,14,14,14,14,14,14,14,14,14,14
390541,1,1,2000,23,23,23,23,23,23,23,23,23,23
390542,1,1,2000,10,10,10,10,10,10,10,10,10,10
390543,1,1,2000,0,0,0,0,0,0,0,0,0,0
390544,0,1,2000,0,0,0,0,0,0,41,0,0,13
390544,1,1,2000,0,0,0,0,0,0,0,0,0,0
390545,1,1,2000,0,0,0,0,0,0,0,0,0,0
390546,1,1,2000,0,0,0,0,0,0,0,0,0,0
390547,1,1,2000,0,0,0,0,0,0,0,0,0,0
390547,2,1,2000,0,0,0,0,0,0,0,0,0,0
390548,1,1,2000,0,0,0,0,0,0,0,0,0,0
390548,2,1,2000,15,0,0,0,0,0,5,0,0,11
390549,0,1,2000,0,0,0,0,0,0,0,0,0,0
390549,1,1,2000,4,4,4,4,4,4,4,4,4,4
390550,1,1,2000,0,0,0,0,0,0,0,0,0,0
390551,1,1,2000,0,0,0,0,0,0,0,0,0,0
390552,1,1,2000,0,0,0,20,11,0,6,19,0,0
390552,2,1,2000,0,0,3,0,0,0,13,0,0,0
390553,1,1,2000,0,0,0,0,0,0,0,0,0,0
390553,2,1,2000,0,0,0,0,0,0,0,0,0,0
390554,1,1,2000,0,0,0,0,0,0,0,0,0,0
390554,2,1,2000,0,0,0,0,0,0,0,0,0,0
390555,1,1,2000,0,0,0,0,0,0,0,0,0,0
390555,2,1,2000,0,0,0,0,0,0,0,0,0,0
390556,1,1,2000,22,35,20,8,16,3,20,29,11,3
390557,1,1,2000,0,24,0,0,0,0,0,0,0,0
390557,2,1,2000,0,0,0,0,0,0,0,0,0,0
390557,3,1,2000,0,0,0,0,0,0,0,0,0,0
390558,1,1,2000,0,0,0,0,0,0,0,0,0,0
390558,2,1,2000,0,0,0,0,0,0,0,0,0,0
390558,3,1,2000,0,0,0,4,0,0,0,0,0,0