ST_CASE,VEH_NO,PER_NO,YEAR,P1,P2,P3,P4,P5,P6,P7,P8,P9,P10
390559,0,1,2000,0,18,9,18,19,9,16,37,47,0
390559,1,1,2000,6,6,6,6,6,6,6,6,6,6
390560,1,1,2000,0,0,0,0,0,0,0,0,0,0
390560,2,1,2000,0,0,7,2,0,0,0,0,0,6
390561,1,1,2000,0,0,0,0,0,0,0,0,0,0
390562,1,1,2000,0,0,0,0,0,12,0,0,0,9
390563,1,1,2000,0,12,0,0,0,0,0,0,0,0
390564,1,1,2000,0,0,0,0,0,0,0,0,0,0
390564,2,1,2000,25,25,25,25,25,25,25,25,25,25
390565,1,1,2000,0,0,0,0,0,0,0,0,0,0
390565,2,1,2000,0,0,0,0,0,0,0,0,0,0
390566,1,1,2000,0,0,0,0,0,0,0,0,0,0
390566,2,1,2000,15,0,0,0,0,0,0,0,0,0
390566,3,1,2000,0,0,0,0,0,0,0,0,0,0
390567,1,1,2000,0,0,0,0,0,0,0,0,0,0
390568,1,1,2000,0,0,0,0,0,0,0,0,0,0
390569,1,1,2000,0,0,0,0,0,0,0,0,0,0
390569,2,1,2000,0,0,0,0,0,0,0,0,0,0
390571,0,1,2000,0,0,0,0,0,0,0,0,0,0
390571,1,1,2000,0,19,0,0,0,0,0,0,0,0
390572,1,1,2000,0,0,0,0,0,0,0,0,0,0
390572,2,1,2000,0,0,0,0,0,0,0,0,0,0
390573,1,1,2000,0,0,0,0,0,0,0,0,0,0
390573,2,1,2000,0,0,0,0,0,0,0,0,0,0
390574,1,1,2000,0,0,0,0,0,0,0,0,0,0
390574,2,1,2000,0,0,0,0,0,0,0,0,0,0
390575,1,1,2000,0,0,0,0,0,0,0,0,0,0
390575,2,1,2000,23,23,23,23,23,23,23,23,23,23
390576,1,1,2000,7,7,7,7,7,7,7,7,7,7
390577,0,1,2000,0,0,0,0,0,0,0,0,0,0
390577,1,1,2000,0,0,0,0,0,0,0,0,0,0
390579,1,1,2000,9,9,9,9,9,9,9,9,9,9
390581,1,1,2000,0,0,0,0,0,0,0,0,0,0
390581,2,1,2000,0,0,0,0,0,0,0,0,0,0
390582,1,1,2000,0,0,0,0,0,0,0,0,0,0
390582,2,1,2000,0,0,0,0,0,0,0,0,0,0
390582,3,1,2000,0,0,0,0,0,0,0,0,0,0
390583,0,1,2000,0,0,0,0,0,0,0,0,0,0
390583,1,1,2000,0,0,0,0,0,0,0,0,0,0
390584,1,1,2000,0,0,0,0,0,0,0,0,0,0
390584,2,1,2000,14,0,21,0,0,15,0,11,10,15
390585,0,1,2000,0,0,6,18,0,0,11,0,0,38
390585,1,1,2000,0,0,0,0,0,0,0,0,0,0
390586,0,1,2000,0,0,0,0,0,0,0,0,0,0
390586,0,2,2000,0,0,0,28,0,0,0,0,0,0
390586,0,3,2000,5,0,0,0,0,0,0,0,0,14
390586,1,1,2000,0,0,0,0,0,0,0,0,0,0
390587,1,1,2000,0,10,0,0,0,0,0,0,0,0
390587,2,1,2000,0,0,0,0,0,0,0,0,0,0
390588,1,1,2000,25,25,25,25,25,25,25,25,25,25
390588,2,1,2000,0,0,0,12,14,0,14,0,0,17
390589,1,1,2000,0,0,0,0,0,0,0,0,0,0
390590,1,1,2000,0,0,0,0,0,0,0,0,0,0
390590,2,1,2000,0,0,0,0,0,0,0,0,0,0
390591,1,1,2000,0,0,0,0,0,0,0,0,0,0
390591,2,1,2000,0,0,0,0,0,0,0,0,0,0
390592,1,1,2000,0,0,0,0,0,0,0,0,0,0
390592,2,1,2000,19,19,19,19,19,19,19,19,19,19
390593,1,1,2000,0,0,0,0,0,0,0,0,6,0
390593,2,1,2000,0,0,0,0,28,0,0,0,0,0
390594,1,1,2000,19,19,19,19,19,19,19,19,19,19
390595,1,1,2000,12,12,12,12,12,12,12,12,12,12
390595,2,1,2000,0,0,0,0,0,0,0,0,0,0
390596,1,1,2000,0,0,0,0,16,12,0,0,20,0
390597,1,1,2000,30,30,30,30,30,30,30,30,30,30
390598,1,1,2000,0,0,0,0,0,0,0,0,0,0
390598,2,1,2000,0,0,0,0,0,0,0,0,0,0
390599,1,1,2000,0,0,0,0,0,0,0,0,0,0
390599,2,1,2000,0,0,0,0,0,0,0,0,0,0
390600,1,1,2000,0,0,0,0,0,0,0,0,0,0
390600,2,1,2000,18,0,0,0,0,0,0,0,0,27
390601,1,1,2000,13,13,13,13,13,13,13,13,13,13
390602,1,1,2000,0,0,0,0,0,0,0,0,0,0
390602,2,1,2000,35,35,35,35,35,35,35,35,35,35
390603,1,1,2000,0,16,16,0,0,0,32,0,29,11
390604,1,1,2000,10,10,10,10,10,10,10,10,10,10
390605,1,1,2000,0,0,5,0,0,0,0,0,0,0
390605,2,1,2000,0,0,0,0,0,0,0,0,0,0
390605,3,1,2000,0,0,0,0,0,0,0,0,0,0
390605,4,1,2000,0,0,0,0,13,0,0,0,0,0
390606,1,1,2000,31,31,31,31,31,31,31,31,31,31
390607,0,1,2000,7,11,22,6,44,36,21,36,19,8
390607,1,1,2000,0,0,0,0,0,0,0,0,0,0
390608,1,1,2000,0,0,0,0,0,0,0,13,0,2
390609,1,1,2000,0,0,19,0,0,0,8,0,19,0
390609,2,1,2000,0,0,0,0,0,0,0,0,0,0
390610,1,1,2000,23,23,23,23,23,23,23,23,23,23
390611,1,1,2000,25,25,25,25,25,25,25,25,25,25
390611,2,1,2000,19,0,0,0,0,0,0,0,0,0
390611,3,1,2000,0,0,0,0,0,0,0,0,0,0
390612,1,1,2000,0,0,0,0,0,0,0,0,0,0
390612,2,1,2000,0,0,0,0,0,0,0,0,0,0
390612,3,1,2000,0,0,0,0,0,0,0,0,0,0
390613,1,1,2000,0,0,0,0,0,0,0,0,0,0
390614,1,1,2000,0,0,0,0,0,0,0,0,0,0
390614,2,1,2000,0,0,0,0,0,0,0,0,0,0
390615,1,1,2000,0,0,0,0,0,0,0,0,0,0
390616,1,1,2000,20,20,20,20,20,20,20,20,20,20
390617,1,1,2000,9,9,9,9,9,9,9,9,9,9
390618,1,1,2000,26,26,26,26,26,26,26,26,26,26
390619,1,1,2000,0,0,0,0,0,0,0,0,0,0
390620,1,1,2000,0,0,0,5,0,0,31,0,0,0
390621,1,1,2000,12,12,12,12,12,12,12,12,12,12
390622,1,1,2000,0,0,0,0,0,0,0,0,0,0
390623,1,1,2000,0,0,0,0,0,0,0,0,0,0
390623,2,1,2000,0,0,0,0,0,0,0,0,0,0
390624,1,1,2000,0,0,0,0,0,0,0,0,0,0
390624,2,1,2000,0,0,15,0,0,0,0,0,0,0
390624,3,1,2000,0,0,0,0,3,0,0,0,0,0
390624,4,1,2000,0,0,0,0,0,0,0,0,0,0
390624,5,1,2000,0,0,0,0,0,0,0,0,0,0
390625,1,1,2000,0,0,0,0,0,0,6,0,0,0
390625,2,1,2000,0,0,0,0,0,0,0,0,0,0
390626,1,1,2000,0,0,0,0,0,0,0,0,0,0
390626,2,1,2000,0,0,0,0,0,0,0,0,0,0
390626,3,1,2000,0,0,0,0,0,0,0,0,0,0
390626,4,1,2000,0,0,0,0,0,0,0,0,0,0
390626,5,1,2000,0,0,0,0,0,0,0,0,0,0
390627,0,1,2000,0,0,0,0,0,0,0,0,0,0
390627,1,1,2000,0,0,0,0,0,0,0,0,0,0
390628,1,1,2000,0,0,0,12,0,0,0,0,0,0
390629,0,1,2000,0,0,0,0,0,0,0,0,0,0
390629,3,1,2000,0,0,0,0,0,0,0,19,0,0
390630,1,1,2000,23,23,23,23,23,23,23,23,23,23
390631,1,1,2000,25,25,25,25,25,25,25,25,25,25
390631,2,1,2000,19,19,19,19,19,19,19,19,19,19
390632,1,1,2000,0,0,0,0,0,0,0,0,0,0
390632,2,1,2000,0,0,0,0,0,0,0,0,0,0
390632,3,1,2000,0,0,0,0,0,0,0,0,0,0
390633,1,1,2000,0,0,9,0,8,0,10,0,6,0
390634,1,1,2000,0,0,0,0,0,9,0,0,0,0
390635,1,1,2000,22,22,22,22,22,22,22,22,22,22
390636,1,1,2000,20,20,20,20,20,20,20,20,20,20
390636,2,1,2000,0,0,0,0,0,0,0,0,0,0
390637,0,1,2000,0,0,0,0,0,0,0,0,0,0
390637,1,1,2000,0,0,0,0,0,0,0,0,0,0
390638,1,1,2000,4,0,0,0,0,0,5,0,0,0
390638,2,1,2000,0,0,0,0,0,0,0,0,0,0
390639,1,1,2000,20,20,20,20,20,20,20,20,20,20
390640,1,1,2000,24,24,24,24,24,24,24,24,24,24
390641,1,1,2000,0,0,0,0,0,0,0,0,0,0
390641,2,1,2000,1,1,1,1,1,1,1,1,1,1
390642,1,1,2000,21,21,21,21,21,21,21,21,21,21
390642,2,1,2000,0,0,4,26,0,0,0,0,0,0
390643,1,1,2000,17,17,17,17,17,17,17,17,17,17
390644,1,1,2000,8,8,8,8,8,8,8,8,8,8
390644,2,1,2000,19,9,16,13,0,0,15,0,0,0
390645,1,1,2000,0,0,0,0,0,0,0,0,0,0
390645,2,1,2000,0,0,0,0,0,0,0,0,0,0
390645,3,1,2000,0,0,0,0,0,0,0,0,0,0
390645,4,1,2000,0,0,0,0,0,0,11,0,0,0
390646,1,1,2000,0,0,0,0,0,0,0,0,0,0
390647,1,1,2000,0,0,0,0,0,0,0,0,0,0
390647,2,1,2000,0,0,0,0,0,0,0,0,0,0
390648,1,1,2000,15,0,0,0,0,0,0,0,0,0
390648,2,1,2000,0,0,0,13,0,0,0,0,0,9
390649,1,1,2000,0,0,0,0,0,0,0,0,0,0
390650,1,1,2000,0,0,0,0,0,0,0,0,0,0
390651,1,1,2000,13,13,13,13,13,13,13,13,13,13
390652,1,1,2000,17,17,17,17,17,17,17,17,17,17
390653,1,1,2000,0,0,0,0,0,0,0,0,0,0
390653,2,1,2000,32,32,32,32,32,32,32,32,32,32
390654,1,1,2000,0,0,0,0,0,0,0,0,0,0
390654,2,1,2000,0,0,0,0,0,0,0,0,0,0
390654,3,1,2000,0,0,0,0,0,0,0,0,0,0
390655,1,1,2000,0,0,0,0,0,0,0,0,0,0
390655,2,1,2000,0,0,0,0,0,0,0,0,0,0
390655,3,1,2000,0,0,0,0,0,0,0,0,0,0
390656,1,1,2000,0,0,0,0,0,0,0,0,0,0
390656,2,1,2000,0,0,0,0,0,0,0,0,0,0
390657,1,1,2000,0,0,0,0,0,0,0,22,0,0
390657,2,1,2000,0,0,0,0,0,0,0,0,9,0
390658,1,1,2000,15,15,15,15,15,15,15,15,15,15
390658,2,1,2000,0,0,25,20,9,0,0,0,0,15
390659,1,1,2000,0,0,0,0,0,0,0,0,0,0
390659,2,1,2000,0,7,0,0,0,0,14,0,0,0
390660,1,1,2000,0,0,0,0,0,0,0,0,0,0
390660,2,1,2000,0,0,0,0,0,0,0,0,0,0
390661,1,1,2000,0,0,0,0,0,0,0,0,0,0
390661,2,1,2000,0,0,0,0,0,0,0,0,0,0
390662,1,1,2000,28,28,28,28,28,28,28,28,28,28
390663,1,1,2000,0,0,0,0,0,0,0,0,0,0
390663,2,1,2000,0,0,0,0,0,0,0,0,0,0
390663,3,1,2000,0,0,0,0,0,0,0,0,0,0
390664,0,1,2000,0,10,0,0,0,0,0,0,0,0
390664,1,1,2000,0,0,0,0,0,0,0,0,0,0
390665,1,1,2000,3,3,3,3,3,3,3,3,3,3
390666,1,1,2000,15,15,15,15,15,15,15,15,15,15
390667,0,1,2000,0,0,0,0,0,0,0,0,0,0
390667,1,1,2000,0,0,0,0,0,0,0,0,0,0
390668,1,1,2000,0,0,0,0,0,0,0,0,0,0
390669,1,1,2000,0,0,0,23,14,0,0,10,27,18
390669,2,1,2000,0,0,0,16,15,25,0,5,14,0
390669,3,1,2000,9,10,0,29,30,11,21,21,9,7
390670,1,1,2000,0,0,0,0,0,0,0,0,0,0
390670,2,1,2000,0,0,0,0,0,0,0,0,0,0
390671,1,1,2000,0,0,0,0,0,0,0,0,0,0
390671,2,1,2000,0,0,0,0,0,0,0,0,0,0
390672,1,1,2000,0,0,0,0,0,0,0,0,0,0
390672,2,1,2000,0,0,0,0,0,0,0,0,0,0
390673,1,1,2000,21,21,21,21,21,21,21,21,21,21
390674,1,1,2000,16,16,16,16,16,16,16,16,16,16
390675,1,1,2000,0,0,0,0,0,0,0,0,0,0
390675,2,1,2000,0,0,0,0,0,0,0,0,0,0
390676,1,1,2000,0,0,0,0,0,0,0,0,0,0
390676,2,1,2000,0,0,0,0,0,0,0,0,0,0
390677,1,1,2000,0,0,0,0,0,0,0,0,0,0
390678,1,1,2000,0,0,0,0,0,0,0,0,0,0
390679,1,1,2000,10,10,10,10,10,10,10,10,10,10
390680,1,1,2000,10,10,10,10,10,10,10,10,10,10
390680,2,1,2000,9,9,9,9,9,9,9,9,9,9
390681,1,1,2000,23,23,23,23,23,23,23,23,23,23
390682,1,1,2000,0,0,0,0,0,0,0,0,0,0
390683,1,1,2000,23,23,23,23,23,23,23,23,23,23
390684,1,1,2000,0,0,0,11,0,0,0,0,0,23
390684,2,1,2000,0,0,0,0,0,0,8,0,0,10
390685,1,1,2000,19,19,19,19,19,19,19,19,19,19
390686,1,1,2000,0,0,0,0,0,0,0,0,0,0
390686,2,1,2000,0,0,0,0,0,0,0,0,0,0
390687,1,1,2000,0,0,0,0,0,0,0,0,0,0
390687,2,1,2000,0,0,0,0,0,0,17,0,0,0
390688,1,1,2000,0,0,0,0,0,0,0,0,0,0
390688,2,1,2000,0,0,0,0,0,8,0,0,0,0
390688,3,1,2000,0,0,0,0,0,0,0,0,0,0
390689,1,1,2000,0,0,9,0,25,0,0,0,0,11
390689,2,1,2000,18,18,18,18,18,18,18,18,18,18
390690,1,1,2000,26,26,26,26,26,26,26,26,26,26
390691,1,1,2000,23,23,23,23,23,23,23,23,23,23
390692,0,1,2000,21,0,21,34,0,0,0,0,24,11
390692,1,1,2000,11,11,0,17,10,21,0,0,18,0
390693,1,1,2000,0,0,0,0,0,0,0,0,0,0
390693,2,1,2000,0,0,0,0,0,0,0,0,0,0
390694,1,1,2000,12,0,0,11,22,10,15,15,10,0
390694,2,1,2000,0,0,0,0,0,0,0,0,13,0
390695,1,1,2000,13,13,13,13,13,13,13,13,13,13
390696,1,1,2000,26,26,26,26,26,26,26,26,26,26
390697,1,1,2000,0,0,0,0,0,0,0,0,0,0
390698,1,1,2000,0,0,0,0,0,0,0,0,0,0
390699,1,1,2000,21,21,21,21,21,21,21,21,21,21
390700,1,1,2000,8,8,8,8,8,8,8,8,8,8
390701,1,1,2000,30,30,30,30,30,30,30,30,30,30
390702,1,1,2000,15,15,15,15,15,15,15,15,15,15
390703,1,1,2000,0,14,31,0,0,17,14,10,12,0
390704,1,1,2000,21,21,21,21,21,21,21,21,21,21
390705,0,1,2000,31,31,31,31,31,31,31,31,31,31
390705,1,1,2000,31,31,31,31,31,31,31,31,31,31
390706,1,1,2000,0,0,0,16,0,0,0,0,0,0
390706,2,1,2000,0,0,0,0,0,0,0,0,0,0
390707,1,1,2000,9,9,9,9,9,9,9,9,9,9
390707,2,1,2000,0,0,0,0,0,0,0,0,0,0
390708,1,1,2000,0,0,0,0,0,0,0,0,0,0
390708,2,1,2000,0,0,0,0,0,0,0,0,0,0
390709,1,1,2000,11,14,25,21,5,18,25,12,0,32
390709,2,1,2000,10,0,0,21,7,0,0,0,14,0
390710,0,1,2000,0,0,0,0,0,0,0,0,0,0
390710,1,1,2000,0,0,0,0,0,0,0,0,0,0
390711,1,1,2000,11,11,11,11,11,11,11,11,11,11
390711,2,1,2000,0,0,0,0,0,0,0,0,0,0
390712,1,1,2000,7,7,7,7,7,7,7,7,7,7
390713,1,1,2000,0,0,0,0,0,0,0,0,0,0
390714,1,1,2000,20,20,20,20,20,20,20,20,20,20
390715,1,1,2000,0,0,0,0,0,0,5,18,0,0
390715,2,1,2000,0,0,0,0,0,0,0,0,0,0
390716,1,1,2000,14,14,14,14,14,14,14,14,14,14
390717,1,1,2000,0,0,0,0,0,0,0,0,0,0
390717,2,1,2000,0,0,0,0,0,0,0,0,0,0
390718,0,1,2000,0,0,0,0,0,0,0,6,0,0
390718,1,1,2000,0,0,0,0,0,0,0,0,0,0
390719,1,1,2000,0,0,0,0,0,0,0,0,0,0
390719,2,1,2000,22,22,22,22,22,22,22,22,22,22
390720,1,1,2000,0,0,0,0,0,0,0,0,0,0
390720,2,1,2000,0,0,0,0,0,0,0,0,0,0
390721,1,1,2000,0,0,0,0,0,0,0,0,0,0
390721,2,1,2000,0,0,0,0,12,0,0,0,0,0
390722,1,1,2000,0,0,0,0,0,0,0,0,0,0
390722,2,1,2000,23,23,23,23,23,23,23,23,23,23
390723,1,1,2000,19,19,19,19,19,19,19,19,19,19
390724,1,1,2000,0,0,0,0,0,0,0,0,0,0
390724,2,1,2000,0,0,0,0,0,0,0,0,0,0
390725,1,1,2000,22,26,30,23,17,10,28,0,17,33
390726,1,1,2000,0,0,0,0,0,0,0,0,0,0
390726,2,1,2000,0,0,0,0,0,0,0,0,0,0
390727,1,1,2000,23,23,23,23,23,23,23,23,23,23
390728,1,1,2000,0,0,0,0,0,0,0,0,0,0
390729,1,1,2000,0,0,0,0,0,0,0,0,0,0
390730,1,1,2000,0,0,0,0,0,0,0,14,19,0
390730,2,1,2000,0,0,0,0,0,0,0,0,0,0
390731,1,1,2000,0,0,0,0,0,0,0,0,0,0
390731,2,1,2000,0,0,0,0,0,0,0,0,0,0
390732,1,1,2000,0,0,0,0,0,0,0,0,0,0
390732,2,1,2000,14,14,14,14,14,14,14,14,14,14
390733,1,1,2000,16,16,16,16,16,16,16,16,16,16
390734,1,1,2000,0,0,0,0,0,0,0,0,0,0
390735,1,1,2000,23,0,0,4,13,14,11,23,19,16
390736,1,1,2000,2,2,2,2,2,2,2,2,2,2
390737,1,1,2000,0,0,19,18,12,0,27,17,0,9
390738,1,1,2000,0,0,0,0,0,0,0,0,0,0
390738,2,1,2000,0,0,0,0,0,0,0,0,0,0
390739,1,1,2000,0,0,0,0,0,0,0,0,0,0
390739,2,1,2000,0,0,0,0,0,0,0,0,0,0
390740,1,1,2000,0,0,0,0,0,0,0,0,0,0
390740,2,1,2000,0,0,0,0,0,0,0,0,0,0
390741,1,1,2000,0,0,0,0,0,8,0,0,9,0
390742,1,1,2000,25,25,25,25,25,25,25,25,25,25
390743,1,1,2000,0,0,0,0,0,0,0,0,0,0
390743,2,1,2000,0,0,0,0,0,0,0,0,0,0
390744,1,1,2000,13,13,13,13,13,13,13,13,13,13
390745,1,1,2000,22,22,22,22,22,22,22,22,22,22
390746,1,1,2000,14,14,14,14,14,14,14,14,14,14
390746,2,1,2000,0,0,0,0,0,0,0,0,0,0
390747,1,1,2000,20,20,20,20,20,20,20,20,20,20
390748,1,1,2000,0,0,0,0,0,0,0,0,0,0
390748,2,1,2000,0,0,0,0,0,0,0,0,0,0
390749,1,1,2000,0,0,0,0,0,0,0,0,0,0
390750,1,1,2000,0,0,0,0,0,0,0,0,0,0
390750,2,1,2000,0,0,0,0,0,0,0,0,0,0
390751,1,1,2000,0,0,0,0,0,0,0,0,0,0
390752,1,1,2000,0,0,0,0,0,0,0,0,0,0
390752,2,1,2000,0,0,0,0,0,0,0,0,0,0
390753,1,1,2000,14,0,0,0,10,0,0,0,0,0
390753,2,1,2000,0,0,0,0,0,0,0,0,0,0
390754,1,1,2000,15,15,15,15,15,15,15,15,15,15
390755,1,1,2000,0,0,0,0,0,0,0,0,0,0
390755,2,1,2000,24,24,24,24,24,24,24,24,24,24
390756,1,1,2000,0,0,0,0,0,0,0,0,0,0
390756,2,1,2000,0,0,0,0,0,0,0,0,0,0
390757,1,1,2000,0,0,0,0,0,0,0,0,0,0
390757,2,1,2000,23,22,0,27,17,10,10,2,7,0
390758,1,1,2000,0,0,0,0,0,0,0,0,0,0
390758,2,1,2000,0,0,0,0,0,0,0,0,0,0
390759,1,1,2000,20,20,20,20,20,20,20,20,20,20
390760,1,1,2000,0,0,0,0,0,0,0,0,0,0
390760,2,1,2000,0,0,0,0,0,0,0,0,0,0
390761,0,1,2000,0,0,0,0,0,0,0,0,0,0
390761,1,1,2000,0,0,0,0,0,0,0,0,0,0
390762,1,1,2000,0,0,0,0,0,0,0,0,0,0
390762,2,1,2000,0,0,0,0,0,0,0,0,0,0
390763,1,1,2000,0,0,0,0,0,0,0,0,0,0
390763,2,1,2000,0,0,0,0,0,0,0,0,0,0
390764,1,1,2000,0,0,0,0,0,0,0,0,0,0
390764,2,1,2000,0,0,0,0,0,0,0,0,0,0
390764,3,1,2000,0,0,0,0,0,0,3,0,0,0
390764,4,1,2000,0,0,0,0,0,0,0,0,0,0
390765,1,1,2000,0,0,0,0,0,0,0,0,0,0
390766,1,1,2000,0,0,0,0,0,0,0,0,0,0
390766,2,1,2000,0,0,18,0,0,0,17,0,0,0
390767,1,1,2000,0,0,0,0,0,0,0,0,0,0
390767,2,1,2000,0,0,0,0,0,0,0,0,0,0
390767,3,1,2000,0,0,0,0,0,0,0,0,0,0
390768,1,1,2000,0,0,0,0,0,0,0,0,0,0
390768,2,1,2000,0,0,0,0,0,0,0,0,0,0
390769,1,1,2000,13,13,13,13,13,13,13,13,13,13
390770,1,1,2000,9,9,9,9,9,9,9,9,9,9
390770,2,1,2000,2,2,2,2,2,2,2,2,2,2
390771,1,1,2000,0,0,0,0,0,0,0,0,0,0
390771,2,1,2000,0,0,0,0,0,0,0,0,0,11
390772,1,1,2000,0,0,0,0,0,0,0,0,0,0
390773,1,1,2000,0,0,0,0,0,0,0,0,0,0
390773,2,1,2000,0,0,0,0,0,0,0,0,0,0
390774,1,1,2000,15,15,15,15,15,15,15,15,15,15
390775,1,1,2000,0,0,0,0,0,0,0,0,0,0
390775,2,1,2000,0,0,0,0,0,0,0,0,0,0
390775,3,1,2000,0,0,0,0,0,8,0,0,0,0
390776,1,1,2000,0,0,0,0,0,0,0,0,0,0
390776,2,1,2000,0,0,0,0,0,0,0,0,0,0
390777,1,1,2000,0,0,11,0,31,0,9,14,0,0
390778,1,1,2000,0,0,0,0,0,0,0,0,18,17
390778,2,1,2000,0,0,0,0,0,0,0,0,0,0
390778,3,1,2000,0,0,0,0,0,0,0,0,0,0
390779,1,1,2000,23,23,23,23,23,23,23,23,23,23
390780,1,1,2000,22,22,22,22,22,22,22,22,22,22
390781,1,1,2000,0,0,0,0,0,0,0,0,0,0
390781,2,1,2000,0,0,0,11,0,8,0,0,0,0
390782,1,1,2000,0,0,0,0,0,0,0,0,0,0
390783,1,1,2000,0,0,0,0,0,0,0,0,0,0
390783,2,1,2000,0,0,0,0,0,0,0,0,0,0
390784,1,1,2000,0,0,0,0,0,0,0,0,0,0
390785,1,1,2000,9,0,17,0,0,0,0,18,0,0
390785,2,1,2000,35,0,0,3,0,0,0,0,0,0
390786,1,1,2000,0,0,0,0,0,0,0,0,0,0
390786,2,1,2000,0,0,0,8,0,0,0,0,0,0
390787,1,1,2000,0,0,0,0,21,0,0,0,0,0
390788,1,1,2000,0,0,0,0,0,0,0,0,0,0
390788,2,1,2000,0,0,0,0,0,0,0,0,0,0
390789,1,1,2000,0,0,0,0,0,0,0,0,0,0
390789,2,1,2000,0,0,0,0,0,0,0,0,0,0
390791,1,1,2000,0,0,0,0,0,0,0,0,0,0
390791,2,1,2000,0,0,0,0,0,0,0,0,0,0
390791,3,1,2000,0,0,0,0,0,0,0,0,0,0
390791,4,1,2000,0,0,0,0,0,0,0,0,0,0
390791,5,1,2000,0,16,0,0,0,0,0,0,0,0
390792,1,1,2000,0,14,0,0,0,0,0,0,0,0
390792,2,1,2000,0,0,0,0,0,29,0,0,0,0
390793,1,1,2000,35,35,35,35,35,35,35,35,35,35
390794,1,1,2000,0,0,0,0,0,0,0,0,0,0
390794,2,1,2000,0,0,0,0,0,0,0,0,0,0
390795,1,1,2000,11,11,11,11,11,11,11,11,11,11
390796,1,1,2000,0,0,0,0,0,0,0,0,0,0
390796,2,1,2000,0,0,0,0,0,0,0,0,0,0
390796,3,1,2000,0,0,0,0,0,0,0,0,0,0
390797,0,1,2000,0,0,0,0,0,0,0,32,0,10
390797,0,2,2000,26,0,13,0,17,23,14,0,25,0
390797,1,1,2000,25,0,15,0,0,0,25,0,0,26
390798,1,1,2000,13,13,13,13,13,13,13,13,13,13
390799,1,1,2000,20,20,20,20,20,20,20,20,20,20
390800,1,1,2000,21,21,21,21,21,21,21,21,21,21
390801,1,1,2000,19,19,19,19,19,19,19,19,19,19
390802,1,1,2000,0,0,0,0,0,0,0,0,0,0
390803,1,1,2000,16,16,16,16,16,16,16,16,16,16
390804,1,1,2000,13,0,0,0,0,0,0,0,0,0
390804,2,1,2000,0,0,0,0,0,0,0,0,0,0
390805,1,1,2000,0,13,34,0,0,0,0,15,0,15
390806,1,1,2000,0,0,0,0,0,0,0,0,0,0
390806,2,1,2000,0,0,15,0,0,9,0,0,0,7
390807,1,1,2000,0,0,0,0,0,0,0,0,0,0
390807,2,1,2000,0,19,21,14,0,38,16,18,0,0
390808,1,1,2000,9,9,9,9,9,9,9,9,9,9
390809,0,1,2000,0,0,0,0,0,0,0,0,0,0
390809,1,1,2000,0,0,0,0,0,0,0,0,0,0
390810,1,1,2000,0,0,0,0,0,0,0,0,0,0
390812,1,1,2000,0,0,0,0,0,0,0,0,0,0
390813,1,1,2000,0,0,0,27,7,0,16,0,0,10
390813,2,1,2000,0,0,0,0,0,0,0,0,0,0
390814,1,1,2000,0,0,0,0,0,0,0,0,0,20
390814,2,1,2000,0,0,0,0,0,0,0,0,0,0
390815,1,1,2000,0,0,0,0,0,0,0,0,0,0
390815,2,1,2000,14,14,14,14,14,14,14,14,14,14
390816,1,1,2000,13,13,13,13,13,13,13,13,13,13
390817,0,1,2000,19,19,19,19,19,19,19,19,19,19
390817,1,1,2000,0,0,0,0,0,0,0,0,0,0
390818,1,1,2000,1,1,1,1,1,1,1,1,1,1
390819,1,1,2000,0,0,0,0,0,0,0,0,0,0
390820,1,1,2000,0,11,0,0,0,0,14,0,0,0
390820,2,1,2000,0,0,0,0,0,0,0,0,0,0
390821,1,1,2000,19,19,19,19,19,19,19,19,19,19
390822,1,1,2000,24,0,0,0,0,0,0,0,0,0
390823,1,1,2000,0,0,0,0,0,0,0,0,0,0
390823,2,1,2000,0,0,0,0,0,0,0,0,0,0
390823,3,1,2000,0,0,0,0,0,0,7,0,0,0
390824,1,1,2000,0,0,0,0,0,0,0,0,0,0
390825,1,1,2000,0,0,0,0,0,0,0,0,0,0
390825,2,1,2000,0,0,0,0,0,0,0,0,0,0
390826,1,1,2000,0,0,0,0,0,0,0,0,0,0
390827,1,1,2000,0,16,0,3,0,0,14,0,0,0
390828,1,1,2000,22,22,22,22,22,22,22,22,22,22
390829,1,1,2000,0,0,0,0,0,0,0,0,0,0
390830,1,1,2000,9,9,9,9,9,9,9,9,9,9
390831,1,1,2000,5,5,5,5,5,5,5,5,5,5
390832,1,1,2000,0,0,0,0,0,0,0,0,0,0
390833,1,1,2000,19,19,19,19,19,19,19,19,19,19
390834,1,1,2000,0,0,0,0,0,0,0,0,0,12
390835,1,1,2000,0,0,0,26,13,0,0,14,0,4
390836,1,1,2000,17,17,17,17,17,17,17,17,17,17
390837,1,1,2000,0,0,0,0,0,0,0,0,0,0
390838,1,1,2000,0,0,0,0,0,0,0,0,0,0
390838,2,1,2000,3,3,3,3,3,3,3,3,3,3
390839,0,1,2000,0,0,0,0,0,0,0,0,0,0
390839,1,1,2000,0,0,0,0,0,0,0,0,0,5
390840,1,1,2000,16,16,16,16,16,16,16,16,16,16