ST_CASE,VEH_NO,PER_NO,YEAR,P1,P2,P3,P4,P5,P6,P7,P8,P9,P10
390841,1,1,2000,0,0,0,0,0,0,0,0,0,0
390841,2,1,2000,0,0,0,0,0,0,0,0,0,0
390842,1,1,2000,5,5,5,5,5,5,5,5,5,5
390843,1,1,2000,0,0,0,0,0,0,0,0,0,0
390843,2,1,2000,0,0,0,0,0,0,0,0,0,0
390844,1,1,2000,16,16,16,16,16,16,16,16,16,16
390845,1,1,2000,0,0,24,0,0,14,0,0,0,0
390845,2,1,2000,0,0,0,0,0,0,0,0,0,0
390846,1,1,2000,7,7,7,7,7,7,7,7,7,7
390847,1,1,2000,0,16,19,30,0,15,0,0,10,12
390848,0,1,2000,0,0,0,0,0,0,0,0,0,0
390848,1,1,2000,0,0,0,0,0,0,0,0,16,0
390849,1,1,2000,0,23,24,0,21,25,0,0,8,0
390850,0,1,2000,0,0,0,0,0,0,0,0,0,0
390850,0,2,2000,0,0,0,0,13,0,0,0,0,13
390850,1,1,2000,0,0,0,0,0,6,0,0,0,0
390851,1,1,2000,0,34,0,18,12,41,19,23,14,27
390852,1,1,2000,0,0,0,0,0,0,0,0,0,0
390853,1,1,2000,0,0,0,0,0,0,0,0,0,0
390854,1,1,2000,3,3,3,3,3,3,3,3,3,3
390854,2,1,2000,0,0,0,0,0,0,0,0,0,0
390855,1,1,2000,0,0,0,0,0,0,0,0,0,0
390855,2,1,2000,0,0,0,0,0,0,0,0,0,0
390856,1,1,2000,0,0,0,0,0,0,0,0,0,0
390857,1,1,2000,6,0,0,0,0,13,0,0,4,0
390857,2,1,2000,0,5,0,0,0,0,0,0,0,0
390858,1,1,2000,11,11,11,11,11,11,11,11,11,11
390859,1,1,2000,0,0,0,0,0,0,0,0,0,0
390859,2,1,2000,0,0,0,0,0,0,0,0,0,0
390859,3,1,2000,0,0,0,0,0,0,0,0,0,0
390859,4,1,2000,0,0,0,0,0,0,0,0,0,0
390860,1,1,2000,0,0,0,0,0,0,0,0,0,0
390861,1,1,2000,0,0,0,0,0,0,0,0,0,0
390862,1,1,2000,0,0,0,0,0,0,0,0,0,0
390863,1,1,2000,5,0,16,0,0,0,0,0,30,0
390863,2,1,2000,0,9,0,0,19,0,0,0,0,8
390864,1,1,2000,26,26,26,26,26,26,26,26,26,26
390865,1,1,2000,0,0,0,0,0,0,0,0,0,0
390865,2,1,2000,0,0,0,0,0,0,0,0,0,0
390866,0,1,2000,0,21,0,26,0,0,0,27,17,0
390866,1,1,2000,0,0,0,0,0,0,0,0,0,0
390867,1,1,2000,20,20,20,20,20,20,20,20,20,20
390868,1,1,2000,12,12,12,12,12,12,12,12,12,12
390869,1,1,2000,0,0,0,0,0,0,0,0,0,0
390869,2,1,2000,0,0,0,0,0,0,0,0,0,0
390870,0,1,2000,0,0,0,0,0,0,32,0,0,0
390870,1,1,2000,0,0,0,0,0,0,0,0,0,0
390871,1,1,2000,24,24,24,24,24,24,24,24,24,24
390872,1,1,2000,0,0,0,0,0,0,0,0,0,0
390872,2,1,2000,0,0,0,0,0,0,0,0,0,0
390873,1,1,2000,18,28,33,17,0,14,0,23,13,27
390874,1,1,2000,0,0,0,0,0,0,0,0,0,0
390874,2,1,2000,0,0,0,0,0,0,0,0,0,0
390875,1,1,2000,26,26,26,26,26,26,26,26,26,26
390876,1,1,2000,0,30,10,20,0,0,0,13,40,0
390877,1,1,2000,17,17,17,17,17,17,17,17,17,17
390878,1,1,2000,11,11,11,11,11,11,11,11,11,11
390879,1,1,2000,0,0,0,0,0,0,0,0,0,0
390879,2,1,2000,29,29,29,29,29,29,29,29,29,29
390880,1,1,2000,16,16,16,16,16,16,16,16,16,16
390881,1,1,2000,0,0,0,0,0,0,0,0,0,0
390881,2,1,2000,0,0,0,0,0,0,0,0,0,0
390882,1,1,2000,18,18,18,18,18,18,18,18,18,18
390883,1,1,2000,0,0,0,0,0,0,0,0,0,0
390883,2,1,2000,0,0,0,0,0,0,0,0,0,0
390884,1,1,2000,24,24,24,24,24,24,24,24,24,24
390884,2,1,2000,0,0,4,0,0,0,0,11,0,0
390885,1,1,2000,19,14,16,0,13,10,0,0,0,36
390886,0,1,2000,0,0,0,0,0,0,0,0,0,0
390886,1,1,2000,0,0,0,0,0,0,0,0,0,0
390887,1,1,2000,0,0,0,0,0,0,0,0,0,0
390888,1,1,2000,0,0,0,0,0,0,0,0,0,0
390889,1,1,2000,0,0,0,0,0,0,0,0,0,0
390889,2,1,2000,0,0,0,0,0,0,0,0,0,0
390890,1,1,2000,27,27,27,27,27,27,27,27,27,27
390891,1,1,2000,0,0,0,0,0,0,0,0,0,0
390891,2,1,2000,14,14,14,14,14,14,14,14,14,14
390892,1,1,2000,0,0,0,0,0,0,0,0,8,0
390892,2,1,2000,0,0,0,0,0,0,0,0,0,0
390893,1,1,2000,0,0,0,0,0,0,0,0,0,0
390894,1,1,2000,0,0,0,0,0,0,0,0,0,0
390894,2,1,2000,0,0,0,0,0,0,0,0,0,0
390895,1,1,2000,0,0,0,0,0,0,0,0,0,0
390896,0,1,2000,0,0,0,0,0,0,0,0,0,0
390896,1,1,2000,0,0,0,0,0,0,0,0,0,0
390897,1,1,2000,0,0,0,0,0,0,0,0,0,0
390897,2,1,2000,0,0,0,0,0,0,0,0,0,0
390898,1,1,2000,0,0,0,0,0,0,0,0,0,0
390898,2,1,2000,0,0,0,0,0,0,0,0,0,0
390899,1,1,2000,0,0,0,0,0,0,0,0,0,0
390900,0,1,2000,0,0,0,0,0,0,0,0,0,0
390900,1,1,2000,10,10,10,10,10,10,10,10,10,10
390901,1,1,2000,0,0,0,19,0,0,0,0,0,0
390901,2,1,2000,0,0,0,0,0,0,0,0,0,0
390903,1,1,2000,0,0,0,0,0,0,0,0,0,0
390904,1,1,2000,31,0,0,0,15,14,25,18,0,0
390905,1,1,2000,0,0,0,0,0,0,0,0,0,0
390905,2,1,2000,0,0,0,0,0,0,0,0,0,0
390906,1,1,2000,24,24,24,24,24,24,24,24,24,24
390907,1,1,2000,0,0,0,0,0,0,0,0,0,0
390908,1,1,2000,8,8,8,8,8,8,8,8,8,8
390909,1,1,2000,22,13,15,24,17,27,15,20,25,19
390910,1,1,2000,28,28,28,28,28,28,28,28,28,28
390910,2,1,2000,19,0,13,17,0,0,25,18,0,15
390911,1,1,2000,14,14,14,14,14,14,14,14,14,14
390912,1,1,2000,0,0,0,0,0,0,0,0,0,0
390912,2,1,2000,0,0,0,0,0,0,0,0,0,0
390913,1,1,2000,27,26,0,0,0,15,19,16,16,31
390914,1,1,2000,0,0,0,0,0,0,0,0,0,0
390914,2,1,2000,0,14,0,0,0,0,0,9,0,0
390915,1,1,2000,0,0,0,0,0,0,0,0,0,0
390916,1,1,2000,20,20,20,20,20,20,20,20,20,20
390916,2,1,2000,0,0,0,0,0,0,0,0,0,0
390917,1,1,2000,0,0,0,0,0,0,0,0,0,0
390918,1,1,2000,20,20,20,20,20,20,20,20,20,20
390919,1,1,2000,16,16,16,16,16,16,16,16,16,16
390920,1,1,2000,0,0,0,0,0,0,0,0,0,0
390921,1,1,2000,16,16,16,16,16,16,16,16,16,16
390921,2,1,2000,0,0,0,0,0,0,0,0,0,0
390922,1,1,2000,0,0,0,0,0,0,0,0,0,0
390923,1,1,2000,0,0,0,0,0,0,0,0,0,0
390923,2,1,2000,0,0,0,0,0,0,0,0,0,0
390924,1,1,2000,11,0,15,0,0,0,16,0,0,0
390925,1,1,2000,0,0,0,0,0,0,0,0,0,0
390926,1,1,2000,0,0,0,0,0,0,0,0,0,0
390926,2,1,2000,0,0,0,13,0,0,0,0,0,0
390927,1,1,2000,0,0,0,0,0,0,0,0,0,0
390927,2,1,2000,0,0,0,0,0,0,0,0,0,0
390928,1,1,2000,37,37,37,37,37,37,37,37,37,37
390928,2,1,2000,0,0,0,0,0,0,0,0,0,0
390929,1,1,2000,0,0,0,0,0,0,0,0,0,0
390929,2,1,2000,0,0,0,0,0,0,0,0,0,0
390930,1,1,2000,12,12,12,12,12,12,12,12,12,12
390931,1,1,2000,0,0,29,20,13,5,27,0,0,0
390932,1,1,2000,0,0,0,0,0,0,0,0,0,0
390932,2,1,2000,6,6,6,6,6,6,6,6,6,6
390933,1,1,2000,0,0,0,0,0,0,0,0,0,0
390933,2,1,2000,0,0,0,0,0,12,0,0,0,0
390933,3,1,2000,0,0,0,0,0,26,0,0,0,0
390934,1,1,2000,0,0,0,0,13,0,0,0,0,0
390935,0,1,2000,0,0,0,0,0,0,0,0,0,0
390935,0,2,2000,12,0,0,0,0,0,0,0,0,0
390935,1,1,2000,0,0,0,0,0,0,0,0,0,0
390936,1,1,2000,11,11,11,11,11,11,11,11,11,11
390938,1,1,2000,13,13,13,13,13,13,13,13,13,13
390939,0,1,2000,0,15,21,0,20,0,0,0,0,0
390939,1,1,2000,0,0,30,0,24,0,25,8,0,0
390940,1,1,2000,0,0,0,0,0,0,0,0,0,0
390941,1,1,2000,0,0,0,0,0,0,0,0,0,0
390942,1,1,2000,0,0,0,0,0,0,0,0,0,0
390942,2,1,2000,23,23,23,23,23,23,23,23,23,23
390943,1,1,2000,0,0,0,0,0,0,0,21,0,0
390944,1,1,2000,18,7,8,0,6,20,7,7,4,15
390945,1,1,2000,0,0,0,0,0,0,0,0,0,0
390946,1,1,2000,0,0,0,0,0,23,0,0,0,0
390946,2,1,2000,0,0,0,0,0,0,0,0,0,0
390946,3,1,2000,0,0,0,0,0,0,0,0,0,0
390947,1,1,2000,23,31,10,0,0,11,6,0,0,16
390948,1,1,2000,24,24,24,24,24,24,24,24,24,24
390950,0,1,2000,0,0,0,0,0,0,0,3,11,21
390950,1,1,2000,5,5,5,5,5,5,5,5,5,5
390951,1,1,2000,0,13,0,0,21,5,9,0,11,4
390952,1,1,2000,0,0,0,0,0,0,0,0,0,0
390953,1,1,2000,18,18,18,18,18,18,18,18,18,18
390953,2,1,2000,18,18,18,18,18,18,18,18,18,18
390954,1,1,2000,0,0,0,0,0,0,0,0,0,0
390954,2,1,2000,0,0,0,0,0,0,0,0,0,0
390955,1,1,2000,0,0,0,0,0,0,0,0,0,0
390955,2,1,2000,0,0,0,0,0,0,7,0,0,0
390956,1,1,2000,0,0,0,0,0,0,0,0,0,0
390956,2,1,2000,0,0,0,0,0,0,0,0,0,0
390957,1,1,2000,0,0,0,38,0,0,0,19,0,0
390958,1,1,2000,0,0,0,0,0,0,0,0,0,0
390958,2,1,2000,0,0,0,0,0,0,0,0,0,0
390959,1,1,2000,0,0,0,0,0,0,0,0,0,0
390960,1,1,2000,0,0,0,17,0,0,0,18,20,14
390961,1,1,2000,0,0,0,0,0,0,0,0,0,0
390962,1,1,2000,0,0,0,0,0,0,0,0,0,0
390962,2,1,2000,0,0,0,0,0,0,0,0,0,0
390963,1,1,2000,8,8,8,8,8,8,8,8,8,8
390963,2,1,2000,0,0,0,0,15,0,0,0,0,0
390964,0,1,2000,31,31,31,31,31,31,31,31,31,31
390964,1,1,2000,0,0,0,0,0,0,0,0,0,0
390965,1,1,2000,18,18,18,18,18,18,18,18,18,18
390966,1,1,2000,0,0,13,0,0,3,0,0,0,0
390967,1,1,2000,33,33,33,33,33,33,33,33,33,33
390967,2,1,2000,0,0,0,0,0,0,0,0,0,0
390967,3,1,2000,0,0,0,0,0,0,0,0,0,0
390967,4,1,2000,0,0,0,0,0,0,0,0,0,0
390968,1,1,2000,0,0,0,10,3,0,0,0,0,0
390968,2,1,2000,0,0,0,0,0,0,0,0,0,0
390968,3,1,2000,0,0,0,0,0,0,0,0,0,0
390969,1,1,2000,0,0,0,0,0,0,0,0,0,0
390970,1,1,2000,11,11,11,11,11,11,11,11,11,11
390971,1,1,2000,0,0,0,0,0,0,0,0,0,0
390972,0,1,2000,0,0,0,0,0,0,0,0,0,31
390972,1,1,2000,0,0,0,0,0,0,0,0,0,0
390973,1,1,2000,22,22,22,22,22,22,22,22,22,22
390973,2,1,2000,0,0,0,0,0,0,0,0,0,0
390974,1,1,2000,0,18,24,0,14,2,13,0,0,0
390975,1,1,2000,23,23,23,23,23,23,23,23,23,23
390976,1,1,2000,0,0,0,0,0,0,0,0,0,0
390976,2,1,2000,0,0,0,0,0,0,0,0,0,0
390977,1,1,2000,0,0,0,0,0,0,0,0,0,0
390977,2,1,2000,0,0,0,0,0,0,0,0,0,0
390978,0,1,2000,15,0,0,0,17,44,22,25,0,27
390978,1,1,2000,16,15,8,18,22,16,14,14,16,17
390979,0,1,2000,54,35,17,40,15,0,0,13,4,0
390979,1,1,2000,0,0,0,22,9,30,0,13,0,10
390980,1,1,2000,0,0,0,0,0,0,0,0,0,0
390981,1,1,2000,0,0,0,0,0,0,0,0,0,0
390981,2,1,2000,0,0,0,0,0,0,0,0,0,0
390982,1,1,2000,0,0,18,0,0,0,0,0,14,0
390983,1,1,2000,0,0,0,0,0,0,0,24,0,14
390984,1,1,2000,0,0,0,0,0,0,0,0,0,0
390985,1,1,2000,20,0,0,15,19,0,0,0,13,0
390986,0,1,2000,0,0,0,0,0,0,0,0,0,0
390986,1,1,2000,0,0,0,0,0,0,0,0,0,0
390987,1,1,2000,0,0,0,0,0,0,0,0,0,0
390987,2,1,2000,25,25,25,25,25,25,25,25,25,25
390988,1,1,2000,0,0,0,0,0,0,0,0,0,0
390988,2,1,2000,0,0,0,0,0,0,0,0,0,0
390989,1,1,2000,31,31,31,31,31,31,31,31,31,31
390990,1,1,2000,19,19,19,19,19,19,19,19,19,19
390990,2,1,2000,9,9,9,9,9,9,9,9,9,9
390991,1,1,2000,12,12,12,12,12,12,12,12,12,12
390991,2,1,2000,0,0,0,0,0,0,0,0,0,0
390992,1,1,2000,0,0,17,0,0,0,0,0,0,0
390993,1,1,2000,18,18,18,18,18,18,18,18,18,18
390994,1,1,2000,0,0,0,0,0,0,0,0,0,0
390994,2,1,2000,0,0,0,0,0,0,0,0,0,0
390995,1,1,2000,0,0,0,0,0,0,0,0,0,0
390995,2,1,2000,0,0,0,0,0,0,0,0,0,0
390996,1,1,2000,0,0,0,0,0,0,0,0,0,0
390996,2,1,2000,0,0,0,0,0,0,0,0,0,0
390997,1,1,2000,0,0,0,0,0,0,0,0,0,0
390997,2,1,2000,0,0,0,0,0,0,0,0,0,0
390998,1,1,2000,0,23,0,0,0,0,0,0,0,0
390999,1,1,2000,0,0,0,0,0,0,0,0,0,0
390999,2,1,2000,0,0,0,0,0,0,0,0,0,0
390999,3,1,2000,0,0,0,0,0,0,0,0,0,0
391000,1,1,2000,0,0,0,0,0,0,0,0,0,0
391000,2,1,2000,0,0,0,0,0,0,0,0,0,0
391001,1,1,2000,18,18,18,18,18,18,18,18,18,18
391001,2,1,2000,0,0,0,0,0,0,0,0,0,0
391002,1,1,2000,24,24,24,24,24,24,24,24,24,24
391003,1,1,2000,0,5,0,0,16,0,0,0,0,0
391003,2,1,2000,24,24,24,24,24,24,24,24,24,24
391004,1,1,2000,0,0,0,0,0,0,0,0,0,0
391004,2,1,2000,0,0,0,0,0,0,0,0,0,0
391005,1,1,2000,0,0,0,0,0,0,0,0,0,0
391006,1,1,2000,0,0,0,0,0,0,0,0,0,0
391006,2,1,2000,0,0,0,0,0,0,0,19,0,0
391007,1,1,2000,0,0,0,0,0,0,0,0,0,0
391008,1,1,2000,0,0,0,0,0,0,0,0,0,0
391009,1,1,2000,0,0,0,0,20,0,0,0,0,0
391010,1,1,2000,21,21,21,21,21,21,21,21,21,21
391011,1,1,2000,17,17,17,17,17,17,17,17,17,17
391012,1,1,2000,19,19,19,19,19,19,19,19,19,19
391012,2,1,2000,0,0,0,0,0,0,0,0,0,0
391013,1,1,2000,0,0,0,0,0,0,0,0,0,0
391013,2,1,2000,0,0,0,0,0,0,0,0,0,0
391014,1,1,2000,0,0,0,0,0,0,0,0,0,0
391014,2,1,2000,0,0,0,0,0,0,0,0,0,0
391015,1,1,2000,0,0,0,0,0,0,0,0,0,0
391015,2,1,2000,0,0,0,0,0,0,0,0,0,0
391015,3,1,2000,0,0,0,0,0,0,0,0,0,0
391016,1,1,2000,23,23,23,23,23,23,23,23,23,23
391017,1,1,2000,0,0,0,0,0,0,0,0,6,0
391017,2,1,2000,0,0,0,0,0,0,0,0,0,0
391018,1,1,2000,0,0,0,0,0,0,0,0,0,0
391018,2,1,2000,0,0,0,0,0,0,0,0,0,0
391019,1,1,2000,0,0,0,0,0,0,0,0,0,0
391019,2,1,2000,0,0,0,0,0,0,0,0,0,0
391020,1,1,2000,22,22,22,22,22,22,22,22,22,22
391020,2,1,2000,0,0,0,0,0,0,0,0,7,18
391020,3,1,2000,0,0,0,0,0,0,0,0,0,0
391021,0,1,2000,0,0,0,0,0,0,0,0,0,0
391021,1,1,2000,0,0,0,0,0,0,0,0,0,0
391022,1,1,2000,0,0,0,0,0,0,0,0,0,0
391023,1,1,2000,0,0,0,0,0,0,0,0,0,0
391023,2,1,2000,0,0,0,0,0,0,0,0,0,0
391024,1,1,2000,0,0,0,0,0,0,0,0,0,0
391024,2,1,2000,0,0,0,0,0,0,0,0,0,0
391025,1,1,2000,0,0,0,0,0,0,0,0,0,0
391025,2,1,2000,0,0,0,0,0,0,0,0,0,0
391026,1,1,2000,0,0,0,0,0,0,0,0,0,0
391026,2,1,2000,0,0,0,0,0,0,0,0,0,0
391027,1,1,2000,29,29,29,29,29,29,29,29,29,29
391027,2,1,2000,7,17,0,0,0,9,0,0,0,0
391028,1,1,2000,21,21,21,21,21,21,21,21,21,21
391029,0,1,2000,0,0,0,0,0,0,0,0,0,0
391029,1,1,2000,0,0,0,0,0,0,0,0,0,0
391031,1,1,2000,17,0,0,0,0,0,0,0,0,0
391031,2,1,2000,19,0,0,0,0,0,0,0,0,12
391032,1,1,2000,0,0,0,0,0,0,0,0,0,0
391032,2,1,2000,0,0,0,0,0,0,0,0,0,0
391032,3,1,2000,0,0,0,0,0,0,0,0,0,0
391033,1,1,2000,21,21,21,21,21,21,21,21,21,21
391033,2,1,2000,0,0,0,0,0,0,0,0,0,0
391034,1,1,2000,20,20,20,20,20,20,20,20,20,20
391035,0,1,2000,17,17,17,17,17,17,17,17,17,17
391035,1,1,2000,0,0,0,0,0,0,0,0,0,0
391036,1,1,2000,17,17,17,17,17,17,17,17,17,17
391036,2,1,2000,0,0,0,0,0,0,0,0,0,0
391036,3,1,2000,0,0,0,0,0,0,0,0,0,0
391037,0,1,2000,0,0,0,0,0,0,0,0,0,0
391037,1,1,2000,0,0,0,0,0,0,0,0,0,0
391038,1,1,2000,0,0,0,0,0,0,0,0,0,0
391038,2,1,2000,0,0,0,0,0,0,0,0,0,0
391039,1,1,2000,17,17,17,17,17,17,17,17,17,17
391040,1,1,2000,0,0,0,0,0,0,0,0,0,0
391040,2,1,2000,0,0,0,0,0,0,0,0,0,0
391041,1,1,2000,16,16,16,16,16,16,16,16,16,16
391042,1,1,2000,29,29,29,29,29,29,29,29,29,29
391042,2,1,2000,0,0,0,0,0,0,0,0,0,0
391043,1,1,2000,0,0,0,0,0,0,0,0,0,0
391043,2,1,2000,0,0,0,0,0,0,0,0,0,0
391044,0,1,2000,0,0,0,0,0,0,0,0,0,0
391044,1,1,2000,0,0,0,0,0,0,0,0,0,0
391045,1,1,2000,0,0,0,0,0,0,0,0,0,0
391045,2,1,2000,0,0,0,0,0,0,0,0,0,0
391046,1,1,2000,5,27,21,9,8,0,15,0,21,0
391047,1,1,2000,0,0,0,0,0,0,0,0,0,0
391048,1,1,2000,0,0,0,0,5,9,0,0,0,0
391049,1,1,2000,0,0,0,0,0,0,0,0,0,0
391049,2,1,2000,0,0,0,0,0,0,0,0,0,0
391050,1,1,2000,0,0,0,0,0,0,0,0,0,0
391050,2,1,2000,0,0,0,0,0,0,0,0,0,0
391051,1,1,2000,0,0,0,13,0,0,0,0,0,20
391052,1,1,2000,15,0,0,0,0,0,0,0,0,0
391052,2,1,2000,0,0,0,0,0,0,0,0,0,0
391053,0,1,2000,0,0,5,0,0,0,29,0,0,0
391053,1,1,2000,0,0,0,0,0,0,0,0,0,0
391054,0,1,2000,0,7,0,0,0,0,0,0,0,0
391054,1,1,2000,0,0,0,0,0,0,0,0,0,0
391055,0,1,2000,0,0,0,0,0,0,0,0,0,0
391055,1,1,2000,0,0,0,0,0,0,0,0,0,0
391056,1,1,2000,17,17,17,17,17,17,17,17,17,17
391056,2,1,2000,0,0,0,0,0,0,0,0,0,0
391056,3,1,2000,0,0,0,0,0,0,0,0,0,0
391057,1,1,2000,13,13,13,13,13,13,13,13,13,13
391057,2,1,2000,0,0,0,0,0,0,0,0,0,0
391058,1,1,2000,0,0,0,0,0,0,0,0,0,0
391059,1,1,2000,0,0,0,0,0,0,0,0,0,0
391060,1,1,2000,16,16,16,16,16,16,16,16,16,16
391061,1,1,2000,0,0,0,0,0,0,0,0,0,0
391061,2,1,2000,0,0,0,0,0,0,0,0,0,0
391062,1,1,2000,0,0,0,0,0,0,0,6,0,0
391062,2,1,2000,0,0,0,0,0,0,0,0,0,0
391063,1,1,2000,0,0,0,0,0,0,0,0,0,0
391063,2,1,2000,17,0,0,0,0,0,0,0,0,0
391063,3,1,2000,0,0,0,0,0,0,0,0,0,0
391064,1,1,2000,0,0,0,0,0,0,0,0,0,0
391064,2,1,2000,0,0,0,0,0,0,0,0,0,0
391065,1,1,2000,23,23,23,23,23,23,23,23,23,23
391065,2,1,2000,0,0,0,0,0,0,0,0,0,0
391066,1,1,2000,0,0,0,0,0,0,0,0,0,0
391067,1,1,2000,0,3,0,18,8,6,11,18,18,14
391068,1,1,2000,0,0,0,0,0,0,0,0,0,0
391068,2,1,2000,0,0,0,0,0,0,0,0,0,0
391069,1,1,2000,0,0,0,0,0,0,0,0,0,0
391069,2,1,2000,0,0,0,0,0,0,0,0,0,0
391070,1,1,2000,0,0,0,0,0,0,0,0,0,0
391071,1,1,2000,16,0,0,0,20,0,0,0,0,11
391071,2,1,2000,0,0,0,0,0,0,0,0,0,0
391072,1,1,2000,0,0,0,0,0,0,0,0,0,0
391072,2,1,2000,0,0,0,0,0,0,0,0,0,0
391074,0,1,2000,0,0,0,0,0,0,0,0,0,0
391074,1,1,2000,0,0,0,0,0,0,0,0,0,0
391075,0,1,2000,27,38,34,17,0,0,0,0,51,16
391075,1,1,2000,0,0,0,0,0,0,0,0,0,0
391075,2,1,2000,0,0,0,27,0,8,21,9,0,0
391076,1,1,2000,0,0,0,0,0,0,0,0,0,0
391076,2,1,2000,0,0,0,0,0,0,0,0,0,0
391077,1,1,2000,0,0,0,0,20,0,20,0,21,17
391078,1,1,2000,12,0,0,0,0,12,0,0,0,0
391078,2,1,2000,0,0,0,0,0,0,0,0,0,0
391079,1,1,2000,0,0,0,0,0,0,0,0,0,0
391080,0,1,2000,0,0,26,0,17,10,0,0,0,0
391080,1,1,2000,14,7,0,0,0,18,13,0,0,0
391081,1,1,2000,0,0,0,0,0,0,0,0,16,0
391082,0,1,2000,0,0,0,0,0,0,0,0,0,0
391082,1,1,2000,0,0,0,0,0,0,0,0,0,0
391083,1,1,2000,14,14,14,14,14,14,14,14,14,14
391084,1,1,2000,0,0,0,0,0,0,0,0,0,0
391085,1,1,2000,24,24,24,24,24,24,24,24,24,24
391086,1,1,2000,0,0,0,0,0,0,0,0,0,0
391087,1,1,2000,0,0,0,0,0,0,0,0,0,0
391087,2,1,2000,0,0,0,0,0,0,0,0,0,0
391087,3,1,2000,0,0,0,0,0,0,0,0,0,13
391088,1,1,2000,0,0,0,0,0,0,0,0,0,0
391088,2,1,2000,0,0,0,0,0,0,0,0,0,0
391089,1,1,2000,11,11,11,11,11,11,11,11,11,11
391089,2,1,2000,0,0,0,0,9,0,0,0,0,0
391090,1,1,2000,11,0,0,0,0,0,0,0,0,0
391090,2,1,2000,0,0,0,0,0,0,0,0,0,0
391091,1,1,2000,0,0,0,0,0,0,0,0,0,0
391091,2,1,2000,0,0,0,0,0,0,0,0,0,0
391092,1,1,2000,0,0,0,0,0,0,0,0,0,0
391093,1,1,2000,0,0,0,0,0,0,0,0,0,0
391093,2,1,2000,19,19,19,19,19,19,19,19,19,19
391094,1,1,2000,0,15,0,0,0,13,0,0,0,0
391095,1,1,2000,11,0,4,0,0,0,0,0,0,0
391095,2,1,2000,12,0,14,19,6,5,5,24,9,27
391096,1,1,2000,6,6,6,6,6,6,6,6,6,6
391097,1,1,2000,0,0,0,0,0,0,0,0,0,0
391098,1,1,2000,0,0,0,0,0,0,0,0,0,0
391099,1,1,2000,0,0,0,0,0,0,0,0,0,0
391099,2,1,2000,7,0,0,0,0,0,24,0,0,0
391100,1,1,2000,0,0,0,0,0,14,0,0,0,0
391101,1,1,2000,12,12,12,12,12,12,12,12,12,12
391101,2,1,2000,0,0,0,0,0,0,0,0,0,0
391102,0,1,2000,0,0,0,0,0,0,0,0,0,0
391102,1,1,2000,0,0,0,0,0,0,15,0,0,0
391103,0,1,2000,0,0,0,0,0,0,0,0,0,0
391103,1,1,2000,0,0,0,0,0,0,0,0,0,0
391104,1,1,2000,0,0,0,0,0,0,0,0,9,0
391104,2,1,2000,0,0,0,0,0,0,0,0,0,0
391105,1,1,2000,0,0,0,0,8,0,0,0,0,0
391105,2,1,2000,0,0,0,0,0,0,0,0,0,0
391106,1,1,2000,24,24,24,24,24,24,24,24,24,24
391107,0,1,2000,33,12,0,0,0,0,0,0,0,0
391107,1,1,2000,0,0,0,0,0,0,0,0,0,0
391108,1,1,2000,0,0,0,0,0,0,0,0,0,0
391108,2,1,2000,0,0,0,0,0,0,0,0,0,0
391109,1,1,2000,0,0,0,0,0,0,0,0,0,0
391109,2,1,2000,0,0,0,0,0,0,0,0,0,0
391110,1,1,2000,30,30,30,30,30,30,30,30,30,30
391111,1,1,2000,0,0,0,0,0,0,0,0,0,0
391111,2,1,2000,0,0,0,0,0,0,0,0,0,0
391112,1,1,2000,10,10,10,10,10,10,10,10,10,10
391112,2,1,2000,0,0,0,0,0,0,0,0,0,0
391113,1,1,2000,0,0,0,0,0,0,0,0,0,0
391114,1,1,2000,0,6,0,0,0,0,0,0,0,0
391114,2,1,2000,0,0,0,0,0,0,0,0,0,0
391115,0,1,2000,0,0,0,0,0,0,11,0,0,0
391115,1,1,2000,0,0,0,0,0,0,0,0,0,0
391117,1,1,2000,0,0,0,0,0,0,0,0,0,0
391117,2,1,2000,0,0,0,6,0,10,0,0,0,0
391118,1,1,2000,2,2,2,2,2,2,2,2,2,2
391118,2,1,2000,0,0,0,0,0,0,0,0,0,0
391119,1,1,2000,0,0,0,0,0,0,0,0,0,0
391119,2,1,2000,0,0,0,0,0,0,0,0,0,0
391120,1,1,2000,0,10,0,12,0,0,7,10,0,0
391121,1,1,2000,0,0,0,0,0,0,0,0,0,0
391121,2,1,2000,0,0,0,0,0,0,0,0,0,0
391122,1,1,2000,31,31,31,31,31,31,31,31,31,31
391123,1,1,2000,0,0,24,0,0,0,0,0,0,0
391123,2,1,2000,0,0,0,0,0,0,0,0,7,0
391123,3,1,2000,0,0,0,0,0,0,0,0,0,0
391124,0,1,2000,0,19,0,0,13,0,16,26,0,26
391124,1,1,2000,0,0,0,0,0,0,0,0,0,0
391125,1,1,2000,19,19,19,19,19,19,19,19,19,19
391126,1,1,2000,0,0,0,0,20,19,0,0,0,0
391127,1,1,2000,9,0,0,0,0,0,0,0,0,0
391128,1,1,2000,0,0,0,0,0,0,0,0,0,0
391128,2,1,2000,0,0,0,0,0,0,0,0,0,0
391129,1,1,2000,0,0,13,0,0,0,0,0,0,0
391129,2,1,2000,0,0,0,0,0,0,0,0,0,0
391130,1,1,2000,0,0,0,0,3,0,0,0,0,0