ST_CASE,VEH_NO,PER_NO,YEAR,P1,P2,P3,P4,P5,P6,P7,P8,P9,P10
391130,2,1,2000,0,0,0,0,0,0,0,0,0,0
391131,1,1,2000,0,0,0,0,0,0,0,0,0,0
391132,0,1,2000,0,0,0,0,0,0,0,0,0,0
391132,1,1,2000,0,0,0,0,0,0,0,0,0,0
391133,1,1,2000,26,26,26,26,26,26,26,26,26,26
391134,1,1,2000,0,0,0,0,0,0,0,0,0,0
391134,2,1,2000,0,0,0,0,3,0,0,6,0,0
391135,1,1,2000,0,0,0,0,0,5,0,0,0,0
391135,2,1,2000,0,0,0,0,0,0,0,0,0,0
391136,1,1,2000,0,0,0,0,0,0,0,0,0,0
391137,1,1,2000,25,25,25,25,25,25,25,25,25,25
391138,1,1,2000,20,20,20,20,20,20,20,20,20,20
391139,1,1,2000,0,0,0,0,0,0,0,0,0,0
391139,2,1,2000,17,0,0,22,21,21,0,25,13,25
391139,3,1,2000,17,7,16,0,19,13,15,22,21,13
391140,1,1,2000,0,0,0,0,0,0,0,0,0,0
391140,2,1,2000,0,0,0,0,0,0,0,0,0,0
391141,1,1,2000,22,35,23,21,0,20,11,15,17,0
391142,1,1,2000,0,0,0,0,0,0,0,0,0,0
391142,2,1,2000,0,0,0,0,0,0,0,0,0,0
391143,1,1,2000,18,18,18,18,18,18,18,18,18,18
391143,2,1,2000,5,5,5,5,5,5,5,5,5,5
391144,1,1,2000,18,18,18,18,18,18,18,18,18,18
391145,0,1,2000,0,0,0,0,0,0,0,0,0,0
391145,1,1,2000,0,0,0,0,0,0,0,0,0,0
391146,0,1,2000,0,0,0,0,0,0,0,0,0,0
391146,1,1,2000,0,0,0,0,0,0,0,0,0,0
391147,1,1,2000,0,0,0,0,0,0,0,0,0,0
391147,2,1,2000,0,0,0,0,0,0,0,0,0,0
391148,1,1,2000,0,0,0,0,0,0,0,0,0,0
391148,2,1,2000,0,0,0,0,0,0,0,0,0,0
391149,1,1,2000,20,20,20,20,20,20,20,20,20,20
391149,2,1,2000,0,0,0,0,0,0,0,0,0,0
391150,1,1,2000,0,0,17,0,0,0,0,0,0,0
391151,1,1,2000,24,24,24,24,24,24,24,24,24,24
391152,1,1,2000,0,0,0,0,0,0,0,0,0,0
391152,2,1,2000,0,0,0,0,0,0,0,0,0,0
391153,0,1,2000,0,21,15,0,0,6,23,16,21,9
391153,1,1,2000,0,0,0,0,0,0,0,0,0,0
391154,1,1,2000,0,0,0,0,0,33,0,24,9,0
391154,2,1,2000,0,0,0,0,0,0,0,0,0,0
391155,1,1,2000,0,0,0,0,0,0,0,0,0,0
391155,2,1,2000,0,0,0,0,0,0,0,0,0,0
391156,1,1,2000,19,19,19,19,19,19,19,19,19,19
391158,0,1,2000,0,0,0,0,0,0,0,0,0,0
391158,1,1,2000,0,0,0,0,0,0,0,0,0,0
391159,0,1,2000,6,0,30,0,0,13,0,14,0,13
391159,1,1,2000,10,10,10,10,10,10,10,10,10,10
391160,1,1,2000,0,0,0,0,0,0,0,7,14,0
391160,2,1,2000,0,0,0,0,0,0,6,0,0,0
391161,1,1,2000,0,0,0,7,11,0,0,0,0,10
391162,1,1,2000,0,0,0,0,0,0,0,0,0,0
391163,1,1,2000,0,0,0,0,0,0,0,0,0,0
391163,2,1,2000,0,0,0,0,0,0,0,0,0,0
391164,1,1,2000,23,23,23,23,23,23,23,23,23,23
391165,1,1,2000,26,20,0,0,0,20,11,14,4,0
391165,2,1,2000,0,0,0,0,0,0,0,0,0,0
391166,1,1,2000,0,0,0,0,0,0,0,9,11,0
391167,1,1,2000,15,15,15,15,15,15,15,15,15,15
391167,2,1,2000,0,0,0,0,0,0,0,0,0,0
391168,1,1,2000,23,23,23,23,23,23,23,23,23,23
391169,1,1,2000,0,0,0,0,0,0,0,0,0,0
391169,2,1,2000,0,0,0,0,0,0,7,0,0,0
391170,1,1,2000,0,0,0,0,0,0,0,0,0,0
391171,1,1,2000,0,0,0,0,0,0,0,0,0,0
391171,2,1,2000,0,0,0,0,0,0,0,0,0,0
391172,1,1,2000,7,0,0,0,0,0,0,0,0,0
391172,2,1,2000,0,0,0,0,0,0,0,0,0,0
391173,1,1,2000,0,0,0,0,0,0,0,0,0,0
391173,2,1,2000,0,0,0,0,0,0,0,0,0,0
391174,0,1,2000,0,0,0,0,0,0,0,0,0,0
391174,1,1,2000,0,0,0,0,0,23,0,0,0,0
391175,1,1,2000,0,0,0,0,0,0,0,0,0,0
391176,1,1,2000,27,27,27,27,27,27,27,27,27,27
391177,1,1,2000,0,0,0,0,0,0,0,0,0,0
391177,2,1,2000,11,0,0,0,0,0,0,0,0,0
391178,1,1,2000,0,0,0,0,0,0,0,0,0,0
391179,0,1,2000,28,38,0,0,36,28,25,18,23,21
391179,1,1,2000,1,1,1,1,1,1,1,1,1,1
391180,1,1,2000,0,0,0,0,0,0,0,0,0,0
391180,3,1,2000,0,0,0,0,0,0,0,0,0,0
391181,1,1,2000,6,5,9,29,6,16,5,16,15,7
391183,1,1,2000,14,14,14,14,14,14,14,14,14,14
391184,1,1,2000,8,0,0,0,0,0,0,0,0,0
391184,2,1,2000,0,0,0,0,0,0,0,0,0,0
391184,3,1,2000,0,0,0,0,13,0,0,0,0,11
391185,1,1,2000,10,10,10,10,10,10,10,10,10,10
391185,2,1,2000,0,0,0,0,0,0,0,0,0,0
391186,1,1,2000,17,20,26,20,16,23,32,19,4,16
391187,1,1,2000,1,1,1,1,1,1,1,1,1,1
391188,0,1,2000,25,14,38,0,8,0,0,0,0,0
391188,1,1,2000,0,2,0,0,0,0,0,0,0,0
391189,1,1,2000,19,20,0,0,0,6,0,4,0,0
391189,2,1,2000,18,18,18,18,18,18,18,18,18,18
391190,1,1,2000,0,0,0,0,0,0,0,0,0,0
391190,2,1,2000,0,0,0,0,0,0,0,0,0,0
391191,1,1,2000,0,0,0,0,0,0,0,0,0,0
391191,2,1,2000,0,0,0,0,0,0,0,0,0,0
391192,1,1,2000,0,0,0,0,0,0,0,0,0,0
391192,2,1,2000,0,0,10,0,0,0,0,27,4,0
391193,0,1,2000,26,26,26,26,26,26,26,26,26,26
391193,1,1,2000,0,0,0,0,0,0,0,0,0,0
391194,1,1,2000,0,0,0,0,0,0,9,0,0,0
391195,1,1,2000,0,0,0,0,0,0,0,0,0,0
391196,1,1,2000,0,0,0,0,0,0,0,0,0,0
391197,1,1,2000,0,0,0,0,0,0,0,0,0,0
391197,2,1,2000,2,2,2,2,2,2,2,2,2,2
391198,1,1,2000,0,0,0,0,0,13,0,0,0,0
391198,2,1,2000,0,0,33,0,0,0,11,0,0,12
391199,1,1,2000,19,19,19,19,19,19,19,19,19,19
391200,0,1,2000,0,0,14,0,11,11,0,0,34,0
391200,1,1,2000,0,8,0,0,0,19,0,0,0,0
391201,1,1,2000,0,0,0,0,0,0,0,0,0,0
391201,2,1,2000,27,27,27,27,27,27,27,27,27,27
391202,1,1,2000,0,0,0,0,0,0,0,0,0,0
391202,2,1,2000,0,0,0,0,0,0,0,0,0,0
391203,1,1,2000,0,0,0,0,0,0,0,0,0,0
391203,2,1,2000,0,0,0,0,0,0,0,0,0,0
391204,1,1,2000,0,0,0,0,0,0,0,0,0,0
391205,1,1,2000,8,8,8,8,8,8,8,8,8,8
391206,1,1,2000,16,16,16,16,16,16,16,16,16,16
391207,1,1,2000,0,0,0,17,0,0,0,0,0,0
391207,2,1,2000,0,0,0,0,0,0,0,0,0,0
391208,1,1,2000,0,0,0,0,0,0,0,0,0,0
391208,2,1,2000,15,15,15,15,15,15,15,15,15,15
391209,1,1,2000,0,0,0,0,0,0,0,0,0,0
391209,2,1,2000,0,0,0,0,0,0,0,0,0,0
391210,1,1,2000,0,0,0,0,0,0,0,0,0,0
391210,2,1,2000,0,0,0,0,0,0,0,0,0,13
391211,1,1,2000,0,0,0,0,0,0,0,0,0,0
391211,2,1,2000,0,0,0,0,0,0,0,0,0,0
391212,1,1,2000,15,15,15,15,15,15,15,15,15,15
391213,1,1,2000,0,0,10,0,0,16,0,10,0,27
391213,2,1,2000,0,0,0,0,0,0,0,0,0,0
391214,1,1,2000,0,0,0,0,0,0,0,0,0,0
391215,1,1,2000,0,0,0,0,0,0,6,0,0,0
391216,0,1,2000,0,0,0,0,0,0,0,0,0,0
391216,1,1,2000,0,0,0,0,0,0,0,0,0,0
391217,1,1,2000,0,0,0,0,0,0,0,0,0,0
391217,2,1,2000,0,12,0,0,0,0,0,0,0,16
391218,1,1,2000,22,22,22,22,22,22,22,22,22,22
391219,1,1,2000,0,0,0,25,0,0,0,0,0,0
391219,2,1,2000,0,0,0,0,0,0,0,0,0,0
391220,1,1,2000,16,28,13,25,19,23,21,14,8,11
391221,1,1,2000,0,0,0,0,0,7,0,0,0,0
391222,1,1,2000,20,20,20,20,20,20,20,20,20,20
391223,1,1,2000,8,8,8,8,8,8,8,8,8,8
391223,2,1,2000,0,0,0,0,0,0,0,0,0,0
391224,1,1,2000,0,0,10,7,0,0,0,25,6,21
391224,2,1,2000,28,28,28,28,28,28,28,28,28,28
391225,1,1,2000,0,0,0,0,0,0,0,8,0,0
391225,2,1,2000,0,0,0,0,0,0,0,0,0,0
391226,1,1,2000,0,0,0,0,0,0,2,0,0,0
391226,2,1,2000,0,0,0,0,0,0,14,0,0,5
391227,1,1,2000,13,13,13,13,13,13,13,13,13,13
391228,1,1,2000,0,0,0,0,0,0,0,0,0,0
391228,2,1,2000,0,0,0,0,0,0,0,0,0,0
391229,1,1,2000,0,0,0,0,0,0,0,0,0,0
391230,1,1,2000,0,0,0,0,0,0,0,0,0,0
391230,2,1,2000,0,0,0,0,0,0,0,0,0,0
391231,1,1,2000,0,0,0,0,0,0,0,0,0,0
391231,2,1,2000,0,0,0,0,0,0,0,0,0,0
391231,3,1,2000,0,0,0,0,0,9,0,0,0,0
391232,1,1,2000,0,0,0,0,0,0,0,0,0,0
391232,2,1,2000,0,0,0,0,0,0,0,0,7,0
391233,1,1,2000,0,0,0,0,0,0,0,0,0,0
391233,2,1,2000,28,28,28,28,28,28,28,28,28,28
391234,1,1,2000,27,27,27,27,27,27,27,27,27,27
391235,1,1,2000,0,0,0,0,0,0,0,0,0,0
391235,2,1,2000,0,0,0,5,0,0,0,0,0,0
391236,1,1,2000,0,0,14,0,0,0,0,0,0,0
391237,1,1,2000,0,0,0,0,0,0,0,0,0,0
391237,2,1,2000,0,0,0,0,0,0,0,0,0,0
391237,3,1,2000,0,0,0,0,3,0,0,0,0,0
391237,4,1,2000,4,0,12,0,0,0,0,0,0,0
391237,5,1,2000,0,0,0,0,0,0,0,0,0,0
391237,6,1,2000,0,0,0,0,0,0,0,0,0,0
391237,7,1,2000,0,0,0,0,0,0,0,0,0,0
391237,8,1,2000,0,0,0,0,0,0,0,0,0,0
391237,9,1,2000,0,0,0,0,0,0,0,0,0,0
391238,1,1,2000,0,5,0,14,0,0,0,0,11,0
391240,1,1,2000,0,0,0,0,0,0,0,0,0,0
391240,2,1,2000,0,0,0,0,0,0,0,0,0,0
391240,3,1,2000,0,0,0,0,0,0,0,0,0,0
391241,1,1,2000,0,0,0,0,0,0,0,0,0,0
391241,2,1,2000,0,17,0,0,0,10,0,0,16,8
391241,3,1,2000,0,12,0,0,0,19,23,17,0,15
391242,1,1,2000,0,0,0,0,0,0,0,0,0,0
391242,2,1,2000,0,2,0,0,1,0,0,0,0,0
391242,3,1,2000,0,0,0,0,0,22,0,0,0,0
391242,4,1,2000,0,0,0,0,0,0,0,0,0,0
391243,1,1,2000,12,12,12,12,12,12,12,12,12,12
391243,2,1,2000,0,0,0,0,0,14,13,0,0,0
391243,3,1,2000,0,0,0,0,0,0,0,0,0,0
391244,1,1,2000,15,15,15,15,15,15,15,15,15,15
391244,2,1,2000,11,0,0,0,0,2,0,0,0,17
391245,1,1,2000,0,0,0,0,0,0,0,0,0,0
391245,2,1,2000,0,0,0,0,0,0,0,0,0,0
391246,1,1,2000,0,0,0,0,0,0,0,0,0,0
391247,1,1,2000,0,0,0,0,0,0,0,0,0,0
391247,2,1,2000,0,0,4,0,11,10,0,23,0,0
391247,3,1,2000,0,0,0,0,0,0,0,0,11,33
391247,4,1,2000,0,0,0,0,0,0,0,0,0,0
391247,5,1,2000,0,0,0,0,0,7,21,24,0,11
391248,1,1,2000,0,0,0,0,0,0,0,0,0,0
391248,2,1,2000,0,0,0,0,30,0,0,0,0,0
391249,1,1,2000,0,0,0,0,0,0,0,0,0,0
391249,2,1,2000,0,0,0,0,6,0,0,0,0,0
391249,3,1,2000,0,0,0,0,0,0,0,0,0,0
391250,0,1,2000,0,0,0,0,0,0,0,0,0,0
391250,1,1,2000,0,0,0,0,0,0,0,0,0,0
391251,1,1,2000,0,0,0,0,0,0,0,0,0,0
391251,2,1,2000,0,0,0,0,0,0,0,0,0,0
391251,3,1,2000,0,0,0,0,0,0,0,0,0,0
391251,4,1,2000,0,0,0,0,0,0,0,0,0,0
391252,1,1,2000,0,0,0,0,0,0,0,0,0,0
391252,2,1,2000,0,0,0,0,0,0,0,0,0,0
391252,3,1,2000,0,0,0,0,0,0,0,0,0,0
391253,1,1,2000,0,0,0,0,0,0,0,0,0,0
391253,2,1,2000,0,0,0,0,0,0,0,0,0,0
391254,1,1,2000,0,0,0,0,0,0,0,0,0,0
391255,1,1,2000,0,0,0,0,0,0,0,0,0,0
391255,2,1,2000,0,2,0,0,0,0,17,0,0,0
391256,0,1,2000,33,20,21,47,31,14,4,22,0,18
391256,1,1,2000,20,4,15,24,6,10,0,15,16,16
391257,1,1,2000,0,10,4,0,15,10,0,0,0,0
391258,1,1,2000,0,0,0,0,0,0,0,0,0,0
391260,1,1,2000,7,7,7,7,7,7,7,7,7,7
391260,2,1,2000,0,0,0,0,0,0,0,0,0,0
391261,1,1,2000,0,0,0,0,0,0,0,0,0,0
391262,1,1,2000,0,0,22,0,0,19,0,0,0,14
391264,1,1,2000,2,0,0,0,0,0,0,0,0,0
391264,2,1,2000,10,0,0,4,0,0,7,0,0,0
391265,1,1,2000,0,0,0,0,0,0,0,0,0,0
391265,2,1,2000,16,0,0,0,0,0,0,0,0,0
391266,1,1,2000,22,22,22,22,22,22,22,22,22,22
391266,2,1,2000,0,28,0,11,0,17,0,0,0,0
400001,1,1,2000,0,0,0,0,0,0,0,0,0,0
400002,1,1,2000,5,13,11,17,10,20,10,9,21,15
400003,1,1,2000,0,0,0,0,0,0,0,0,0,0
400003,2,1,2000,0,0,0,0,0,0,0,0,0,0
400004,1,1,2000,14,0,21,13,0,15,11,13,8,17
400005,1,1,2000,17,17,17,17,17,17,17,17,17,17
400006,1,1,2000,0,0,0,0,0,0,0,0,0,0
400006,2,1,2000,0,0,0,0,0,0,0,0,0,0
400007,0,1,2000,0,0,0,0,0,0,0,0,0,0
400007,1,1,2000,0,0,0,0,0,0,0,0,0,0
400008,1,1,2000,0,0,0,0,0,0,0,0,0,0
400009,1,1,2000,0,0,0,0,0,0,0,0,0,0
400010,1,1,2000,27,12,18,46,29,27,28,35,22,21
400011,1,1,2000,0,4,0,0,0,0,0,12,10,0
400011,2,1,2000,0,0,0,0,0,24,0,0,0,0
400012,0,1,2000,0,0,0,0,0,0,0,0,0,0
400012,1,1,2000,0,0,0,0,0,0,0,0,0,0
400013,1,1,2000,0,0,0,0,0,0,0,0,0,0
400014,1,1,2000,24,24,24,24,24,24,24,24,24,24
400015,1,1,2000,13,13,13,13,13,13,13,13,13,13
400015,2,1,2000,0,0,0,0,0,0,0,0,0,0
400016,1,1,2000,0,0,0,0,0,0,0,0,0,0
400016,2,1,2000,0,0,0,0,0,0,0,0,0,0
400016,3,1,2000,0,0,0,0,0,0,0,0,0,0
400016,4,1,2000,0,0,0,0,0,0,0,0,0,0
400016,5,1,2000,0,0,16,0,0,0,0,0,0,14
400017,1,1,2000,0,0,0,0,0,0,0,0,0,0
400018,1,1,2000,0,0,0,0,0,0,0,0,0,0
400018,2,1,2000,0,0,0,0,0,0,0,0,0,0
400019,1,1,2000,0,0,0,0,0,0,0,0,0,0
400019,2,1,2000,0,0,0,0,0,0,0,0,0,0
400020,1,1,2000,0,0,0,0,0,0,0,0,0,0
400020,2,1,2000,0,0,0,0,0,0,0,0,0,0
400021,1,1,2000,0,0,0,0,0,0,0,0,0,0
400021,2,1,2000,0,0,0,0,0,0,0,0,0,0
400021,3,1,2000,0,0,0,0,0,0,0,0,0,0
400022,1,1,2000,0,0,0,0,0,0,0,0,0,0
400023,1,1,2000,23,23,23,23,23,23,23,23,23,23
400024,1,1,2000,18,18,18,18,18,18,18,18,18,18
400025,1,1,2000,0,0,0,0,0,0,0,0,0,0
400025,2,1,2000,0,0,0,0,0,0,0,0,0,0
400026,1,1,2000,0,0,0,0,0,0,0,0,0,0
400026,2,1,2000,0,0,0,0,0,0,0,0,0,0
400027,1,1,2000,3,3,3,3,3,3,3,3,3,3
400027,2,1,2000,0,0,0,0,0,0,0,0,0,0
400028,1,1,2000,29,29,29,29,29,29,29,29,29,29
400029,1,1,2000,0,0,0,0,0,0,0,0,0,0
400030,1,1,2000,0,0,0,0,0,0,0,0,0,0
400031,1,1,2000,14,14,14,14,14,14,14,14,14,14
400032,1,1,2000,0,0,0,0,0,0,0,0,0,0
400033,1,1,2000,19,19,19,19,19,19,19,19,19,19
400034,1,1,2000,0,0,0,0,0,0,0,0,0,0
400034,2,1,2000,0,0,0,0,0,0,0,0,0,0
400035,1,1,2000,9,9,9,9,9,9,9,9,9,9
400036,0,1,2000,21,21,21,21,21,21,21,21,21,21
400036,1,1,2000,0,0,0,0,0,0,3,0,0,0
400037,1,1,2000,26,10,9,22,9,15,23,30,12,18
400038,1,1,2000,9,0,0,0,22,0,0,0,0,13
400039,1,1,2000,2,17,19,11,17,3,17,22,10,7
400039,2,1,2000,0,0,0,0,0,0,0,0,0,0
400040,1,1,2000,29,29,29,29,29,29,29,29,29,29
400041,1,1,2000,0,0,0,0,0,0,0,0,0,0
400042,1,1,2000,0,0,0,0,0,0,0,0,0,0
400043,1,1,2000,2,29,12,11,28,8,5,12,9,26
400043,2,1,2000,0,0,0,0,0,0,0,0,0,0
400044,1,1,2000,17,17,17,17,17,17,17,17,17,17
400045,1,1,2000,11,6,17,17,20,33,0,29,15,15
400046,1,1,2000,0,0,0,0,0,0,0,0,0,0
400047,1,1,2000,0,0,0,0,0,0,0,0,0,0
400047,2,1,2000,0,0,0,0,0,14,2,0,0,0
400048,1,1,2000,22,22,22,22,22,22,22,22,22,22
400049,1,1,2000,12,11,9,5,23,11,15,14,11,11
400049,2,1,2000,0,0,0,8,0,0,0,0,0,0
400050,1,1,2000,0,0,0,0,0,0,0,0,0,0
400051,0,1,2000,17,17,17,17,17,17,17,17,17,17
400051,1,1,2000,0,0,0,0,0,0,22,12,0,0
400052,1,1,2000,3,3,3,3,3,3,3,3,3,3
400052,2,1,2000,0,0,0,0,0,0,0,0,0,0
400053,1,1,2000,0,0,0,0,0,0,0,0,0,0
400053,2,1,2000,0,0,5,0,14,0,0,4,6,0
400054,1,1,2000,0,0,0,0,0,0,0,0,0,0
400055,1,1,2000,5,5,5,5,5,5,5,5,5,5
400055,2,1,2000,0,0,0,0,0,0,0,0,0,0
400056,1,1,2000,0,0,0,0,0,0,0,0,0,0
400057,1,1,2000,0,0,0,0,0,0,0,0,0,0
400058,1,1,2000,0,0,0,0,0,0,0,0,0,0
400059,1,1,2000,0,0,0,0,0,0,0,0,0,0
400060,1,1,2000,0,0,0,0,0,0,0,0,0,0
400060,2,1,2000,0,0,0,0,0,0,0,0,0,0
400061,1,1,2000,22,22,22,22,22,22,22,22,22,22
400062,1,1,2000,0,0,0,0,0,0,0,0,3,0
400063,1,1,2000,0,0,0,0,0,0,0,0,0,0
400063,2,1,2000,0,0,0,0,0,0,0,0,0,0
400064,1,1,2000,30,30,30,30,30,30,30,30,30,30
400065,1,1,2000,0,0,0,0,0,0,0,0,0,0
400066,1,1,2000,18,18,18,18,18,18,18,18,18,18
400066,2,1,2000,0,0,0,0,0,0,0,0,0,0
400067,1,1,2000,0,0,0,0,0,0,0,0,0,0
400067,2,1,2000,0,0,0,0,0,0,0,0,0,0
400068,1,1,2000,21,12,9,0,11,8,12,23,21,21
400069,1,1,2000,0,0,0,0,0,0,0,0,0,0
400070,1,1,2000,0,0,0,0,0,0,0,0,0,0
400071,1,1,2000,25,25,25,25,25,25,25,25,25,25
400072,1,1,2000,0,0,0,0,0,0,0,0,0,0
400072,2,1,2000,0,0,0,0,0,0,0,0,0,0
400073,1,1,2000,0,0,0,0,0,0,0,19,0,0
400074,1,1,2000,10,10,10,10,10,10,10,10,10,10
400075,1,1,2000,24,24,24,24,24,24,24,24,24,24
400075,2,1,2000,0,0,0,0,0,0,0,0,0,0
400076,1,1,2000,12,12,12,12,12,12,12,12,12,12
400076,2,1,2000,15,29,15,0,16,9,17,23,0,9
400077,1,1,2000,0,0,0,0,0,0,0,0,0,0
400077,2,1,2000,0,0,0,0,0,0,0,0,0,0
400078,1,1,2000,0,0,0,0,0,0,0,0,0,0
400078,2,1,2000,0,0,0,0,0,0,0,0,0,0
400079,1,1,2000,0,0,0,0,0,0,0,0,0,0
400080,1,1,2000,0,0,0,0,0,0,0,0,0,0
400081,0,1,2000,21,21,21,21,21,21,21,21,21,21
400081,1,1,2000,0,0,0,0,0,19,0,0,0,0
400082,1,1,2000,0,0,0,0,0,0,0,0,0,0
400083,1,1,2000,0,0,0,0,0,0,0,0,0,0
400083,2,1,2000,0,0,9,0,0,16,0,0,0,0
400084,0,1,2000,0,0,0,0,0,0,0,0,0,0
400084,1,1,2000,15,24,18,22,19,9,0,9,13,21
400085,0,1,2000,0,0,0,0,0,0,0,0,0,0
400085,0,2,2000,0,0,0,0,0,0,0,0,0,0
400085,1,1,2000,0,0,0,0,0,0,0,0,0,0
400086,0,1,2000,0,0,0,0,0,0,0,0,0,0
400086,1,1,2000,0,0,0,0,0,0,0,0,0,0
400087,1,1,2000,0,0,0,0,0,0,0,0,0,0
400087,2,1,2000,0,0,0,0,0,0,0,0,0,0
400088,1,1,2000,0,0,0,0,0,0,0,0,0,0
400088,2,1,2000,0,0,0,0,0,0,0,0,0,0
400089,1,1,2000,0,0,0,0,0,0,0,0,0,0
400090,1,1,2000,0,0,0,0,0,0,0,0,0,0
400091,1,1,2000,0,0,0,0,0,0,0,0,0,0
400091,2,1,2000,0,0,0,0,0,0,0,0,0,0
400092,1,1,2000,8,8,8,8,8,8,8,8,8,8
400093,1,1,2000,8,8,8,8,8,8,8,8,8,8
400094,1,1,2000,0,0,0,0,0,0,0,0,0,0
400094,2,1,2000,0,0,0,0,0,0,0,0,0,0
400095,1,1,2000,0,0,0,0,0,0,0,0,0,0
400095,2,1,2000,0,0,0,0,0,0,0,0,0,0
400095,3,1,2000,0,0,0,0,0,0,0,0,0,0
400096,1,1,2000,0,0,0,0,0,0,0,0,0,0
400097,1,1,2000,0,0,0,0,0,0,0,0,0,0
400098,1,1,2000,0,0,0,0,0,0,0,0,0,0
400098,2,1,2000,0,0,0,0,0,0,0,0,0,6
400099,0,1,2000,44,44,44,44,44,44,44,44,44,44
400099,1,1,2000,0,0,0,0,25,0,0,0,0,15
400100,1,1,2000,28,28,28,28,28,28,28,28,28,28
400101,1,1,2000,0,0,0,0,0,0,0,0,0,0
400101,2,1,2000,0,0,0,0,0,0,0,0,0,0
400102,1,1,2000,0,0,0,0,0,0,0,0,0,0
400102,2,1,2000,0,0,0,0,0,0,0,0,0,0
400103,1,1,2000,0,0,0,0,0,0,0,0,0,0
400104,1,1,2000,0,16,0,16,7,0,0,0,0,11
400104,2,1,2000,0,0,0,0,0,0,0,0,0,0
400104,3,1,2000,0,0,0,0,0,0,0,0,0,0
400105,1,1,2000,9,9,9,9,9,9,9,9,9,9
400105,2,1,2000,0,0,0,0,0,0,0,0,0,0
400106,1,1,2000,15,15,15,15,15,15,15,15,15,15
400107,1,1,2000,0,0,0,9,0,0,0,0,0,0
400107,2,1,2000,0,0,0,0,0,0,0,0,0,0
400108,1,1,2000,0,0,0,0,0,0,0,0,0,0
400108,2,1,2000,0,0,0,0,0,0,0,0,0,0
400109,1,1,2000,0,0,0,0,0,0,0,0,0,0
400110,1,1,2000,0,0,0,0,0,0,0,0,0,0
400110,2,1,2000,0,0,0,0,0,0,0,0,0,0
400111,1,1,2000,22,22,22,22,22,22,22,22,22,22
400112,1,1,2000,0,0,0,0,0,0,0,0,0,0
400112,2,1,2000,0,0,0,0,0,0,0,0,0,0
400112,3,1,2000,0,0,0,0,0,0,0,0,10,0
400113,1,1,2000,17,17,17,17,17,17,17,17,17,17
400114,1,1,2000,15,15,15,15,15,15,15,15,15,15
400114,2,1,2000,0,0,0,0,0,0,0,0,0,0
400115,1,1,2000,21,21,21,21,21,21,21,21,21,21
400116,1,1,2000,0,0,0,0,0,0,0,0,0,0
400116,2,1,2000,0,0,0,0,0,0,0,0,0,0
400117,1,1,2000,17,17,17,17,17,17,17,17,17,17
400118,1,1,2000,0,0,0,0,25,0,0,0,0,0
400119,1,1,2000,0,0,0,0,0,0,0,0,0,0
400119,2,1,2000,0,0,0,0,0,0,0,0,0,0
400120,0,1,2000,0,0,0,0,0,0,0,0,0,0
400120,1,1,2000,0,0,0,0,0,0,0,0,0,0
400121,1,1,2000,4,20,8,13,16,24,22,5,21,9
400122,1,1,2000,0,0,0,0,0,0,0,0,0,0
400122,2,1,2000,0,0,0,0,0,0,0,0,0,0
400123,1,1,2000,0,0,0,0,0,0,0,0,0,0
400124,1,1,2000,4,0,0,0,12,0,0,0,0,0
400124,2,1,2000,0,0,0,0,0,0,0,0,0,0
400124,3,1,2000,0,0,0,0,0,0,0,0,0,0
400125,1,1,2000,13,0,15,0,31,23,0,0,0,0
400125,2,1,2000,0,0,0,0,0,0,0,0,0,0
400125,3,1,2000,0,0,0,0,0,0,0,0,18,0
400126,0,1,2000,0,0,0,0,0,0,0,0,0,0
400126,1,1,2000,0,26,19,33,18,11,0,20,0,0
400127,1,1,2000,0,0,0,0,0,0,0,0,9,0
400128,1,1,2000,0,11,0,0,0,0,0,0,0,0
400129,1,1,2000,8,8,8,8,8,8,8,8,8,8
400130,1,1,2000,22,22,22,22,22,22,22,22,22,22
400131,0,1,2000,31,31,31,31,31,31,31,31,31,31
400131,1,1,2000,0,0,0,0,0,0,0,0,0,0
400132,1,1,2000,0,0,0,0,0,0,0,0,0,0
400132,2,1,2000,0,0,0,0,0,0,0,0,0,0
400132,3,1,2000,0,0,0,0,0,0,0,0,0,0
400133,0,1,2000,0,0,0,0,0,0,0,0,0,0
400133,1,1,2000,0,0,0,0,0,0,0,0,8,0
400134,1,1,2000,0,0,0,0,0,0,0,0,0,0
400134,2,1,2000,0,0,0,0,0,0,0,0,0,0
400135,1,1,2000,3,3,3,3,3,3,3,3,3,3
400135,2,1,2000,0,0,0,0,0,0,0,0,0,0
400136,0,1,2000,0,0,0,0,0,0,0,0,0,0
400136,1,1,2000,0,0,0,0,0,0,0,0,0,0
400137,0,1,2000,0,0,0,0,0,0,0,0,0,0
400137,1,1,2000,0,0,0,23,0,0,0,0,0,0
400138,0,1,2000,0,0,0,0,0,0,0,0,0,0
400138,1,1,2000,0,0,0,0,0,0,0,0,0,0
400139,1,1,2000,26,26,26,26,26,26,26,26,26,26
400140,1,1,2000,0,0,0,0,0,0,0,0,0,0
400140,2,1,2000,0,0,0,0,0,0,0,0,0,0
400141,1,1,2000,0,0,0,0,0,0,0,0,0,0
400142,1,1,2000,0,0,0,0,0,0,0,0,0,0
400143,1,1,2000,0,0,21,22,0,0,8,0,0,0
400143,2,1,2000,0,0,0,0,0,0,0,0,0,0
400144,1,1,2000,0,0,0,0,0,0,0,0,0,0
400144,2,1,2000,0,0,0,0,0,0,0,0,0,0