ST_CASE,VEH_NO,PER_NO,YEAR,P1,P2,P3,P4,P5,P6,P7,P8,P9,P10
400145,1,1,2000,0,0,0,0,0,0,0,0,0,0
400145,2,1,2000,0,0,0,0,0,0,0,0,0,9
400146,1,1,2000,0,0,0,0,0,0,0,0,0,0
400146,2,1,2000,0,0,0,0,0,0,0,0,0,0
400147,1,1,2000,0,0,0,0,0,0,0,0,0,0
400147,2,1,2000,0,0,0,0,9,0,0,0,0,0
400148,0,1,2000,9,9,9,9,9,9,9,9,9,9
400148,1,1,2000,0,0,0,0,0,0,0,0,0,0
400149,1,1,2000,0,0,0,0,0,0,0,0,0,0
400149,2,1,2000,0,0,0,0,0,0,0,0,0,0
400149,3,2,2000,30,0,0,0,0,0,0,0,0,0
400150,1,1,2000,0,0,0,0,0,0,0,0,0,0
400151,1,1,2000,6,6,6,6,6,6,6,6,6,6
400152,1,1,2000,0,0,0,0,0,0,0,0,0,0
400153,1,1,2000,10,22,8,15,19,22,14,15,11,13
400154,1,1,2000,0,0,0,3,0,14,0,0,0,8
400154,2,1,2000,0,0,0,0,0,0,10,0,0,0
400155,1,1,2000,20,4,0,0,0,6,0,0,0,0
400155,2,1,2000,0,0,0,0,0,0,0,0,0,0
400156,1,1,2000,6,6,6,6,6,6,6,6,6,6
400156,2,1,2000,0,0,0,0,0,0,0,0,0,0
400157,1,1,2000,0,0,0,0,0,0,0,0,0,0
400158,1,1,2000,0,0,0,0,0,0,0,0,0,0
400159,1,1,2000,0,0,0,0,0,0,0,0,0,0
400159,2,1,2000,0,0,0,0,0,0,0,0,0,0
400160,1,1,2000,29,29,29,29,29,29,29,29,29,29
400161,1,1,2000,0,0,0,12,0,0,0,0,0,0
400161,2,1,2000,0,0,0,0,0,0,0,0,0,0
400162,1,1,2000,0,0,0,0,0,0,0,0,0,0
400163,1,1,2000,12,16,8,0,36,8,23,18,3,14
400164,1,1,2000,0,0,0,0,0,0,0,0,0,0
400164,2,1,2000,0,0,0,0,0,0,0,0,0,0
400165,1,1,2000,0,0,0,0,0,0,0,0,0,0
400166,1,1,2000,0,0,0,0,0,0,0,0,0,0
400166,2,1,2000,0,0,0,0,0,0,0,0,0,0
400167,1,1,2000,29,13,23,14,31,5,4,10,26,14
400167,2,1,2000,0,0,0,0,0,0,0,0,0,0
400168,1,1,2000,0,0,0,0,0,0,0,0,0,0
400168,2,1,2000,0,0,0,0,0,0,0,0,0,0
400169,0,1,2000,0,0,0,0,0,0,0,0,0,0
400169,1,1,2000,0,0,0,0,0,0,0,0,0,0
400170,1,1,2000,0,0,0,0,0,0,0,0,0,0
400170,2,1,2000,0,0,0,0,0,0,0,0,0,0
400171,1,1,2000,0,0,0,0,0,0,0,0,0,0
400172,1,1,2000,0,0,0,0,0,0,0,0,0,0
400172,2,1,2000,0,0,0,0,0,0,0,0,0,0
400173,1,1,2000,19,10,18,24,0,10,0,0,11,24
400173,2,1,2000,0,0,0,0,0,0,0,0,0,0
400174,1,1,2000,17,17,17,17,17,17,17,17,17,17
400175,1,1,2000,3,0,30,0,0,0,0,10,0,0
400176,1,1,2000,0,0,0,0,0,12,0,0,0,0
400176,2,1,2000,12,3,9,20,16,14,13,11,5,7
400177,1,1,2000,21,21,21,21,21,21,21,21,21,21
400177,2,1,2000,0,0,0,0,0,0,0,7,0,0
400178,1,1,2000,0,0,0,0,0,0,0,0,0,0
400178,2,1,2000,31,31,31,31,31,31,31,31,31,31
400178,3,1,2000,0,0,0,0,0,0,0,0,0,0
400179,1,1,2000,0,0,0,0,0,0,0,0,0,0
400180,1,1,2000,0,0,0,0,0,0,0,0,0,0
400180,2,1,2000,0,0,0,0,0,0,0,0,0,0
400181,1,1,2000,21,23,11,26,28,21,16,20,29,16
400181,2,1,2000,0,0,0,0,0,0,0,0,0,0
400182,1,1,2000,0,0,0,0,0,0,0,0,0,0
400182,2,1,2000,19,19,19,19,19,19,19,19,19,19
400183,1,1,2000,14,14,14,14,14,14,14,14,14,14
400183,2,1,2000,0,0,0,0,0,0,0,0,0,0
400184,1,1,2000,6,6,6,6,6,6,6,6,6,6
400184,2,1,2000,8,8,8,8,8,8,8,8,8,8
400185,1,1,2000,0,0,0,0,0,0,0,0,0,0
400186,1,1,2000,23,23,23,23,23,23,23,23,23,23
400187,1,1,2000,0,0,0,0,0,0,0,0,0,0
400187,2,1,2000,0,0,0,0,0,0,0,0,0,0
400188,1,1,2000,0,0,0,0,0,0,0,0,0,0
400188,2,1,2000,0,0,0,0,0,0,0,0,0,0
400188,3,1,2000,0,0,0,0,0,0,0,0,0,0
400189,1,1,2000,14,9,12,16,8,4,30,18,14,9
400190,1,1,2000,0,0,0,0,0,0,0,0,0,0
400190,2,1,2000,0,0,0,0,0,0,0,0,0,0
400191,1,1,2000,25,25,25,25,25,25,25,25,25,25
400192,1,1,2000,5,5,5,5,5,5,5,5,5,5
400193,1,1,2000,0,0,0,0,0,0,0,0,0,0
400193,2,1,2000,0,0,0,0,0,0,0,0,0,0
400193,3,1,2000,0,0,0,0,0,0,0,0,0,0
400194,1,1,2000,0,20,0,0,0,0,21,0,13,0
400194,2,1,2000,0,0,0,0,0,0,0,0,0,0
400195,1,1,2000,12,12,12,12,12,12,12,12,12,12
400196,1,1,2000,17,17,17,17,17,17,17,17,17,17
400197,1,1,2000,13,11,6,21,20,14,25,17,18,16
400198,1,1,2000,0,0,0,0,0,0,0,0,0,0
400199,1,1,2000,34,34,34,34,34,34,34,34,34,34
400200,0,1,2000,0,0,0,0,0,0,0,2,0,17
400200,1,1,2000,0,0,0,0,0,0,0,0,0,0
400201,1,1,2000,0,0,0,0,0,0,0,0,0,0
400201,2,1,2000,0,0,0,0,0,0,0,0,0,0
400202,1,1,2000,2,2,2,2,2,2,2,2,2,2
400203,1,1,2000,11,11,11,11,11,11,11,11,11,11
400204,1,1,2000,24,24,24,24,24,24,24,24,24,24
400205,1,1,2000,0,0,0,0,0,0,0,0,0,0
400205,2,1,2000,0,0,0,0,0,0,0,0,0,0
400206,1,1,2000,0,0,0,0,0,0,0,0,0,0
400206,2,1,2000,7,0,0,0,0,0,0,0,0,0
400207,1,1,2000,0,0,0,0,0,0,0,0,0,0
400207,2,1,2000,0,0,0,0,0,0,0,0,0,0
400208,1,1,2000,0,0,0,0,0,0,0,0,0,0
400208,2,1,2000,0,0,0,0,0,0,0,0,0,0
400209,1,1,2000,0,0,0,0,0,0,0,0,0,0
400210,1,1,2000,19,13,32,6,17,9,19,5,0,19
400210,2,1,2000,0,0,0,0,0,0,0,0,0,0
400211,1,1,2000,0,0,0,0,0,0,0,0,0,0
400211,2,1,2000,12,14,15,9,12,19,5,22,5,5
400212,1,1,2000,5,0,13,13,8,0,9,0,6,0
400213,1,1,2000,0,0,0,0,0,0,0,0,0,0
400213,2,1,2000,0,0,0,0,0,0,0,0,0,0
400214,1,1,2000,0,0,0,0,0,0,0,0,0,0
400215,1,1,2000,0,0,0,0,0,0,0,0,0,0
400216,1,1,2000,0,0,0,0,0,0,0,0,0,0
400216,2,1,2000,20,18,45,10,15,0,13,39,12,38
400216,3,1,2000,0,0,0,0,0,0,0,0,0,0
400217,1,1,2000,0,0,0,0,0,0,0,0,0,0
400217,2,1,2000,0,0,0,0,0,0,0,0,0,0
400218,1,1,2000,0,0,0,0,0,0,13,0,0,0
400218,2,1,2000,0,0,0,0,0,0,0,0,0,0
400219,1,1,2000,0,0,0,4,0,0,0,0,0,15
400220,1,1,2000,0,0,0,0,0,0,0,0,0,0
400220,2,1,2000,0,0,0,0,0,0,0,0,0,0
400221,1,1,2000,28,22,18,0,20,0,24,10,9,5
400222,1,1,2000,5,0,0,8,14,0,0,3,0,0
400223,1,1,2000,0,0,0,0,0,4,0,0,0,0
400223,2,1,2000,0,0,0,0,0,0,0,0,0,0
400223,3,1,2000,0,0,0,5,0,0,12,0,0,18
400223,4,1,2000,0,0,0,0,0,0,0,0,0,0
400224,1,1,2000,0,0,0,0,0,0,0,0,0,0
400224,2,1,2000,0,0,0,0,0,0,0,0,0,0
400225,1,1,2000,32,10,20,16,6,6,0,8,7,15
400226,1,1,2000,0,0,0,0,0,0,0,0,0,0
400227,1,1,2000,23,23,23,23,23,23,23,23,23,23
400228,1,1,2000,0,0,0,0,0,0,0,0,0,0
400229,0,1,2000,19,19,19,19,19,19,19,19,19,19
400229,1,1,2000,0,0,0,0,0,0,0,0,0,0
400230,1,1,2000,0,0,0,0,0,0,0,0,0,0
400231,1,1,2000,0,0,0,0,0,0,0,0,0,0
400232,1,1,2000,0,0,0,0,0,0,0,0,0,0
400233,1,1,2000,0,0,0,0,0,0,0,0,0,0
400234,1,1,2000,12,12,12,12,12,12,12,12,12,12
400234,2,1,2000,0,0,0,0,0,0,0,0,0,0
400234,3,1,2000,0,0,0,0,0,0,0,0,0,0
400235,1,1,2000,0,0,0,0,0,0,0,0,0,0
400235,2,1,2000,0,0,0,0,0,0,0,0,0,0
400236,1,1,2000,0,0,0,0,0,0,10,0,7,0
400237,1,1,2000,0,0,0,0,0,0,0,0,0,0
400238,1,1,2000,0,0,0,0,0,0,0,0,0,0
400238,2,1,2000,0,0,0,0,0,0,0,0,0,0
400239,1,1,2000,0,0,0,0,0,0,0,0,0,0
400239,2,1,2000,0,0,0,0,0,0,0,0,0,0
400240,1,1,2000,0,0,0,0,0,0,0,0,0,0
400241,1,1,2000,0,0,0,0,0,0,0,0,0,0
400242,1,1,2000,0,0,0,0,0,0,0,0,0,0
400242,2,1,2000,0,0,0,0,0,0,0,0,0,0
400243,1,1,2000,25,25,25,25,25,25,25,25,25,25
400244,1,1,2000,0,0,0,0,0,0,0,0,0,0
400245,1,1,2000,0,0,0,0,0,0,0,0,0,0
400245,2,1,2000,0,0,0,0,0,0,0,0,0,0
400245,3,1,2000,0,0,0,0,0,0,0,0,0,0
400246,1,1,2000,0,0,0,0,0,0,0,0,0,0
400246,2,1,2000,0,0,0,0,0,0,0,0,0,0
400247,0,1,2000,25,0,21,27,26,14,31,43,0,23
400247,1,1,2000,0,0,0,0,0,0,0,0,0,0
400247,2,1,2000,0,0,0,0,0,0,0,0,0,0
400248,1,1,2000,0,0,0,0,0,0,0,0,0,0
400248,2,1,2000,0,0,0,0,0,0,0,0,0,0
400249,1,1,2000,0,0,0,0,0,0,0,0,0,0
400249,2,1,2000,0,0,0,0,7,0,14,27,9,0
400250,1,1,2000,0,0,0,0,0,0,0,0,0,0
400250,2,1,2000,0,0,0,0,0,0,0,0,0,0
400251,1,1,2000,13,0,0,0,0,0,0,0,0,0
400252,1,1,2000,21,37,14,20,18,18,5,10,6,10
400253,1,1,2000,0,0,0,0,0,0,0,0,6,0
400253,2,1,2000,0,0,0,0,0,0,0,0,0,0
400254,1,1,2000,0,0,0,0,0,0,0,0,0,0
400255,1,1,2000,0,0,0,0,0,0,0,0,0,0
400255,2,1,2000,0,0,0,0,0,0,0,0,0,0
400256,1,1,2000,0,0,0,0,0,0,0,0,0,0
400256,2,1,2000,0,0,0,0,0,0,0,0,0,0
400257,1,1,2000,0,0,0,0,0,0,0,0,0,0
400257,2,1,2000,0,0,0,0,0,0,0,0,0,0
400258,1,1,2000,0,0,0,0,0,15,0,0,8,0
400259,1,1,2000,0,0,0,0,0,0,0,0,0,0
400259,2,1,2000,0,0,0,0,0,0,0,0,0,0
400260,1,1,2000,9,9,9,9,9,9,9,9,9,9
400261,1,1,2000,0,0,0,0,0,0,0,0,0,0
400261,2,1,2000,0,0,0,0,0,0,0,0,0,0
400262,1,1,2000,0,0,0,0,0,0,0,0,0,0
400263,1,1,2000,0,0,0,0,0,0,0,0,0,0
400264,1,1,2000,29,29,29,29,29,29,29,29,29,29
400264,2,1,2000,0,0,0,0,0,0,0,0,0,0
400265,1,1,2000,0,0,0,0,0,0,0,0,0,0
400265,2,1,2000,0,0,0,0,0,0,0,0,0,0
400266,1,1,2000,0,0,0,0,0,0,0,0,0,0
400266,2,1,2000,0,0,0,0,0,0,0,0,0,0
400267,1,1,2000,0,0,0,0,0,0,0,0,0,0
400268,0,1,2000,29,29,29,29,29,29,29,29,29,29
400268,1,1,2000,0,0,0,0,15,0,0,8,0,26
400269,1,1,2000,17,19,9,31,20,6,10,11,20,21
400269,2,1,2000,0,0,0,0,0,0,0,0,0,0
400270,1,1,2000,0,0,0,0,20,15,0,0,0,0
400270,2,1,2000,0,0,0,0,0,0,0,0,0,0
400271,1,1,2000,0,0,0,8,0,6,0,0,0,0
400271,2,1,2000,0,12,0,0,0,0,0,0,0,0
400272,1,1,2000,20,18,22,19,10,18,25,18,10,22
400272,2,1,2000,0,0,0,0,0,0,0,0,0,0
400272,3,1,2000,0,0,0,0,0,0,0,0,0,0
400273,1,1,2000,0,0,0,0,0,0,0,0,0,0
400273,2,1,2000,0,0,0,0,0,0,0,0,0,0
400274,1,1,2000,0,0,0,0,0,0,0,0,0,0
400275,1,1,2000,0,0,0,0,29,0,0,0,0,0
400275,2,1,2000,0,0,0,0,0,0,0,0,0,0
400276,1,1,2000,16,9,5,16,27,18,5,20,14,11
400276,2,1,2000,0,0,0,0,0,0,0,0,0,0
400276,3,1,2000,0,0,0,0,0,0,0,0,0,5
400277,1,1,2000,0,0,0,0,0,0,7,0,17,0
400277,2,1,2000,0,0,0,0,0,0,0,0,0,0
400278,1,1,2000,0,0,0,0,0,0,0,0,0,0
400278,2,1,2000,0,0,0,0,0,0,0,0,0,0
400279,1,1,2000,0,0,0,0,0,0,0,0,0,0
400279,2,1,2000,0,0,0,0,0,0,0,4,0,0
400280,1,1,2000,0,0,0,0,0,0,0,0,0,0
400281,1,1,2000,0,8,13,2,0,9,0,0,15,0
400282,1,1,2000,0,0,0,0,0,0,0,0,0,0
400282,2,1,2000,0,0,0,14,19,0,0,0,0,9
400283,1,1,2000,29,7,27,20,36,21,24,7,26,3
400284,1,1,2000,0,0,0,0,0,0,0,0,0,0
400285,1,1,2000,25,25,25,25,25,25,25,25,25,25
400285,2,1,2000,0,0,0,0,0,0,0,0,0,0
400286,1,1,2000,0,0,0,0,0,0,0,0,0,0
400286,2,1,2000,0,0,0,0,0,0,0,0,0,0
400286,3,1,2000,0,0,0,0,0,0,0,0,0,0
400287,1,1,2000,24,24,24,24,24,24,24,24,24,24
400288,1,1,2000,0,0,0,0,0,0,0,0,0,0
400288,2,1,2000,29,5,21,14,7,33,13,23,9,4
400289,1,1,2000,0,0,0,0,0,0,0,0,0,0
400290,1,1,2000,0,0,0,0,0,0,0,0,0,0
400291,1,1,2000,0,0,0,0,0,0,0,0,0,0
400291,2,1,2000,0,0,0,0,0,0,0,0,0,0
400292,1,1,2000,26,26,26,26,26,26,26,26,26,26
400293,1,1,2000,0,0,0,0,0,0,0,0,0,0
400293,2,1,2000,0,0,0,0,0,0,0,0,0,0
400293,3,1,2000,0,0,0,0,0,0,0,0,0,0
400294,1,1,2000,0,0,0,0,0,0,0,0,0,0
400295,1,1,2000,0,0,0,0,0,0,0,0,0,0
400296,1,1,2000,0,0,0,0,0,0,0,0,0,0
400296,2,1,2000,0,0,0,0,0,0,0,0,0,0
400297,1,1,2000,0,0,0,0,0,0,0,0,0,0
400298,1,1,2000,0,0,0,0,0,0,0,0,0,0
400299,1,1,2000,0,0,0,33,18,20,26,43,0,10
400300,1,1,2000,0,0,0,0,0,0,0,0,0,0
400300,2,1,2000,0,0,0,0,0,0,0,0,0,0
400301,1,1,2000,26,0,25,0,0,0,7,0,0,19
400301,2,1,2000,0,0,0,0,0,0,0,0,0,0
400302,1,1,2000,0,0,0,0,0,0,0,0,0,0
400302,2,1,2000,0,0,0,0,0,0,0,0,0,0
400303,1,1,2000,0,0,0,0,0,0,0,0,0,0
400303,2,1,2000,0,0,0,17,0,0,0,0,0,0
400303,3,1,2000,0,0,7,0,0,0,0,0,0,0
400304,1,1,2000,25,25,25,25,25,25,25,25,25,25
400305,1,1,2000,14,14,14,14,14,14,14,14,14,14
400306,1,1,2000,0,0,0,0,0,0,0,0,0,0
400306,2,1,2000,31,31,31,31,31,31,31,31,31,31
400307,1,1,2000,0,0,0,0,0,0,0,0,0,0
400307,2,1,2000,0,0,0,0,0,0,0,0,0,0
400308,1,1,2000,5,5,5,5,5,5,5,5,5,5
400309,1,1,2000,0,0,0,0,0,0,0,0,0,0
400310,1,1,2000,3,3,3,3,3,3,3,3,3,3
400311,1,1,2000,0,0,0,0,0,0,0,6,0,0
400311,2,1,2000,0,0,0,0,0,0,0,0,0,0
400311,3,1,2000,9,0,0,0,0,0,0,0,0,0
400311,4,1,2000,0,0,0,0,0,0,0,0,0,0
400311,5,1,2000,0,0,0,0,0,0,0,0,0,0
400311,6,1,2000,0,0,0,0,0,0,0,0,0,0
400311,7,1,2000,0,0,0,0,0,0,0,0,0,0
400312,1,1,2000,0,0,0,0,0,0,0,0,0,0
400312,2,1,2000,0,0,0,0,0,0,0,0,0,0
400313,1,1,2000,0,0,0,0,0,0,0,0,0,0
400313,2,1,2000,0,0,0,0,0,0,0,0,0,0
400314,1,1,2000,0,0,0,0,0,0,0,0,0,0
400314,2,1,2000,0,0,0,0,0,0,0,0,0,0
400315,1,1,2000,11,12,9,22,12,21,0,14,0,0
400316,1,1,2000,0,0,0,19,0,0,0,0,0,0
400317,1,1,2000,19,19,19,19,19,19,19,19,19,19
400318,1,1,2000,0,0,0,0,0,0,0,0,0,0
400318,2,1,2000,0,0,0,0,0,0,0,0,0,0
400319,1,1,2000,23,23,23,23,23,23,23,23,23,23
400320,1,1,2000,2,2,2,2,2,2,2,2,2,2
400321,1,1,2000,9,9,20,12,18,7,11,33,18,24
400322,0,1,2000,8,8,8,8,8,8,8,8,8,8
400322,1,1,2000,9,9,9,9,9,9,9,9,9,9
400323,1,1,2000,0,0,0,0,0,0,0,0,0,0
400323,2,1,2000,0,0,0,0,0,0,0,0,0,0
400324,1,1,2000,0,0,0,0,0,0,0,0,21,0
400324,2,1,2000,0,0,0,0,0,0,0,0,0,0
400325,1,1,2000,17,23,24,18,14,14,9,11,14,10
400326,1,1,2000,0,0,0,0,0,0,0,0,0,0
400326,2,1,2000,0,0,0,0,0,0,0,0,0,0
400327,0,1,2000,0,0,0,0,0,0,0,0,0,0
400328,1,1,2000,0,0,0,0,0,0,0,0,0,0
400328,2,1,2000,0,0,0,0,0,0,0,0,0,0
400328,3,1,2000,0,0,0,0,0,0,0,0,0,0
400329,1,1,2000,0,0,0,0,0,0,0,0,0,0
400329,2,1,2000,0,0,0,0,0,0,0,13,0,0
400330,1,1,2000,0,0,26,0,0,0,0,9,0,0
400331,0,1,2000,0,0,0,0,0,0,0,0,0,0
400331,1,1,2000,11,11,11,11,11,11,11,11,11,11
400332,1,1,2000,18,25,26,9,26,16,9,23,26,7
400333,1,1,2000,0,0,0,0,0,0,0,0,0,0
400333,2,1,2000,0,0,0,0,0,0,0,0,0,0
400334,1,1,2000,24,24,24,24,24,24,24,24,24,24
400335,1,1,2000,22,0,0,17,0,16,0,20,0,0
400336,1,1,2000,0,0,0,0,0,0,0,4,0,0
400337,1,1,2000,0,0,0,0,0,0,0,0,0,0
400338,1,1,2000,0,0,0,0,0,0,0,0,0,0
400338,2,1,2000,0,0,0,0,0,0,0,0,0,0
400339,1,1,2000,0,0,0,0,0,0,0,0,0,0
400339,2,1,2000,0,0,0,0,0,0,0,0,0,0
400340,1,1,2000,0,0,0,0,0,0,0,0,0,0
400341,1,1,2000,25,0,20,0,29,10,23,20,5,20
400342,1,1,2000,0,0,0,0,0,0,0,0,0,0
400343,1,1,2000,0,0,0,0,0,0,0,0,0,0
400343,2,1,2000,0,0,0,0,0,0,0,0,0,0
400344,1,1,2000,18,18,18,18,18,18,18,18,18,18
400345,1,1,2000,21,9,21,17,16,23,27,0,40,25
400345,2,1,2000,0,0,0,0,0,0,0,0,0,0
400346,1,1,2000,0,0,0,0,0,0,0,0,0,0
400346,2,1,2000,0,0,0,0,0,0,0,0,0,0
400347,1,1,2000,0,0,0,0,0,0,0,0,0,0
400347,2,1,2000,0,0,0,0,0,0,0,0,0,0
400348,1,1,2000,6,27,14,12,18,33,12,31,6,15
400349,0,1,2000,17,17,17,17,17,17,17,17,17,17
400349,0,2,2000,0,0,0,0,0,0,0,0,0,0
400349,1,1,2000,0,10,0,0,0,0,0,0,0,0
400349,2,1,2000,0,0,7,0,0,0,0,0,0,0
400349,3,1,2000,0,0,0,0,0,24,0,0,0,0
400350,0,1,2000,0,0,0,0,0,0,0,0,0,14
400350,0,2,2000,24,6,0,0,0,28,21,0,0,14
400350,0,3,2000,5,25,30,20,0,20,0,0,0,0
400350,1,1,2000,0,0,0,0,0,0,0,0,0,0
400351,1,1,2000,0,0,0,0,0,0,0,0,0,0
400351,2,1,2000,0,0,0,19,0,0,0,0,0,19
400352,1,1,2000,0,0,0,0,0,0,0,0,0,0
400352,2,1,2000,0,0,0,0,0,0,0,0,0,0
400353,1,1,2000,0,0,0,0,0,0,0,0,0,0
400353,2,1,2000,0,0,0,0,0,0,0,0,0,0
400354,1,1,2000,0,0,0,0,0,0,0,0,0,0
400354,2,1,2000,0,0,0,0,0,0,0,0,0,0
400355,1,1,2000,10,13,14,22,14,8,18,11,17,11
400355,2,1,2000,0,0,0,0,0,0,0,0,0,0
400356,0,1,2000,0,0,0,0,0,0,0,0,0,0
400356,1,1,2000,0,0,0,0,0,0,0,0,11,0
400357,1,1,2000,0,0,0,0,0,0,0,0,0,0
400357,2,1,2000,0,0,0,0,0,7,0,0,0,0
400357,3,1,2000,0,0,0,0,0,0,0,0,0,0
400358,1,1,2000,0,0,0,0,0,0,0,0,0,0
400359,1,1,2000,0,0,0,0,0,0,0,0,0,0
400359,2,1,2000,0,0,0,0,0,0,0,0,0,0
400360,1,1,2000,0,0,0,0,0,0,0,0,0,0
400361,1,1,2000,0,0,0,0,0,0,0,0,0,0
400362,1,1,2000,37,37,37,37,37,37,37,37,37,37
400363,1,1,2000,0,0,0,0,0,0,0,0,0,0
400364,1,1,2000,0,0,0,0,0,0,0,0,0,0
400365,1,1,2000,0,0,0,0,0,0,0,0,0,0
400366,1,1,2000,3,0,0,0,0,0,0,16,0,0
400367,1,1,2000,7,7,7,7,7,7,7,7,7,7
400368,1,1,2000,0,0,0,0,0,0,0,0,0,0
400369,1,1,2000,0,0,5,0,0,0,0,0,0,24
400370,1,1,2000,0,0,0,0,0,0,0,0,0,0
400370,2,1,2000,0,0,0,0,0,0,0,0,0,0
400371,1,1,2000,17,17,17,17,17,17,17,17,17,17
400372,1,1,2000,0,0,0,19,0,0,0,0,0,15
400373,1,1,2000,29,0,3,0,0,0,0,0,0,0
400374,1,1,2000,0,0,0,0,0,0,0,0,0,0
400375,1,1,2000,10,0,19,32,0,28,14,27,0,0
400376,1,1,2000,0,0,0,0,0,0,0,0,0,0
400376,2,1,2000,0,0,0,0,0,0,0,0,0,0
400377,0,1,2000,6,6,6,6,6,6,6,6,6,6
400377,1,1,2000,0,6,24,9,22,0,0,6,0,0
400378,1,1,2000,0,0,0,0,4,0,0,0,0,0
400378,2,1,2000,0,0,0,0,0,0,0,0,0,0
400379,1,1,2000,0,0,0,0,11,0,0,0,0,0
400380,1,1,2000,0,0,0,0,0,0,0,0,0,0
400380,2,1,2000,0,0,0,0,0,0,0,0,0,0
400381,1,1,2000,0,0,0,0,0,0,0,0,0,0
400381,2,1,2000,0,0,0,0,0,0,0,0,0,0
400382,1,1,2000,0,17,0,18,0,9,0,0,0,15
400383,1,1,2000,0,0,0,0,0,0,7,29,14,0
400383,2,1,2000,0,0,0,0,0,0,0,0,0,0
400383,3,1,2000,0,0,0,0,0,0,0,0,0,0
400383,4,1,2000,0,0,0,0,0,0,0,0,0,0
400384,1,1,2000,0,0,0,0,0,0,0,0,0,0
400385,0,1,2000,0,0,0,0,0,0,0,0,0,0
400385,0,2,2000,28,13,44,9,12,10,0,0,27,18
400385,1,1,2000,0,0,0,0,0,0,0,0,0,0
400386,1,1,2000,0,0,0,0,0,0,0,0,0,0
400386,2,1,2000,0,0,0,0,0,0,0,23,0,0
400386,3,1,2000,0,0,0,0,0,0,0,0,0,0
400387,1,1,2000,0,0,0,10,0,0,0,0,0,0
400388,1,1,2000,17,9,6,15,16,21,24,34,16,12
400389,1,1,2000,14,14,14,14,14,14,14,14,14,14
400390,1,1,2000,0,0,0,0,0,0,0,0,0,0
400391,1,1,2000,21,21,21,21,21,21,21,21,21,21
400392,1,1,2000,0,0,0,0,0,0,0,0,0,0
400392,2,1,2000,19,19,19,19,19,19,19,19,19,19
400393,1,1,2000,24,0,0,22,0,11,0,0,0,9
400394,1,1,2000,0,0,0,0,0,0,0,0,0,0
400395,1,1,2000,2,2,2,2,2,2,2,2,2,2
400395,2,1,2000,0,0,0,0,0,0,0,0,0,0
400396,1,1,2000,0,0,0,0,0,0,0,0,0,0
400396,2,1,2000,0,0,0,0,0,0,0,0,0,0
400396,3,1,2000,0,0,0,0,0,0,0,0,0,0
400397,1,1,2000,0,0,0,0,0,0,0,0,0,0
400398,1,1,2000,0,0,0,0,0,0,0,0,0,0
400398,2,1,2000,0,0,0,0,0,0,0,0,0,0
400400,0,1,2000,0,0,0,0,0,0,0,0,0,0
400401,1,1,2000,0,0,0,15,29,0,41,22,0,9
400402,1,1,2000,2,13,0,0,0,0,8,9,7,6
400403,1,1,2000,9,9,9,9,9,9,9,9,9,9
400404,1,1,2000,22,22,22,22,22,22,22,22,22,22
400405,0,1,2000,0,0,0,0,0,0,0,0,0,0
400405,1,1,2000,7,7,7,7,7,7,7,7,7,7
400406,1,1,2000,0,0,0,0,0,0,0,0,0,0
400406,2,1,2000,0,0,0,0,0,22,0,0,0,0
400407,1,1,2000,0,0,12,21,0,16,0,0,14,0
400408,1,1,2000,0,0,0,0,0,0,0,0,0,0
400408,2,1,2000,0,0,0,0,0,0,0,0,0,0
400409,1,1,2000,25,0,0,0,0,0,0,0,0,0
400410,1,1,2000,0,0,0,0,0,0,0,0,0,0
400410,2,1,2000,0,0,0,0,0,0,0,0,0,0
400411,1,1,2000,11,11,11,11,11,11,11,11,11,11
400411,2,1,2000,0,0,0,0,0,0,0,0,0,8
400412,1,1,2000,14,14,14,14,14,14,14,14,14,14
400413,1,1,2000,0,0,0,0,0,0,0,0,0,0
400413,2,1,2000,0,0,0,23,0,0,0,0,0,0
400414,1,1,2000,0,0,0,0,0,0,0,0,0,0
400415,1,1,2000,23,23,23,23,23,23,23,23,23,23
400416,1,1,2000,0,0,0,0,0,0,0,0,0,0
400416,2,1,2000,0,0,0,0,0,0,0,0,0,0
400417,1,1,2000,8,8,8,8,8,8,8,8,8,8
400418,1,1,2000,0,0,0,0,0,0,0,0,0,0
400418,2,1,2000,0,0,0,0,0,0,12,0,0,0
400419,0,1,2000,13,13,13,13,13,13,13,13,13,13
400419,1,1,2000,0,0,0,0,0,0,10,0,14,0
400420,1,1,2000,17,17,17,17,17,17,17,17,17,17
400421,1,1,2000,0,0,0,0,0,0,0,0,0,0
400422,1,1,2000,35,35,35,35,35,35,35,35,35,35
400423,1,1,2000,0,11,0,0,0,0,0,0,15,0
400423,2,1,2000,0,0,0,0,0,0,0,0,0,0
400424,1,1,2000,0,0,0,0,0,0,0,0,0,0
400425,1,1,2000,0,0,0,0,0,0,0,0,0,0
400426,1,1,2000,0,0,0,0,0,0,0,0,0,0
400426,2,1,2000,0,0,0,0,0,0,0,0,0,0
400427,1,1,2000,6,28,37,17,30,27,19,10,13,23
400428,1,1,2000,0,0,0,0,0,0,0,0,0,0
400428,2,1,2000,0,0,0,0,0,0,0,0,0,0
400429,1,1,2000,19,19,19,19,19,19,19,19,19,19
400430,1,1,2000,0,0,0,0,0,0,0,0,0,0
400430,2,1,2000,0,17,0,0,0,0,0,0,0,0
400431,1,1,2000,0,0,0,0,0,0,0,0,0,0
400432,1,1,2000,0,2,0,23,0,22,3,2,0,0
400432,2,1,2000,14,14,14,14,14,14,14,14,14,14