ST_CASE,VEH_NO,PER_NO,YEAR,P1,P2,P3,P4,P5,P6,P7,P8,P9,P10
400433,1,1,2000,0,0,0,0,0,0,0,0,0,0
400433,2,1,2000,0,0,0,0,0,0,0,10,0,0
400434,1,1,2000,3,0,0,0,15,0,0,0,0,0
400434,2,1,2000,0,0,0,0,23,0,10,13,0,0
400435,1,1,2000,0,0,0,0,0,0,0,0,0,0
400435,2,1,2000,0,0,0,0,0,0,0,0,0,0
400436,1,1,2000,0,0,0,0,0,0,0,0,17,0
400436,2,1,2000,0,0,0,0,0,0,0,0,0,0
400437,1,1,2000,25,25,25,25,25,25,25,25,25,25
400438,1,1,2000,0,9,0,0,0,0,0,0,0,15
400438,2,1,2000,0,0,4,0,0,0,0,0,0,0
400439,1,1,2000,11,11,11,11,11,11,11,11,11,11
400439,2,1,2000,0,0,0,0,0,0,0,0,0,0
400440,1,1,2000,17,17,17,17,17,17,17,17,17,17
400441,1,1,2000,15,8,18,37,21,27,8,2,0,12
400442,1,1,2000,0,0,0,0,0,0,0,0,0,0
400444,1,1,2000,0,5,0,0,0,0,0,0,0,0
400444,2,1,2000,0,0,0,0,0,0,0,0,0,0
400445,1,1,2000,8,16,17,4,31,11,22,5,30,7
400446,1,1,2000,0,0,0,0,0,0,0,16,0,20
400446,2,1,2000,13,0,0,0,0,0,0,0,0,0
400447,1,1,2000,35,35,35,35,35,35,35,35,35,35
400448,0,1,2000,0,0,0,0,0,0,0,0,0,0
400448,1,1,2000,0,0,0,0,0,8,0,0,0,0
400449,1,1,2000,0,0,0,0,0,0,0,0,0,0
400450,1,1,2000,0,0,0,0,0,0,0,0,0,0
400450,2,1,2000,0,0,0,0,0,0,0,0,0,0
400451,1,1,2000,0,0,0,0,0,0,0,0,0,0
400451,2,1,2000,0,0,0,0,0,0,0,0,0,0
400451,3,1,2000,0,0,0,0,0,0,0,0,0,0
400451,4,1,2000,0,0,0,0,0,0,0,0,0,0
400451,5,1,2000,7,0,0,0,0,0,0,0,0,0
400452,1,1,2000,17,25,16,17,18,0,22,0,9,35
400453,1,1,2000,0,0,0,0,0,0,0,0,0,0
400453,2,1,2000,0,0,0,0,0,0,6,0,0,0
400454,1,1,2000,11,11,11,11,11,11,11,11,11,11
400455,1,1,2000,0,0,0,0,0,0,0,0,0,0
400455,2,1,2000,0,0,0,0,0,8,0,0,0,0
400456,1,1,2000,18,18,18,18,18,18,18,18,18,18
400457,1,1,2000,0,0,0,0,0,0,0,0,0,0
400457,2,1,2000,0,0,0,0,0,0,0,0,0,0
400458,1,1,2000,0,0,0,0,0,0,0,0,0,0
400458,2,1,2000,0,0,0,0,0,0,0,0,0,0
400459,0,1,2000,29,29,29,29,29,29,29,29,29,29
400459,1,1,2000,20,0,0,0,0,0,0,0,6,0
400460,1,1,2000,3,0,0,0,0,0,19,14,0,0
400460,2,1,2000,0,0,0,0,0,8,0,10,0,0
400460,3,1,2000,0,0,0,0,0,0,0,0,0,0
400460,4,1,2000,0,0,10,0,0,0,0,0,0,0
400461,1,1,2000,0,0,0,0,0,0,0,0,0,0
400461,2,1,2000,0,0,0,0,0,0,0,0,0,0
400462,1,1,2000,0,0,0,0,0,0,0,0,0,0
400463,1,1,2000,0,13,0,0,0,0,0,0,0,0
400464,1,1,2000,28,28,28,28,28,28,28,28,28,28
400465,1,1,2000,0,0,0,0,0,0,0,0,0,0
400465,2,1,2000,0,0,0,0,0,0,0,0,0,0
400466,1,1,2000,0,0,0,0,0,0,0,0,0,0
400466,2,1,2000,0,0,0,0,0,0,0,0,13,0
400467,1,1,2000,12,12,12,12,12,12,12,12,12,12
400467,2,1,2000,0,0,0,0,0,0,0,0,0,0
400468,1,1,2000,0,0,0,0,0,0,0,0,0,0
400468,2,1,2000,32,0,0,5,0,0,0,0,0,0
400469,1,1,2000,0,0,0,0,0,0,0,0,0,0
400470,1,1,2000,0,0,0,0,0,0,0,0,0,0
400470,2,1,2000,0,0,0,0,0,0,0,0,0,0
400471,1,1,2000,0,29,3,4,0,0,0,16,0,6
400471,2,1,2000,0,0,0,0,0,0,0,0,0,0
400472,1,1,2000,0,0,0,0,0,0,0,0,0,0
400473,0,1,2000,22,22,22,22,22,22,22,22,22,22
400473,1,1,2000,0,0,11,0,0,0,0,12,17,0
400473,2,1,2000,0,0,0,0,0,0,0,0,0,0
400474,0,1,2000,0,0,25,0,0,5,0,0,0,35
400474,1,1,2000,0,21,0,0,0,0,0,0,0,8
400475,1,1,2000,16,16,16,16,16,16,16,16,16,16
400476,1,1,2000,19,19,19,19,19,19,19,19,19,19
400477,1,1,2000,0,0,0,0,0,0,0,0,0,0
400478,1,1,2000,0,0,0,0,0,0,0,0,0,0
400479,1,1,2000,17,0,0,0,0,0,0,0,0,0
400480,1,1,2000,0,0,0,0,0,0,0,0,0,0
400480,2,1,2000,0,0,0,0,0,0,0,0,0,0
400480,3,1,2000,0,0,0,0,0,5,0,0,0,0
400480,4,1,2000,0,0,0,0,0,0,0,0,0,0
400481,0,1,2000,2,0,0,0,0,0,0,0,0,0
400481,0,2,2000,0,0,0,0,0,0,0,0,0,13
400481,1,1,2000,0,0,0,0,0,0,0,0,0,0
400482,1,1,2000,15,15,15,15,15,15,15,15,15,15
400483,1,1,2000,9,16,17,19,12,13,5,18,8,12
400484,1,1,2000,7,7,7,7,7,7,7,7,7,7
400485,1,1,2000,36,15,27,30,17,2,28,0,18,39
400486,1,1,2000,0,0,0,0,0,0,0,0,0,0
400486,2,1,2000,0,0,0,0,0,0,0,0,0,0
400487,1,1,2000,0,20,0,29,0,0,12,0,28,0
400488,1,1,2000,0,0,0,0,0,0,0,0,0,0
400488,2,1,2000,0,0,0,0,0,0,0,0,0,0
400489,1,1,2000,0,0,0,0,0,0,0,0,0,0
400489,2,1,2000,0,0,0,0,0,0,0,0,0,0
400491,1,1,2000,0,0,0,0,0,0,0,0,0,0
400491,2,1,2000,0,4,0,0,0,0,0,0,0,0
400492,1,1,2000,0,0,0,0,0,0,0,0,0,0
400492,2,1,2000,0,0,0,0,0,0,0,0,0,0
400493,1,1,2000,0,0,0,0,0,0,0,0,0,0
400494,1,1,2000,0,0,0,0,0,0,0,0,0,0
400495,0,1,2000,0,0,0,0,0,0,0,0,0,0
400495,1,1,2000,0,0,0,0,0,0,0,0,0,0
400496,1,1,2000,0,0,0,0,0,0,0,0,0,0
400496,2,1,2000,0,0,0,0,0,0,0,0,0,0
400497,1,1,2000,0,0,0,0,0,0,0,0,0,0
400498,1,1,2000,0,0,0,0,0,0,0,0,0,0
400498,2,1,2000,0,0,0,0,0,0,0,0,0,0
400499,1,1,2000,0,0,0,0,0,0,0,0,0,0
400499,2,1,2000,0,0,0,0,0,0,0,0,0,0
400500,1,1,2000,0,0,0,0,0,0,0,0,0,0
400500,2,1,2000,0,0,0,0,0,0,0,0,0,0
400500,3,1,2000,0,0,2,0,0,0,0,0,0,0
400501,1,1,2000,0,0,0,0,0,0,0,0,0,0
400501,2,1,2000,0,0,0,0,0,0,0,0,0,0
400502,1,1,2000,0,0,0,0,0,0,0,0,0,0
400503,1,1,2000,0,0,0,0,0,0,0,0,0,0
400503,2,1,2000,0,0,0,0,0,0,0,0,0,0
400504,1,1,2000,0,0,0,0,0,0,0,0,0,0
400504,2,1,2000,0,0,0,0,0,0,0,0,0,0
400505,0,1,2000,0,0,0,0,0,0,0,0,0,0
400505,1,1,2000,0,0,0,0,0,0,0,0,0,0
400506,1,1,2000,0,0,0,0,0,0,0,0,0,0
400506,2,1,2000,0,0,0,0,0,0,0,0,0,0
400507,0,1,2000,35,35,35,35,35,35,35,35,35,35
400507,1,1,2000,0,0,0,0,0,0,0,0,0,0
400508,1,1,2000,0,0,0,0,0,0,0,0,0,0
400508,2,1,2000,0,0,0,0,0,0,0,0,0,0
400509,1,1,2000,0,0,0,0,0,0,0,0,0,0
400510,1,1,2000,0,0,0,0,0,0,0,0,0,0
400511,1,1,2000,13,9,10,9,6,14,19,14,13,24
400511,2,1,2000,0,0,19,0,0,0,0,0,8,0
400511,3,1,2000,5,0,0,0,0,0,0,0,0,0
400511,4,1,2000,0,0,0,0,0,0,0,0,0,0
400512,1,1,2000,0,0,0,0,0,0,0,0,0,0
400512,2,1,2000,0,0,0,0,0,0,0,0,0,0
400513,1,1,2000,0,0,0,0,0,0,0,0,0,0
400513,2,1,2000,0,0,0,0,0,0,0,0,0,0
400514,1,1,2000,0,0,0,0,0,0,0,0,0,0
400515,1,1,2000,0,0,0,0,13,0,0,0,0,0
400515,2,1,2000,0,0,0,0,0,0,0,0,0,0
400516,1,1,2000,16,13,15,19,8,0,33,33,11,23
400517,1,1,2000,0,0,0,0,0,0,0,0,0,0
400517,2,1,2000,0,0,0,0,0,0,0,0,0,0
400518,1,1,2000,24,24,24,24,24,24,24,24,24,24
400519,1,1,2000,0,0,7,0,3,18,0,0,0,0
400519,2,1,2000,0,0,0,0,0,0,0,0,0,0
400520,1,1,2000,0,0,0,0,0,0,0,0,0,0
400520,2,1,2000,0,0,0,0,0,0,0,0,0,0
400521,1,1,2000,0,0,0,0,0,0,0,0,0,0
400522,0,1,2000,0,0,0,0,0,0,0,0,0,0
400522,0,2,2000,0,0,0,0,0,0,0,0,0,0
400522,0,3,2000,30,14,0,0,13,0,14,0,0,0
400522,1,1,2000,0,0,0,0,19,0,0,0,0,0
400522,2,1,2000,0,0,0,0,0,0,0,0,0,0
400523,0,1,2000,0,0,0,0,0,0,0,0,0,0
400523,1,1,2000,0,0,0,0,0,0,0,0,0,0
400524,1,1,2000,0,0,0,0,0,0,0,0,0,0
400525,1,1,2000,0,0,0,0,0,0,0,0,0,0
400526,1,1,2000,0,0,0,0,0,0,0,0,0,0
400527,1,1,2000,23,23,23,23,23,23,23,23,23,23
400527,2,1,2000,0,0,0,0,0,0,0,0,0,0
400528,1,1,2000,0,0,0,0,0,0,0,0,0,0
400528,2,1,2000,0,0,0,0,0,0,0,0,0,0
400529,1,1,2000,0,0,0,0,0,0,0,0,0,0
400530,1,1,2000,0,0,0,0,0,0,0,0,0,0
400530,2,1,2000,0,0,0,0,0,0,0,0,0,0
400531,1,1,2000,0,0,0,0,0,0,0,0,0,23
400532,1,1,2000,0,0,0,0,0,0,0,9,0,0
400532,2,1,2000,0,0,0,0,0,0,0,0,0,0
400533,1,1,2000,0,0,0,0,0,0,0,0,0,0
400533,2,1,2000,0,0,9,0,0,0,0,0,0,0
400534,0,1,2000,0,0,0,0,0,0,0,0,0,0
400534,2,1,2000,0,0,0,0,0,0,0,0,0,0
400535,1,1,2000,0,0,0,0,0,0,0,0,0,0
400535,2,1,2000,0,0,0,0,0,0,0,0,0,0
400536,1,1,2000,14,14,14,14,14,14,14,14,14,14
400537,1,1,2000,0,0,0,0,0,0,0,0,0,0
400538,1,1,2000,0,0,0,0,0,0,0,0,0,0
400539,1,1,2000,0,0,0,0,0,0,0,0,0,0
400539,2,1,2000,0,0,0,0,0,0,0,0,0,0
400540,1,1,2000,0,0,0,0,0,0,0,0,0,0
400540,2,1,2000,8,0,0,0,0,0,0,0,6,0
400541,1,1,2000,17,17,17,17,17,17,17,17,17,17
400541,2,1,2000,0,0,0,0,0,0,0,0,0,0
400542,1,1,2000,10,10,10,10,10,10,10,10,10,10
400542,2,1,2000,0,0,0,0,0,0,0,0,0,0
400543,1,1,2000,13,13,13,13,13,13,13,13,13,13
400543,2,1,2000,0,0,0,0,0,0,0,0,0,0
400544,1,1,2000,13,13,13,13,13,13,13,13,13,13
400545,1,1,2000,0,0,0,0,0,0,0,0,0,0
400545,2,1,2000,0,0,0,0,0,0,0,0,0,0
400546,1,1,2000,17,0,0,0,0,0,0,0,0,0
400546,2,1,2000,0,0,0,0,0,0,0,0,0,0
400547,1,1,2000,0,0,0,0,0,0,0,0,0,0
400547,2,1,2000,8,8,8,8,8,8,8,8,8,8
400548,1,1,2000,0,0,0,0,0,0,0,0,0,0
400549,1,1,2000,26,11,40,12,28,15,24,16,32,43
400550,1,1,2000,15,15,15,15,15,15,15,15,15,15
400551,1,1,2000,0,0,0,0,0,0,0,0,0,0
400551,2,1,2000,0,0,0,0,0,0,0,0,0,0
400552,1,1,2000,0,0,0,0,0,0,0,0,0,0
400552,2,1,2000,0,0,0,0,0,0,0,0,0,0
400553,1,1,2000,0,0,0,0,0,0,0,0,0,0
400553,2,1,2000,0,0,0,0,0,0,0,0,0,0
400554,1,1,2000,0,0,0,0,0,0,0,0,0,0
400555,1,1,2000,0,0,0,0,0,0,0,0,0,0
400556,1,1,2000,0,0,0,0,0,0,0,0,0,0
400556,2,1,2000,0,0,0,0,0,0,0,0,0,0
400557,1,1,2000,0,0,0,0,0,0,0,0,0,0
400557,2,1,2000,0,0,0,0,0,0,0,0,0,0
400558,1,1,2000,30,0,7,13,0,21,18,0,19,17
400559,1,1,2000,0,0,0,0,0,0,0,0,0,0
400559,2,1,2000,0,0,0,0,0,0,0,0,0,0
400559,3,1,2000,0,0,0,0,0,0,0,0,0,0
400559,4,1,2000,0,0,0,0,0,23,0,0,0,0
400560,1,1,2000,0,0,0,0,0,0,0,0,0,0
400560,2,1,2000,0,0,15,0,0,0,0,0,0,0
400561,1,1,2000,0,0,0,0,0,0,0,0,0,0
400561,2,1,2000,0,0,0,0,0,0,0,0,0,0
400562,1,1,2000,10,10,10,10,10,10,10,10,10,10
400563,1,1,2000,22,22,22,22,22,22,22,22,22,22
400564,1,1,2000,0,0,0,0,0,0,0,0,0,0
400565,1,1,2000,0,0,0,0,0,0,0,0,0,0
400566,1,1,2000,0,11,0,0,0,0,0,0,0,0
400566,2,1,2000,0,0,0,0,0,0,0,0,0,0
400567,1,1,2000,0,17,5,0,0,0,0,20,0,6
400567,2,1,2000,15,0,0,0,28,0,0,19,12,0
400567,3,1,2000,0,0,0,0,0,0,0,0,0,0
400567,4,1,2000,0,0,0,0,0,0,0,0,0,0
400568,1,1,2000,0,0,0,0,0,0,15,0,0,0
400568,2,1,2000,0,0,0,0,0,0,0,0,0,0
400569,1,1,2000,0,0,0,0,0,0,0,0,0,0
400569,2,1,2000,0,0,0,0,0,0,0,0,0,0
400570,1,1,2000,0,0,0,0,0,0,0,0,0,0
400571,1,1,2000,32,11,2,0,3,13,0,0,0,0
400572,1,1,2000,0,0,0,0,0,0,0,0,0,0
400572,2,1,2000,0,0,0,0,0,0,0,0,0,0
400573,0,1,2000,14,14,14,14,14,14,14,14,14,14
400573,1,1,2000,26,20,6,9,20,11,14,15,14,0
400574,1,1,2000,0,0,0,0,0,0,0,0,0,0
400574,2,1,2000,0,21,0,0,0,0,0,0,0,0
400575,0,1,2000,0,0,13,0,5,0,11,0,0,0
400575,1,1,2000,0,0,0,0,0,0,20,0,0,0
400576,1,1,2000,0,0,2,0,0,0,0,0,0,0
400576,2,1,2000,15,33,0,16,13,13,0,37,36,18
400577,1,1,2000,12,13,18,10,26,25,18,15,8,21
400577,2,1,2000,0,0,0,9,0,0,0,0,0,0
410001,1,1,2000,7,7,7,7,7,7,7,7,7,7
410002,1,1,2000,11,0,11,17,0,0,0,0,0,12
410003,1,1,2000,0,0,0,0,0,0,0,0,0,0
410003,2,1,2000,0,0,0,0,0,0,0,0,0,0
410004,1,1,2000,0,0,0,0,0,0,0,0,0,0
410004,2,1,2000,0,0,0,0,0,0,0,0,0,0
410004,3,1,2000,17,0,0,0,0,0,0,0,0,0
410004,4,1,2000,0,20,0,0,0,0,0,0,13,0
410005,1,1,2000,0,0,0,0,0,0,0,0,0,0
410005,2,1,2000,0,0,0,0,0,0,0,0,17,0
410006,1,1,2000,17,17,17,17,17,17,17,17,17,17
410006,2,1,2000,0,0,0,0,0,0,0,0,0,0
410006,3,1,2000,0,0,0,0,0,0,0,0,0,0
410007,1,1,2000,10,10,10,10,10,10,10,10,10,10
410007,2,1,2000,0,0,0,0,0,0,0,0,0,0
410008,1,1,2000,0,0,0,0,0,0,0,0,0,0
410008,2,1,2000,0,0,0,0,0,0,0,0,0,0
410009,1,1,2000,0,0,0,0,0,0,0,0,0,0
410009,2,1,2000,0,0,0,8,0,0,0,0,0,0
410009,3,1,2000,0,0,0,0,0,0,0,0,0,0
410010,0,1,2000,1,1,1,1,1,1,1,1,1,1
410010,1,1,2000,0,0,0,0,0,0,0,0,0,0
410011,1,1,2000,21,21,21,21,21,21,21,21,21,21
410012,1,1,2000,12,12,12,12,12,12,12,12,12,12
410013,1,1,2000,0,0,0,0,0,0,0,0,0,0
410013,2,1,2000,0,0,0,0,0,0,0,0,0,0
410014,1,1,2000,22,22,22,22,22,22,22,22,22,22
410014,2,1,2000,0,0,0,0,0,0,0,0,0,0
410015,0,1,2000,0,0,0,0,0,0,0,0,0,0
410015,1,1,2000,0,0,0,0,0,0,0,0,0,0
410016,0,1,2000,22,22,22,22,22,22,22,22,22,22
410016,1,1,2000,0,0,0,0,0,0,0,0,0,0
410017,0,1,2000,20,20,20,20,20,20,20,20,20,20
410017,1,1,2000,0,0,0,0,0,0,0,0,0,0
410018,1,1,2000,0,0,0,0,0,0,0,0,0,0
410019,1,1,2000,0,0,0,0,0,0,0,0,0,0
410019,2,1,2000,0,0,0,0,0,0,0,0,0,0
410019,3,1,2000,0,0,0,0,0,0,0,0,0,0
410020,1,1,2000,13,13,13,13,13,13,13,13,13,13
410021,1,1,2000,15,15,15,15,15,15,15,15,15,15
410022,1,1,2000,0,0,0,0,0,0,0,0,0,0
410023,0,1,2000,0,0,0,0,0,0,0,0,0,0
410023,1,1,2000,0,0,0,0,0,0,0,0,0,0
410024,1,1,2000,0,0,0,0,0,0,0,0,0,0
410024,2,1,2000,0,0,0,0,0,0,0,0,0,0
410025,0,1,2000,14,14,14,14,14,14,14,14,14,14
410025,1,1,2000,0,0,0,0,0,0,0,0,0,0
410026,1,1,2000,0,0,0,0,0,0,0,0,0,0
410026,2,1,2000,25,25,25,25,25,25,25,25,25,25
410027,1,1,2000,0,0,0,0,0,0,0,0,0,0
410027,2,1,2000,0,0,0,0,0,0,0,0,0,0
410028,0,1,2000,18,0,0,0,0,0,0,0,0,0
410028,0,2,2000,0,0,0,0,0,0,0,0,0,0
410028,1,1,2000,0,0,0,0,0,0,0,0,0,0
410029,1,1,2000,0,0,16,0,10,15,8,0,20,0
410030,1,1,2000,0,0,0,0,0,0,0,0,0,0
410031,1,1,2000,0,0,0,0,0,0,0,0,0,0
410031,2,1,2000,0,0,0,0,0,0,0,0,0,0
410032,1,1,2000,0,0,0,18,0,0,0,0,0,0
410033,1,1,2000,0,0,0,0,0,0,0,0,0,0
410033,2,1,2000,0,0,0,0,0,0,0,0,0,0
410034,1,1,2000,0,0,0,0,0,0,0,0,0,0
410034,2,1,2000,0,0,0,13,0,0,0,0,0,0
410035,1,1,2000,26,26,26,26,26,26,26,26,26,26
410035,2,1,2000,0,0,0,0,0,0,0,0,0,0
410036,1,1,2000,0,0,0,0,0,0,0,0,0,0
410036,2,1,2000,0,0,0,0,0,0,0,0,0,0
410037,1,1,2000,0,0,0,0,0,0,0,0,0,0
410037,2,1,2000,0,0,0,0,0,0,0,0,0,0
410038,1,1,2000,17,17,17,17,17,17,17,17,17,17
410039,1,1,2000,0,0,0,0,0,0,0,0,0,0
410040,1,1,2000,0,0,0,0,0,0,0,0,0,0
410041,0,1,2000,9,9,9,9,9,9,9,9,9,9
410041,1,1,2000,2,2,2,2,2,2,2,2,2,2
410042,1,1,2000,0,0,0,0,0,0,0,0,0,0
410042,2,1,2000,0,0,0,0,0,0,0,0,0,0
410043,1,1,2000,0,17,0,25,17,0,12,15,0,0
410044,1,1,2000,0,0,0,0,0,0,0,0,0,0
410044,2,1,2000,0,0,0,0,0,0,0,0,0,0
410045,1,1,2000,0,4,0,0,0,0,0,0,0,0
410045,2,1,2000,0,0,0,0,0,0,0,0,0,0
410046,1,1,2000,0,0,0,0,0,0,0,0,0,0
410046,2,1,2000,0,0,0,0,0,0,0,0,0,8
410046,3,1,2000,0,0,0,0,0,0,0,0,0,0
410047,1,1,2000,0,0,0,0,0,0,0,0,0,0
410047,2,1,2000,2,2,2,2,2,2,2,2,2,2
410048,1,1,2000,0,0,0,0,0,0,0,0,0,0
410048,2,1,2000,0,0,0,0,0,0,0,0,0,0
410049,1,1,2000,32,32,32,32,32,32,32,32,32,32
410050,1,1,2000,0,0,0,0,0,0,0,0,0,0
410051,1,1,2000,0,0,0,0,0,0,0,0,0,0
410052,1,1,2000,0,0,0,0,0,0,0,0,0,0
410053,1,1,2000,0,0,0,0,0,0,0,0,0,0
410054,1,1,2000,0,0,0,0,0,0,0,0,0,0
410055,1,1,2000,0,0,0,0,0,0,0,0,0,0
410055,2,1,2000,0,0,0,0,0,0,0,0,0,0
410056,1,1,2000,0,0,0,0,0,0,0,0,0,0
410057,0,1,2000,0,0,0,0,0,0,0,0,0,0
410057,1,1,2000,0,0,0,0,0,0,0,0,0,0
410058,1,1,2000,0,0,0,0,0,0,0,0,0,0
410059,1,1,2000,0,0,0,0,0,0,0,0,0,0
410059,2,1,2000,0,0,0,0,0,0,0,0,0,0
410060,1,1,2000,9,9,9,9,9,9,9,9,9,9
410061,1,1,2000,0,0,0,0,0,0,0,0,0,0
410061,2,1,2000,0,5,0,0,0,0,0,0,0,7
410061,3,1,2000,0,0,0,0,0,0,0,0,0,0
410062,1,1,2000,0,0,0,0,0,0,0,0,0,0
410062,2,1,2000,0,0,0,0,0,0,0,0,0,0
410063,1,1,2000,0,0,0,0,0,0,0,0,0,0
410063,2,1,2000,0,0,0,0,0,0,0,0,0,0
410064,1,1,2000,20,20,20,20,20,20,20,20,20,20
410065,1,1,2000,0,0,0,0,0,0,0,0,0,0
410066,0,1,2000,0,0,0,0,0,0,0,0,0,0
410066,1,1,2000,0,0,0,0,0,0,0,0,0,0
410067,1,1,2000,0,0,0,0,0,0,0,0,0,0
410068,1,1,2000,0,0,0,0,0,0,0,0,0,0
410069,1,1,2000,16,16,16,16,16,16,16,16,16,16
410070,1,1,2000,0,0,0,0,0,0,0,0,0,0
410070,2,1,2000,0,0,13,0,0,0,13,0,0,0
410071,1,1,2000,0,0,0,0,0,0,0,0,0,0
410071,2,1,2000,0,0,0,0,0,0,0,0,0,0
410072,1,1,2000,0,0,0,0,0,0,0,0,0,0
410072,2,1,2000,0,0,0,0,0,0,0,0,0,0
410073,1,1,2000,0,0,0,0,0,0,0,0,0,0
410073,2,1,2000,0,0,0,0,0,0,0,0,0,0
410074,1,1,2000,0,0,0,0,0,0,0,0,0,0
410074,2,1,2000,0,0,0,0,0,0,0,0,0,0
410074,3,1,2000,4,0,0,0,0,14,0,0,0,0
410075,1,1,2000,0,0,0,0,0,0,0,0,0,0
410075,2,1,2000,0,0,0,0,0,0,0,0,0,0
410076,1,1,2000,0,0,0,0,0,0,0,0,0,0
410077,1,1,2000,0,0,0,0,0,0,0,0,0,0
410078,1,1,2000,0,0,0,0,0,0,0,0,0,0
410078,2,1,2000,0,0,0,0,0,0,0,0,0,0
410079,0,1,2000,0,0,0,0,0,0,0,0,0,0
410079,1,1,2000,0,0,0,0,0,0,0,0,0,0
410080,1,1,2000,0,0,0,0,0,0,0,0,0,0
410080,2,1,2000,0,0,0,0,0,0,0,0,0,0
410081,1,1,2000,0,0,0,0,2,0,0,0,0,0
410082,1,1,2000,11,11,11,11,11,11,11,11,11,11
410083,1,1,2000,0,0,0,0,0,0,0,0,0,0
410083,2,1,2000,0,0,0,0,0,0,0,0,0,0
410084,1,1,2000,5,5,5,5,5,5,5,5,5,5
410085,1,1,2000,0,0,0,0,0,0,0,0,0,0
410085,2,1,2000,0,0,0,0,0,0,0,0,0,0
410086,1,1,2000,0,0,0,0,0,0,0,0,0,0
410086,2,1,2000,0,0,28,0,0,0,0,0,0,0
410087,1,1,2000,0,0,0,0,0,0,0,0,0,0
410087,2,1,2000,0,0,0,0,0,0,0,0,0,0
410088,1,1,2000,25,25,25,25,25,25,25,25,25,25
410088,2,1,2000,0,0,0,0,0,0,0,0,0,0
410089,1,1,2000,1,1,1,1,1,1,1,1,1,1
410090,1,1,2000,23,23,23,23,23,23,23,23,23,23
410091,0,1,2000,0,0,0,0,0,0,0,0,0,0
410091,1,1,2000,0,0,0,0,0,0,0,0,0,0
410092,1,1,2000,17,17,17,17,17,17,17,17,17,17
410093,1,1,2000,0,0,0,0,0,0,0,0,0,0
410094,1,1,2000,0,0,0,0,0,0,0,0,0,0
410094,2,1,2000,0,0,0,0,0,0,0,0,0,0
410095,1,1,2000,0,0,0,0,0,0,0,0,0,0
410095,2,1,2000,0,0,0,0,0,0,0,0,0,0
410096,1,1,2000,0,0,0,0,0,0,0,0,0,0
410096,2,1,2000,0,0,0,0,0,0,0,0,0,0
410097,1,1,2000,9,9,9,9,9,9,9,9,9,9
410098,1,1,2000,0,0,0,0,0,0,0,0,0,0
410099,1,1,2000,0,0,0,0,0,0,0,0,0,0
410099,2,1,2000,0,0,0,14,12,0,0,22,0,0
410100,1,1,2000,19,19,19,19,19,19,19,19,19,19
410101,1,1,2000,0,0,0,0,0,0,0,0,0,0
410102,1,1,2000,0,0,0,0,0,0,0,0,0,0
410102,2,1,2000,0,0,0,0,0,0,0,0,0,0
410102,3,1,2000,0,0,0,0,0,0,0,0,0,0
410103,1,1,2000,1,1,1,1,1,1,1,1,1,1
410103,2,1,2000,11,0,0,0,0,0,0,0,0,0
410104,1,1,2000,25,25,25,25,25,25,25,25,25,25
410105,1,1,2000,0,0,0,0,0,0,0,0,0,0
410106,1,1,2000,0,0,0,0,0,0,0,0,0,0
410106,2,1,2000,0,0,0,0,0,0,0,0,0,0
410107,1,1,2000,0,0,0,0,0,0,0,0,0,0
410107,2,1,2000,0,0,0,0,0,0,0,0,0,0
410108,1,1,2000,0,0,0,0,0,0,0,0,0,0
410109,1,1,2000,0,0,0,0,0,0,0,0,0,0
410110,0,1,2000,0,0,0,0,0,0,0,0,0,0
410110,1,1,2000,0,0,0,0,0,0,0,0,0,0
410111,0,1,2000,17,17,17,17,17,17,17,17,17,17
410111,1,1,2000,0,0,0,0,0,11,0,0,0,0
410112,1,1,2000,25,25,25,25,25,25,25,25,25,25
410113,1,1,2000,0,0,0,0,0,0,0,0,0,0
410115,0,1,2000,0,0,0,15,6,8,0,0,16,24
410115,1,1,2000,0,0,17,0,0,0,0,0,0,0
410116,1,1,2000,0,0,0,0,0,20,0,14,0,0
410116,2,1,2000,0,0,0,0,0,0,0,0,0,0
410117,1,1,2000,0,0,0,0,0,0,0,0,0,0
410117,2,1,2000,0,0,0,0,0,0,0,0,0,0
410117,3,1,2000,0,0,0,0,0,0,0,0,9,0
410118,1,1,2000,0,0,0,0,0,0,0,0,0,0
410118,2,1,2000,0,0,0,0,0,0,0,0,0,0
410118,3,1,2000,0,0,0,0,0,0,0,0,0,0
410119,0,1,2000,0,0,0,0,0,0,0,0,0,0
410119,1,1,2000,0,0,0,0,0,0,0,0,0,0
410120,1,1,2000,22,22,22,22,22,22,22,22,22,22
410120,2,1,2000,0,0,0,0,0,0,0,0,0,0
410121,1,1,2000,1,1,1,1,1,1,1,1,1,1
410121,2,1,2000,0,0,0,0,0,0,0,0,0,0
410122,1,1,2000,0,0,0,0,0,0,0,0,12,0
410123,1,1,2000,0,0,0,0,0,0,0,0,0,0
410124,1,1,2000,29,29,29,29,29,29,29,29,29,29
410125,1,1,2000,0,0,0,0,0,0,0,0,0,0
410125,2,1,2000,0,0,0,0,0,0,0,0,0,0
410126,1,1,2000,1,1,1,1,1,1,1,1,1,1
410128,0,1,2000,0,0,0,0,0,0,0,0,0,0
410129,1,1,2000,0,0,0,0,0,0,0,0,0,0
410129,2,1,2000,17,17,17,17,17,17,17,17,17,17
410130,1,1,2000,0,0,0,0,0,0,0,0,0,0
410131,1,1,2000,0,0,0,0,0,0,0,0,0,0
410132,1,1,2000,0,0,0,0,0,0,0,0,0,0
410133,1,1,2000,20,20,20,20,20,20,20,20,20,20
410134,1,1,2000,0,0,0,0,0,0,0,0,0,0
410135,1,1,2000,0,0,0,0,0,0,0,0,0,0
410136,1,1,2000,0,0,0,0,0,0,0,0,0,0