ST_CASE,VEH_NO,PER_NO,YEAR,P1,P2,P3,P4,P5,P6,P7,P8,P9,P10
410136,2,1,2000,0,0,0,0,0,0,0,0,0,0
410136,3,1,2000,0,0,0,0,0,0,0,0,0,0
410137,1,1,2000,0,0,0,0,0,0,0,0,0,0
410137,2,1,2000,0,0,0,0,0,0,0,0,0,0
410137,3,1,2000,0,0,0,0,0,0,0,0,0,0
410138,1,1,2000,0,0,0,0,0,0,0,0,0,0
410138,2,1,2000,0,0,0,0,0,0,0,0,0,0
410139,0,1,2000,0,0,0,0,0,0,0,0,0,0
410139,1,1,2000,0,0,0,0,0,0,0,0,0,0
410140,1,1,2000,19,19,19,19,19,19,19,19,19,19
410141,1,1,2000,0,0,0,0,0,0,0,0,0,0
410142,1,1,2000,0,0,0,0,0,0,0,0,0,20
410144,1,1,2000,0,0,0,0,0,0,0,0,0,0
410145,1,1,2000,0,0,0,0,0,0,0,0,0,0
410145,2,1,2000,0,0,0,0,0,0,0,0,0,0
410146,1,1,2000,0,0,0,0,0,0,0,0,0,0
410146,2,1,2000,0,0,0,0,0,0,0,0,0,0
410147,1,1,2000,4,4,4,4,4,4,4,4,4,4
410147,2,1,2000,0,0,0,0,0,0,0,0,0,0
410148,0,1,2000,0,0,0,0,0,0,0,0,0,0
410148,1,1,2000,0,0,0,18,11,0,6,16,24,0
410149,1,1,2000,0,0,0,0,0,0,0,0,0,0
410149,2,1,2000,0,0,0,0,0,0,0,0,0,0
410150,1,1,2000,24,24,24,24,24,24,24,24,24,24
410151,1,1,2000,0,0,0,0,0,0,0,0,0,0
410151,2,1,2000,0,0,0,0,0,0,0,0,0,0
410152,0,1,2000,15,15,15,15,15,15,15,15,15,15
410152,1,1,2000,0,0,0,0,8,0,0,0,0,0
410153,1,1,2000,0,0,0,0,0,0,0,0,0,0
410153,2,1,2000,0,0,0,0,0,0,0,0,0,0
410153,3,1,2000,0,0,0,0,0,0,0,0,0,0
410154,1,1,2000,0,0,0,0,0,0,0,0,0,0
410154,2,1,2000,19,19,19,19,19,19,19,19,19,19
410155,1,1,2000,0,0,0,0,0,0,0,0,0,0
410155,2,1,2000,0,0,0,26,0,0,0,0,0,0
410156,1,1,2000,0,0,0,0,0,0,0,0,0,0
410156,2,1,2000,0,0,0,0,0,0,0,0,0,0
410156,3,1,2000,0,0,0,0,0,0,0,0,0,0
410157,1,1,2000,0,0,0,0,0,0,0,0,0,0
410158,1,1,2000,0,0,0,0,0,4,0,0,0,0
410159,1,1,2000,0,0,0,0,0,0,0,0,0,0
410159,2,1,2000,0,0,0,0,16,0,0,0,0,0
410160,1,1,2000,0,0,0,0,0,0,0,0,0,0
410160,2,1,2000,0,0,0,0,0,0,0,0,0,0
410161,1,1,2000,0,0,0,0,0,0,0,0,0,0
410161,2,1,2000,0,0,0,0,0,0,0,0,0,0
410163,1,1,2000,14,14,14,14,14,14,14,14,14,14
410163,2,1,2000,0,0,0,0,0,0,0,0,0,0
410163,3,1,2000,0,0,0,0,0,0,0,0,0,0
410164,1,1,2000,0,0,0,0,0,0,0,0,0,0
410164,2,1,2000,0,0,0,0,0,0,0,0,0,0
410165,1,1,2000,12,12,12,12,12,12,12,12,12,12
410166,1,1,2000,0,0,0,0,0,0,0,0,0,0
410166,2,1,2000,0,0,0,0,0,0,0,0,0,0
410167,0,1,2000,4,4,4,4,4,4,4,4,4,4
410167,1,1,2000,0,0,0,0,0,0,0,0,0,0
410168,0,1,2000,21,21,21,21,21,21,21,21,21,21
410168,1,1,2000,0,0,0,0,0,0,0,5,0,0
410169,1,1,2000,19,19,19,19,19,19,19,19,19,19
410170,1,1,2000,20,20,20,20,20,20,20,20,20,20
410171,1,1,2000,7,7,7,7,7,7,7,7,7,7
410171,2,1,2000,0,0,0,0,0,0,0,0,0,0
410172,1,1,2000,13,13,13,13,13,13,13,13,13,13
410173,1,1,2000,16,16,16,16,16,16,16,16,16,16
410173,2,1,2000,0,0,0,0,0,0,0,0,0,0
410174,1,1,2000,22,22,22,22,22,22,22,22,22,22
410175,1,1,2000,0,0,0,0,0,0,0,0,0,0
410176,1,1,2000,0,0,0,0,0,0,0,0,0,0
410176,2,1,2000,0,0,0,0,0,0,0,0,0,0
410177,0,1,2000,0,0,0,0,0,0,0,0,0,0
410177,1,1,2000,0,0,0,0,0,0,0,0,0,0
410178,1,1,2000,0,0,0,0,0,0,0,0,0,0
410178,2,1,2000,0,0,0,0,0,0,0,0,0,0
410179,1,1,2000,0,17,0,0,3,0,0,0,0,0
410180,1,1,2000,0,0,0,0,0,0,0,0,0,0
410180,2,1,2000,0,0,0,0,0,0,0,0,0,0
410181,1,1,2000,0,0,0,0,0,0,0,0,0,0
410181,2,1,2000,0,0,0,0,0,0,0,0,0,0
410182,1,1,2000,0,0,0,0,0,0,0,0,0,0
410182,2,1,2000,0,0,0,0,0,0,0,0,0,0
410183,1,1,2000,0,0,0,0,0,0,0,0,0,0
410184,1,1,2000,0,10,0,0,0,0,0,0,0,0
410184,2,1,2000,0,0,0,0,0,0,0,0,19,0
410186,1,1,2000,23,23,23,23,23,23,23,23,23,23
410186,2,1,2000,0,0,0,0,0,0,0,0,0,0
410187,0,1,2000,0,0,0,0,0,0,0,0,0,0
410187,1,1,2000,0,0,0,0,0,0,0,0,0,0
410188,0,1,2000,0,0,0,0,0,0,0,0,0,0
410188,1,1,2000,0,0,0,0,0,0,0,0,0,0
410189,1,1,2000,9,9,9,9,9,9,9,9,9,9
410189,2,1,2000,0,0,0,0,0,0,0,0,0,0
410190,1,1,2000,26,26,26,26,26,26,26,26,26,26
410191,1,1,2000,0,0,0,0,0,0,0,0,0,0
410191,2,1,2000,0,0,0,0,0,0,0,0,0,0
410192,0,1,2000,26,26,26,26,26,26,26,26,26,26
410192,1,1,2000,0,0,0,13,18,0,0,0,0,0
410193,1,1,2000,3,3,3,3,3,3,3,3,3,3
410193,2,1,2000,0,0,0,0,0,0,0,0,0,0
410194,1,1,2000,15,15,15,15,15,15,15,15,15,15
410195,1,1,2000,0,0,0,0,0,0,0,0,0,0
410196,1,1,2000,17,17,17,17,17,17,17,17,17,17
410196,2,1,2000,0,0,0,0,0,0,0,0,0,0
410197,0,1,2000,26,26,26,26,26,26,26,26,26,26
410197,1,1,2000,0,0,0,0,0,0,18,0,11,0
410198,1,1,2000,0,0,0,0,0,0,0,0,0,17
410199,1,1,2000,12,0,0,0,10,0,0,0,0,0
410200,1,1,2000,0,0,0,0,0,0,0,0,0,0
410200,2,1,2000,0,0,0,0,0,0,0,0,0,0
410201,1,1,2000,0,0,0,0,0,0,0,0,0,0
410202,1,1,2000,0,0,0,0,0,0,0,15,0,14
410203,1,1,2000,0,9,0,0,0,0,14,0,0,0
410204,1,1,2000,15,15,15,15,15,15,15,15,15,15
410205,1,1,2000,0,0,0,0,0,0,0,0,0,0
410205,2,1,2000,0,0,0,0,0,0,0,0,0,0
410206,0,1,2000,24,24,24,24,24,24,24,24,24,24
410206,1,1,2000,0,0,0,0,0,0,0,0,0,0
410207,1,1,2000,0,0,0,0,0,0,0,0,0,0
410207,2,1,2000,0,0,0,12,7,0,18,19,0,0
410208,1,1,2000,19,19,19,19,19,19,19,19,19,19
410209,1,1,2000,0,19,19,0,0,0,0,0,0,4
410210,1,1,2000,0,0,0,0,0,0,0,0,0,0
410211,1,1,2000,0,0,0,0,0,0,0,0,0,0
410211,2,1,2000,0,0,0,0,0,0,0,0,0,0
410212,1,1,2000,0,0,0,0,0,0,0,0,0,0
410212,2,1,2000,0,0,0,0,0,0,0,0,0,0
410213,1,1,2000,20,20,20,20,20,20,20,20,20,20
410213,2,1,2000,0,0,0,0,0,0,0,0,0,0
410214,1,1,2000,5,5,5,5,5,5,5,5,5,5
410215,1,1,2000,0,0,0,0,0,0,0,0,0,0
410216,0,1,2000,0,0,0,0,0,0,0,0,0,0
410216,1,1,2000,0,0,0,0,16,0,8,0,0,0
410217,1,1,2000,9,9,9,9,9,9,9,9,9,9
410217,2,1,2000,0,0,0,0,0,0,0,0,0,0
410218,1,1,2000,0,0,0,0,0,0,0,0,0,0
410219,0,1,2000,0,0,0,0,0,0,0,0,0,0
410219,1,1,2000,0,0,0,0,0,0,0,0,0,0
410220,1,1,2000,16,16,16,16,16,16,16,16,16,16
410221,1,1,2000,23,23,23,23,23,23,23,23,23,23
410222,1,1,2000,9,9,9,9,9,9,9,9,9,9
410223,0,1,2000,0,0,0,0,0,0,0,0,0,0
410223,1,1,2000,0,0,0,0,0,0,0,0,0,0
410224,0,1,2000,0,0,0,0,0,0,0,0,0,0
410224,1,1,2000,0,0,0,0,0,0,0,0,0,0
410224,2,1,2000,0,0,0,0,0,0,0,0,0,0
410224,3,1,2000,0,0,0,0,0,0,0,0,0,0
410224,4,1,2000,0,0,0,0,0,0,0,0,0,0
410224,5,1,2000,0,0,0,0,0,0,0,0,0,0
410225,1,1,2000,20,20,20,20,20,20,20,20,20,20
410225,2,1,2000,0,0,7,0,0,0,0,0,0,0
410225,3,1,2000,0,0,0,0,0,0,0,0,0,0
410226,0,1,2000,0,0,0,0,0,0,0,0,0,0
410226,1,1,2000,0,0,0,0,0,0,0,0,0,0
410227,1,1,2000,12,12,12,12,12,12,12,12,12,12
410227,2,1,2000,5,0,0,0,0,0,0,0,0,0
410228,1,1,2000,11,11,11,11,11,11,11,11,11,11
410230,0,1,2000,40,40,40,40,40,40,40,40,40,40
410230,1,1,2000,0,0,0,0,0,0,0,0,0,0
410231,1,1,2000,0,0,0,0,0,0,0,0,0,0
410232,1,1,2000,0,0,0,0,0,0,0,0,0,0
410232,2,1,2000,0,0,0,0,0,0,0,0,0,0
410234,1,1,2000,0,0,0,0,0,0,0,0,0,0
410235,0,1,2000,18,18,18,18,18,18,18,18,18,18
410235,1,1,2000,0,0,0,0,0,0,0,0,0,0
410236,1,1,2000,27,27,27,27,27,27,27,27,27,27
410237,0,1,2000,0,0,0,0,0,0,0,0,0,0
410237,1,1,2000,0,0,0,0,0,0,0,0,0,0
410238,1,1,2000,4,4,4,4,4,4,4,4,4,4
410239,1,1,2000,17,17,17,17,17,17,17,17,17,17
410240,1,1,2000,12,12,12,12,12,12,12,12,12,12
410240,2,1,2000,0,0,0,0,0,0,0,0,0,0
410241,1,1,2000,0,0,0,0,0,0,0,0,0,0
410242,1,1,2000,21,21,21,21,21,21,21,21,21,21
410243,0,1,2000,0,0,0,0,0,0,0,0,0,0
410243,1,1,2000,0,0,0,0,0,0,0,0,0,0
410244,0,1,2000,0,0,0,0,0,2,0,0,0,0
410244,1,1,2000,0,0,0,0,0,0,0,0,0,0
410245,1,1,2000,0,0,0,0,0,0,0,0,0,0
410246,1,1,2000,4,4,4,4,4,4,4,4,4,4
410247,1,1,2000,2,2,2,2,2,2,2,2,2,2
410248,0,1,2000,0,0,0,40,0,0,15,0,0,20
410248,1,1,2000,0,0,0,0,0,0,0,0,0,0
410249,1,1,2000,0,0,0,0,0,0,0,0,0,0
410250,1,1,2000,8,8,8,8,8,8,8,8,8,8
410251,1,1,2000,1,1,1,1,1,1,1,1,1,1
410252,1,1,2000,0,0,0,0,0,0,0,0,0,0
410252,2,1,2000,0,0,0,0,0,0,0,0,0,0
410252,3,1,2000,0,0,0,0,0,0,0,0,0,0
410253,1,1,2000,0,0,0,0,0,0,0,0,0,0
410253,2,1,2000,0,0,0,0,0,0,0,0,0,0
410254,1,1,2000,1,1,1,1,1,1,1,1,1,1
410254,2,1,2000,0,0,0,0,0,0,0,0,0,0
410255,1,1,2000,0,0,0,0,0,0,0,0,0,0
410255,2,1,2000,4,4,4,4,4,4,4,4,4,4
410256,1,1,2000,13,13,13,13,13,13,13,13,13,13
410257,1,1,2000,0,0,0,0,0,0,0,0,0,0
410257,2,1,2000,19,19,19,19,19,19,19,19,19,19
410258,1,1,2000,15,15,15,15,15,15,15,15,15,15
410258,2,1,2000,0,0,0,0,0,23,0,0,0,0
410259,1,1,2000,2,2,2,2,2,2,2,2,2,2
410259,2,1,2000,0,0,0,0,0,0,0,0,0,0
410260,1,1,2000,0,0,0,0,0,0,0,0,0,0
410260,2,1,2000,0,0,0,0,0,0,0,0,0,0
410261,1,1,2000,0,0,0,0,0,0,0,0,0,0
410261,2,1,2000,0,0,0,0,0,0,0,0,0,0
410261,3,1,2000,0,0,0,0,0,0,0,0,0,0
410261,4,1,2000,0,0,0,0,0,0,0,0,0,0
410262,1,1,2000,10,10,10,10,10,10,10,10,10,10
410262,2,1,2000,0,0,0,0,0,0,0,0,0,0
410263,1,1,2000,31,0,10,23,0,0,0,39,0,0
410264,1,1,2000,0,0,0,0,0,0,0,0,0,0
410265,1,1,2000,0,0,0,0,0,0,0,0,0,0
410266,0,1,2000,31,31,31,31,31,31,31,31,31,31
410266,1,1,2000,14,14,14,14,14,14,14,14,14,14
410267,1,1,2000,14,14,14,14,14,14,14,14,14,14
410268,1,1,2000,0,0,0,0,0,0,0,0,0,0
410268,2,1,2000,0,0,0,0,0,0,0,0,0,0
410269,1,1,2000,0,0,0,0,0,0,0,0,0,0
410270,1,1,2000,22,0,0,0,0,0,0,0,0,0
410271,1,1,2000,26,26,26,26,26,26,26,26,26,26
410271,2,1,2000,0,0,0,0,0,0,0,0,0,0
410272,1,1,2000,0,0,0,0,0,0,0,0,0,0
410273,1,1,2000,1,1,1,1,1,1,1,1,1,1
410273,2,1,2000,0,0,0,0,0,0,0,0,0,0
410273,3,1,2000,0,0,0,0,0,0,0,0,0,0
410274,1,1,2000,0,0,0,0,0,0,0,0,0,0
410274,2,1,2000,0,0,0,0,0,0,0,0,0,0
410275,1,1,2000,0,0,0,0,0,0,0,0,0,18
410275,2,1,2000,0,0,0,0,0,0,0,0,0,0
410275,3,1,2000,0,0,0,0,0,0,0,0,0,0
410275,4,1,2000,0,0,0,0,0,0,0,0,0,0
410276,1,1,2000,0,0,0,0,0,0,0,0,0,0
410276,2,1,2000,0,0,0,0,0,0,0,0,0,0
410277,1,1,2000,0,0,0,0,0,0,0,0,0,0
410277,2,1,2000,0,0,0,0,0,0,0,0,0,0
410278,0,1,2000,0,0,0,0,0,0,0,0,0,0
410278,1,1,2000,1,1,1,1,1,1,1,1,1,1
410279,1,1,2000,0,0,0,0,0,0,0,0,0,0
410279,2,1,2000,0,0,0,0,0,0,0,0,0,0
410280,1,1,2000,0,0,0,0,0,0,0,0,0,0
410280,2,1,2000,0,0,0,0,0,0,0,0,0,0
410281,1,1,2000,18,18,18,18,18,18,18,18,18,18
410282,1,1,2000,0,0,0,0,0,0,0,0,0,0
410282,2,1,2000,0,0,0,0,0,0,0,0,0,0
410283,1,1,2000,40,40,40,40,40,40,40,40,40,40
410284,1,1,2000,0,0,0,0,0,0,0,0,0,0
410284,2,1,2000,0,0,0,0,0,0,0,0,0,0
410285,1,1,2000,18,3,0,0,0,0,0,0,0,0
410285,2,1,2000,0,0,0,0,0,0,0,0,0,0
410286,1,1,2000,0,0,0,0,0,0,0,0,0,0
410286,2,1,2000,0,0,0,0,0,0,0,0,0,0
410287,1,1,2000,17,17,17,17,17,17,17,17,17,17
410287,2,1,2000,0,0,0,0,0,0,0,0,0,0
410288,0,1,2000,0,0,0,0,0,0,0,0,0,0
410288,0,2,2000,0,0,0,0,0,0,0,0,0,0
410288,1,1,2000,0,0,0,0,0,0,0,0,0,0
410289,1,1,2000,0,0,0,0,0,0,0,0,0,0
410289,2,1,2000,0,0,0,0,0,0,0,0,0,0
410290,1,1,2000,0,0,0,0,0,0,0,0,0,0
410290,2,1,2000,0,0,0,0,0,0,0,0,0,0
410290,3,1,2000,0,0,0,0,0,0,0,0,0,0
410291,1,1,2000,28,28,28,28,28,28,28,28,28,28
410292,1,1,2000,0,0,0,0,0,0,0,0,0,0
410292,2,1,2000,11,11,11,11,11,11,11,11,11,11
410293,0,1,2000,15,15,15,15,15,15,15,15,15,15
410293,1,1,2000,0,0,0,0,0,0,0,0,0,0
410294,1,1,2000,0,0,0,0,0,0,0,0,0,0
410294,2,1,2000,0,0,0,0,0,0,0,0,0,0
410295,1,1,2000,0,0,0,0,0,0,0,0,0,0
410295,2,1,2000,0,0,0,0,0,0,0,0,0,0
410296,1,1,2000,21,21,21,21,21,21,21,21,21,21
410297,1,1,2000,12,12,12,12,12,12,12,12,12,12
410298,1,1,2000,0,0,0,0,0,0,0,0,0,0
410298,2,1,2000,0,0,0,0,0,0,0,0,0,0
410299,1,1,2000,19,19,19,19,19,19,19,19,19,19
410300,1,1,2000,1,1,1,1,1,1,1,1,1,1
410301,1,1,2000,18,18,18,18,18,18,18,18,18,18
410302,1,1,2000,0,0,0,0,0,0,0,0,0,0
410302,2,1,2000,0,0,0,0,0,0,0,0,0,0
410303,1,1,2000,14,14,14,14,14,14,14,14,14,14
410304,1,1,2000,18,18,18,18,18,18,18,18,18,18
410304,2,1,2000,0,0,0,0,14,0,0,0,10,0
410305,1,1,2000,0,0,0,0,0,0,0,0,0,0
410305,2,1,2000,0,0,0,0,0,0,0,0,0,0
410305,3,1,2000,0,0,0,0,0,0,0,0,0,0
410306,1,1,2000,0,0,0,0,0,0,0,0,0,0
410307,1,1,2000,0,0,0,0,0,0,0,0,0,0
410307,2,1,2000,0,0,0,0,0,0,0,0,0,0
410307,3,1,2000,0,0,0,0,0,0,0,0,0,0
410308,1,1,2000,16,16,16,16,16,16,16,16,16,16
410309,1,1,2000,0,0,0,0,0,0,0,0,0,0
410310,1,1,2000,0,0,0,0,0,0,0,0,0,0
410311,1,1,2000,8,8,8,8,8,8,8,8,8,8
410312,1,1,2000,22,22,22,22,22,22,22,22,22,22
410312,2,1,2000,0,0,0,0,0,0,0,0,9,0
410313,1,1,2000,0,0,0,0,0,0,0,0,0,0
410313,2,1,2000,0,0,0,0,0,0,0,0,0,0
410314,0,1,2000,5,5,5,5,5,5,5,5,5,5
410314,1,1,2000,0,0,0,0,0,0,0,0,0,0
410315,1,1,2000,0,0,0,0,0,0,0,0,0,0
410315,2,1,2000,0,0,0,0,0,0,0,0,0,0
410316,1,1,2000,21,21,21,21,21,21,21,21,21,21
410317,1,1,2000,0,0,0,0,0,0,0,0,0,0
410317,2,1,2000,0,0,0,0,0,0,0,0,0,0
410318,1,1,2000,12,12,12,12,12,12,12,12,12,12
410319,1,1,2000,0,0,0,0,0,0,0,0,0,0
410319,2,1,2000,0,0,0,0,0,0,0,0,0,0
410319,3,1,2000,0,0,0,0,0,0,0,0,0,0
410320,1,1,2000,9,9,9,9,9,9,9,9,9,9
410320,2,1,2000,0,0,0,0,0,0,0,0,0,0
410321,1,1,2000,11,11,11,11,11,11,11,11,11,11
410322,1,1,2000,26,26,26,26,26,26,26,26,26,26
410323,1,1,2000,0,0,0,0,0,0,0,0,0,0
410323,2,1,2000,0,0,0,0,0,0,0,0,0,0
410324,1,1,2000,11,11,11,11,11,11,11,11,11,11
410325,1,1,2000,24,24,24,24,24,24,24,24,24,24
410326,1,1,2000,0,0,0,0,0,0,0,0,15,0
410327,1,1,2000,0,0,0,0,0,0,0,0,0,0
410328,0,1,2000,21,21,21,21,21,21,21,21,21,21
410328,1,1,2000,18,18,18,18,18,18,18,18,18,18
410329,1,1,2000,0,0,0,0,0,0,0,0,0,0
410329,2,1,2000,10,10,10,10,10,10,10,10,10,10
410330,1,1,2000,0,0,0,0,0,0,0,0,0,0
410330,2,1,2000,0,0,0,0,0,0,0,0,0,0
410331,1,1,2000,0,0,0,0,0,0,0,0,0,0
410331,2,1,2000,0,0,0,9,0,0,0,0,0,0
410331,3,1,2000,0,0,0,0,0,0,0,0,0,0
410332,1,1,2000,0,0,0,0,0,0,0,0,0,0
410332,2,1,2000,0,0,9,0,0,0,0,0,0,0
410333,1,1,2000,4,0,0,0,0,0,0,0,0,0
410334,0,1,2000,0,0,0,0,0,0,0,0,0,0
410334,1,1,2000,0,0,0,0,0,0,0,0,0,0
410335,1,1,2000,0,0,0,0,0,0,0,0,0,0
410335,2,1,2000,0,0,0,0,0,0,0,0,0,0
410336,1,1,2000,12,9,16,9,12,8,0,28,0,33
410337,1,1,2000,0,0,0,0,0,0,0,0,0,0
410338,1,1,2000,2,2,2,2,2,2,2,2,2,2
410339,1,1,2000,0,0,0,0,0,0,0,0,0,0
410339,2,1,2000,0,0,0,0,0,0,0,0,0,0
410340,1,1,2000,0,0,0,0,0,0,0,0,0,0
410340,2,1,2000,0,0,0,0,0,0,0,0,0,0
410341,1,1,2000,15,0,0,0,0,0,0,0,0,0
410341,2,1,2000,0,0,0,0,0,0,0,0,0,0
410342,1,1,2000,4,4,4,4,4,4,4,4,4,4
410343,1,1,2000,0,0,0,0,0,0,0,0,0,0
410343,2,1,2000,0,0,0,0,0,0,0,0,6,0
410344,1,1,2000,0,0,0,0,0,0,0,0,0,0
410344,2,1,2000,0,0,0,0,0,0,0,0,0,0
410345,1,1,2000,0,0,0,0,0,0,0,0,0,0
410345,2,1,2000,0,0,0,0,0,0,0,0,0,0
410346,1,1,2000,19,19,19,19,19,19,19,19,19,19
410346,2,1,2000,6,6,6,6,6,6,6,6,6,6
410347,0,1,2000,23,23,23,23,23,23,23,23,23,23
410347,1,1,2000,0,0,0,0,0,0,0,0,0,0
410348,1,1,2000,0,0,0,0,0,0,0,0,0,0
410349,1,1,2000,0,0,0,0,0,0,0,0,0,0
410349,2,1,2000,0,0,0,0,0,0,0,0,0,4
410350,1,1,2000,0,0,0,0,0,0,0,0,0,0
410350,2,1,2000,0,0,0,0,0,0,0,0,0,0
410351,0,1,2000,0,0,0,0,0,0,0,0,0,0
410351,1,1,2000,0,0,0,0,0,0,0,0,0,0
410352,0,1,2000,37,37,37,37,37,37,37,37,37,37
410352,1,1,2000,0,0,0,0,0,0,0,0,0,0
410353,1,1,2000,0,0,0,0,0,0,0,0,0,0
410353,2,1,2000,0,0,0,0,0,0,0,0,0,0
410353,3,1,2000,0,0,0,0,0,0,0,0,0,0
410354,1,1,2000,0,0,0,0,0,0,0,0,0,0
410354,2,1,2000,0,0,0,0,0,0,0,0,0,0
410354,3,1,2000,0,0,0,0,0,0,0,0,0,0
410355,1,1,2000,0,0,0,0,0,0,0,0,0,0
410355,2,1,2000,0,0,0,0,0,0,0,0,0,0
410356,1,1,2000,23,23,23,23,23,23,23,23,23,23
410357,1,1,2000,25,25,25,25,25,25,25,25,25,25
410358,1,1,2000,0,0,0,0,0,0,14,13,0,0
410358,2,1,2000,0,0,0,0,0,0,0,0,0,0
410359,1,1,2000,0,0,0,0,0,0,0,0,0,0
410360,1,1,2000,0,0,0,0,0,0,0,0,0,0
410360,2,1,2000,0,0,0,0,0,0,0,0,0,0
410361,1,1,2000,16,16,16,16,16,16,16,16,16,16
410361,2,1,2000,0,0,0,0,0,0,0,0,0,0
410362,1,1,2000,6,6,6,6,6,6,6,6,6,6
410362,2,1,2000,0,0,0,0,0,0,0,0,0,0
410363,1,1,2000,7,7,7,7,7,7,7,7,7,7
410364,1,1,2000,28,28,28,28,28,28,28,28,28,28
410365,1,1,2000,0,0,0,0,0,0,0,0,0,0
410365,2,1,2000,0,0,0,0,0,0,0,0,0,0
410366,1,1,2000,0,0,0,0,0,0,0,0,0,0
410366,2,1,2000,0,24,13,0,19,0,0,26,0,0
410366,3,1,2000,0,0,0,0,0,0,0,0,0,0
410366,4,1,2000,0,0,0,0,0,0,0,0,0,0
410367,1,1,2000,17,17,17,17,17,17,17,17,17,17
410368,0,1,2000,0,0,0,0,0,0,0,0,0,0
410368,0,2,2000,0,0,0,0,0,0,0,0,0,0
410368,1,1,2000,0,0,0,0,0,0,0,0,0,0
410369,1,1,2000,24,24,24,24,24,24,24,24,24,24
410369,2,1,2000,0,0,0,0,0,0,0,0,0,0
410370,1,1,2000,0,0,0,0,0,0,0,0,0,0
410370,2,1,2000,0,0,0,0,0,0,0,0,0,0
410371,1,1,2000,0,0,0,0,0,0,0,0,0,0
410371,2,1,2000,0,0,0,0,0,0,0,0,0,0
410371,3,1,2000,0,0,0,0,0,0,0,0,0,0
410372,1,1,2000,0,0,0,0,0,0,0,0,0,0
410373,1,1,2000,0,0,0,0,0,0,0,0,0,0
410373,2,1,2000,0,0,0,0,0,0,0,0,0,0
410374,1,1,2000,15,15,15,15,15,15,15,15,15,15
410375,1,1,2000,0,0,0,0,0,0,0,0,0,0
410376,0,1,2000,7,7,7,7,7,7,7,7,7,7
410376,1,1,2000,0,0,0,0,0,0,0,0,0,0
410377,1,1,2000,0,0,0,0,0,0,0,0,0,0
410378,1,1,2000,0,0,0,0,0,0,0,0,0,0
410379,1,1,2000,0,0,0,0,0,0,0,0,0,0
410379,2,1,2000,0,0,0,0,0,0,0,0,0,0
410380,1,1,2000,0,0,0,22,0,32,10,16,0,0
410380,2,1,2000,0,0,0,0,0,0,0,0,0,0
410381,0,1,2000,0,0,0,0,0,0,0,0,0,0
410381,1,1,2000,0,0,0,0,0,0,0,0,0,0
410382,1,1,2000,0,0,0,0,0,0,0,0,0,0
410382,2,1,2000,0,0,0,0,0,0,0,0,0,0
410383,0,1,2000,0,0,0,0,0,0,0,0,0,0
410383,1,1,2000,0,0,0,0,0,0,0,0,0,0
410384,0,1,2000,0,0,0,0,0,0,0,0,0,0
410384,1,1,2000,0,0,0,0,0,0,0,0,0,0
410385,1,1,2000,15,15,15,15,15,15,15,15,15,15
410385,2,1,2000,15,15,15,15,15,15,15,15,15,15
410386,1,1,2000,0,0,0,0,0,0,0,0,0,0
410387,1,1,2000,1,1,1,1,1,1,1,1,1,1
410387,2,1,2000,0,0,0,0,0,0,0,0,0,0
410389,1,1,2000,0,0,0,0,0,0,0,0,0,0
410389,2,1,2000,0,0,0,0,0,0,0,0,0,0
410390,1,1,2000,0,0,0,0,0,0,0,0,0,0
410390,2,1,2000,0,0,6,0,0,0,0,0,0,4
410390,3,1,2000,18,0,0,6,16,13,25,0,0,9
410390,4,1,2000,0,0,0,0,0,0,0,0,0,0
410391,0,1,2000,0,0,0,0,0,0,24,0,0,0
410391,1,1,2000,0,0,0,0,0,0,0,0,0,0
410392,1,1,2000,0,0,0,0,0,0,6,0,0,0
410392,2,1,2000,0,0,0,0,0,0,0,0,0,0
410392,3,1,2000,0,0,0,0,0,0,0,0,0,0
410393,1,1,2000,7,7,7,7,7,7,7,7,7,7
410394,0,1,2000,0,0,0,0,0,0,0,0,0,0
410394,1,1,2000,0,0,0,0,0,0,0,0,0,0
410395,1,1,2000,10,10,10,10,10,10,10,10,10,10
410395,2,1,2000,0,0,0,0,0,0,0,0,0,0
410396,1,1,2000,0,0,0,0,0,0,0,0,0,0
410398,1,1,2000,0,0,0,0,7,0,0,0,0,0
410398,2,1,2000,0,0,0,4,0,0,0,0,0,0
410399,1,1,2000,17,17,17,17,17,17,17,17,17,17
410400,1,1,2000,15,15,15,15,15,15,15,15,15,15
410401,1,1,2000,0,0,0,0,0,0,0,0,0,0
410402,1,1,2000,13,13,13,13,13,13,13,13,13,13
410403,1,1,2000,9,9,9,9,9,9,9,9,9,9
410404,1,1,2000,0,0,0,0,0,0,0,0,0,0
410404,2,1,2000,0,0,0,0,0,0,0,0,0,0
410405,1,1,2000,36,36,36,36,36,36,36,36,36,36
410406,1,1,2000,23,23,23,23,23,23,23,23,23,23
410406,2,1,2000,0,0,0,0,0,0,0,0,0,0
410407,0,1,2000,0,0,0,0,0,0,0,0,0,0
410407,1,1,2000,0,0,0,0,2,0,0,7,0,0
410408,1,1,2000,21,21,21,21,21,21,21,21,21,21
410409,1,1,2000,15,15,15,15,15,15,15,15,15,15
410410,0,1,2000,24,24,24,24,24,24,24,24,24,24
410410,1,1,2000,8,0,0,0,0,0,0,0,0,0
410411,1,1,2000,15,15,15,15,15,15,15,15,15,15
410411,2,1,2000,0,16,0,0,10,18,0,20,6,0