ST_CASE,VEH_NO,PER_NO,YEAR,P1,P2,P3,P4,P5,P6,P7,P8,P9,P10
410412,1,1,2000,14,14,14,14,14,14,14,14,14,14
410412,2,1,2000,0,0,0,0,0,0,0,0,0,0
410413,1,1,2000,28,28,28,28,28,28,28,28,28,28
410414,1,1,2000,0,0,0,0,0,0,0,0,0,0
410414,2,1,2000,0,0,0,0,0,0,0,0,0,13
410414,3,1,2000,0,0,0,0,0,0,0,0,0,0
410414,4,1,2000,0,0,0,0,0,0,0,0,0,0
410415,1,1,2000,0,0,0,0,0,0,0,0,0,0
410416,1,1,2000,0,0,0,0,0,0,0,0,0,0
410416,2,1,2000,0,0,0,0,0,0,0,0,0,0
420001,1,1,2000,25,25,25,25,25,25,25,25,25,25
420002,1,1,2000,11,11,11,11,11,11,11,11,11,11
420003,1,1,2000,19,19,19,19,19,19,19,19,19,19
420004,1,1,2000,0,0,0,0,0,0,0,0,0,0
420004,2,1,2000,0,0,0,0,0,0,0,0,0,0
420005,1,1,2000,0,0,0,9,0,0,0,0,0,0
420006,1,1,2000,12,12,12,12,12,12,12,12,12,12
420007,1,1,2000,11,11,11,11,11,11,11,11,11,11
420008,1,1,2000,26,26,26,26,26,26,26,26,26,26
420008,2,1,2000,0,0,0,0,0,0,0,0,0,0
420008,3,1,2000,0,0,0,0,0,0,8,0,0,0
420009,1,1,2000,31,28,19,24,19,19,4,20,17,9
420010,1,1,2000,0,0,0,0,0,0,0,0,0,0
420011,1,1,2000,0,0,0,0,0,0,0,0,0,0
420012,0,1,2000,0,12,0,0,0,0,0,0,0,0
420012,1,1,2000,0,0,0,0,0,0,0,0,0,0
420013,1,1,2000,0,0,0,13,0,0,0,0,0,0
420014,0,1,2000,0,0,25,19,0,35,16,16,22,42
420014,1,1,2000,0,0,0,0,0,0,0,0,0,0
420015,1,1,2000,0,0,0,0,0,0,0,0,0,0
420015,2,1,2000,0,0,0,0,0,0,0,0,0,0
420015,3,1,2000,0,0,0,0,0,0,0,0,0,0
420016,1,1,2000,8,8,8,8,8,8,8,8,8,8
420017,1,1,2000,0,0,0,0,0,0,0,0,0,0
420018,1,1,2000,3,3,3,3,3,3,3,3,3,3
420019,1,1,2000,0,0,0,0,0,0,0,0,0,0
420020,0,1,2000,14,14,14,14,14,14,14,14,14,14
420020,1,1,2000,0,0,0,0,0,0,0,0,0,0
420021,1,1,2000,20,20,20,20,20,20,20,20,20,20
420022,1,1,2000,0,0,0,0,0,0,0,0,0,0
420023,1,1,2000,18,18,18,18,18,18,18,18,18,18
420024,0,1,2000,19,19,19,19,19,19,19,19,19,19
420024,1,1,2000,0,12,8,4,0,0,0,16,16,0
420025,1,1,2000,0,0,0,0,0,0,0,0,0,0
420025,2,1,2000,0,0,0,0,0,0,0,0,0,0
420026,1,1,2000,15,15,15,15,15,15,15,15,15,15
420027,0,1,2000,0,0,0,0,0,0,0,0,0,0
420027,1,1,2000,0,0,0,0,0,0,0,0,0,0
420028,1,1,2000,0,0,0,0,0,0,0,0,0,0
420028,2,1,2000,0,0,0,0,0,0,0,0,0,0
420029,1,1,2000,0,0,0,0,0,0,0,0,0,0
420029,2,1,2000,0,0,0,0,0,0,0,0,0,0
420029,3,1,2000,0,0,0,0,0,0,0,0,0,0
420030,1,1,2000,18,18,18,18,18,18,18,18,18,18
420031,1,1,2000,0,0,0,0,0,0,0,0,0,0
420031,2,1,2000,0,0,0,0,0,0,0,0,0,0
420032,1,1,2000,0,0,0,0,0,0,0,0,0,0
420032,2,1,2000,0,0,0,0,0,0,0,0,0,0
420033,1,1,2000,0,0,0,0,0,0,0,0,0,0
420033,2,1,2000,0,0,0,0,0,0,0,0,0,0
420033,3,1,2000,0,0,0,22,0,0,0,0,0,0
420034,1,1,2000,16,16,16,16,16,16,16,16,16,16
420034,2,1,2000,0,0,0,0,0,0,0,0,0,0
420035,1,1,2000,13,13,13,13,13,13,13,13,13,13
420036,0,1,2000,10,10,10,10,10,10,10,10,10,10
420036,1,1,2000,0,0,0,19,0,0,0,0,0,0
420037,1,1,2000,10,0,13,12,22,28,20,0,0,23
420038,0,1,2000,0,0,21,0,10,0,13,13,0,0
420038,1,1,2000,0,0,0,0,0,0,0,0,0,0
420039,1,1,2000,0,0,0,0,0,0,0,0,0,0
420039,2,1,2000,26,0,0,0,0,0,0,0,0,0
420040,1,1,2000,16,16,16,16,16,16,16,16,16,16
420041,1,1,2000,21,21,21,21,21,21,21,21,21,21
420042,1,1,2000,0,0,0,0,0,0,0,0,0,0
420042,2,1,2000,0,0,0,0,0,0,0,0,0,0
420043,1,1,2000,0,0,0,0,0,0,0,0,0,0
420043,2,1,2000,0,0,0,0,0,0,0,0,0,0
420044,1,1,2000,0,0,0,0,0,0,0,0,0,0
420044,2,1,2000,0,0,0,0,0,0,0,0,0,0
420045,1,1,2000,22,13,23,20,15,10,15,15,16,14
420045,2,1,2000,0,0,0,0,0,0,0,0,0,0
420046,1,1,2000,0,0,0,0,0,0,0,0,0,0
420046,2,1,2000,0,0,0,0,0,0,0,0,0,0
420047,1,1,2000,0,0,0,0,0,0,0,0,0,0
420047,2,1,2000,0,0,0,0,0,0,0,0,0,0
420048,1,1,2000,0,0,0,0,0,0,0,0,0,0
420049,1,1,2000,0,0,0,5,0,0,0,0,0,0
420049,2,1,2000,0,0,0,0,0,0,0,0,0,0
420049,3,1,2000,0,0,0,0,0,0,0,0,0,0
420050,0,1,2000,0,0,0,0,0,0,0,0,0,0
420050,1,1,2000,0,0,0,0,0,0,0,0,0,0
420051,1,1,2000,0,0,0,0,0,0,0,0,0,0
420051,2,1,2000,0,0,0,0,0,0,0,0,0,0
420052,1,1,2000,0,0,0,0,0,0,0,0,0,0
420053,1,1,2000,0,0,0,0,0,0,0,0,0,0
420053,2,1,2000,0,0,0,0,0,0,0,0,0,0
420054,1,1,2000,22,22,22,22,22,22,22,22,22,22
420054,2,1,2000,7,16,0,38,0,4,20,10,0,0
420055,1,1,2000,15,15,15,15,15,15,15,15,15,15
420055,2,1,2000,0,0,0,0,0,0,0,0,0,0
420055,3,1,2000,25,0,0,0,0,0,7,0,0,0
420056,1,1,2000,7,7,7,7,7,7,7,7,7,7
420056,2,1,2000,0,0,0,0,0,0,0,0,0,0
420057,1,1,2000,0,0,11,7,16,0,0,0,0,0
420058,1,1,2000,0,0,0,0,0,0,0,0,0,0
420058,2,1,2000,0,0,0,0,0,0,0,0,0,0
420059,1,1,2000,0,0,0,0,0,0,0,0,0,0
420059,2,1,2000,0,0,0,0,0,0,0,0,0,0
420060,1,1,2000,27,27,27,27,27,27,27,27,27,27
420060,2,1,2000,0,0,0,0,17,0,0,0,0,0
420060,3,1,2000,0,0,0,0,0,0,0,0,0,7
420061,1,1,2000,0,0,15,7,0,0,0,0,22,0
420062,1,1,2000,0,0,0,0,0,0,0,0,0,0
420062,2,1,2000,0,0,0,0,0,0,0,0,0,0
420063,1,1,2000,0,0,0,0,0,0,0,0,0,0
420063,2,1,2000,0,3,0,7,0,0,0,0,0,0
420063,3,1,2000,0,0,0,0,0,0,0,0,0,0
420064,1,1,2000,24,24,24,24,24,24,24,24,24,24
420065,1,1,2000,18,18,18,18,18,18,18,18,18,18
420065,2,1,2000,0,0,0,0,0,0,0,0,0,0
420066,1,1,2000,0,0,0,0,0,0,0,0,0,0
420066,2,1,2000,0,0,0,5,0,0,0,0,0,0
420067,0,1,2000,19,19,19,19,19,19,19,19,19,19
420067,1,1,2000,0,0,0,0,0,0,0,0,0,0
420068,1,1,2000,0,5,0,0,0,0,0,0,0,0
420069,1,1,2000,22,22,22,22,22,22,22,22,22,22
420070,1,1,2000,9,9,9,9,9,9,9,9,9,9
420071,1,1,2000,15,15,15,15,15,15,15,15,15,15
420071,2,1,2000,0,0,0,0,0,0,0,0,0,0
420072,1,1,2000,0,0,0,0,0,0,0,0,0,0
420072,2,1,2000,0,0,0,0,0,0,0,0,0,0
420073,1,1,2000,0,0,0,0,0,0,0,0,0,0
420073,2,1,2000,0,0,0,0,0,0,0,0,0,0
420074,1,1,2000,0,0,0,4,0,0,0,12,0,0
420074,2,1,2000,0,0,0,0,0,22,0,0,0,0
420075,1,1,2000,0,0,0,0,0,0,0,0,0,0
420075,2,1,2000,0,0,0,0,0,0,0,0,0,0
420075,3,1,2000,9,9,9,9,9,9,9,9,9,9
420076,0,1,2000,13,16,0,72,15,0,0,15,21,9
420076,1,1,2000,0,7,13,0,0,0,0,11,0,0
420077,1,1,2000,18,18,18,18,18,18,18,18,18,18
420078,0,1,2000,0,0,29,0,0,14,0,0,0,4
420078,1,1,2000,0,0,0,0,0,0,0,0,0,0
420078,2,1,2000,0,0,0,0,0,0,0,0,0,0
420079,1,1,2000,25,25,25,25,25,25,25,25,25,25
420080,1,1,2000,0,0,0,0,0,0,0,0,0,0
420081,1,1,2000,13,0,21,24,6,17,39,18,16,19
420081,2,1,2000,0,0,0,0,0,0,0,0,0,0
420082,1,1,2000,9,0,9,7,0,0,7,13,0,0
420083,0,1,2000,0,0,0,0,0,0,0,0,0,0
420083,0,2,2000,0,0,0,0,0,0,0,0,0,0
420083,0,3,2000,27,0,0,0,6,0,0,0,0,29
420083,1,1,2000,0,0,0,0,0,0,0,0,0,0
420084,0,1,2000,0,0,0,6,0,0,0,0,0,16
420084,1,1,2000,0,0,0,0,0,0,0,0,0,0
420085,0,1,2000,0,0,0,0,16,0,0,0,0,0
420085,1,1,2000,0,0,0,0,0,0,0,0,0,0
420086,0,1,2000,0,0,0,0,0,0,0,0,0,0
420086,1,1,2000,0,0,0,0,0,0,0,0,0,0
420087,1,1,2000,0,0,0,0,0,0,0,0,0,0
420087,2,1,2000,0,0,0,0,0,0,0,0,0,0
420088,1,1,2000,14,14,14,14,14,14,14,14,14,14
420089,1,1,2000,0,0,0,0,0,0,0,0,0,0
420089,2,1,2000,0,0,0,0,0,0,0,0,0,0
420090,0,1,2000,0,0,0,0,0,0,0,0,0,0
420090,0,2,2000,2,0,11,19,40,35,20,6,20,0
420090,1,1,2000,0,0,0,0,0,0,0,0,0,0
420091,1,1,2000,0,0,0,0,0,0,0,0,0,0
420091,2,1,2000,0,0,0,0,0,0,0,0,0,0
420092,1,1,2000,15,15,15,15,15,15,15,15,15,15
420092,2,1,2000,0,0,0,0,0,0,0,0,0,0
420093,1,1,2000,0,0,0,0,0,0,0,0,0,0
420094,1,1,2000,0,0,0,0,0,0,0,0,0,0
420095,1,1,2000,0,0,0,0,0,0,0,0,0,0
420095,2,1,2000,0,0,0,0,0,0,0,0,0,0
420096,1,1,2000,24,19,11,6,17,7,12,15,6,5
420096,2,1,2000,0,0,28,0,0,0,0,0,0,0
420097,1,1,2000,20,20,20,20,20,20,20,20,20,20
420098,0,1,2000,40,21,23,23,0,21,0,19,0,20
420098,1,1,2000,0,0,0,0,0,0,0,0,0,0
420099,1,1,2000,14,14,14,14,14,14,14,14,14,14
420099,2,1,2000,0,0,0,0,0,0,0,0,0,0
420100,1,1,2000,0,0,0,0,21,0,0,0,0,0
420100,2,1,2000,0,0,0,0,0,0,0,0,0,0
420101,1,1,2000,0,0,0,0,0,0,0,0,0,0
420101,2,1,2000,0,0,0,0,0,0,0,0,0,0
420102,1,1,2000,25,25,25,25,25,25,25,25,25,25
420102,2,1,2000,0,0,0,0,0,0,0,0,9,13
420103,1,1,2000,18,18,18,18,18,18,18,18,18,18
420104,2,1,2000,0,0,0,0,0,0,0,0,0,0
420105,0,1,2000,0,11,30,0,27,0,0,0,0,0
420105,1,1,2000,0,0,0,0,0,0,0,0,0,0
420106,1,1,2000,0,0,0,0,0,0,0,0,0,0
420106,2,1,2000,0,0,0,0,0,0,0,0,0,0
420107,1,1,2000,0,0,0,0,0,0,0,0,0,0
420107,2,1,2000,0,0,0,0,0,0,0,0,0,0
420108,1,1,2000,0,0,0,0,0,0,0,0,0,0
420108,2,1,2000,0,0,0,0,0,0,0,0,0,0
420108,3,1,2000,0,0,0,0,0,0,0,0,0,0
420109,1,1,2000,14,4,0,16,0,0,0,10,14,0
420110,1,1,2000,0,0,0,0,0,0,0,0,0,0
420110,2,1,2000,0,0,0,0,7,0,0,0,0,0
420111,1,1,2000,17,17,17,17,17,17,17,17,17,17
420112,1,1,2000,0,0,0,0,0,0,0,0,0,0
420112,2,1,2000,0,0,0,0,0,0,0,0,0,0
420113,1,1,2000,23,23,23,23,23,23,23,23,23,23
420114,1,1,2000,25,25,25,25,25,25,25,25,25,25
420115,1,1,2000,0,0,0,0,0,0,0,0,0,0
420115,2,1,2000,0,0,0,0,0,0,0,0,0,0
420116,1,1,2000,0,0,0,0,0,13,0,14,30,14
420116,2,1,2000,0,0,0,0,0,0,0,0,0,0
420117,1,1,2000,0,0,0,0,0,0,0,0,0,0
420117,2,1,2000,0,0,0,0,0,0,0,0,0,0
420118,1,1,2000,36,36,36,36,36,36,36,36,36,36
420119,1,1,2000,0,0,0,0,0,0,0,0,0,0
420120,1,1,2000,16,16,16,16,16,16,16,16,16,16
420121,1,1,2000,0,0,0,0,0,0,0,0,0,0
420122,1,1,2000,0,0,0,0,0,0,0,6,0,0
420122,2,1,2000,0,0,0,0,0,0,0,0,0,0
420123,1,1,2000,0,0,0,0,0,0,0,0,0,0
420124,1,1,2000,0,0,0,0,0,0,0,0,0,0
420125,1,1,2000,11,11,11,11,11,11,11,11,11,11
420126,1,1,2000,20,30,18,30,21,10,21,17,22,0
420127,1,1,2000,8,0,0,0,0,0,0,0,0,0
420127,2,1,2000,0,0,0,0,0,0,0,0,0,0
420128,1,1,2000,0,0,0,0,0,0,0,0,0,0
420129,1,1,2000,0,0,0,0,0,0,0,0,0,0
420129,2,1,2000,0,0,0,0,0,0,0,0,0,0
420130,0,1,2000,4,4,4,4,4,4,4,4,4,4
420130,1,1,2000,0,0,0,0,0,0,0,0,0,0
420131,0,1,2000,0,0,0,28,0,0,0,0,0,16
420131,1,1,2000,0,0,0,0,10,0,0,0,8,0
420132,1,1,2000,0,0,0,0,0,0,0,0,0,0
420132,2,1,2000,0,0,0,0,0,7,0,0,0,0
420132,3,1,2000,0,0,0,0,0,0,0,0,0,0
420132,4,1,2000,0,0,0,0,0,0,0,0,0,0
420133,1,1,2000,19,19,19,19,19,19,19,19,19,19
420134,1,1,2000,0,0,0,0,0,0,0,0,0,0
420134,2,1,2000,0,0,0,0,0,0,0,0,0,0
420134,3,1,2000,0,0,0,0,0,0,0,0,0,0
420134,4,1,2000,0,17,0,0,0,0,0,0,0,0
420135,1,1,2000,0,0,0,0,0,0,0,0,0,15
420136,1,1,2000,0,0,0,0,0,0,0,9,0,0
420136,2,1,2000,0,0,0,0,0,0,0,0,0,0
420137,1,1,2000,0,0,0,0,0,0,0,0,0,0
420138,0,1,2000,4,0,0,0,0,0,13,0,0,5
420138,1,1,2000,0,0,0,0,0,5,0,0,0,0
420139,0,1,2000,1,1,1,1,1,1,1,1,1,1
420139,1,1,2000,0,0,0,0,0,0,0,0,0,0
420140,1,1,2000,0,0,7,0,0,14,0,0,0,0
420140,2,1,2000,15,15,15,15,15,15,15,15,15,15
420141,1,1,2000,0,0,0,0,0,0,0,0,0,0
420142,1,1,2000,15,15,15,15,15,15,15,15,15,15
420143,1,1,2000,0,0,0,0,0,0,0,0,0,0
420144,1,1,2000,0,0,0,0,0,0,0,0,0,0
420144,2,1,2000,0,0,0,0,0,0,0,0,0,0
420144,3,1,2000,0,0,0,0,0,0,0,0,0,0
420145,1,1,2000,0,0,0,0,0,0,0,0,0,0
420145,2,1,2000,0,0,0,0,0,0,0,0,0,0
420146,1,1,2000,0,5,19,10,0,0,0,0,0,0
420147,1,1,2000,0,0,0,0,0,0,0,0,0,0
420147,2,1,2000,0,0,0,0,0,0,0,0,0,0
420148,1,1,2000,0,0,0,0,14,0,0,0,0,0
420149,1,1,2000,0,0,0,0,0,0,0,0,0,0
420150,1,1,2000,0,0,0,0,0,0,0,0,0,0
420151,1,1,2000,0,0,0,0,0,0,0,0,0,0
420151,2,1,2000,0,0,0,0,0,0,0,0,0,0
420152,1,1,2000,0,0,0,0,0,0,0,0,0,0
420153,1,1,2000,19,19,19,19,19,19,19,19,19,19
420154,0,1,2000,18,18,18,18,18,18,18,18,18,18
420154,1,1,2000,0,0,0,0,0,0,0,0,0,0
420155,1,1,2000,28,28,28,28,28,28,28,28,28,28
420156,1,1,2000,0,0,0,0,0,0,0,0,0,0
420156,2,1,2000,0,0,0,0,0,0,0,0,0,0
420157,1,1,2000,6,16,0,22,19,31,22,0,17,12
420158,0,1,2000,0,0,0,0,0,0,0,0,0,0
420158,1,1,2000,0,0,0,0,0,0,0,0,0,0
420159,1,1,2000,0,0,0,0,0,0,0,0,0,0
420159,2,1,2000,0,0,0,0,0,0,0,0,0,0
420160,1,1,2000,16,16,16,16,16,16,16,16,16,16
420160,2,1,2000,0,0,0,0,0,0,0,0,0,0
420161,1,1,2000,8,0,0,0,0,0,0,0,0,0
420161,2,1,2000,0,0,0,0,0,0,0,0,0,0
420162,1,1,2000,0,7,0,6,0,0,0,0,0,0
420163,1,1,2000,0,0,0,0,0,0,0,0,0,0
420163,2,1,2000,0,0,0,0,0,0,0,0,0,0
420164,1,1,2000,7,0,18,0,0,0,0,16,0,19
420165,1,1,2000,20,20,20,20,20,20,20,20,20,20
420166,1,1,2000,24,24,24,24,24,24,24,24,24,24
420166,2,1,2000,0,0,0,0,0,23,0,17,0,0
420167,1,1,2000,0,0,0,0,0,0,0,0,0,0
420168,1,1,2000,0,0,0,0,0,0,0,0,0,0
420168,2,1,2000,0,0,0,0,0,0,0,0,0,0
420169,1,1,2000,0,0,0,0,0,0,0,0,0,0
420170,1,1,2000,21,21,21,21,21,21,21,21,21,21
420171,1,1,2000,10,10,10,10,10,10,10,10,10,10
420171,2,1,2000,0,0,0,0,0,0,0,0,0,0
420171,3,1,2000,0,0,0,0,0,0,0,0,0,0
420172,1,1,2000,0,0,0,0,0,0,0,0,0,0
420172,2,1,2000,0,0,0,0,0,0,0,0,0,0
420173,1,1,2000,0,0,0,0,0,0,0,0,0,0
420173,2,1,2000,22,0,0,0,0,0,0,0,0,17
420174,1,1,2000,28,28,28,28,28,28,28,28,28,28
420175,1,1,2000,0,0,0,0,0,0,14,0,0,0
420175,2,1,2000,0,0,0,0,0,0,0,0,0,0
420176,0,1,2000,28,28,28,28,28,28,28,28,28,28
420176,1,1,2000,0,0,0,0,0,13,0,0,0,0
420177,1,1,2000,0,0,0,0,0,0,0,0,0,0
420177,2,1,2000,0,0,0,0,0,0,0,0,0,0
420178,1,1,2000,21,21,21,21,21,21,21,21,21,21
420178,2,1,2000,21,0,0,0,0,0,0,0,0,0
420179,1,1,2000,24,24,24,24,24,24,24,24,24,24
420180,1,1,2000,16,16,16,16,16,16,16,16,16,16
420181,1,1,2000,24,24,24,24,24,24,24,24,24,24
420182,1,1,2000,0,0,0,0,0,0,0,0,0,0
420182,2,1,2000,0,0,0,0,0,0,0,0,0,0
420184,0,1,2000,19,19,19,19,19,19,19,19,19,19
420184,1,1,2000,25,14,0,0,0,23,18,16,0,31
420185,1,1,2000,30,30,30,30,30,30,30,30,30,30
420186,1,1,2000,25,25,25,25,25,25,25,25,25,25
420187,1,1,2000,15,15,15,15,15,15,15,15,15,15
420188,1,1,2000,0,0,0,0,0,0,0,0,0,0
420188,2,1,2000,0,0,0,0,0,0,0,0,0,0
420189,1,1,2000,0,0,0,0,0,0,0,0,0,0
420190,1,1,2000,0,0,0,0,0,0,0,0,0,0
420190,2,1,2000,31,0,0,0,0,0,0,0,0,0
420191,1,1,2000,18,18,18,18,18,18,18,18,18,18
420192,1,1,2000,0,0,0,0,0,0,0,0,0,0
420193,1,1,2000,17,0,0,12,0,13,0,16,0,24
420194,1,1,2000,14,14,14,14,14,14,14,14,14,14
420195,1,1,2000,28,28,28,28,28,28,28,28,28,28
420195,2,1,2000,14,0,0,0,0,0,0,0,0,0
420196,1,1,2000,0,0,0,0,0,0,0,0,0,0
420196,2,1,2000,0,0,0,0,0,0,0,0,0,0
420197,1,1,2000,0,0,0,0,0,0,0,0,0,0
420197,2,1,2000,16,16,16,16,16,16,16,16,16,16
420198,1,1,2000,0,18,0,0,0,0,0,0,0,0
420198,2,1,2000,0,0,0,0,0,0,0,0,0,0
420199,1,1,2000,0,0,0,0,0,0,0,0,0,0
420200,1,1,2000,20,20,20,20,20,20,20,20,20,20
420201,1,1,2000,0,0,0,0,0,0,0,0,0,0
420202,1,1,2000,0,0,0,0,0,0,0,0,0,0
420202,2,1,2000,0,0,0,0,0,0,0,0,0,0
420203,1,1,2000,0,0,0,0,0,0,0,0,0,0
420203,2,1,2000,0,0,0,0,0,0,0,0,0,0
420204,0,1,2000,0,0,0,0,0,0,0,0,0,0
420204,1,1,2000,0,0,0,0,0,0,0,0,0,0
420205,1,1,2000,20,20,20,20,20,20,20,20,20,20
420206,1,1,2000,0,0,0,0,0,0,0,0,0,0
420206,2,1,2000,0,0,0,0,0,0,0,0,0,0
420207,1,1,2000,0,0,0,0,0,0,0,0,0,0
420207,2,1,2000,0,0,0,0,0,0,0,0,0,0
420208,1,1,2000,0,0,0,0,0,0,0,0,0,0
420208,2,1,2000,0,0,0,0,0,0,0,0,0,0
420209,1,1,2000,0,0,0,0,0,0,0,26,0,0
420210,1,1,2000,0,0,0,0,0,0,0,0,0,0
420210,2,1,2000,0,0,0,0,0,0,10,0,0,6
420211,1,1,2000,0,0,0,0,0,0,0,0,0,0
420211,2,1,2000,0,0,0,0,0,0,0,0,0,0
420212,1,1,2000,0,0,0,0,0,0,0,0,0,0
420212,2,1,2000,0,0,0,0,0,0,0,0,0,0
420213,1,1,2000,7,7,7,7,7,7,7,7,7,7
420213,2,1,2000,0,0,0,0,0,0,0,0,0,0
420214,1,1,2000,9,9,9,9,9,9,9,9,9,9
420215,1,1,2000,0,0,0,0,0,0,0,0,0,0
420215,2,1,2000,0,0,0,0,0,0,0,0,0,0
420216,1,1,2000,0,0,0,0,0,0,0,0,0,0
420216,2,1,2000,0,0,0,0,0,0,0,0,0,0
420217,1,1,2000,0,0,0,0,0,0,0,0,0,0
420217,2,1,2000,0,0,0,0,0,0,0,0,0,0
420218,1,1,2000,17,24,6,19,21,10,21,27,31,7
420218,2,1,2000,0,0,0,0,0,0,0,0,0,0
420219,1,1,2000,0,0,0,0,0,0,0,0,0,0
420219,2,1,2000,0,0,0,0,0,0,0,0,0,0
420220,0,1,2000,13,13,13,13,13,13,13,13,13,13
420220,1,1,2000,0,0,0,0,0,0,0,0,0,0
420221,1,1,2000,0,0,0,0,0,0,0,0,0,0
420221,2,1,2000,0,0,0,0,0,0,0,0,0,0
420222,1,1,2000,22,22,22,22,22,22,22,22,22,22
420223,1,1,2000,15,15,15,15,15,15,15,15,15,15
420224,1,1,2000,1,1,1,1,1,1,1,1,1,1
420224,2,1,2000,0,0,0,0,0,0,0,0,0,0
420225,1,1,2000,0,0,0,0,0,0,0,0,0,0
420225,2,1,2000,0,0,0,0,0,0,0,0,0,0
420226,0,1,2000,0,0,0,0,0,26,0,0,0,4
420226,1,1,2000,0,0,0,0,0,0,0,0,0,0
420227,1,1,2000,0,3,0,0,0,4,0,0,0,0
420227,2,1,2000,0,0,0,0,0,0,0,0,0,0
420227,3,1,2000,0,0,0,0,0,0,0,0,9,0
420228,1,1,2000,13,13,13,13,13,13,13,13,13,13
420229,1,1,2000,0,0,0,0,0,0,0,0,0,0
420229,2,1,2000,0,0,0,0,5,0,0,0,0,0
420230,1,1,2000,0,0,0,0,0,0,0,0,0,0
420230,2,1,2000,0,0,0,0,0,0,0,0,0,0
420231,1,1,2000,0,0,0,0,0,0,0,0,0,0
420231,2,1,2000,0,0,0,0,0,0,0,0,0,0
420232,1,1,2000,0,0,0,0,0,0,0,0,0,0
420232,2,1,2000,0,0,0,0,0,0,0,0,0,0
420233,1,1,2000,12,12,12,12,12,12,12,12,12,12
420234,1,1,2000,0,0,0,0,0,0,0,0,0,0
420235,1,1,2000,30,35,0,16,20,0,0,17,5,29
420236,1,1,2000,0,0,0,0,0,0,0,0,0,0
420237,1,1,2000,9,9,9,9,9,9,9,9,9,9
420238,1,1,2000,0,0,0,0,0,0,11,0,0,0
420238,2,1,2000,0,0,0,0,0,0,0,0,0,0
420240,0,1,2000,0,0,0,0,0,0,0,0,0,0
420240,1,1,2000,0,0,0,0,0,0,0,0,0,0
420241,1,1,2000,0,0,0,0,0,0,0,0,0,0
420241,2,1,2000,0,0,0,0,0,0,0,0,0,0
420241,3,1,2000,0,0,0,0,0,0,0,0,0,0
420242,1,1,2000,11,11,11,11,11,11,11,11,11,11
420243,1,1,2000,0,0,0,0,0,0,0,0,0,0
420244,1,1,2000,0,0,0,0,0,0,0,0,0,0
420244,2,1,2000,0,0,0,0,0,0,0,0,0,0
420245,0,1,2000,0,0,0,0,0,0,0,0,0,0
420245,1,1,2000,0,0,0,0,0,0,0,0,0,0
420246,0,1,2000,0,0,0,0,0,0,0,0,0,0
420246,1,1,2000,0,0,0,0,0,0,0,0,0,0
420247,1,1,2000,12,12,12,12,12,12,12,12,12,12
420248,1,1,2000,0,0,0,0,0,0,0,0,0,0
420248,2,1,2000,0,0,0,0,0,0,0,0,0,0
420249,1,1,2000,24,24,24,24,24,24,24,24,24,24
420250,0,1,2000,2,2,2,2,2,2,2,2,2,2
420250,1,1,2000,0,0,0,0,0,0,0,0,0,0
420251,1,1,2000,17,17,17,17,17,17,17,17,17,17
420251,2,1,2000,0,0,0,0,0,0,0,0,0,0
420252,1,1,2000,0,0,0,0,0,0,0,0,0,0
420252,2,1,2000,0,0,0,0,0,0,0,0,0,0
420252,3,1,2000,0,0,0,0,8,0,0,0,0,0
420253,1,1,2000,0,0,0,20,0,0,13,0,0,0
420254,1,1,2000,0,0,0,0,0,0,0,0,0,0
420255,1,1,2000,27,27,27,27,27,27,27,27,27,27
420256,1,1,2000,26,26,26,26,26,26,26,26,26,26
420257,0,1,2000,13,0,0,6,23,0,0,9,11,20
420257,1,1,2000,18,0,0,0,0,0,0,0,0,0
420258,0,1,2000,0,0,0,0,0,0,0,0,0,0
420258,1,1,2000,0,0,0,0,0,0,0,0,0,0
420259,1,1,2000,0,0,0,0,0,0,0,0,0,0
420259,2,1,2000,22,22,22,22,22,22,22,22,22,22
420260,0,1,2000,0,0,0,0,0,0,6,0,0,0
420260,1,1,2000,0,0,0,4,0,0,0,0,0,0
420261,1,1,2000,0,0,0,0,0,0,0,0,0,0
420261,2,1,2000,0,0,0,0,0,0,0,0,0,0
420261,3,1,2000,0,0,0,0,8,0,0,7,0,18
420262,1,1,2000,7,7,7,7,7,7,7,7,7,7
420263,1,1,2000,20,20,20,20,20,20,20,20,20,20
420264,1,1,2000,0,0,0,0,0,0,0,0,0,0
420264,2,1,2000,0,0,0,0,0,0,0,0,0,0
420264,3,1,2000,0,0,0,0,0,0,0,8,0,0
420265,1,1,2000,1,1,1,1,1,1,1,1,1,1
420266,1,1,2000,0,0,0,0,0,0,0,0,0,0
420266,2,1,2000,0,0,0,0,0,0,0,0,0,0
420267,1,1,2000,0,0,0,0,0,0,0,0,0,0
420267,2,1,2000,0,0,0,0,0,0,0,0,0,0
420268,1,1,2000,0,0,0,0,0,0,0,0,0,0
420268,2,1,2000,0,0,0,0,0,0,0,0,0,0
420269,0,1,2000,0,6,0,0,0,0,0,0,0,0
420269,1,1,2000,0,0,0,0,0,0,0,0,0,0
420270,1,1,2000,7,7,7,7,7,7,7,7,7,7
420271,1,1,2000,19,19,19,19,19,19,19,19,19,19
420272,0,1,2000,0,0,0,0,0,0,0,0,0,0