ST_CASE,VEH_NO,PER_NO,YEAR,P1,P2,P3,P4,P5,P6,P7,P8,P9,P10
420272,1,1,2000,0,0,0,0,0,0,0,0,0,0
420273,1,1,2000,0,0,0,0,0,0,0,0,0,0
420273,2,1,2000,0,0,0,0,0,0,0,0,0,0
420274,1,1,2000,0,0,0,0,0,0,0,0,0,0
420275,1,1,2000,28,28,28,28,28,28,28,28,28,28
420275,2,1,2000,0,0,0,0,0,0,0,0,0,0
420276,1,1,2000,0,0,0,0,0,0,0,0,0,0
420276,2,1,2000,0,0,0,0,0,0,0,11,0,0
420277,1,1,2000,25,25,25,25,25,25,25,25,25,25
420278,1,1,2000,0,0,0,0,0,0,12,0,0,0
420278,2,1,2000,0,0,0,0,0,0,0,0,0,0
420279,1,1,2000,19,0,20,13,0,0,0,0,0,0
420279,2,1,2000,0,0,0,0,0,0,0,0,0,0
420280,1,1,2000,0,0,0,0,0,0,0,0,0,0
420280,2,1,2000,0,0,0,0,0,0,0,0,0,0
420281,1,1,2000,0,0,0,0,0,0,0,0,0,0
420281,2,1,2000,0,0,0,0,0,0,0,0,0,0
420282,1,1,2000,19,19,19,19,19,19,19,19,19,19
420283,1,1,2000,0,15,0,18,0,0,4,19,16,0
420283,2,1,2000,0,0,0,0,0,0,0,0,0,0
420283,3,1,2000,0,0,0,0,0,0,0,0,6,0
420284,1,1,2000,31,31,31,31,31,31,31,31,31,31
420285,1,1,2000,0,0,0,9,0,0,0,24,0,0
420285,2,1,2000,0,0,0,0,0,0,0,0,0,0
420286,1,1,2000,13,13,13,13,13,13,13,13,13,13
420287,1,1,2000,6,6,6,6,6,6,6,6,6,6
420288,1,1,2000,0,0,0,0,0,0,0,0,0,0
420289,1,1,2000,0,0,15,0,0,0,0,0,0,0
420289,2,1,2000,0,0,0,0,0,0,0,0,0,0
420290,1,1,2000,36,36,36,36,36,36,36,36,36,36
420291,1,1,2000,19,19,19,19,19,19,19,19,19,19
420291,2,1,2000,0,0,0,0,0,0,0,0,0,0
420292,1,1,2000,24,24,24,24,24,24,24,24,24,24
420293,1,1,2000,0,0,0,11,0,0,0,0,0,0
420293,2,1,2000,0,0,0,0,0,0,0,0,0,0
420294,1,1,2000,15,15,15,15,15,15,15,15,15,15
420295,1,1,2000,0,0,0,0,0,0,0,0,0,0
420295,2,1,2000,0,0,0,0,0,0,0,25,0,0
420296,1,1,2000,21,21,21,21,21,21,21,21,21,21
420297,0,1,2000,0,0,0,0,0,0,0,0,0,0
420297,1,1,2000,0,0,0,0,0,0,0,0,0,0
420298,1,1,2000,0,35,37,13,7,20,9,3,0,0
420299,1,1,2000,20,20,20,20,20,20,20,20,20,20
420300,0,1,2000,0,0,0,0,0,0,0,0,0,0
420300,0,2,2000,0,0,0,0,0,0,0,0,0,0
420300,0,3,2000,0,0,0,0,0,0,0,0,0,0
420300,1,1,2000,6,6,6,6,6,6,6,6,6,6
420301,1,1,2000,0,0,0,0,10,0,0,0,0,0
420301,2,1,2000,0,0,0,0,0,0,0,0,0,0
420302,1,1,2000,0,0,0,0,0,0,0,0,0,0
420303,1,1,2000,20,24,0,35,17,9,15,16,17,20
420303,2,1,2000,0,0,0,0,0,0,0,0,0,0
420303,3,1,2000,15,0,0,0,0,0,0,0,0,0
420303,4,1,2000,0,0,0,0,0,0,0,0,0,0
420303,5,1,2000,0,0,0,0,0,0,0,0,0,0
420303,6,1,2000,0,0,0,0,0,0,0,0,0,0
420303,7,1,2000,0,0,0,0,0,0,0,0,0,0
420304,1,1,2000,0,0,0,0,0,0,0,0,0,0
420304,2,1,2000,0,0,0,0,0,0,0,0,0,0
420305,1,1,2000,0,0,0,0,0,0,0,0,0,0
420306,1,1,2000,0,19,0,0,19,0,14,0,0,0
420307,1,1,2000,0,0,0,0,0,0,0,0,0,0
420307,2,1,2000,13,13,13,13,13,13,13,13,13,13
420308,1,1,2000,22,22,22,22,22,22,22,22,22,22
420309,1,1,2000,29,29,29,29,29,29,29,29,29,29
420310,1,1,2000,20,20,20,20,20,20,20,20,20,20
420311,1,1,2000,20,20,20,20,20,20,20,20,20,20
420312,1,1,2000,0,0,0,0,0,0,0,0,0,0
420312,2,1,2000,0,0,0,0,0,0,0,0,0,0
420313,1,1,2000,0,0,0,0,0,0,0,0,0,0
420314,0,1,2000,0,0,18,31,0,12,0,0,23,0
420314,1,1,2000,0,0,0,0,0,0,0,0,0,0
420315,1,1,2000,0,0,0,0,0,0,0,0,0,0
420316,1,1,2000,0,0,0,0,0,0,0,0,0,0
420316,2,1,2000,0,0,0,0,0,0,0,0,0,0
420316,3,1,2000,0,0,0,0,0,0,0,0,0,0
420317,1,1,2000,31,31,31,31,31,31,31,31,31,31
420318,1,1,2000,16,16,16,16,16,16,16,16,16,16
420319,1,1,2000,0,0,0,0,0,0,0,0,0,0
420319,2,1,2000,0,0,10,0,0,0,0,0,0,21
420320,1,1,2000,24,24,24,24,24,24,24,24,24,24
420320,2,1,2000,0,0,0,0,0,0,0,0,0,0
420320,3,1,2000,0,0,0,0,0,0,0,0,0,0
420321,1,1,2000,10,10,25,14,10,19,19,13,0,32
420322,1,1,2000,0,0,0,0,0,0,0,0,0,0
420322,2,1,2000,0,0,0,0,0,0,0,0,0,0
420323,1,1,2000,0,0,0,0,0,0,0,0,0,0
420324,1,1,2000,17,17,17,17,17,17,17,17,17,17
420325,1,1,2000,18,18,18,18,18,18,18,18,18,18
420326,1,1,2000,0,0,0,0,0,0,0,0,0,0
420326,2,1,2000,0,0,0,0,0,0,0,0,0,0
420327,1,1,2000,0,0,0,0,0,0,0,0,0,0
420328,1,1,2000,0,23,9,18,12,16,14,22,5,0
420329,1,1,2000,17,0,13,24,13,20,16,8,10,6
420330,1,1,2000,9,9,9,9,9,9,9,9,9,9
420331,1,1,2000,0,0,0,0,0,0,0,0,0,0
420331,2,1,2000,0,0,12,0,0,0,0,0,0,0
420332,1,1,2000,0,0,0,0,0,0,0,0,0,0
420333,1,1,2000,0,0,0,0,0,0,0,0,20,0
420333,2,1,2000,0,0,0,0,8,0,0,0,0,0
420334,1,1,2000,0,0,0,0,0,0,0,0,0,0
420334,2,1,2000,0,0,0,0,0,0,0,0,0,0
420335,1,1,2000,28,28,28,28,28,28,28,28,28,28
420336,1,1,2000,26,26,26,26,26,26,26,26,26,26
420337,1,1,2000,0,0,0,0,0,0,0,0,0,0
420337,2,1,2000,0,0,0,0,0,0,0,0,0,0
420338,1,1,2000,25,25,25,25,25,25,25,25,25,25
420339,1,1,2000,8,8,8,8,8,8,8,8,8,8
420340,0,1,2000,21,0,14,0,0,28,0,20,0,18
420340,1,1,2000,4,33,22,13,7,0,22,20,15,0
420341,1,1,2000,0,0,20,0,0,0,12,0,8,0
420341,2,1,2000,0,0,0,0,0,0,0,0,0,0
420342,1,1,2000,0,0,0,0,0,0,0,0,0,0
420342,2,1,2000,0,0,0,0,0,0,0,0,0,9
420343,1,1,2000,0,0,0,40,13,19,19,0,9,0
420344,1,1,2000,0,0,0,14,0,0,0,0,0,3
420345,1,1,2000,0,0,0,0,0,0,0,0,0,0
420345,2,1,2000,0,0,0,0,0,0,0,0,0,0
420346,1,1,2000,18,10,19,11,12,14,9,9,15,16
420346,2,1,2000,4,13,0,0,23,20,10,21,22,16
420347,1,1,2000,12,15,0,17,7,11,0,0,14,0
420348,1,1,2000,0,0,0,0,0,0,0,0,0,0
420348,2,1,2000,0,0,0,0,0,0,0,0,0,0
420349,0,1,2000,0,0,0,0,0,0,0,0,0,0
420349,1,1,2000,0,0,0,0,0,0,0,0,0,0
420350,1,1,2000,7,7,7,7,7,7,7,7,7,7
420350,2,1,2000,19,0,0,0,0,0,0,0,0,0
420351,1,1,2000,0,0,0,0,0,0,0,0,0,0
420352,1,1,2000,0,0,0,0,0,0,0,0,0,0
420352,2,1,2000,0,0,0,0,0,0,0,0,0,0
420353,1,1,2000,0,0,0,0,0,0,0,0,0,0
420354,1,1,2000,2,2,2,2,2,2,2,2,2,2
420354,2,1,2000,0,0,0,0,0,0,0,0,0,0
420355,1,1,2000,24,24,24,24,24,24,24,24,24,24
420356,1,1,2000,0,0,0,0,0,0,0,0,0,0
420357,1,1,2000,0,0,0,0,0,0,0,0,0,0
420357,2,1,2000,0,0,0,0,0,0,0,0,0,0
420357,3,1,2000,0,0,0,0,0,0,0,0,0,0
420357,4,1,2000,0,0,0,0,0,0,0,0,0,0
420358,1,1,2000,0,0,0,0,0,0,0,9,0,0
420358,2,1,2000,12,0,12,0,16,0,0,0,0,0
420359,1,1,2000,0,0,0,0,0,0,0,0,0,0
420359,2,1,2000,0,19,0,0,0,0,0,0,0,0
420360,1,1,2000,28,28,28,28,28,28,28,28,28,28
420361,1,1,2000,0,0,0,0,0,0,0,0,0,0
420362,1,1,2000,18,18,18,18,18,18,18,18,18,18
420363,1,1,2000,5,5,5,5,5,5,5,5,5,5
420363,2,1,2000,0,0,0,0,0,0,0,0,8,0
420364,1,1,2000,0,0,0,0,0,0,0,0,0,0
420364,2,1,2000,0,0,0,0,0,0,0,0,0,0
420365,1,1,2000,0,0,0,9,0,0,0,0,0,0
420365,2,1,2000,0,0,0,0,0,0,0,0,0,0
420365,3,1,2000,0,0,0,0,0,0,0,0,0,0
420366,1,1,2000,28,28,28,28,28,28,28,28,28,28
420366,2,1,2000,0,0,0,0,0,0,0,0,0,0
420366,3,1,2000,0,0,0,0,0,0,0,0,0,0
420367,1,1,2000,20,24,13,14,33,11,9,19,9,8
420368,1,1,2000,0,0,0,0,0,0,0,0,0,0
420368,2,1,2000,0,0,0,0,0,0,0,0,0,0
420369,1,1,2000,13,13,13,13,13,13,13,13,13,13
420370,1,1,2000,20,20,20,20,20,20,20,20,20,20
420371,1,1,2000,0,0,0,0,0,0,0,0,0,0
420371,2,1,2000,0,0,0,0,0,0,0,0,0,0
420372,1,1,2000,21,21,21,21,21,21,21,21,21,21
420373,1,1,2000,5,0,0,0,0,10,4,14,26,15
420373,2,1,2000,0,0,0,0,0,0,0,0,0,0
420374,1,1,2000,25,25,25,25,25,25,25,25,25,25
420374,2,1,2000,0,0,0,0,10,20,0,6,10,11
420375,1,1,2000,0,0,0,0,0,0,0,0,0,0
420375,2,1,2000,0,0,0,0,0,0,0,0,0,0
420376,1,1,2000,0,0,0,0,0,0,0,0,0,0
420377,1,1,2000,0,0,0,0,0,0,0,0,0,0
420377,2,1,2000,0,0,0,0,0,0,0,0,0,0
420378,1,1,2000,0,0,0,0,0,0,0,0,0,0
420378,2,1,2000,0,0,0,0,0,0,0,0,0,0
420379,0,1,2000,17,10,0,0,21,0,28,0,0,0
420379,1,1,2000,0,0,0,0,0,0,0,0,0,0
420380,1,1,2000,0,0,0,0,0,0,0,0,0,0
420380,2,1,2000,0,0,0,0,0,0,0,0,0,0
420380,3,1,2000,13,0,0,0,0,0,0,0,0,0
420381,0,1,2000,10,10,10,10,10,10,10,10,10,10
420381,1,1,2000,0,0,0,0,0,0,0,0,0,0
420382,1,1,2000,0,0,0,0,0,0,0,0,0,0
420382,2,1,2000,18,18,18,18,18,18,18,18,18,18
420383,0,1,2000,0,0,0,0,0,0,0,0,0,0
420383,1,1,2000,0,0,0,0,0,0,0,0,0,0
420384,1,1,2000,0,0,0,0,0,0,0,0,0,0
420385,1,1,2000,21,21,21,21,21,21,21,21,21,21
420385,2,1,2000,0,0,0,0,0,0,0,9,0,0
420386,1,1,2000,0,0,0,0,0,0,0,0,0,0
420387,0,1,2000,0,0,11,5,0,16,0,0,0,0
420387,1,1,2000,14,6,0,11,14,0,12,0,0,0
420388,1,1,2000,0,0,0,0,0,0,0,0,0,0
420389,1,1,2000,0,0,0,0,0,0,0,0,0,0
420390,1,1,2000,7,7,7,7,7,7,7,7,7,7
420390,2,1,2000,0,0,0,0,0,0,0,0,0,0
420391,1,1,2000,9,9,9,9,9,9,9,9,9,9
420392,1,1,2000,0,17,9,0,19,0,0,0,14,0
420393,1,1,2000,29,29,29,29,29,29,29,29,29,29
420394,1,1,2000,18,18,18,18,18,18,18,18,18,18
420395,1,1,2000,0,0,0,0,0,0,0,0,0,0
420395,2,1,2000,0,0,0,0,0,0,0,0,0,0
420396,1,1,2000,21,21,21,21,21,21,21,21,21,21
420397,1,1,2000,0,0,0,0,0,0,0,0,0,0
420398,1,1,2000,0,0,0,0,0,0,0,0,0,0
420398,2,1,2000,0,0,0,0,0,0,0,0,0,0
420399,0,1,2000,0,0,0,0,0,0,0,0,0,0
420399,1,1,2000,24,17,0,10,19,17,20,0,9,14
420400,1,1,2000,17,17,17,17,17,17,17,17,17,17
420401,1,1,2000,0,0,0,0,0,0,0,0,0,0
420402,1,1,2000,0,0,0,0,0,0,0,0,0,0
420402,2,1,2000,0,0,0,0,0,0,0,0,0,0
420403,1,1,2000,0,0,0,0,0,2,12,0,0,0
420404,0,1,2000,0,0,38,0,0,0,32,0,0,0
420404,1,1,2000,0,0,0,0,0,0,13,0,0,27
420404,2,1,2000,0,0,0,0,0,0,0,0,0,0
420405,1,1,2000,3,3,3,3,3,3,3,3,3,3
420406,1,1,2000,0,0,0,0,0,0,0,0,0,0
420407,1,1,2000,0,0,0,0,0,0,0,0,0,0
420408,1,1,2000,0,0,0,0,0,0,0,0,0,0
420408,2,1,2000,0,0,0,0,0,0,0,0,0,0
420409,1,1,2000,22,22,22,22,22,22,22,22,22,22
420410,1,1,2000,0,0,0,0,0,0,0,0,0,0
420410,2,1,2000,0,0,0,0,0,0,0,0,0,0
420411,1,1,2000,0,0,0,0,0,0,0,0,0,0
420411,2,1,2000,0,0,0,0,0,0,0,0,0,0
420412,1,1,2000,9,9,9,9,9,9,9,9,9,9
420412,2,1,2000,0,0,0,0,0,0,0,0,0,0
420413,1,1,2000,0,0,0,0,0,0,0,0,0,0
420414,1,1,2000,0,0,0,0,0,0,0,0,0,0
420415,1,1,2000,15,15,15,15,15,15,15,15,15,15
420417,1,1,2000,37,37,37,37,37,37,37,37,37,37
420418,0,1,2000,0,0,0,0,0,0,0,0,0,0
420418,1,1,2000,0,0,0,0,0,0,0,0,0,0
420419,1,1,2000,29,29,29,29,29,29,29,29,29,29
420419,2,1,2000,0,0,0,0,0,0,0,0,17,0
420420,1,1,2000,0,19,0,14,0,0,28,0,0,0
420421,1,1,2000,0,0,0,0,0,0,0,0,0,0
420421,2,1,2000,0,0,0,0,0,0,0,0,0,0
420422,1,1,2000,18,18,18,18,18,18,18,18,18,18
420423,1,1,2000,0,0,0,0,21,0,0,11,26,0
420425,1,1,2000,0,0,0,0,0,0,0,0,0,0
420426,1,1,2000,0,0,0,0,0,0,0,0,0,0
420427,0,1,2000,22,22,22,22,22,22,22,22,22,22
420427,1,1,2000,12,0,0,0,0,0,0,0,0,0
420428,1,1,2000,11,11,11,11,11,11,11,11,11,11
420429,1,1,2000,0,0,0,0,0,0,0,0,0,0
420430,1,1,2000,25,25,25,25,25,25,25,25,25,25
420430,2,1,2000,0,0,0,0,0,0,10,0,0,0
420431,0,1,2000,20,0,0,0,0,0,0,0,10,0
420431,1,1,2000,0,0,11,0,0,0,0,0,0,0
420432,1,1,2000,21,21,21,21,21,21,21,21,21,21
420432,2,1,2000,24,24,24,24,24,24,24,24,24,24
420433,1,1,2000,0,0,0,0,0,0,0,0,0,0
420433,2,1,2000,0,0,0,0,0,0,0,0,0,0
420434,1,1,2000,0,0,0,0,0,0,0,0,0,0
420434,2,1,2000,5,0,0,0,0,0,0,3,0,9
420435,0,1,2000,0,0,0,0,0,0,0,0,0,0
420435,1,1,2000,0,0,0,0,0,0,0,0,0,0
420436,0,1,2000,13,21,15,31,0,0,0,0,10,0
420436,1,1,2000,0,0,0,0,0,31,0,10,0,0
420437,1,1,2000,13,13,13,13,13,13,13,13,13,13
420438,1,1,2000,0,0,0,0,0,0,13,0,0,0
420438,2,1,2000,0,0,0,0,0,0,0,0,0,0
420439,1,1,2000,0,0,0,0,0,0,0,0,0,0
420440,1,1,2000,11,11,11,11,11,11,11,11,11,11
420440,2,1,2000,0,0,18,0,0,0,0,0,12,17
420441,1,1,2000,0,0,0,0,0,0,0,0,0,0
420441,2,1,2000,8,9,13,0,8,0,0,0,0,0
420442,1,1,2000,20,20,20,20,20,20,20,20,20,20
420442,2,1,2000,0,0,0,0,0,0,0,0,0,0
420443,1,1,2000,0,0,0,0,0,0,0,0,0,0
420443,2,1,2000,0,0,0,0,0,9,0,0,0,0
420443,3,1,2000,0,0,0,0,0,0,0,0,0,0
420444,1,1,2000,0,0,0,0,0,0,0,0,0,0
420444,2,1,2000,0,0,0,0,0,0,0,0,0,0
420444,3,1,2000,0,0,0,0,6,0,0,0,0,0
420445,1,1,2000,0,0,0,0,0,0,0,0,0,0
420445,2,1,2000,0,0,0,0,0,0,0,0,0,0
420445,3,1,2000,0,0,0,0,0,0,0,0,0,0
420446,1,1,2000,0,0,0,0,0,0,0,0,0,0
420446,2,1,2000,0,0,0,0,0,0,0,0,0,0
420448,0,1,2000,0,0,0,0,0,0,0,0,0,0
420448,1,1,2000,0,0,0,0,0,0,0,0,0,0
420449,1,1,2000,0,0,0,0,0,0,0,0,0,0
420450,1,1,2000,24,24,24,24,24,24,24,24,24,24
420450,2,1,2000,0,0,0,0,0,0,0,0,0,22
420450,3,1,2000,2,0,0,0,0,4,0,0,0,0
420450,4,1,2000,0,0,0,0,0,0,0,0,0,0
420450,5,1,2000,0,15,0,13,13,15,0,17,0,12
420451,1,1,2000,21,21,21,21,21,21,21,21,21,21
420452,1,1,2000,21,21,21,21,21,21,21,21,21,21
420453,0,1,2000,0,0,15,0,9,0,0,0,29,8
420453,0,2,2000,14,0,13,0,0,0,31,0,10,4
420453,0,3,2000,0,0,19,0,0,0,0,0,31,12
420453,1,1,2000,0,0,0,0,0,0,0,0,0,0
420453,2,1,2000,0,0,3,0,0,0,0,0,0,0
420453,3,1,2000,0,0,0,0,0,0,0,0,0,0
420454,1,1,2000,0,0,0,0,0,0,0,0,0,0
420455,1,1,2000,26,26,26,26,26,26,26,26,26,26
420456,1,1,2000,0,0,0,0,0,0,0,0,0,0
420456,2,1,2000,0,0,0,0,0,0,0,0,0,0
420456,3,1,2000,0,0,0,0,0,0,0,0,0,0
420457,1,1,2000,0,0,0,0,0,0,0,0,0,0
420457,2,1,2000,0,0,0,0,0,0,0,0,0,0
420458,1,1,2000,0,0,0,0,0,0,0,0,0,0
420458,2,1,2000,0,0,0,0,0,0,0,0,0,0
420459,1,1,2000,0,0,0,0,0,0,0,20,0,16
420460,1,1,2000,26,26,26,26,26,26,26,26,26,26
420461,1,1,2000,7,7,7,7,7,7,7,7,7,7
420462,0,1,2000,0,0,0,0,13,0,0,0,0,9
420462,0,2,2000,0,0,0,0,0,0,0,0,0,0
420462,1,1,2000,0,0,0,0,0,13,0,0,0,0
420463,1,1,2000,25,25,25,25,25,25,25,25,25,25
420464,1,1,2000,16,16,16,16,16,16,16,16,16,16
420465,1,1,2000,0,0,0,0,0,0,0,0,0,0
420465,2,1,2000,0,0,0,0,0,0,0,0,0,0
420466,1,1,2000,0,0,0,0,0,0,0,0,0,0
420466,2,1,2000,0,0,0,0,0,0,0,0,0,0
420467,1,1,2000,0,0,0,0,0,0,0,0,0,0
420467,2,1,2000,0,0,0,0,0,0,0,0,0,0
420468,1,1,2000,20,20,20,20,20,20,20,20,20,20
420468,2,1,2000,0,0,0,0,0,0,2,0,0,0
420469,0,1,2000,0,0,8,0,3,0,0,15,0,0
420469,1,1,2000,0,0,0,0,0,0,0,0,0,0
420470,1,1,2000,0,0,0,0,0,0,0,0,0,0
420470,2,1,2000,10,10,10,10,10,10,10,10,10,10
420471,0,1,2000,0,0,0,0,20,0,0,0,33,13
420471,1,1,2000,0,0,27,0,0,12,0,0,0,0
420472,1,1,2000,0,0,0,0,0,0,0,0,0,0
420473,1,1,2000,0,0,0,0,0,0,0,0,0,0
420473,2,1,2000,0,0,0,0,0,0,0,0,0,0
420474,1,1,2000,0,0,0,0,0,0,0,0,0,0
420475,1,1,2000,0,0,0,0,0,10,0,0,0,14
420475,2,1,2000,0,0,0,9,0,0,0,0,0,0
420476,1,1,2000,16,16,16,16,16,16,16,16,16,16
420477,1,1,2000,0,0,0,0,0,0,0,0,0,0
420477,2,1,2000,0,0,0,0,0,0,0,0,0,0
420478,1,1,2000,0,10,17,0,0,17,0,0,20,13
420479,1,1,2000,0,0,0,0,0,0,0,0,0,0
420479,2,1,2000,0,0,0,0,0,0,0,0,0,0
420480,1,1,2000,1,1,1,1,1,1,1,1,1,1
420480,2,1,2000,0,0,0,0,0,0,0,0,0,0
420481,1,1,2000,0,0,0,0,0,0,0,0,0,0
420482,1,1,2000,16,16,16,16,16,16,16,16,16,16
420483,1,1,2000,0,0,0,0,0,0,0,0,0,0
420484,1,1,2000,0,0,0,18,0,0,0,0,0,0
420484,2,1,2000,22,0,0,0,26,0,0,0,0,0
420485,1,1,2000,0,0,0,0,0,0,0,0,0,0
420486,1,1,2000,8,8,8,8,8,8,8,8,8,8
420487,1,1,2000,25,25,25,25,25,25,25,25,25,25
420488,1,1,2000,0,0,0,0,0,0,0,0,0,0
420489,1,1,2000,0,0,0,0,0,0,0,0,0,0
420490,1,1,2000,0,0,0,0,0,0,0,0,0,0
420491,1,1,2000,0,0,0,0,0,0,0,0,0,0
420491,2,1,2000,0,0,0,0,0,0,0,0,0,0
420492,1,1,2000,12,12,12,12,12,12,12,12,12,12
420493,1,1,2000,0,0,0,0,0,0,0,0,0,0
420493,2,1,2000,0,0,0,0,0,0,0,0,0,0
420494,1,1,2000,0,0,0,0,0,0,0,0,0,0
420494,2,1,2000,0,0,0,0,0,0,0,0,0,0
420495,0,1,2000,0,0,0,0,0,0,0,0,0,0
420495,1,1,2000,0,0,0,0,0,0,0,0,0,0
420496,1,1,2000,13,0,14,0,0,0,9,0,6,0
420497,1,1,2000,0,0,0,0,0,0,0,0,0,0
420497,2,1,2000,0,0,0,0,0,0,0,0,0,0
420498,1,1,2000,10,10,10,10,10,10,10,10,10,10
420499,1,1,2000,0,0,4,0,15,0,0,3,0,0
420500,1,1,2000,0,0,0,0,0,0,0,0,0,0
420501,1,1,2000,0,0,0,0,0,0,0,0,0,0
420501,2,1,2000,0,0,0,0,0,0,0,0,0,0
420502,1,1,2000,12,12,12,12,12,12,12,12,12,12
420503,1,1,2000,0,0,0,0,0,0,0,0,0,0
420503,2,1,2000,0,0,0,0,0,0,0,0,0,0
420504,1,1,2000,0,0,0,0,0,0,0,0,0,0
420504,2,1,2000,0,0,0,0,0,0,0,0,0,0
420505,1,1,2000,11,11,11,11,11,11,11,11,11,11
420505,2,1,2000,5,5,5,5,5,5,5,5,5,5
420506,1,2,2000,17,20,23,16,0,4,18,21,14,16
420507,1,1,2000,11,11,11,11,11,11,11,11,11,11
420508,1,1,2000,0,0,0,0,0,0,0,0,0,0
420508,2,1,2000,0,0,0,0,0,0,0,0,0,0
420509,1,1,2000,0,0,0,0,0,0,0,0,0,0
420509,2,1,2000,0,0,0,0,0,0,0,0,0,0
420510,1,1,2000,16,16,16,16,16,16,16,16,16,16
420511,0,1,2000,0,0,0,0,0,0,0,0,0,0
420511,1,1,2000,0,0,0,0,0,0,0,0,0,0
420512,0,1,2000,0,0,0,0,0,0,0,0,0,0
420512,1,1,2000,0,0,0,0,0,0,0,0,0,0
420513,1,1,2000,0,0,0,0,0,0,0,0,0,0
420513,2,1,2000,0,0,0,0,0,0,0,0,0,0
420513,3,1,2000,0,0,0,0,0,0,0,0,0,0
420513,4,1,2000,0,0,0,2,0,0,0,0,0,0
420514,1,1,2000,20,20,20,20,20,20,20,20,20,20
420514,2,1,2000,0,0,0,0,0,0,0,0,0,0
420515,1,1,2000,20,17,16,22,26,31,28,15,42,10
420516,0,1,2000,0,0,29,0,0,13,0,21,18,0
420516,1,1,2000,0,0,0,0,0,0,0,0,0,0
420517,1,1,2000,0,0,0,0,0,0,0,0,0,0
420518,1,1,2000,22,22,22,22,22,22,22,22,22,22
420519,1,1,2000,0,0,0,0,0,0,0,0,0,0
420519,2,1,2000,0,0,0,0,0,5,0,0,0,0
420520,0,1,2000,0,0,27,15,33,0,32,32,16,0
420520,1,1,2000,0,0,0,0,0,0,0,0,0,0
420521,1,1,2000,0,0,0,0,0,0,0,0,0,0
420522,1,1,2000,0,0,0,0,0,0,0,0,0,0
420523,1,1,2000,0,0,0,0,0,0,0,0,0,0
420523,2,1,2000,0,0,0,0,0,0,0,0,0,0
420524,1,1,2000,19,19,19,19,19,19,19,19,19,19
420525,1,1,2000,0,0,0,0,0,0,0,0,0,0
420525,2,1,2000,0,0,0,0,0,0,0,0,0,0
420526,1,1,2000,4,4,4,4,4,4,4,4,4,4
420527,1,1,2000,0,0,0,0,0,0,0,0,0,0
420528,1,1,2000,14,14,14,14,14,14,14,14,14,14
420529,1,1,2000,0,0,0,0,0,0,0,0,0,0
420529,2,1,2000,0,0,0,0,0,0,0,0,0,0
420529,3,1,2000,0,0,0,0,0,0,0,0,0,0
420530,1,1,2000,0,0,0,21,0,0,19,0,18,0
420531,1,1,2000,0,0,0,0,0,0,0,0,0,0
420532,1,1,2000,24,24,24,24,24,24,24,24,24,24
420533,1,1,2000,11,11,11,11,11,11,11,11,11,11
420533,2,1,2000,0,0,0,0,0,0,0,0,0,0
420534,0,1,2000,0,0,0,0,0,0,0,0,0,0
420534,0,2,2000,0,0,0,0,0,0,0,0,0,0
420534,1,1,2000,0,0,0,0,0,0,0,0,0,12
420534,2,1,2000,0,0,0,0,0,0,0,0,0,0
420536,1,1,2000,0,0,0,0,0,0,0,0,0,0
420536,2,1,2000,0,0,0,0,0,14,0,0,0,0
420537,1,1,2000,0,0,0,0,0,0,0,0,0,0
420537,2,1,2000,0,9,0,9,10,0,11,0,20,4
420538,1,1,2000,0,18,25,7,0,7,0,32,40,19
420539,1,1,2000,0,0,9,0,0,0,0,0,0,0
420540,1,1,2000,19,19,19,19,19,19,19,19,19,19
420540,2,1,2000,0,7,0,0,0,0,0,0,0,0
420541,1,1,2000,0,0,0,0,0,0,0,0,0,0
420541,2,1,2000,1,1,1,1,1,1,1,1,1,1
420542,1,1,2000,17,17,17,17,17,17,17,17,17,17
420543,1,1,2000,20,20,20,20,20,20,20,20,20,20
420544,1,1,2000,0,0,0,0,0,0,0,0,0,0
420545,1,1,2000,0,0,0,0,0,0,0,0,0,0
420546,0,1,2000,0,19,0,0,5,19,0,0,0,0
420546,1,1,2000,0,0,0,0,0,22,0,0,0,0
420547,1,1,2000,0,0,0,0,0,0,0,0,0,0
420547,2,1,2000,0,0,0,0,0,0,0,0,0,0
420548,1,1,2000,18,18,18,18,18,18,18,18,18,18
420549,1,1,2000,0,0,0,0,0,0,0,0,0,0
420549,2,1,2000,0,0,0,0,0,0,0,0,0,0
420550,1,1,2000,13,13,13,13,13,13,13,13,13,13
420550,2,1,2000,0,0,0,0,0,0,0,0,0,0
420551,1,1,2000,12,12,12,12,12,12,12,12,12,12
420552,1,1,2000,0,0,0,0,0,0,0,0,0,0
420552,2,1,2000,0,0,0,0,0,0,0,0,0,0
420553,1,1,2000,11,11,11,11,11,11,11,11,11,11
420554,1,1,2000,0,0,0,0,0,0,0,0,0,0
420554,2,1,2000,0,0,0,0,0,0,0,0,0,0
420555,1,1,2000,0,0,0,0,0,0,0,0,0,0
420555,2,1,2000,0,0,0,0,0,0,0,0,0,0
420556,1,1,2000,19,19,19,19,19,19,19,19,19,19