ST_CASE,VEH_NO,PER_NO,YEAR,P1,P2,P3,P4,P5,P6,P7,P8,P9,P10
421110,1,1,2000,18,18,18,18,18,18,18,18,18,18
421111,1,1,2000,0,0,0,0,0,0,0,0,0,0
421111,2,1,2000,9,3,15,0,11,14,0,7,13,0
421112,1,1,2000,0,0,0,0,0,0,0,0,0,0
421112,2,1,2000,0,0,0,0,6,0,0,0,0,0
421113,1,1,2000,0,0,0,0,0,0,0,0,0,0
421113,2,1,2000,0,0,0,0,0,0,0,0,0,0
421114,1,1,2000,0,0,0,0,0,0,0,0,0,0
421114,2,1,2000,0,0,0,0,0,0,0,0,0,0
421115,1,1,2000,0,0,0,0,0,0,0,0,0,0
421115,2,1,2000,0,0,0,0,0,0,0,0,0,0
421116,1,1,2000,22,22,22,22,22,22,22,22,22,22
421117,1,1,2000,26,26,26,26,26,26,26,26,26,26
421118,1,1,2000,24,24,24,24,24,24,24,24,24,24
421119,1,1,2000,0,0,0,0,0,0,0,0,0,0
421119,2,1,2000,0,0,0,0,0,0,0,0,0,0
421120,1,1,2000,2,2,2,2,2,2,2,2,2,2
421120,2,1,2000,0,0,0,10,0,0,0,0,0,0
421121,1,1,2000,0,0,0,0,0,0,0,0,0,0
421121,2,1,2000,0,0,0,0,0,0,0,0,0,0
421122,1,1,2000,26,26,26,26,26,26,26,26,26,26
421123,1,1,2000,13,13,13,13,13,13,13,13,13,13
421124,1,1,2000,0,0,0,0,0,0,0,0,0,0
421125,1,1,2000,16,16,16,16,16,16,16,16,16,16
421125,2,1,2000,0,0,0,0,0,0,0,0,0,0
421126,1,1,2000,0,0,0,0,0,0,0,0,0,0
421126,2,1,2000,0,0,0,0,0,0,0,0,0,0
421127,1,1,2000,0,0,0,0,0,0,0,16,0,0
421128,1,1,2000,20,20,20,20,20,20,20,20,20,20
421129,1,1,2000,23,23,23,23,23,23,23,23,23,23
421129,2,1,2000,0,0,0,0,0,0,0,0,0,0
421130,1,1,2000,0,0,0,0,0,0,0,0,0,0
421131,1,1,2000,15,15,15,15,15,15,15,15,15,15
421132,0,1,2000,0,0,0,0,0,0,0,0,0,0
421132,1,1,2000,0,0,0,0,0,0,0,0,0,0
421133,1,1,2000,23,23,23,23,23,23,23,23,23,23
421134,1,1,2000,18,18,18,18,18,18,18,18,18,18
421135,1,1,2000,20,20,20,20,20,20,20,20,20,20
421135,2,1,2000,0,0,0,0,10,0,0,16,0,0
421137,0,1,2000,25,16,26,24,17,0,0,0,14,0
421137,1,1,2000,0,0,0,3,0,0,0,0,0,0
421138,1,1,2000,0,0,0,0,0,0,0,0,0,0
421138,2,1,2000,0,10,13,14,0,0,0,0,0,18
421139,1,1,2000,0,0,0,0,0,0,0,0,0,0
421139,2,1,2000,0,0,0,0,0,0,0,0,0,0
421140,1,1,2000,0,0,0,0,0,0,0,0,0,0
421140,2,1,2000,0,0,11,0,0,31,0,0,13,0
421141,1,1,2000,0,0,0,0,0,0,0,0,0,0
421141,2,1,2000,0,0,9,0,0,0,0,0,0,0
421142,1,1,2000,0,0,0,0,0,0,0,0,0,0
421142,2,1,2000,0,0,0,0,0,0,0,0,0,0
421143,1,1,2000,0,19,0,0,0,0,0,0,9,0
421143,2,1,2000,0,0,0,0,0,0,0,0,0,0
421144,1,1,2000,0,0,0,0,0,0,0,0,0,0
421144,2,1,2000,0,0,0,0,0,0,0,0,0,0
421145,1,1,2000,23,23,23,23,23,23,23,23,23,23
421146,1,1,2000,0,0,0,0,0,0,0,0,0,0
421147,1,1,2000,9,9,9,9,9,9,9,9,9,9
421148,1,1,2000,0,0,0,0,0,0,0,0,0,0
421148,2,1,2000,0,0,0,0,0,0,0,0,0,0
421149,1,1,2000,0,0,0,0,0,0,0,0,0,0
421150,1,1,2000,20,20,20,20,20,20,20,20,20,20
421151,1,1,2000,18,18,18,18,18,18,18,18,18,18
421151,2,1,2000,0,0,0,0,0,0,0,0,11,0
421152,1,1,2000,0,0,0,0,0,0,0,0,0,0
421153,1,1,2000,0,0,0,0,0,0,0,0,0,0
421153,2,1,2000,0,0,0,18,0,0,31,7,0,0
421154,1,1,2000,0,0,0,0,0,0,0,0,0,0
421155,0,1,2000,0,0,0,0,0,0,0,0,0,0
421155,1,1,2000,0,0,0,0,0,0,0,0,0,0
421156,1,1,2000,10,10,10,10,10,10,10,10,10,10
421156,2,1,2000,0,0,0,0,0,0,0,0,0,0
421157,1,1,2000,0,0,0,0,0,0,0,0,0,0
421157,2,1,2000,0,0,0,0,0,0,0,0,0,0
421158,1,1,2000,0,0,0,0,0,0,0,0,0,0
421159,1,1,2000,27,27,27,27,27,27,27,27,27,27
421160,1,1,2000,0,0,0,0,8,0,0,0,0,0
421161,0,1,2000,0,0,0,0,0,0,0,0,0,0
421161,1,1,2000,0,0,0,0,0,0,0,0,0,0
421162,0,1,2000,0,0,0,0,7,0,0,0,0,0
421162,1,1,2000,0,0,0,0,0,0,0,0,0,0
421163,1,1,2000,10,10,10,10,10,10,10,10,10,10
421163,2,1,2000,0,0,0,0,0,0,0,0,0,0
421164,0,1,2000,29,29,29,29,29,29,29,29,29,29
421164,2,1,2000,0,0,0,0,0,0,0,0,0,0
421165,1,1,2000,0,0,0,0,0,0,0,0,0,0
421166,1,1,2000,0,0,0,0,0,0,0,0,0,0
421166,2,1,2000,0,0,0,0,0,0,0,0,0,0
421167,1,1,2000,0,0,0,0,0,0,0,0,0,0
421168,1,1,2000,18,18,18,18,18,18,18,18,18,18
421169,1,1,2000,0,0,0,0,0,0,0,0,0,0
421169,2,1,2000,0,0,0,0,0,0,0,0,0,0
421170,0,1,2000,17,0,32,14,0,15,0,0,0,22
421170,1,1,2000,0,0,0,0,0,0,0,0,0,0
421171,1,1,2000,0,0,0,0,0,0,0,0,0,0
421171,2,1,2000,0,0,0,0,0,0,0,0,0,0
421172,1,1,2000,0,12,0,0,0,0,0,0,0,0
421172,2,1,2000,0,0,0,0,0,0,0,0,0,0
421173,1,1,2000,0,0,0,0,0,0,0,0,0,0
421173,2,1,2000,0,0,0,0,0,0,0,0,11,0
421174,1,1,2000,16,16,16,16,16,16,16,16,16,16
421175,1,1,2000,0,0,0,0,0,0,0,0,0,0
421175,2,1,2000,0,0,0,0,0,0,0,0,0,0
421176,1,1,2000,13,13,13,13,13,13,13,13,13,13
421177,1,1,2000,0,0,0,0,0,0,0,0,0,0
421178,1,1,2000,20,20,20,20,20,20,20,20,20,20
421179,1,1,2000,0,9,22,9,0,0,0,13,27,12
421179,2,1,2000,0,0,0,0,0,0,0,0,0,0
421180,1,1,2000,17,17,17,17,17,17,17,17,17,17
421180,2,1,2000,0,0,0,0,0,0,0,0,0,0
421181,1,1,2000,0,0,0,0,0,0,0,0,0,0
421181,2,1,2000,0,0,0,0,0,0,8,0,0,0
421182,1,1,2000,0,0,0,0,0,0,0,0,0,0
421182,2,1,2000,0,0,0,0,0,0,0,0,0,0
421183,1,1,2000,0,0,0,0,0,0,0,0,0,0
421183,2,1,2000,0,0,0,0,0,0,0,0,0,0
421184,1,1,2000,0,0,0,0,0,0,0,0,0,0
421184,2,1,2000,0,0,0,0,0,0,0,0,0,0
421185,1,1,2000,0,0,0,0,0,0,0,0,0,0
421185,2,1,2000,0,0,0,0,0,0,0,0,0,0
421185,3,1,2000,0,0,0,0,0,0,0,0,0,0
421186,1,1,2000,0,22,26,15,8,18,20,18,8,10
421187,1,1,2000,13,15,21,0,0,27,11,0,16,16
421188,1,1,2000,17,17,17,17,17,17,17,17,17,17
421188,2,1,2000,0,0,0,0,0,0,0,0,0,0
421189,1,1,2000,0,0,0,0,0,0,0,0,0,0
421190,1,1,2000,0,0,0,0,0,0,0,0,0,0
421190,2,1,2000,0,0,0,0,0,0,0,0,0,0
421191,1,1,2000,26,26,26,26,26,26,26,26,26,26
421192,1,1,2000,0,0,0,0,0,0,0,0,0,0
421193,1,1,2000,0,0,0,4,0,0,0,0,0,0
421194,1,1,2000,0,0,0,0,0,0,0,0,0,0
421195,1,1,2000,0,0,0,0,0,0,0,0,0,0
421195,2,1,2000,0,0,0,0,0,0,0,0,0,0
421196,1,1,2000,0,0,0,0,0,0,0,0,0,0
421197,1,1,2000,0,0,0,0,0,0,0,0,0,0
421198,1,1,2000,19,19,19,19,19,19,19,19,19,19
421199,1,1,2000,0,0,0,0,0,0,0,0,0,0
421199,2,1,2000,0,0,0,0,0,0,0,0,0,0
421200,0,1,2000,7,0,27,13,17,19,18,14,21,27
421200,1,1,2000,15,15,15,15,15,15,15,15,15,15
421200,2,1,2000,0,0,0,0,0,13,23,14,0,0
421201,1,1,2000,0,0,0,0,0,0,0,0,0,0
421201,2,1,2000,0,0,0,0,0,0,0,0,0,0
421202,1,1,2000,27,27,27,27,27,27,27,27,27,27
421202,2,1,2000,0,0,0,0,0,0,0,0,0,0
421203,1,1,2000,0,0,0,0,0,0,0,0,0,0
421204,1,1,2000,0,0,0,0,0,0,0,0,0,0
421204,2,1,2000,0,0,0,0,0,0,0,0,0,0
421204,3,1,2000,0,0,0,0,0,0,0,0,0,0
421205,1,1,2000,0,0,0,0,0,0,0,0,0,0
421205,2,1,2000,0,0,0,0,0,0,0,0,0,0
421206,0,1,2000,0,0,0,0,0,0,0,0,0,0
421206,1,1,2000,0,0,0,0,0,0,0,0,0,0
421207,1,1,2000,15,15,15,15,15,15,15,15,15,15
421208,0,1,2000,14,14,14,14,14,14,14,14,14,14
421208,1,1,2000,0,0,0,0,0,0,0,0,0,0
421208,2,1,2000,0,0,0,0,0,0,0,0,0,0
421209,1,1,2000,0,0,0,0,0,0,0,0,0,0
421210,1,1,2000,0,0,0,0,0,0,0,0,0,0
421211,1,1,2000,0,0,0,0,0,0,0,0,4,0
421211,2,1,2000,0,0,0,0,0,0,0,0,0,0
421211,3,1,2000,0,0,0,0,0,0,0,0,0,0
421212,1,1,2000,20,20,20,20,20,20,20,20,20,20
421213,1,1,2000,18,18,18,18,18,18,18,18,18,18
421214,1,1,2000,0,0,0,0,0,0,0,0,0,0
421214,2,1,2000,0,0,0,0,0,0,0,0,0,0
421214,3,1,2000,0,0,0,0,0,0,0,0,0,0
421215,0,1,2000,0,0,0,0,0,0,0,0,0,0
421215,1,1,2000,26,26,26,26,26,26,26,26,26,26
421216,1,1,2000,0,0,0,0,0,0,0,0,0,0
421217,1,1,2000,29,29,29,29,29,29,29,29,29,29
421218,1,1,2000,0,0,0,0,0,0,0,0,0,0
421219,1,1,2000,16,16,16,16,16,16,16,16,16,16
421220,1,1,2000,24,24,24,24,24,24,24,24,24,24
421221,0,1,2000,13,13,13,13,13,13,13,13,13,13
421221,1,1,2000,0,0,0,0,0,0,0,0,0,0
421222,1,1,2000,0,0,0,0,0,0,0,0,0,0
421222,2,1,2000,0,0,0,0,0,0,0,0,0,0
421223,0,1,2000,0,0,0,0,0,0,0,0,0,0
421223,1,1,2000,0,9,0,6,0,0,0,0,0,0
421224,1,1,2000,0,0,0,0,0,0,0,0,0,0
421224,2,1,2000,17,9,4,18,0,0,9,17,8,0
421225,1,1,2000,14,14,14,14,14,14,14,14,14,14
421226,0,1,2000,0,31,12,40,59,0,0,14,24,32
421226,1,1,2000,0,0,0,0,0,0,0,0,0,0
421227,1,1,2000,0,0,0,0,0,0,0,0,0,0
421227,2,1,2000,0,0,0,0,0,0,0,0,0,0
421228,1,1,2000,0,0,0,0,0,0,14,0,0,0
421228,2,1,2000,0,0,0,0,0,0,0,0,0,0
421229,1,1,2000,0,0,0,0,0,0,0,0,0,0
421230,1,1,2000,0,0,0,0,0,0,0,0,0,0
421231,1,1,2000,30,30,30,30,30,30,30,30,30,30
421232,0,1,2000,0,0,0,0,0,0,0,0,0,0
421232,1,1,2000,0,0,0,0,0,0,0,0,0,0
421233,1,1,2000,0,0,0,0,0,0,0,0,0,0
421233,2,1,2000,0,0,0,0,0,0,0,0,0,0
421234,1,1,2000,16,16,16,16,16,16,16,16,16,16
421234,2,1,2000,0,0,13,0,0,0,0,0,0,25
421235,1,1,2000,31,31,31,31,31,31,31,31,31,31
421235,2,1,2000,0,0,0,19,0,0,0,0,0,0
421235,3,1,2000,0,0,0,9,0,0,0,0,0,0
421236,1,1,2000,0,0,0,0,0,0,0,0,0,0
421237,1,1,2000,23,23,23,23,23,23,23,23,23,23
421237,2,1,2000,0,0,0,0,0,0,0,0,0,0
421238,0,1,2000,0,0,0,0,0,0,0,0,0,0
421238,1,1,2000,11,0,0,15,0,0,0,0,0,0
421239,1,1,2000,0,0,0,0,0,0,0,0,0,0
421239,2,1,2000,0,0,0,0,0,0,0,0,0,0
421240,1,1,2000,17,17,17,17,17,17,17,17,17,17
421241,1,1,2000,0,0,0,0,0,0,0,0,0,0
421241,2,1,2000,0,0,0,0,0,0,0,0,0,0
421242,0,1,2000,0,0,0,0,0,0,0,0,0,0
421242,1,1,2000,0,0,0,0,0,0,0,0,0,0
421243,0,1,2000,30,30,30,30,30,30,30,30,30,30
421243,1,1,2000,20,0,0,0,23,23,0,15,11,27
421244,1,1,2000,0,0,0,0,0,0,0,0,0,0
421244,2,1,2000,0,0,0,0,0,0,0,0,0,0
421245,1,1,2000,0,0,0,0,0,0,0,0,0,0
421245,2,1,2000,0,0,0,0,0,0,0,0,0,0
421246,1,1,2000,0,0,0,0,0,0,0,0,0,0
421246,2,1,2000,0,0,0,0,0,0,0,0,0,0
421247,1,1,2000,16,16,16,16,16,16,16,16,16,16
421248,1,1,2000,0,0,0,0,0,0,0,0,0,11
421248,2,1,2000,0,0,0,0,0,0,0,0,0,0
421249,1,1,2000,0,0,0,0,0,0,0,0,0,0
421249,2,1,2000,0,0,0,0,0,0,0,0,8,0
421250,1,1,2000,0,0,11,6,0,0,0,0,0,5
421251,0,1,2000,0,0,0,13,0,0,0,0,0,13
421251,1,1,2000,0,0,0,0,0,0,0,0,0,0
421252,0,1,2000,0,0,15,28,23,11,0,4,17,23
421252,1,1,2000,0,0,0,0,0,0,0,22,11,0
421253,0,1,2000,16,0,0,0,0,0,10,0,19,40
421253,1,1,2000,6,6,6,6,6,6,6,6,6,6
421254,1,1,2000,0,0,0,0,0,0,0,0,0,0
421254,2,1,2000,0,0,0,0,0,0,0,0,0,0
421255,0,1,2000,14,0,20,15,0,29,0,25,31,0
421256,1,1,2000,0,0,0,0,9,0,0,0,4,0
421257,1,1,2000,0,0,0,0,0,0,0,0,0,0
421257,2,1,2000,0,0,0,0,0,0,0,0,0,0
421257,3,1,2000,0,0,0,0,0,0,0,0,0,0
421258,1,1,2000,0,0,0,0,0,0,0,0,0,0
421258,2,1,2000,0,0,0,0,0,0,0,0,0,0
421259,1,1,2000,0,0,0,0,0,0,0,0,0,0
421260,1,1,2000,0,0,0,0,0,0,0,0,0,0
421261,1,1,2000,21,12,11,30,15,5,22,26,17,23
421262,1,1,2000,0,0,0,0,0,0,0,0,0,0
421262,2,1,2000,0,0,0,0,0,0,0,0,0,0
421263,0,1,2000,22,22,22,22,22,22,22,22,22,22
421263,1,1,2000,0,0,0,0,0,0,0,0,0,0
421264,1,1,2000,0,0,0,0,0,0,0,0,0,0
421264,2,1,2000,0,0,0,0,0,0,0,0,0,0
421265,1,1,2000,33,33,33,33,33,33,33,33,33,33
421265,2,1,2000,0,0,0,0,0,0,0,0,0,0
421266,1,1,2000,25,25,25,25,25,25,25,25,25,25
421267,1,1,2000,7,0,0,0,18,0,7,0,0,0
421268,1,1,2000,0,0,0,0,0,0,0,0,0,0
421268,2,1,2000,0,0,0,0,0,0,0,0,0,0
421269,1,1,2000,21,21,21,21,21,21,21,21,21,21
421270,0,1,2000,0,0,0,0,0,0,0,0,0,0
421270,1,1,2000,0,0,0,0,0,0,0,0,0,0
421271,1,1,2000,0,0,0,0,0,0,0,0,0,0
421272,0,1,2000,0,0,0,0,0,0,0,0,0,0
421272,1,1,2000,0,28,0,0,0,0,10,0,0,0
421273,1,1,2000,0,0,0,0,0,0,0,0,0,0
421273,2,1,2000,0,0,0,0,0,0,0,0,0,0
421274,0,1,2000,0,0,0,0,0,0,0,0,0,0
421274,1,1,2000,0,0,0,0,0,0,0,0,0,0
421275,1,1,2000,0,0,9,0,0,0,0,0,0,0
421276,1,1,2000,0,0,0,0,0,0,0,0,0,0
421277,1,1,2000,19,19,19,19,19,19,19,19,19,19
421277,2,1,2000,0,0,0,0,0,0,0,0,0,0
421278,1,1,2000,20,20,20,20,20,20,20,20,20,20
421279,0,1,2000,0,0,32,0,7,0,0,17,20,0
421279,1,1,2000,0,29,4,5,26,0,0,0,0,5
421280,1,1,2000,0,0,0,0,0,0,0,0,0,0
421281,1,1,2000,0,0,0,0,0,0,0,0,0,0
421282,1,1,2000,3,3,3,3,3,3,3,3,3,3
421283,0,1,2000,0,0,0,0,10,0,0,0,0,0
421283,0,2,2000,0,0,35,31,15,0,48,0,16,11
421283,1,1,2000,0,0,0,0,0,0,0,0,0,0
421283,2,1,2000,0,0,0,0,0,0,0,0,0,0
421284,2,1,2000,0,0,0,0,0,0,0,0,0,0
421285,1,1,2000,18,23,0,0,0,25,0,0,24,0
421286,1,1,2000,19,19,19,19,19,19,19,19,19,19
421286,2,1,2000,27,21,13,0,7,7,0,10,0,6
421286,3,1,2000,0,0,0,0,0,0,0,0,0,0
421287,1,1,2000,0,0,0,0,0,0,0,0,0,0
421287,2,1,2000,0,0,0,0,0,0,0,0,0,0
421288,0,1,2000,0,0,0,0,0,0,0,0,0,0
421288,1,1,2000,0,0,0,0,0,0,0,0,0,0
421289,1,1,2000,10,10,10,10,10,10,10,10,10,10
421290,1,1,2000,1,1,1,1,1,1,1,1,1,1
421291,1,1,2000,0,23,0,29,12,12,0,36,0,12
421291,2,1,2000,0,0,0,0,0,0,0,0,0,0
421292,1,1,2000,7,0,0,0,0,0,11,0,0,0
421292,2,1,2000,0,0,0,0,0,0,0,0,0,0
421293,1,1,2000,0,0,0,0,0,0,0,0,0,0
421294,1,1,2000,0,0,0,0,0,0,0,0,0,0
421294,2,1,2000,0,0,0,0,0,0,0,0,0,0
421295,1,1,2000,15,15,15,15,15,15,15,15,15,15
421296,1,1,2000,24,24,24,24,24,24,24,24,24,24
421297,1,1,2000,11,11,11,11,11,11,11,11,11,11
421298,1,1,2000,0,0,0,0,0,0,0,0,0,0
421299,1,1,2000,0,0,0,0,0,0,0,0,0,0
421299,2,1,2000,0,0,0,0,0,0,0,0,0,0
421300,0,1,2000,6,0,0,9,0,0,0,0,0,0
421300,1,1,2000,0,0,0,0,0,0,0,0,0,0
421300,2,1,2000,0,0,0,0,0,0,0,0,0,0
421300,3,1,2000,0,0,0,0,0,0,0,0,0,0
421300,4,1,2000,0,0,0,0,0,0,0,0,0,0
421300,5,1,2000,0,0,0,0,0,0,0,0,0,0
421300,6,1,2000,0,0,0,0,0,0,0,0,0,0
421300,7,1,2000,0,0,0,0,0,0,2,0,0,0
421300,8,1,2000,0,0,0,0,0,0,0,0,0,0
421300,9,1,2000,0,0,0,0,0,0,0,0,0,5
421301,1,1,2000,21,21,21,21,21,21,21,21,21,21
421302,1,1,2000,0,0,0,0,0,0,0,0,0,0
421303,0,1,2000,15,15,15,15,15,15,15,15,15,15
421303,1,1,2000,0,0,0,0,0,0,0,22,12,0
421304,0,1,2000,0,0,0,0,0,0,27,9,0,0
421304,1,1,2000,14,19,0,22,17,0,7,13,15,17
421305,1,1,2000,19,19,19,19,19,19,19,19,19,19
421306,0,1,2000,0,0,0,0,0,0,0,0,0,11
421306,1,1,2000,0,0,0,0,0,36,0,0,0,0
421307,1,1,2000,0,0,0,0,0,0,0,0,19,0
421308,1,1,2000,0,0,0,0,0,0,0,0,0,0
421309,1,1,2000,0,0,0,0,0,0,0,0,0,0
421309,2,1,2000,0,0,0,0,0,0,0,0,0,0
421310,1,1,2000,6,0,0,13,0,0,0,27,0,16
421311,0,1,2000,0,0,0,0,0,0,0,0,0,0
421311,1,1,2000,0,0,0,0,0,0,0,0,0,0
421312,1,1,2000,10,10,10,10,10,10,10,10,10,10
421313,1,1,2000,15,15,15,15,15,15,15,15,15,15
421314,1,1,2000,15,15,15,15,15,15,15,15,15,15
421314,2,1,2000,0,0,0,0,0,0,0,0,0,0
421315,0,1,2000,14,20,13,21,23,0,0,0,24,0
421315,1,1,2000,0,18,0,16,0,13,19,11,0,17
421316,1,1,2000,0,0,0,0,0,0,0,0,0,0
421316,2,1,2000,0,0,0,0,0,0,0,0,0,0
421317,1,1,2000,0,0,0,0,0,0,0,0,0,0
421318,1,1,2000,0,0,0,0,0,0,0,0,0,0
421318,2,1,2000,0,0,0,0,0,0,0,0,0,0
421319,1,1,2000,30,30,30,30,30,30,30,30,30,30
421319,2,1,2000,0,0,0,0,0,0,0,0,0,0
421320,1,1,2000,0,0,0,0,0,0,0,0,0,0
421320,2,1,2000,0,0,0,0,0,0,0,0,0,0
421320,3,1,2000,0,0,0,0,0,0,0,8,0,0
421321,1,1,2000,8,8,8,8,8,8,8,8,8,8
421322,1,1,2000,22,22,22,22,22,22,22,22,22,22
421322,2,1,2000,0,0,0,0,0,0,0,0,0,0
421323,1,1,2000,0,0,0,0,0,0,0,0,0,9
421323,2,1,2000,0,0,0,0,0,0,0,0,0,0
421324,1,1,2000,0,0,0,0,0,0,0,0,0,0
421325,0,1,2000,0,0,0,0,0,0,0,0,0,0
421325,1,1,2000,0,0,0,0,0,0,0,0,0,0
421326,1,1,2000,12,12,12,12,12,12,12,12,12,12
421327,0,1,2000,18,0,0,0,5,0,22,0,0,0
421327,1,1,2000,0,0,0,0,0,0,0,0,0,0
421328,1,1,2000,2,2,2,2,2,2,2,2,2,2
421329,1,1,2000,0,0,0,0,0,0,0,0,0,0
421330,1,1,2000,0,0,0,0,0,0,0,0,0,0
421331,1,1,2000,0,0,0,0,0,0,0,0,0,0
421331,2,1,2000,0,0,0,0,0,0,0,0,0,0
421332,1,1,2000,0,0,5,0,0,0,0,0,0,0
421332,2,1,2000,0,0,0,0,0,0,0,0,0,0
421333,1,1,2000,6,6,6,6,6,6,6,6,6,6
421333,2,1,2000,0,0,0,0,0,0,0,0,0,0
421334,1,1,2000,0,0,0,0,0,0,0,0,0,0
421335,1,1,2000,22,0,0,18,0,17,0,20,18,19
421335,2,1,2000,0,0,0,0,0,0,0,0,0,0
421336,1,1,2000,10,0,0,0,0,0,0,0,0,0
421336,2,1,2000,0,0,0,0,0,22,0,0,0,0
421337,1,1,2000,0,0,0,0,0,0,0,0,0,0
421337,2,1,2000,0,0,0,0,0,0,0,0,0,0
421338,1,1,2000,0,0,0,0,0,0,0,0,0,0
421338,2,1,2000,0,0,0,0,0,0,0,0,0,0
421339,1,1,2000,0,0,0,0,0,0,0,0,0,0
421339,2,1,2000,0,0,0,0,0,0,0,0,0,12
421340,1,1,2000,0,0,0,0,0,0,0,0,0,0
421340,2,1,2000,0,0,0,0,0,0,0,0,0,0
421340,3,1,2000,0,0,0,0,0,0,0,0,0,0
421341,1,1,2000,0,0,0,0,0,0,0,0,0,0
421341,2,1,2000,0,0,0,0,5,0,0,0,0,0
421342,0,1,2000,0,0,0,0,0,0,0,0,0,0
421342,1,1,2000,0,12,0,0,0,0,0,0,11,0
421343,1,1,2000,0,0,0,0,0,0,0,0,0,0
421343,2,1,2000,0,0,0,0,0,0,0,16,0,0
421344,1,1,2000,0,0,0,0,0,0,0,0,0,0
421344,2,1,2000,0,0,0,0,0,0,0,0,0,0
421345,1,1,2000,0,0,0,0,0,0,0,0,0,0
421345,2,1,2000,0,0,0,0,0,0,0,0,0,0
421347,1,1,2000,0,0,0,0,0,0,0,0,0,0
421347,2,1,2000,0,0,0,0,0,0,0,0,0,0
421348,0,1,2000,5,12,9,0,19,25,0,0,22,12
421348,1,1,2000,15,15,15,15,15,15,15,15,15,15
421349,1,1,2000,0,0,0,0,0,0,0,0,0,0
421349,2,1,2000,0,0,0,0,0,0,0,0,0,0
421350,1,1,2000,0,0,0,0,0,0,0,0,0,0
421351,1,1,2000,18,18,18,18,18,18,18,18,18,18
421352,1,1,2000,16,16,16,16,16,16,16,16,16,16
421353,1,1,2000,0,0,0,0,0,0,0,0,0,0
421354,1,1,2000,0,0,0,0,0,0,0,0,0,0
421355,1,1,2000,0,0,0,0,0,0,0,0,0,0
421356,1,1,2000,0,0,0,0,0,0,0,0,0,0
421356,2,1,2000,0,0,0,0,0,0,0,0,0,0
421357,1,1,2000,0,0,0,0,0,0,0,0,0,0
421358,1,1,2000,0,0,0,0,0,0,0,0,13,0
421358,2,1,2000,0,0,0,0,0,0,0,0,0,0
421359,1,1,2000,0,0,0,0,0,0,0,0,0,0
421359,2,1,2000,8,8,8,8,8,8,8,8,8,8
421360,0,1,2000,0,0,0,0,0,0,0,0,0,0
421360,1,1,2000,21,0,0,0,0,0,0,0,0,0
421361,1,1,2000,15,15,15,15,15,15,15,15,15,15
421362,1,1,2000,0,0,0,0,0,0,0,0,0,0
421363,0,1,2000,0,0,0,0,0,0,0,0,0,0
421363,1,1,2000,0,0,0,0,0,0,0,0,0,0
421364,1,1,2000,20,20,20,20,20,20,20,20,20,20
421364,2,1,2000,0,0,0,0,0,0,24,15,0,0
421364,3,1,2000,0,0,0,0,0,0,0,0,0,0
421365,1,1,2000,28,28,28,28,28,28,28,28,28,28
421366,1,1,2000,0,0,0,0,0,0,0,0,0,0
421366,2,1,2000,0,0,0,0,0,0,0,0,0,0
421367,1,1,2000,9,9,9,9,9,9,9,9,9,9
421368,1,1,2000,0,0,0,0,0,0,0,0,0,0
421368,2,1,2000,0,0,0,0,0,0,0,0,0,0
421368,3,1,2000,0,0,0,0,0,0,0,0,0,0
421369,1,1,2000,14,14,14,14,14,14,14,14,14,14
421370,1,1,2000,26,26,26,26,26,26,26,26,26,26
421371,1,1,2000,0,0,0,0,0,0,0,0,0,0
421371,2,1,2000,0,0,0,0,0,0,0,0,0,0
421371,3,1,2000,0,0,0,0,0,0,0,0,0,0
421372,1,1,2000,0,0,0,0,0,0,0,0,0,0
421373,0,1,2000,0,0,0,0,0,0,0,0,0,0
421373,1,1,2000,0,0,0,0,0,0,0,0,0,0
421374,1,1,2000,0,0,0,0,5,0,10,0,0,9
421374,2,1,2000,0,0,0,0,0,0,0,0,0,0
421375,1,1,2000,0,0,0,0,0,0,0,15,0,0
421375,2,1,2000,0,0,0,0,0,0,0,0,0,0
421376,1,1,2000,17,17,17,17,17,17,17,17,17,17
421376,2,1,2000,0,0,17,12,14,0,0,0,16,19
421377,0,1,2000,0,0,0,0,0,0,0,0,0,0
421377,1,1,2000,0,0,0,0,0,0,0,0,0,0
421378,1,1,2000,7,7,7,7,7,7,7,7,7,7
421378,2,1,2000,12,12,12,12,12,12,12,12,12,12
421379,1,1,2000,14,14,14,14,14,14,14,14,14,14
421379,2,1,2000,0,0,0,0,0,0,0,0,0,0
421380,1,1,2000,0,0,0,0,0,0,0,0,0,0
421380,2,1,2000,1,1,1,1,1,1,1,1,1,1
421380,3,1,2000,0,0,0,0,0,0,0,0,0,0
421381,0,1,2000,0,0,0,0,0,0,0,0,0,0
421381,1,1,2000,0,0,0,0,0,0,0,0,0,0
421382,0,1,2000,0,0,0,0,0,0,0,0,0,0
421382,0,2,2000,0,0,0,13,0,19,0,0,24,12
421382,1,1,2000,0,0,0,0,0,0,0,0,0,0
421383,1,1,2000,28,28,28,28,28,28,28,28,28,28
421384,1,1,2000,6,6,6,6,6,6,6,6,6,6
421385,1,1,2000,24,24,24,24,24,24,24,24,24,24
421386,1,1,2000,17,17,17,17,17,17,17,17,17,17
421387,1,1,2000,0,0,0,0,0,0,0,0,0,0
421388,1,1,2000,7,0,0,0,0,0,0,0,0,0