ST_CASE,VEH_NO,PER_NO,YEAR,P1,P2,P3,P4,P5,P6,P7,P8,P9,P10
421388,2,1,2000,0,0,0,0,0,0,0,4,0,0
421389,1,1,2000,20,20,20,20,20,20,20,20,20,20
421390,1,1,2000,18,18,18,18,18,18,18,18,18,18
421391,1,1,2000,28,28,28,28,28,28,28,28,28,28
421392,1,1,2000,21,21,21,21,21,21,21,21,21,21
421393,1,1,2000,0,0,0,0,0,0,0,0,0,0
421393,2,1,2000,0,0,0,0,0,0,0,0,0,0
421393,3,1,2000,7,18,0,0,0,0,0,0,12,9
421393,4,1,2000,0,0,0,38,0,9,8,0,0,35
421393,5,1,2000,12,0,21,0,0,12,0,0,0,0
421394,1,1,2000,0,0,0,0,0,0,0,0,0,0
421394,2,1,2000,0,0,0,0,0,0,0,0,0,0
421395,1,1,2000,0,0,0,0,0,0,0,0,0,0
421395,2,1,2000,0,0,0,0,0,0,0,0,0,0
421396,1,1,2000,0,0,0,0,0,0,0,0,0,0
421396,2,1,2000,0,0,0,0,0,0,0,0,0,0
421397,0,1,2000,0,0,0,0,0,0,0,0,0,0
421397,1,1,2000,13,13,13,13,13,13,13,13,13,13
421398,1,1,2000,0,0,0,0,0,0,0,0,0,0
421398,2,1,2000,0,0,0,0,0,0,0,0,0,0
421399,1,1,2000,0,0,0,0,18,25,0,25,0,0
421400,1,1,2000,0,0,0,0,0,0,0,0,0,0
421401,1,1,2000,0,0,0,0,0,0,0,0,0,0
421402,1,1,2000,0,0,0,0,0,0,0,0,0,0
421402,2,1,2000,0,0,0,0,0,0,0,0,0,0
421403,1,1,2000,0,0,0,0,0,0,0,14,0,0
421403,2,1,2000,0,0,0,0,0,0,0,0,0,0
421404,1,1,2000,0,0,0,0,0,0,0,0,0,0
421404,2,1,2000,0,0,11,0,0,0,0,0,0,0
421405,1,1,2000,0,0,0,0,0,0,0,0,0,0
421405,2,1,2000,17,17,17,17,17,17,17,17,17,17
421406,0,1,2000,0,0,0,0,0,0,0,0,0,16
421406,1,1,2000,0,0,0,0,0,0,0,0,0,0
421407,1,1,2000,19,19,19,19,19,19,19,19,19,19
421408,1,1,2000,29,29,29,29,29,29,29,29,29,29
440001,1,1,2000,14,14,14,14,14,14,14,14,14,14
440002,1,1,2000,0,0,0,0,0,0,0,0,0,0
440002,2,1,2000,0,0,0,0,0,0,0,0,0,0
440003,1,2,2000,0,0,0,0,0,0,0,0,0,0
440004,1,1,2000,0,0,0,0,0,0,0,0,0,0
440004,2,1,2000,0,0,0,0,0,0,0,0,0,0
440005,1,1,2000,15,15,15,15,15,15,15,15,15,15
440006,1,1,2000,24,24,24,24,24,24,24,24,24,24
440006,2,1,2000,9,10,16,0,0,0,0,0,11,0
440007,1,1,2000,0,0,0,0,0,0,0,0,0,0
440007,2,1,2000,0,0,0,0,0,0,0,0,0,0
440008,0,1,2000,13,13,13,13,13,13,13,13,13,13
440008,1,1,2000,0,0,0,0,0,0,0,12,0,0
440009,1,1,2000,33,33,33,33,33,33,33,33,33,33
440009,2,1,2000,0,0,0,0,0,0,0,0,30,0
440010,1,2,2000,0,0,0,0,0,0,0,0,0,0
440010,2,1,2000,0,7,0,0,0,0,0,0,0,0
440011,1,1,2000,0,0,0,0,0,0,0,0,0,0
440011,2,1,2000,21,21,21,21,21,21,21,21,21,21
440011,3,1,2000,0,0,4,0,0,4,0,0,0,0
440012,1,1,2000,8,8,8,8,8,8,8,8,8,8
440013,1,1,2000,0,0,0,0,0,0,0,0,0,0
440014,1,2,2000,22,22,22,22,22,22,22,22,22,22
440015,1,3,2000,6,13,11,18,15,0,9,15,11,22
440016,1,1,2000,21,21,21,21,21,21,21,21,21,21
440017,1,1,2000,0,0,0,0,0,0,0,0,0,0
440018,1,2,2000,0,0,0,0,0,4,0,0,0,0
440018,2,1,2000,0,0,0,0,0,0,0,0,0,0
440019,1,2,2000,19,0,18,19,0,0,0,0,12,0
440020,1,1,2000,0,0,0,0,0,0,0,0,0,0
440021,1,1,2000,15,15,15,15,15,15,15,15,15,15
440022,1,2,2000,0,2,0,6,0,9,12,0,33,20
440023,1,1,2000,0,0,0,0,0,0,0,0,0,0
440024,1,1,2000,0,0,0,0,0,0,0,0,0,0
440025,1,1,2000,0,0,0,0,0,0,0,0,0,0
440026,1,1,2000,22,22,22,22,22,22,22,22,22,22
440027,1,1,2000,0,0,0,0,0,0,0,0,0,0
440028,1,1,2000,20,20,20,20,20,20,20,20,20,20
440029,1,1,2000,24,24,24,24,24,24,24,24,24,24
440030,1,1,2000,0,0,0,0,0,0,0,0,0,0
440031,1,1,2000,6,6,6,6,6,6,6,6,6,6
440031,2,1,2000,0,15,0,0,0,0,0,0,0,0
440032,1,3,2000,0,0,0,0,0,0,0,0,0,0
440033,0,1,2000,0,0,0,0,0,0,0,0,0,0
440033,1,1,2000,0,9,0,0,0,4,18,14,21,19
440034,1,1,2000,22,22,22,22,22,22,22,22,22,22
440035,1,1,2000,0,0,0,0,0,0,0,0,0,0
440036,1,1,2000,0,0,0,0,0,0,0,0,0,0
440037,1,2,2000,10,10,10,10,10,10,10,10,10,10
440038,1,1,2000,20,20,20,20,20,20,20,20,20,20
440038,2,1,2000,0,0,0,0,0,11,0,0,0,0
440039,1,1,2000,0,0,0,0,0,0,0,0,0,0
440040,1,1,2000,0,0,0,0,0,0,0,0,0,0
440041,1,2,2000,18,0,0,0,0,0,14,0,0,0
440041,2,1,2000,0,0,0,0,0,0,0,0,0,0
440042,1,1,2000,19,19,19,19,19,19,19,19,19,19
440043,0,1,2000,0,0,0,0,0,0,0,0,0,0
440043,1,1,2000,0,13,0,16,0,0,0,0,0,10
440044,1,1,2000,0,0,0,0,0,0,0,0,0,0
440044,2,1,2000,0,24,0,0,0,0,0,0,0,5
440045,1,1,2000,5,5,5,5,5,5,5,5,5,5
440045,2,1,2000,11,0,0,0,0,0,0,0,0,0
440046,1,1,2000,0,0,0,0,0,0,0,0,0,0
440046,2,1,2000,0,0,0,0,16,0,0,0,0,13
440047,1,1,2000,16,16,16,16,16,16,16,16,16,16
440048,1,2,2000,18,14,13,16,16,13,10,13,28,17
440049,1,1,2000,0,0,0,0,0,0,0,0,0,0
440049,2,1,2000,0,0,0,0,0,0,0,0,0,4
440050,1,1,2000,0,0,0,0,0,0,0,0,0,0
440050,2,1,2000,0,0,0,0,0,0,0,0,0,0
440051,1,1,2000,0,0,0,0,0,0,0,0,0,0
440051,2,1,2000,14,36,0,0,0,0,5,17,12,17
440052,1,1,2000,0,0,0,0,0,0,0,0,0,0
440053,0,1,2000,19,19,19,19,19,19,19,19,19,19
440053,1,1,2000,0,0,0,0,0,10,0,0,0,0
440054,1,2,2000,0,0,0,0,0,0,0,0,13,0
440054,2,1,2000,3,0,0,0,0,0,0,0,0,0
440055,1,1,2000,0,0,0,0,0,0,0,0,0,0
440055,2,1,2000,0,0,0,0,0,0,0,0,0,0
440056,0,1,2000,0,0,0,0,0,0,0,0,0,0
440056,1,1,2000,0,31,16,24,12,15,0,0,0,32
440057,1,1,2000,12,12,12,12,12,12,12,12,12,12
440058,1,2,2000,9,0,0,0,0,0,0,9,0,0
440059,0,1,2000,8,8,8,8,8,8,8,8,8,8
440059,1,1,2000,0,0,0,0,0,0,0,0,0,0
440060,1,1,2000,2,2,2,2,2,2,2,2,2,2
440061,1,1,2000,21,21,21,21,21,21,21,21,21,21
440062,0,1,2000,0,0,0,0,0,0,0,0,0,0
440062,1,1,2000,0,0,20,6,7,18,22,0,8,26
440063,1,1,2000,14,14,14,14,14,14,14,14,14,14
440064,0,1,2000,0,0,0,0,0,0,0,0,0,0
440064,0,2,2000,12,18,9,12,7,0,0,0,16,26
440064,1,1,2000,0,0,0,0,0,16,12,0,0,14
440065,1,2,2000,0,0,0,0,0,0,0,0,0,0
440065,2,1,2000,0,0,0,0,0,0,0,0,0,0
440066,1,2,2000,12,13,15,12,4,24,21,13,16,12
440067,1,1,2000,16,16,16,16,16,16,16,16,16,16
440068,1,1,2000,9,9,9,9,9,9,9,9,9,9
440068,2,1,2000,0,0,0,0,0,0,0,0,0,0
440069,0,1,2000,0,0,0,0,0,0,0,0,0,0
440069,1,1,2000,0,0,0,0,0,0,0,0,0,0
440070,1,1,2000,0,0,0,0,0,0,0,0,0,0
440070,2,1,2000,0,0,0,0,0,0,0,0,0,0
440072,1,1,2000,23,23,23,23,23,23,23,23,23,23
440073,0,1,2000,0,0,0,0,0,0,0,0,0,0
440073,1,1,2000,0,0,0,0,0,0,0,0,0,0
440074,1,2,2000,0,17,0,20,11,13,3,0,15,0
450002,1,1,2000,0,0,0,0,0,10,0,0,0,7
450003,1,3,2000,0,0,0,0,0,0,0,11,0,0
450004,1,1,2000,0,0,0,0,0,0,0,0,0,0
450004,2,1,2000,0,0,0,0,0,0,0,0,0,0
450004,3,1,2000,0,0,0,0,0,0,0,0,0,0
450005,1,1,2000,17,17,17,17,17,17,17,17,17,17
450006,1,1,2000,17,17,17,17,17,17,17,17,17,17
450007,1,1,2000,0,22,0,0,5,0,0,0,0,0
450007,2,1,2000,0,0,0,0,0,0,0,0,0,0
450008,1,1,2000,0,0,0,0,0,0,0,0,0,0
450008,2,1,2000,0,0,0,0,13,0,0,0,0,0
450009,1,1,2000,0,0,0,0,0,0,0,0,0,0
450009,2,1,2000,0,0,0,0,0,0,0,0,0,0
450010,1,1,2000,0,0,0,0,0,0,0,0,0,0
450010,2,1,2000,0,0,0,0,0,0,0,0,0,0
450011,1,1,2000,0,0,0,0,0,0,0,0,0,0
450011,2,1,2000,0,0,0,0,0,0,0,0,0,0
450012,1,1,2000,0,0,0,0,0,0,0,0,0,0
450013,1,1,2000,0,0,0,3,13,11,0,0,12,15
450014,1,1,2000,0,0,0,0,0,0,0,0,0,0
450015,1,1,2000,0,0,14,0,0,0,0,0,0,0
450016,1,1,2000,0,0,0,0,0,0,0,0,0,0
450017,1,1,2000,23,0,0,0,0,0,14,0,0,0
450018,1,1,2000,0,0,0,7,0,0,0,0,0,0
450018,2,1,2000,0,0,0,0,0,0,0,0,0,0
450018,3,1,2000,0,0,0,0,0,0,0,0,0,0
450019,1,1,2000,0,0,0,0,0,0,0,0,0,0
450019,2,1,2000,0,0,0,0,0,0,0,0,0,0
450020,1,1,2000,0,0,0,0,0,18,0,0,13,0
450021,1,1,2000,0,0,0,14,0,0,0,0,0,0
450022,0,1,2000,18,0,0,24,0,0,0,0,0,19
450022,1,1,2000,9,9,9,9,9,9,9,9,9,9
450023,1,1,2000,0,0,0,0,0,0,0,0,0,0
450023,2,1,2000,0,0,0,0,0,0,0,0,0,0
450024,1,1,2000,0,0,0,0,0,0,0,0,0,0
450024,2,1,2000,0,0,0,0,0,0,0,0,0,0
450025,1,1,2000,11,11,11,11,11,11,11,11,11,11
450026,1,1,2000,0,0,0,0,0,0,0,0,0,0
450026,2,1,2000,0,0,0,0,0,0,0,0,0,0
450026,3,1,2000,24,24,24,24,24,24,24,24,24,24
450027,1,1,2000,28,28,28,28,28,28,28,28,28,28
450028,1,1,2000,25,25,25,25,25,25,25,25,25,25
450029,1,1,2000,0,0,0,0,0,0,0,0,0,0
450029,2,1,2000,0,0,0,7,0,0,0,0,0,0
450030,1,1,2000,35,14,15,11,11,25,9,3,38,6
450031,1,1,2000,0,0,0,0,0,0,0,0,0,0
450031,2,1,2000,0,0,0,0,0,0,0,0,0,0
450031,3,1,2000,0,0,0,0,0,0,0,0,0,0
450032,1,1,2000,0,0,0,0,0,0,0,0,0,0
450032,2,1,2000,0,0,0,0,0,0,0,0,0,0
450033,1,1,2000,0,0,0,0,0,0,0,0,0,0
450033,2,1,2000,0,0,0,0,0,0,0,0,0,0
450034,1,1,2000,0,14,0,0,0,0,18,0,21,0
450035,1,1,2000,9,9,9,9,9,9,9,9,9,9
450035,2,1,2000,15,0,48,0,18,11,13,15,24,18
450036,1,1,2000,0,0,0,0,0,0,0,0,0,0
450036,2,1,2000,0,0,0,0,0,0,0,0,0,0
450037,1,1,2000,0,0,0,0,0,0,0,0,0,0
450037,2,1,2000,0,31,0,0,0,0,0,0,13,0
450038,1,1,2000,0,21,0,0,0,0,0,0,0,0
450038,2,1,2000,0,0,0,0,0,0,0,0,0,0
450039,1,1,2000,20,20,20,20,20,20,20,20,20,20
450040,0,1,2000,30,30,30,30,30,30,30,30,30,30
450040,1,1,2000,0,16,0,8,36,0,10,0,0,0
450041,1,1,2000,0,0,0,0,0,0,0,0,0,0
450041,2,1,2000,0,0,0,0,0,0,0,0,0,0
450042,1,1,2000,25,3,13,17,11,14,23,18,20,15
450043,1,1,2000,0,0,0,0,0,0,0,0,16,0
450044,1,1,2000,0,0,0,0,0,0,0,0,0,0
450045,1,1,2000,0,0,0,0,0,0,0,0,0,0
450046,1,1,2000,0,0,0,0,0,0,0,0,0,0
450047,1,1,2000,0,0,0,0,0,0,0,0,0,0
450047,2,1,2000,0,0,0,6,0,0,0,0,0,0
450047,3,1,2000,0,0,0,0,0,0,0,0,0,0
450048,1,1,2000,23,23,23,23,23,23,23,23,23,23
450049,1,1,2000,33,33,33,33,33,33,33,33,33,33
450050,1,1,2000,20,20,20,20,20,20,20,20,20,20
450050,2,1,2000,0,0,0,0,0,0,0,0,0,0
450051,1,1,2000,0,0,0,0,0,0,0,0,0,0
450051,2,1,2000,0,0,0,0,0,0,8,0,0,0
450052,1,1,2000,0,0,13,0,28,0,31,26,0,0
450053,1,1,2000,0,0,0,0,0,0,0,0,0,0
450054,1,1,2000,0,0,0,0,5,0,0,0,0,0
450054,2,1,2000,0,0,0,0,0,0,0,0,0,0
450054,3,1,2000,0,0,0,0,0,0,0,0,0,0
450055,0,1,2000,0,0,0,0,0,0,29,0,0,0
450055,1,1,2000,0,0,0,0,0,0,0,0,0,0
450056,0,1,2000,0,0,0,0,0,0,0,0,0,0
450056,1,1,2000,0,0,0,0,0,0,0,0,0,0
450057,1,1,2000,15,15,15,15,15,15,15,15,15,15
450058,0,1,2000,0,0,0,0,0,8,0,0,0,0
450058,0,2,2000,0,0,0,0,0,0,0,0,0,0
450058,1,1,2000,0,0,0,0,0,0,0,0,0,0
450059,1,1,2000,0,0,0,0,0,0,0,0,0,0
450059,2,1,2000,0,0,0,0,0,0,0,0,0,0
450059,3,1,2000,0,0,0,0,0,0,0,0,0,0
450061,1,1,2000,0,0,0,0,0,0,0,11,0,0
450061,2,1,2000,0,0,0,0,0,0,0,0,0,0
450062,1,1,2000,0,0,0,0,0,0,0,0,0,0
450063,1,1,2000,0,0,0,0,0,0,0,0,0,0
450064,1,1,2000,17,17,17,17,17,17,17,17,17,17
450065,1,1,2000,0,0,0,0,0,0,0,0,0,0
450065,2,1,2000,0,0,0,0,0,0,0,0,0,0
450066,1,1,2000,7,7,7,7,7,7,7,7,7,7
450067,0,1,2000,29,29,29,29,29,29,29,29,29,29
450067,1,1,2000,0,0,0,0,0,0,0,0,0,0
450067,2,1,2000,0,0,0,0,0,0,0,0,0,0
450068,1,1,2000,12,12,12,12,12,12,12,12,12,12
450069,1,1,2000,29,29,29,29,29,29,29,29,29,29
450070,1,1,2000,0,0,0,0,0,0,0,0,0,0
450070,2,1,2000,0,0,13,0,0,0,0,0,0,0
450071,1,1,2000,0,0,0,0,0,0,0,0,0,0
450071,2,1,2000,0,0,0,0,0,0,0,0,0,0
450072,0,1,2000,0,0,0,0,0,0,0,0,0,0
450072,1,1,2000,0,0,0,0,0,0,0,6,0,0
450073,1,1,2000,0,0,0,0,0,0,0,0,0,0
450073,2,1,2000,0,0,0,0,0,0,0,0,0,0
450074,1,1,2000,0,0,0,0,0,0,0,0,0,0
450075,1,1,2000,10,10,10,10,10,10,10,10,10,10
450077,1,1,2000,0,0,0,0,0,0,0,0,0,0
450077,2,1,2000,0,0,0,0,0,0,0,0,0,0
450078,1,1,2000,15,15,15,15,15,15,15,15,15,15
450079,1,1,2000,0,0,0,0,0,0,0,0,0,0
450080,1,1,2000,0,0,0,0,0,0,0,0,0,0
450080,2,1,2000,0,0,0,0,0,0,0,0,0,0
450080,3,1,2000,0,0,0,0,0,0,0,0,0,0
450081,0,1,2000,16,16,16,16,16,16,16,16,16,16
450081,1,1,2000,0,0,0,0,0,0,0,0,0,0
450082,1,1,2000,21,21,21,21,21,21,21,21,21,21
450082,2,1,2000,0,0,18,0,0,0,25,0,0,0
450083,1,1,2000,0,0,0,0,0,0,0,0,0,0
450083,2,1,2000,0,0,0,0,0,0,0,0,0,0
450084,1,1,2000,0,0,0,0,0,0,0,20,0,0
450085,1,1,2000,0,0,0,0,0,0,0,0,0,0
450086,1,1,2000,0,0,0,0,0,0,0,0,0,0
450086,2,1,2000,0,0,0,0,0,0,0,0,0,0
450086,3,1,2000,0,0,0,0,0,0,0,0,0,0
450086,4,1,2000,0,0,0,0,0,0,0,0,0,0
450086,5,1,2000,0,0,0,0,0,0,0,0,0,0
450087,1,1,2000,0,0,0,0,0,0,0,0,0,0
450088,1,1,2000,0,0,0,0,0,0,0,0,0,0
450088,2,1,2000,0,0,0,0,0,0,0,0,0,0
450089,0,1,2000,0,0,0,0,0,0,0,0,0,0
450089,1,1,2000,0,0,0,0,0,0,0,0,0,0
450090,0,1,2000,15,25,24,31,13,24,7,35,15,23
450090,1,1,2000,13,13,13,13,13,13,13,13,13,13
450091,1,1,2000,0,0,13,0,0,11,0,5,0,0
450092,0,1,2000,0,0,8,0,0,0,0,0,0,0
450092,0,2,2000,0,0,0,0,0,0,0,0,0,0
450092,1,1,2000,0,0,0,0,0,0,0,0,0,0
450093,1,1,2000,0,0,0,0,0,0,0,0,0,0
450094,1,1,2000,0,0,0,0,0,0,0,0,0,0
450095,1,1,2000,0,0,0,0,0,0,0,0,0,0
450095,2,1,2000,0,0,0,0,0,0,0,0,0,0
450096,0,1,2000,0,0,0,0,0,0,0,0,0,0
450096,1,1,2000,0,0,0,0,0,0,0,0,0,0
450097,1,1,2000,0,0,0,0,0,14,0,0,0,0
450097,2,1,2000,0,0,0,0,0,0,0,0,0,0
450098,1,1,2000,0,0,0,0,0,0,0,0,0,0
450098,2,1,2000,0,0,0,0,0,0,0,0,0,0
450099,1,1,2000,0,11,0,7,0,0,0,0,0,0
450100,0,1,2000,30,30,30,30,30,30,30,30,30,30
450100,1,1,2000,0,0,0,0,0,0,0,18,0,0
450101,1,1,2000,0,0,23,0,0,0,0,0,0,0
450101,2,1,2000,15,15,15,15,15,15,15,15,15,15
450102,1,1,2000,0,0,0,0,0,0,0,28,0,0
450102,2,1,2000,0,0,19,0,0,16,0,0,0,0
450103,1,1,2000,0,0,0,0,0,0,0,0,0,0
450103,2,1,2000,16,13,21,10,13,26,10,28,4,19
450104,1,1,2000,28,28,28,28,28,28,28,28,28,28
450105,1,1,2000,25,25,25,25,25,25,25,25,25,25
450106,1,1,2000,0,23,0,9,16,5,24,0,0,0
450107,0,1,2000,22,22,22,22,22,22,22,22,22,22
450107,1,1,2000,0,0,0,0,0,0,0,0,0,0
450108,0,1,2000,0,0,0,0,0,0,0,0,0,0
450108,0,2,2000,0,0,0,0,0,0,0,0,0,0
450108,1,1,2000,0,0,0,0,0,15,0,15,0,0
450109,1,1,2000,0,0,0,0,0,0,0,0,0,0
450110,1,1,2000,28,28,28,28,28,28,28,28,28,28
450110,2,1,2000,28,28,28,28,28,28,28,28,28,28
450111,1,1,2000,23,23,23,23,23,23,23,23,23,23
450112,1,1,2000,0,0,0,0,0,0,0,0,0,0
450113,1,1,2000,0,0,0,0,0,0,0,0,0,0
450113,2,1,2000,12,12,12,12,12,12,12,12,12,12
450114,1,1,2000,0,0,0,0,0,0,0,0,0,0
450114,2,1,2000,0,0,0,0,0,0,0,0,0,0
450115,1,1,2000,18,9,0,0,12,0,0,0,0,13
450116,1,1,2000,0,0,0,0,0,0,0,0,0,0
450116,2,1,2000,30,9,9,8,18,11,17,18,15,8
450117,1,1,2000,0,0,0,0,0,0,0,0,0,0
450117,2,1,2000,0,0,0,0,0,0,0,0,0,0
450118,1,1,2000,0,0,0,0,0,6,0,0,0,0
450118,2,1,2000,0,0,0,0,0,0,0,0,0,0
450118,3,1,2000,0,0,0,0,0,0,0,0,0,0
450119,0,1,2000,27,0,0,6,0,0,24,0,0,22
450119,1,1,2000,0,0,0,0,0,10,0,0,0,0
450120,1,1,2000,12,12,12,12,12,12,12,12,12,12
450121,1,1,2000,11,13,0,0,0,0,0,0,0,0
450121,2,1,2000,0,0,0,0,0,0,0,0,0,0
450122,1,1,2000,0,0,0,0,0,0,0,0,0,0
450122,2,1,2000,0,0,0,0,0,0,0,0,0,0
450122,3,1,2000,0,0,0,0,0,0,0,0,0,0
450123,1,1,2000,0,0,0,0,0,0,0,0,0,0
450123,2,1,2000,0,0,0,0,0,0,0,0,0,0
450123,3,1,2000,0,0,0,0,0,0,0,0,0,0
450123,4,1,2000,0,0,0,0,0,0,0,0,0,0
450124,1,1,2000,0,4,17,0,11,0,30,0,0,0
450125,1,1,2000,0,0,0,0,0,0,0,0,24,0
450126,1,1,2000,0,0,0,0,4,0,0,0,0,0
450127,1,1,2000,6,6,6,6,6,6,6,6,6,6
450128,1,1,2000,0,0,0,0,0,0,0,0,0,0
450128,2,1,2000,0,0,0,0,0,0,0,0,0,0
450129,1,1,2000,24,24,24,24,24,24,24,24,24,24
450130,0,1,2000,0,25,12,0,0,0,0,13,0,39
450130,0,2,2000,0,0,0,0,0,0,0,3,0,12
450130,1,1,2000,16,16,30,17,22,35,11,11,24,13
450131,1,1,2000,10,10,10,10,10,10,10,10,10,10
450132,0,1,2000,0,0,0,0,0,0,0,0,0,0
450132,1,1,2000,0,0,0,0,0,0,0,12,0,0
450133,1,1,2000,0,0,0,0,0,0,0,0,0,0
450133,2,1,2000,0,0,0,0,0,0,0,0,0,0
450133,3,1,2000,0,0,0,0,0,0,0,0,0,0
450134,1,1,2000,0,0,0,0,0,0,0,0,0,0
450134,2,1,2000,0,0,0,0,0,0,0,0,0,0
450135,1,1,2000,0,0,0,0,0,0,0,0,0,0
450135,2,1,2000,0,0,19,0,0,0,0,0,0,0
450136,1,1,2000,24,14,25,21,48,8,25,16,13,20
450137,1,1,2000,0,0,0,11,24,8,20,19,0,4
450138,1,1,2000,0,0,23,0,0,0,0,0,0,14
450139,1,1,2000,18,28,17,11,14,21,26,13,33,21
450140,1,1,2000,22,22,22,22,22,22,22,22,22,22
450141,1,1,2000,0,0,0,0,0,0,0,0,0,0
450141,2,1,2000,27,27,27,27,27,27,27,27,27,27
450142,1,1,2000,0,0,0,0,0,0,0,0,0,0
450143,1,1,2000,0,0,0,0,0,0,8,0,0,7
450143,2,1,2000,0,0,0,0,0,0,0,26,12,0
450145,1,1,2000,0,0,0,0,0,0,0,0,0,0
450145,2,1,2000,0,0,0,0,0,0,0,0,0,0
450145,3,1,2000,0,0,0,0,0,0,0,0,0,0
450146,0,1,2000,0,14,53,25,14,17,2,9,9,30
450146,0,2,2000,0,0,0,0,0,0,0,0,0,0
450146,1,1,2000,0,0,0,0,0,13,0,0,0,0
450147,1,1,2000,0,0,0,0,0,0,0,0,0,0
450147,2,1,2000,0,0,0,0,12,0,0,0,0,0
450148,1,1,2000,19,18,27,15,9,16,14,18,16,9
450149,1,1,2000,10,12,41,6,17,6,18,19,9,22
450150,0,1,2000,0,0,0,0,0,0,28,0,0,0
450150,1,1,2000,0,0,0,0,0,0,0,0,0,0
450151,1,1,2000,0,0,0,0,0,0,0,20,0,0
450152,1,1,2000,0,0,0,0,0,0,0,0,0,0
450153,0,1,2000,31,21,25,44,42,55,28,18,29,19
450153,1,1,2000,0,0,0,0,0,0,0,0,0,0
450154,1,1,2000,12,12,12,12,12,12,12,12,12,12
450155,0,1,2000,24,24,24,24,24,24,24,24,24,24
450155,1,1,2000,0,0,0,0,0,0,0,0,0,0
450156,1,1,2000,0,0,0,0,0,0,0,0,0,0
450156,2,1,2000,0,0,0,0,0,13,0,0,0,0
450157,1,1,2000,14,14,14,14,14,14,14,14,14,14
450158,1,1,2000,19,19,19,19,19,19,19,19,19,19
450159,1,1,2000,22,0,18,22,0,0,0,0,28,0
450160,1,1,2000,0,0,18,0,17,23,0,0,0,19
450161,1,1,2000,23,23,23,23,23,23,23,23,23,23
450162,1,1,2000,28,28,28,28,28,28,28,28,28,28
450163,1,1,2000,0,0,0,0,0,0,0,0,0,0
450163,2,1,2000,0,0,0,0,0,0,0,0,0,0
450164,1,1,2000,0,0,0,0,0,0,0,0,0,0
450164,2,1,2000,0,0,0,0,0,0,0,0,0,3
450165,1,1,2000,0,0,0,0,0,0,0,0,0,0
450166,1,1,2000,0,0,0,0,0,0,0,0,0,0
450166,2,1,2000,0,0,0,0,0,0,0,0,0,0
450167,1,1,2000,20,20,20,20,20,20,20,20,20,20
450168,1,1,2000,27,27,27,27,27,27,27,27,27,27
450169,1,1,2000,0,0,0,0,0,0,0,0,0,0
450170,1,1,2000,0,0,0,0,0,0,0,0,0,0
450170,2,1,2000,0,0,0,0,0,0,0,0,4,0
450171,1,1,2000,0,0,0,0,0,0,0,0,0,0
450172,1,1,2000,0,0,0,0,0,0,0,0,0,0
450172,2,1,2000,0,0,0,0,0,0,0,0,0,0
450173,1,1,2000,0,0,0,0,0,0,0,0,0,0
450173,2,1,2000,0,0,0,0,0,0,0,0,0,0
450174,0,1,2000,0,0,15,0,0,0,0,0,32,0
450174,1,1,2000,0,0,0,0,0,0,0,0,0,0
450175,1,1,2000,0,0,0,0,0,0,0,15,0,0
450175,2,1,2000,0,0,0,8,0,0,0,0,0,0
450176,1,1,2000,0,0,0,0,0,0,0,0,0,0
450178,1,1,2000,0,0,0,0,0,0,0,0,0,0
450179,1,1,2000,0,0,0,0,0,0,0,0,0,0
450179,2,1,2000,0,0,0,0,0,0,15,0,0,0
450180,1,1,2000,0,0,0,13,10,0,0,0,0,0
450180,2,1,2000,26,26,26,26,26,26,26,26,26,26
450181,1,1,2000,21,21,21,21,21,21,21,21,21,21
450182,1,1,2000,0,0,0,0,0,0,0,0,0,0
450182,2,1,2000,0,0,0,0,0,0,0,0,0,0
450183,1,1,2000,0,0,0,0,17,0,0,0,0,0
450183,2,1,2000,0,0,0,0,5,0,0,0,17,0
450184,1,1,2000,0,0,17,0,0,0,17,0,0,0
450185,1,1,2000,0,0,14,19,0,15,0,9,0,0
450186,1,1,2000,0,3,0,0,0,0,0,0,0,0
450186,2,1,2000,0,34,0,0,0,0,0,0,0,0
450187,1,1,2000,32,32,32,32,32,32,32,32,32,32
450188,1,1,2000,0,0,0,0,0,0,0,0,0,0
450188,2,1,2000,26,26,26,26,26,26,26,26,26,26
450189,1,1,2000,24,24,24,24,24,24,24,24,24,24
450190,1,1,2000,12,12,12,12,12,12,12,12,12,12
450191,1,1,2000,0,0,0,0,11,0,12,0,0,0
450191,2,1,2000,24,9,0,0,0,0,0,10,14,0
450192,1,1,2000,0,0,0,0,0,0,0,0,0,0
450192,2,1,2000,4,4,4,4,4,4,4,4,4,4
450193,0,1,2000,26,36,9,25,27,20,23,23,11,22
450193,1,1,2000,0,0,0,0,0,0,2,0,0,0
450194,1,1,2000,0,0,0,0,0,0,0,0,0,0
450195,1,1,2000,0,0,0,0,0,0,0,0,0,0
450196,1,1,2000,0,0,0,16,0,0,0,0,0,0
450197,1,1,2000,18,18,18,18,18,18,18,18,18,18
450198,1,1,2000,25,25,25,25,25,25,25,25,25,25