ST_CASE,VEH_NO,PER_NO,YEAR,P1,P2,P3,P4,P5,P6,P7,P8,P9,P10
450199,1,1,2000,24,32,0,11,13,28,5,14,22,38
450200,1,1,2000,6,7,15,11,17,28,16,17,30,20
450201,1,1,2000,0,0,0,0,0,0,0,0,0,14
450202,1,1,2000,0,0,0,0,0,0,0,0,0,0
450203,1,1,2000,0,0,0,0,0,0,0,0,0,0
450203,2,1,2000,0,0,0,0,0,0,0,0,0,0
450204,1,1,2000,0,0,0,0,0,0,0,0,0,0
450204,2,1,2000,0,0,0,0,0,0,0,0,0,0
450205,1,1,2000,0,0,0,0,0,0,0,0,0,0
450206,1,1,2000,0,0,0,0,0,0,0,0,0,0
450207,1,1,2000,0,0,0,0,0,0,0,0,0,0
450207,2,1,2000,0,0,0,0,0,0,0,0,0,0
450207,3,1,2000,0,0,0,0,0,0,0,0,0,0
450208,1,1,2000,12,12,12,12,12,12,12,12,12,12
450209,1,1,2000,0,0,0,0,0,0,0,0,0,0
450209,2,1,2000,0,0,0,0,3,0,0,0,0,0
450210,1,1,2000,0,0,0,0,0,0,0,0,0,0
450210,2,1,2000,0,0,0,0,0,0,0,0,0,0
450210,3,1,2000,0,0,0,0,0,0,0,0,0,0
450210,4,1,2000,0,0,0,0,0,0,0,0,0,0
450211,1,1,2000,0,0,0,0,0,0,0,0,12,0
450212,1,1,2000,0,0,0,0,0,0,19,0,0,0
450212,2,1,2000,0,0,0,0,0,0,0,0,0,0
450213,1,1,2000,0,0,0,0,0,0,0,0,0,0
450213,2,1,2000,0,0,0,0,0,0,0,0,0,0
450214,1,1,2000,0,0,0,0,0,0,0,0,0,0
450214,2,1,2000,0,0,0,0,0,0,0,0,0,0
450215,1,1,2000,14,10,9,27,0,20,24,21,21,18
450216,1,1,2000,0,0,0,0,0,0,0,0,0,0
450216,2,1,2000,0,0,0,0,0,0,0,0,0,0
450217,1,1,2000,0,0,0,0,0,0,0,0,0,0
450217,2,1,2000,0,0,0,0,0,0,0,0,0,0
450218,1,1,2000,0,0,0,0,0,0,0,0,0,0
450219,1,1,2000,0,0,0,0,0,0,0,0,0,0
450220,1,1,2000,0,0,0,0,0,0,12,0,0,0
450220,2,1,2000,0,0,13,0,4,0,0,15,0,0
450221,0,1,2000,0,0,0,0,0,0,0,0,0,0
450221,1,1,2000,17,17,17,17,17,17,17,17,17,17
450222,1,1,2000,0,0,0,0,0,0,0,32,0,0
450223,1,1,2000,19,15,4,16,0,24,0,12,5,26
450224,1,1,2000,0,0,0,0,0,0,0,0,0,0
450225,0,1,2000,13,13,13,13,13,13,13,13,13,13
450225,1,1,2000,0,0,0,0,0,0,0,0,0,0
450226,1,1,2000,0,0,0,17,0,4,0,0,0,0
450227,1,1,2000,35,31,12,24,28,5,12,13,19,30
450228,1,1,2000,9,0,0,0,0,20,0,0,15,0
450228,2,1,2000,0,0,0,0,0,32,0,0,0,0
450229,1,1,2000,25,25,25,25,25,25,25,25,25,25
450230,1,1,2000,0,0,0,0,0,0,0,0,0,0
450230,2,1,2000,0,0,0,0,19,0,0,0,0,0
450231,1,1,2000,0,0,0,0,0,0,0,0,0,0
450231,2,1,2000,0,0,0,0,0,0,15,0,0,0
450232,1,1,2000,11,11,11,11,11,11,11,11,11,11
450233,1,1,2000,0,0,0,0,0,0,0,0,9,0
450234,1,1,2000,0,0,0,0,0,0,0,22,0,0
450234,2,1,2000,0,0,0,0,0,0,0,0,0,0
450235,1,1,2000,17,0,6,19,21,30,11,13,25,28
450236,0,1,2000,0,0,0,0,0,0,0,0,0,0
450236,1,1,2000,0,0,0,0,0,0,0,0,0,0
450238,1,1,2000,0,0,19,7,0,18,0,17,0,0
450239,1,1,2000,0,0,0,0,0,0,0,0,0,0
450240,1,1,2000,10,11,21,13,15,15,17,11,14,17
450241,1,1,2000,10,10,10,10,10,10,10,10,10,10
450242,0,1,2000,0,0,0,0,0,0,0,0,23,0
450242,1,1,2000,0,0,0,0,0,0,0,0,0,0
450243,1,1,2000,0,0,0,0,0,0,0,0,0,0
450244,1,1,2000,0,0,0,0,0,0,0,0,0,0
450244,2,1,2000,0,0,0,0,0,0,0,0,0,0
450244,3,1,2000,0,0,0,0,0,0,0,0,0,0
450244,4,1,2000,0,0,0,0,0,0,0,0,0,0
450244,5,1,2000,0,0,0,0,0,0,0,0,0,0
450245,0,1,2000,25,25,25,25,25,25,25,25,25,25
450245,1,1,2000,5,5,5,5,5,5,5,5,5,5
450246,1,1,2000,0,0,0,0,0,0,0,0,0,0
450247,1,1,2000,0,0,0,0,0,0,0,0,0,0
450247,2,1,2000,0,14,0,0,0,0,0,0,0,0
450248,1,1,2000,12,7,7,21,20,9,17,17,20,15
450249,1,1,2000,20,20,20,20,20,20,20,20,20,20
450250,1,1,2000,0,0,0,0,0,0,0,0,0,0
450250,2,1,2000,0,0,0,0,0,0,0,0,0,0
450251,1,1,2000,0,0,0,0,0,0,0,0,0,0
450252,0,1,2000,0,14,34,3,5,13,0,23,12,0
450252,1,1,2000,14,18,0,7,0,0,10,0,0,0
450253,1,1,2000,0,0,18,0,8,25,29,0,35,13
450254,1,1,2000,21,12,0,0,0,0,0,15,0,0
450255,1,1,2000,13,10,13,0,13,4,13,12,6,15
450255,2,1,2000,0,0,0,0,0,0,0,0,0,0
450255,3,1,2000,0,0,0,0,0,3,0,0,0,0
450255,4,1,2000,0,0,0,0,0,0,0,0,0,0
450255,5,1,2000,0,0,0,0,15,0,0,0,9,0
450256,1,1,2000,0,0,0,0,0,0,0,0,0,0
450256,2,1,2000,13,0,10,0,0,0,0,0,0,0
450257,1,1,2000,0,0,13,0,0,0,0,0,0,0
450257,2,1,2000,0,0,0,0,0,0,0,0,7,0
450258,1,1,2000,0,0,0,0,0,0,0,0,0,0
450259,0,1,2000,0,0,0,0,0,0,0,0,0,0
450259,1,1,2000,0,7,0,0,0,0,0,0,4,0
450260,0,1,2000,7,12,0,0,7,0,0,15,0,26
450260,1,1,2000,26,26,26,26,26,26,26,26,26,26
450261,1,1,2000,0,0,0,0,0,0,0,0,0,0
450262,1,1,2000,0,0,0,0,0,0,0,0,0,0
450262,2,1,2000,0,0,0,0,0,14,0,0,8,0
450263,1,1,2000,35,35,35,35,35,35,35,35,35,35
450264,1,1,2000,20,20,20,20,20,20,20,20,20,20
450265,1,1,2000,15,8,18,3,16,20,12,36,21,12
450266,1,1,2000,0,0,0,0,0,0,0,0,0,0
450267,1,1,2000,0,0,0,0,0,0,0,0,0,0
450267,2,1,2000,0,0,0,0,0,0,0,21,0,0
450268,1,1,2000,0,0,0,0,0,0,0,0,0,0
450268,2,1,2000,0,0,9,0,0,0,0,0,0,0
450269,1,1,2000,12,12,12,12,12,12,12,12,12,12
450270,1,1,2000,15,15,15,15,15,15,15,15,15,15
450270,2,1,2000,19,19,19,19,19,19,19,19,19,19
450270,3,1,2000,12,0,0,32,0,0,0,0,0,0
450271,1,1,2000,12,0,0,0,0,8,0,0,0,0
450272,1,1,2000,0,0,0,0,0,0,0,0,0,0
450272,2,1,2000,0,0,0,0,16,0,0,0,0,0
450273,1,1,2000,0,0,0,0,0,0,0,0,0,0
450274,1,1,2000,0,0,0,0,0,0,0,0,0,0
450275,1,1,2000,0,0,0,0,0,0,0,0,0,0
450276,1,1,2000,0,0,0,0,0,0,0,0,0,4
450277,1,1,2000,0,0,0,11,0,4,7,0,11,0
450278,0,1,2000,0,0,0,0,0,16,0,0,0,20
450278,1,1,2000,4,0,0,0,0,0,0,17,20,0
450279,1,1,2000,0,0,0,0,0,0,0,0,0,0
450279,2,1,2000,22,22,22,22,22,22,22,22,22,22
450280,1,1,2000,0,0,21,0,25,0,19,18,10,16
450281,1,1,2000,0,0,0,0,0,0,0,0,0,0
450281,2,1,2000,0,0,0,0,0,0,0,0,0,0
450281,3,1,2000,0,0,0,0,0,0,0,0,0,0
450281,4,1,2000,3,26,8,14,0,22,0,5,10,14
450282,1,1,2000,18,0,0,0,0,0,0,0,0,0
450283,1,1,2000,24,24,24,24,24,24,24,24,24,24
450284,1,1,2000,0,0,0,0,0,0,0,0,0,0
450284,2,1,2000,0,0,0,0,0,0,0,0,0,0
450286,1,1,2000,22,22,22,22,22,22,22,22,22,22
450287,1,1,2000,0,0,0,0,0,0,0,0,0,0
450287,2,1,2000,0,0,0,0,0,9,0,8,0,0
450288,1,1,2000,0,0,0,0,0,0,0,0,0,0
450288,2,1,2000,0,0,0,0,0,0,0,0,0,0
450290,1,1,2000,0,0,0,0,0,0,0,0,0,0
450290,2,1,2000,0,0,9,0,0,0,0,0,0,0
450291,0,1,2000,0,0,0,0,0,0,0,0,0,0
450291,1,1,2000,0,0,0,0,0,0,0,0,0,0
450292,1,1,2000,0,0,0,0,0,0,0,0,0,0
450292,2,1,2000,0,0,24,0,0,0,0,0,0,0
450293,1,1,2000,0,0,0,0,0,0,0,0,0,0
450293,2,1,2000,0,0,0,0,0,13,0,7,0,0
450294,1,1,2000,0,0,0,0,0,0,0,0,0,0
450295,1,1,2000,0,0,0,0,0,0,0,0,0,0
450295,2,1,2000,0,0,0,0,0,0,0,0,0,0
450296,1,1,2000,0,0,0,0,0,0,0,0,0,0
450296,2,1,2000,0,0,0,0,0,0,0,0,0,0
450297,0,1,2000,20,0,23,0,21,0,0,12,0,0
450297,1,1,2000,0,0,0,0,2,9,0,0,0,0
450299,1,1,2000,0,0,0,0,0,0,0,15,0,0
450299,2,1,2000,0,22,0,0,0,0,0,0,0,0
450300,1,1,2000,0,0,0,0,0,0,0,0,0,0
450300,2,1,2000,0,0,0,0,0,0,0,0,0,0
450301,1,1,2000,0,0,0,0,0,0,0,0,0,0
450301,2,1,2000,0,11,0,0,0,0,0,0,15,0
450302,1,1,2000,0,0,0,0,0,0,0,0,0,0
450302,2,1,2000,0,0,0,0,0,0,0,0,0,0
450304,1,1,2000,0,0,0,0,0,0,0,0,0,0
450304,2,1,2000,14,0,0,0,0,0,0,3,0,0
450304,3,1,2000,0,0,0,10,0,0,0,0,0,0
450306,1,1,2000,10,0,0,0,0,0,21,0,24,12
450307,1,1,2000,0,0,0,0,0,0,0,0,0,0
450307,2,1,2000,0,0,0,0,0,0,0,0,0,0
450308,1,1,2000,29,7,13,14,17,23,10,22,10,15
450309,0,1,2000,0,0,29,0,0,17,0,28,25,0
450309,1,1,2000,0,0,0,0,0,0,0,0,0,0
450310,1,1,2000,4,4,4,4,4,4,4,4,4,4
450311,1,1,2000,0,0,0,0,0,0,0,0,0,12
450312,0,1,2000,0,0,0,0,0,0,0,0,0,0
450312,1,1,2000,0,0,0,0,0,0,0,0,0,0
450313,1,1,2000,0,0,0,0,0,0,0,0,0,0
450314,1,1,2000,12,12,12,12,12,12,12,12,12,12
450315,1,1,2000,10,1,20,6,16,0,6,5,7,10
450316,1,1,2000,19,0,0,0,0,0,0,20,0,0
450317,1,1,2000,0,0,19,0,12,0,2,23,0,0
450318,1,1,2000,0,0,0,0,0,0,0,0,0,0
450318,2,1,2000,0,0,0,0,0,0,0,0,0,0
450319,1,1,2000,0,0,0,0,0,0,0,0,0,0
450319,2,1,2000,0,0,0,0,0,0,0,0,0,0
450320,1,1,2000,0,0,0,0,0,0,0,0,0,0
450320,2,1,2000,0,0,0,0,0,7,0,0,0,0
450321,1,1,2000,0,0,0,0,0,0,0,0,0,0
450321,2,1,2000,0,0,0,0,0,0,0,0,0,0
450322,1,1,2000,0,0,0,0,0,0,0,0,0,0
450323,1,1,2000,0,0,0,0,0,0,0,0,0,0
450323,2,1,2000,0,0,0,0,0,0,0,0,0,0
450324,0,1,2000,7,7,7,7,7,7,7,7,7,7
450324,1,1,2000,0,0,0,0,0,0,0,0,0,0
450324,2,1,2000,0,0,0,0,0,0,0,0,0,0
450325,0,1,2000,16,16,16,16,16,16,16,16,16,16
450325,1,1,2000,0,0,0,0,0,0,0,0,13,0
450326,1,1,2000,0,0,0,0,0,0,0,0,0,0
450326,2,1,2000,0,0,0,0,0,0,0,0,0,0
450326,3,1,2000,0,0,0,0,0,0,0,0,0,0
450327,1,1,2000,14,14,14,14,14,14,14,14,14,14
450328,1,1,2000,0,0,0,0,0,0,0,0,0,0
450328,2,1,2000,0,0,0,0,0,0,0,0,0,0
450329,1,1,2000,3,14,18,12,4,6,24,15,0,8
450330,1,1,2000,0,0,0,0,0,0,0,0,0,0
450330,2,1,2000,24,24,24,24,24,24,24,24,24,24
450330,3,1,2000,0,0,13,8,0,19,15,0,0,14
450331,1,1,2000,0,0,0,0,0,0,0,0,0,0
450331,2,1,2000,0,0,0,0,0,0,0,0,0,0
450332,1,1,2000,23,26,10,19,16,22,20,27,10,20
450333,1,1,2000,11,0,0,0,0,18,14,12,0,0
450334,1,1,2000,35,15,23,17,25,30,4,21,15,15
450335,1,1,2000,25,25,25,25,25,25,25,25,25,25
450336,1,1,2000,0,0,0,0,0,0,0,0,0,0
450336,2,1,2000,0,0,0,0,12,0,30,0,0,0
450337,1,1,2000,17,17,17,17,17,17,17,17,17,17
450338,1,1,2000,15,15,15,15,15,15,15,15,15,15
450339,1,1,2000,0,14,0,0,0,0,0,0,17,0
450340,1,1,2000,0,0,0,0,0,0,0,0,0,0
450341,1,1,2000,0,0,0,0,0,0,0,0,0,0
450342,1,1,2000,0,0,0,0,0,0,0,0,0,0
450342,2,1,2000,0,0,0,0,0,0,0,0,0,0
450343,1,1,2000,0,0,0,0,0,0,0,0,0,0
450343,2,1,2000,0,0,0,0,0,0,0,0,0,0
450344,1,1,2000,11,11,11,11,11,11,11,11,11,11
450345,1,1,2000,0,0,0,0,0,0,14,0,0,0
450345,2,1,2000,0,0,0,0,0,0,0,0,0,0
450346,0,1,2000,5,5,5,5,5,5,5,5,5,5
450346,1,1,2000,0,0,0,0,0,0,0,0,0,0
450347,1,1,2000,0,0,0,0,0,0,0,0,0,0
450347,2,1,2000,0,0,0,0,0,0,0,0,0,0
450347,3,1,2000,0,0,0,0,0,0,0,0,0,0
450347,4,1,2000,0,0,0,0,0,0,0,0,0,0
450348,1,1,2000,0,0,0,0,0,0,0,0,0,0
450348,2,1,2000,0,0,8,0,0,0,0,0,0,0
450349,1,1,2000,24,24,24,24,24,24,24,24,24,24
450350,1,1,2000,0,0,0,0,0,0,0,0,0,0
450351,1,1,2000,0,0,0,0,0,0,0,0,0,0
450351,2,1,2000,0,0,0,0,0,0,0,0,0,0
450352,0,1,2000,0,0,0,0,0,0,0,0,0,0
450352,1,1,2000,0,0,0,17,0,0,0,0,0,0
450352,2,1,2000,0,0,0,0,0,0,0,0,0,0
450353,1,1,2000,0,0,0,17,0,0,0,0,0,0
450354,1,1,2000,18,28,21,15,22,42,22,19,11,10
450355,1,1,2000,22,22,22,22,22,22,22,22,22,22
450356,0,1,2000,0,0,0,0,21,0,0,0,0,12
450356,1,1,2000,17,17,17,17,17,17,17,17,17,17
450357,1,1,2000,7,7,7,7,7,7,7,7,7,7
450357,2,1,2000,0,0,0,0,0,0,0,0,0,0
450358,1,1,2000,0,0,0,0,0,0,0,0,0,0
450358,2,1,2000,0,0,0,0,0,0,0,0,0,0
450359,1,1,2000,0,19,0,25,16,0,0,16,0,0
450360,1,1,2000,0,0,0,0,15,0,0,0,0,0
450361,1,1,2000,0,0,0,0,0,0,5,0,0,0
450361,2,1,2000,0,0,0,0,0,0,0,0,28,0
450362,1,1,2000,0,0,0,0,0,0,0,0,0,0
450362,2,1,2000,19,19,19,19,19,19,19,19,19,19
450363,1,1,2000,0,3,5,0,14,0,13,0,0,0
450364,1,1,2000,10,0,0,0,10,0,0,0,0,0
450365,1,1,2000,0,23,0,0,0,0,0,0,18,0
450366,1,1,2000,15,12,0,0,18,11,7,20,15,27
450366,2,1,2000,0,0,0,0,0,0,0,0,0,0
450366,3,1,2000,0,0,0,0,0,0,0,0,0,0
450367,1,1,2000,20,20,20,20,20,20,20,20,20,20
450368,1,1,2000,0,0,0,0,0,0,0,0,0,0
450369,1,1,2000,0,0,0,0,0,0,0,0,0,0
450370,1,1,2000,25,24,33,15,29,22,7,21,29,19
450371,1,1,2000,0,0,0,0,0,0,0,0,0,0
450371,2,1,2000,0,8,0,0,0,0,0,0,8,0
450372,1,1,2000,32,32,32,32,32,32,32,32,32,32
450373,0,1,2000,20,20,20,20,20,20,20,20,20,20
450373,1,1,2000,0,0,0,0,0,15,12,0,0,13
450374,1,1,2000,0,0,0,0,0,0,0,0,0,0
450374,2,1,2000,0,0,0,0,0,0,0,0,0,0
450375,1,1,2000,0,0,0,0,0,0,0,0,8,0
450375,2,1,2000,25,25,25,25,25,25,25,25,25,25
450376,1,1,2000,0,0,0,0,0,0,0,0,0,0
450376,2,1,2000,20,20,20,20,20,20,20,20,20,20
450377,1,1,2000,32,7,21,18,21,22,15,17,35,24
450378,1,1,2000,10,15,7,7,40,8,15,4,7,21
450379,1,1,2000,0,0,0,0,0,0,0,0,0,0
450379,2,1,2000,0,0,0,0,0,0,0,0,0,0
450380,1,1,2000,0,0,28,20,0,19,0,22,21,29
450381,1,1,2000,0,0,0,0,0,0,0,0,0,0
450382,1,1,2000,0,0,0,0,0,0,0,0,0,0
450384,1,1,2000,10,0,22,0,20,0,0,14,0,14
450385,1,1,2000,28,28,28,28,28,28,28,28,28,28
450386,1,1,2000,20,25,17,8,9,12,15,4,8,18
450387,1,1,2000,0,8,0,0,0,0,20,0,0,0
450388,1,1,2000,0,0,0,0,0,0,0,0,0,0
450388,2,1,2000,0,0,0,0,0,0,0,0,0,0
450389,1,1,2000,29,0,0,16,0,0,0,8,0,0
450390,1,1,2000,0,0,0,0,0,0,0,0,21,0
450391,1,1,2000,0,0,0,0,0,0,0,0,0,0
450391,2,1,2000,12,8,9,26,20,19,25,7,15,32
450392,1,1,2000,0,0,0,4,0,0,0,0,9,0
450392,2,1,2000,0,0,0,0,0,0,0,0,0,0
450393,1,1,2000,20,20,20,20,20,20,20,20,20,20
450394,1,1,2000,6,31,9,24,15,10,5,13,0,0
450395,1,1,2000,0,0,0,0,0,0,0,0,0,0
450396,1,1,2000,0,0,0,0,0,0,0,0,0,0
450396,2,1,2000,0,7,0,0,0,0,0,8,14,19
450396,3,1,2000,0,0,0,0,0,0,0,0,0,0
450397,1,1,2000,0,0,0,0,0,0,0,0,0,0
450398,1,1,2000,0,0,0,0,0,0,0,0,0,13
450398,2,1,2000,0,11,8,5,21,0,0,11,9,0
450399,1,1,2000,0,0,0,0,0,0,0,0,0,12
450399,2,1,2000,0,0,0,0,0,0,0,0,0,0
450400,1,1,2000,0,0,17,0,0,0,7,0,0,0
450400,2,1,2000,0,0,0,11,0,0,0,0,0,0
450401,1,1,2000,8,8,8,8,8,8,8,8,8,8
450401,2,1,2000,0,0,0,0,0,0,0,0,0,0
450402,1,1,2000,23,11,12,11,23,17,38,16,13,9
450403,1,1,2000,0,0,0,0,0,0,0,0,0,0
450403,2,1,2000,0,0,0,0,0,0,0,0,0,0
450404,1,1,2000,38,38,38,38,38,38,38,38,38,38
450405,1,1,2000,24,17,39,4,19,14,30,31,11,13
450406,1,1,2000,0,0,0,0,0,0,0,0,0,0
450406,2,1,2000,0,0,0,0,0,0,10,0,0,0
450407,1,1,2000,14,14,14,14,14,14,14,14,14,14
450408,0,1,2000,0,0,0,0,0,0,0,0,0,0
450408,1,1,2000,0,0,0,0,0,0,0,0,0,0
450409,1,1,2000,0,0,0,7,0,0,0,0,0,0
450409,2,1,2000,0,0,0,0,0,0,24,0,0,0
450410,1,1,2000,0,0,0,0,16,0,0,0,0,0
450411,1,1,2000,15,15,15,15,15,15,15,15,15,15
450412,1,1,2000,13,18,14,0,0,10,17,0,10,0
450413,1,1,2000,0,0,4,9,7,11,10,0,11,19
450414,1,1,2000,0,0,0,0,0,0,0,0,0,0
450415,1,1,2000,0,0,0,0,0,0,0,0,0,0
450415,2,1,2000,16,25,13,27,18,16,11,12,19,17
450415,3,1,2000,0,0,0,0,0,0,0,0,0,0
450416,1,1,2000,10,22,6,18,29,29,9,20,17,15
450417,1,1,2000,17,17,17,17,17,17,17,17,17,17
450418,1,1,2000,0,0,0,0,0,0,0,0,22,0
450419,1,1,2000,0,0,0,0,0,0,0,0,0,0
450419,2,1,2000,17,17,17,17,17,17,17,17,17,17
450420,1,1,2000,0,0,0,0,0,0,0,0,0,0
450420,2,1,2000,0,0,0,5,0,0,0,0,0,0
450420,3,1,2000,0,0,0,0,0,0,0,0,0,0
450421,1,1,2000,6,0,0,0,0,31,0,0,0,0
450422,0,1,2000,0,29,6,21,0,0,19,26,0,0
450422,1,1,2000,0,0,17,0,18,10,0,0,0,15
450423,1,1,2000,0,0,0,0,19,0,0,0,0,0
450423,2,1,2000,0,0,0,0,0,0,0,0,0,0
450424,1,1,2000,0,0,0,0,0,0,0,0,0,0
450424,2,1,2000,0,0,0,0,0,0,0,0,0,0
450425,1,1,2000,0,0,15,0,0,0,0,0,0,0
450426,1,1,2000,0,0,0,0,0,0,0,0,0,0
450426,2,1,2000,0,0,0,0,0,0,0,0,0,0
450426,3,1,2000,0,0,0,0,9,0,0,0,0,0
450426,4,1,2000,0,0,0,0,0,0,0,0,0,0
450426,5,1,2000,0,0,0,0,0,0,0,0,0,0
450427,1,1,2000,16,16,16,16,16,16,16,16,16,16
450428,1,1,2000,0,0,0,0,0,0,0,0,0,0
450428,2,1,2000,0,0,0,0,0,0,0,0,0,0
450429,0,1,2000,0,0,0,0,0,0,0,0,0,0
450429,1,1,2000,0,0,0,0,0,0,0,0,0,0
450430,1,1,2000,0,9,8,0,0,0,0,0,0,0
450431,1,1,2000,8,8,8,8,8,8,8,8,8,8
450432,1,1,2000,0,0,0,0,0,0,0,0,4,0
450432,2,1,2000,0,0,0,0,0,0,0,0,0,0
450433,1,1,2000,0,0,0,0,0,0,0,0,0,0
450433,2,1,2000,0,0,0,0,0,0,21,0,0,0
450434,1,1,2000,14,13,33,19,31,10,19,27,1,9
450434,2,1,2000,0,0,0,0,0,0,0,0,0,0
450435,1,1,2000,0,0,0,0,0,0,0,9,0,0
450435,2,1,2000,0,0,0,0,0,0,0,0,0,0
450436,1,1,2000,0,0,0,0,0,0,0,0,0,0
450437,1,1,2000,0,0,0,0,0,0,0,0,0,0
450437,2,1,2000,0,0,0,0,0,0,0,0,0,0
450438,1,1,2000,0,0,0,0,0,0,0,0,0,0
450439,1,1,2000,0,19,0,4,17,0,0,0,0,0
450440,1,1,2000,7,7,7,7,7,7,7,7,7,7
450441,1,1,2000,0,0,0,0,0,0,0,0,0,0
450442,1,1,2000,19,26,12,17,40,16,29,0,18,17
450443,0,1,2000,38,38,38,38,38,38,38,38,38,38
450443,1,1,2000,0,0,0,22,0,0,0,0,0,0
450444,1,1,2000,0,0,0,0,0,0,0,0,0,0
450445,0,1,2000,0,0,0,0,0,0,0,0,0,0
450445,2,1,2000,0,0,0,0,0,0,0,0,0,0
450446,1,1,2000,0,0,0,7,0,0,0,0,0,0
450446,2,1,2000,0,0,0,0,0,0,0,0,0,0
450446,3,1,2000,0,0,0,0,0,0,0,0,0,0
450447,1,1,2000,0,0,0,0,0,0,0,0,0,0
450447,2,1,2000,0,0,0,0,0,0,0,0,0,0
450448,1,1,2000,21,23,16,30,15,15,23,12,31,27
450449,1,1,2000,27,24,15,20,42,18,7,8,14,14
450450,1,1,2000,0,0,15,0,0,0,0,0,0,0
450451,1,1,2000,0,0,0,20,7,0,0,0,0,0
450451,2,1,2000,0,0,0,0,0,0,0,0,10,0
450452,1,1,2000,0,0,0,0,0,0,0,0,0,0
450453,1,1,2000,0,0,0,0,0,19,0,0,0,0
450453,2,1,2000,0,0,0,0,0,0,0,0,0,0
450454,1,1,2000,14,0,9,11,16,15,6,11,8,17
450454,2,1,2000,12,7,27,10,14,10,6,12,18,12
450455,1,1,2000,0,0,0,0,0,0,0,0,0,0
450455,2,1,2000,0,0,0,0,0,0,0,0,0,0
450456,1,1,2000,0,0,0,0,6,0,0,0,0,0
450457,1,1,2000,0,0,0,0,0,0,0,0,0,0
450457,2,1,2000,0,0,0,0,7,0,0,0,0,0
450458,1,1,2000,0,0,0,0,0,0,0,0,0,0
450458,2,1,2000,0,0,0,0,0,0,0,0,0,0
450459,1,1,2000,23,23,23,23,23,23,23,23,23,23
450459,2,1,2000,12,12,12,12,12,12,12,12,12,12
450460,1,1,2000,19,28,17,2,7,15,19,8,20,16
450461,1,1,2000,0,0,0,0,0,0,0,0,0,0
450462,1,1,2000,0,0,0,0,0,0,0,0,0,0
450462,2,1,2000,0,0,0,0,0,0,8,0,0,0
450463,1,1,2000,0,0,0,0,0,0,0,0,0,0
450463,2,1,2000,0,0,0,0,0,11,0,0,0,0
450464,1,1,2000,0,12,7,11,10,0,0,0,17,0
450466,1,1,2000,0,0,0,0,0,19,0,0,0,0
450466,2,1,2000,0,0,0,0,0,0,0,0,0,0
450467,1,1,2000,0,0,0,0,0,0,0,0,0,0
450467,2,1,2000,0,0,0,0,0,0,0,0,0,0
450468,1,1,2000,0,0,0,0,0,0,0,5,0,0
450468,2,1,2000,0,0,0,0,0,0,0,0,0,0
450468,3,1,2000,0,0,0,0,0,0,0,0,0,0
450469,1,1,2000,0,0,0,0,0,0,0,0,0,0
450470,1,1,2000,26,7,26,0,0,0,0,15,21,0
450471,1,1,2000,0,0,0,0,0,0,0,0,0,0
450472,1,1,2000,30,30,30,30,30,30,30,30,30,30
450472,2,1,2000,0,0,0,0,0,0,0,0,0,0
450473,1,1,2000,0,0,0,0,0,0,0,0,0,0
450473,2,1,2000,0,0,0,0,0,0,8,0,0,0
450474,1,1,2000,16,15,7,12,0,10,0,0,25,22
450475,1,1,2000,0,0,0,0,0,0,0,0,0,0
450475,2,1,2000,0,15,0,0,0,0,0,0,0,15
450476,1,1,2000,0,0,0,2,0,0,0,0,0,0
450476,2,1,2000,0,0,0,0,0,0,0,0,0,0
450477,0,1,2000,45,26,32,41,34,33,2,35,31,14
450477,1,1,2000,0,0,0,0,0,11,0,23,0,0
450478,1,1,2000,0,0,31,0,0,14,10,23,0,0
450479,1,1,2000,12,12,12,12,12,12,12,12,12,12
450480,1,1,2000,0,0,0,0,0,0,0,14,0,0
450480,2,1,2000,0,0,0,0,0,0,0,0,0,0
450480,3,1,2000,0,15,0,0,0,0,8,15,0,17
450481,1,1,2000,30,40,10,6,15,18,23,0,0,0
450482,1,1,2000,26,26,26,26,26,26,26,26,26,26
450483,1,1,2000,14,0,34,6,3,15,10,27,8,0
450484,1,1,2000,0,0,0,0,0,0,0,0,0,0
450485,1,1,2000,22,19,4,14,17,0,22,6,12,18
450486,1,1,2000,0,0,0,0,20,0,0,0,0,0
450487,1,1,2000,0,0,0,0,6,29,0,11,9,0
450487,2,1,2000,0,0,0,0,0,0,0,0,0,0
450488,1,1,2000,0,0,0,0,0,0,0,0,0,0
450488,2,1,2000,0,0,0,0,0,0,0,0,0,0
450489,1,1,2000,0,0,0,0,0,0,0,0,0,0
450489,2,1,2000,0,6,0,0,0,14,0,0,34,0
450490,1,1,2000,0,13,12,11,0,7,0,21,0,16
450491,1,1,2000,0,0,0,0,0,0,0,0,0,0
450491,2,1,2000,0,0,0,0,0,0,0,0,0,0
450492,1,1,2000,0,0,0,5,0,0,0,0,0,0
450492,2,1,2000,13,6,8,0,13,7,7,22,14,19
450493,1,1,2000,16,16,16,16,16,16,16,16,16,16
450494,1,1,2000,0,31,0,0,0,11,0,0,0,0
450495,1,1,2000,27,0,0,0,0,0,0,0,0,0
450495,2,1,2000,0,0,0,0,0,0,0,0,0,0
450496,1,1,2000,0,0,21,0,0,0,18,0,9,0