ST_CASE,VEH_NO,PER_NO,YEAR,P1,P2,P3,P4,P5,P6,P7,P8,P9,P10
460108,1,1,2000,0,0,0,0,6,0,0,0,0,0
460109,1,1,2000,30,30,30,30,30,30,30,30,30,30
460110,1,1,2000,0,0,0,0,0,0,0,0,0,0
460111,0,1,2000,0,0,0,0,0,0,0,0,0,0
460111,1,1,2000,0,0,0,0,0,0,0,0,0,0
460112,1,1,2000,18,18,18,18,18,18,18,18,18,18
460113,1,1,2000,0,0,0,0,0,0,0,0,0,0
460114,1,1,2000,8,8,8,8,8,8,8,8,8,8
460114,2,1,2000,0,0,0,0,0,0,0,0,0,0
460115,1,1,2000,0,0,0,0,0,0,0,0,0,0
460115,2,1,2000,0,0,0,0,0,0,0,0,0,0
460116,1,1,2000,19,19,19,19,19,19,19,19,19,19
460116,2,1,2000,0,0,0,0,0,0,0,0,0,0
460117,1,1,2000,0,0,0,0,20,0,0,0,0,0
460118,1,1,2000,16,16,16,16,16,16,16,16,16,16
460118,2,1,2000,0,0,0,0,0,0,0,0,0,0
460118,3,1,2000,0,0,0,0,0,0,0,0,0,0
460118,4,1,2000,0,11,0,0,0,0,0,0,0,0
460118,5,1,2000,4,0,0,0,0,0,26,0,7,0
460118,6,1,2000,0,6,0,0,10,16,0,17,29,0
460119,1,1,2000,0,0,0,0,0,0,0,0,0,0
460120,1,1,2000,0,0,0,0,0,0,0,0,0,0
460120,2,1,2000,27,27,27,27,27,27,27,27,27,27
460121,1,1,2000,17,19,20,25,15,27,11,18,37,14
460122,1,1,2000,10,24,31,30,14,23,3,9,15,14
460123,0,1,2000,0,0,11,0,0,0,0,42,0,0
460123,1,1,2000,0,0,4,14,8,0,0,0,0,0
460124,1,1,2000,0,0,0,0,0,0,0,0,0,0
460124,2,1,2000,0,0,0,0,0,0,0,0,0,0
460125,1,1,2000,0,0,15,19,0,0,0,0,0,0
460125,2,1,2000,0,29,12,0,25,21,0,12,0,0
460126,0,1,2000,0,0,0,0,0,0,0,0,0,0
460126,1,1,2000,0,0,0,0,0,0,0,0,0,0
460127,1,1,2000,0,0,0,0,0,0,0,0,0,0
460128,1,1,2000,0,0,6,16,0,19,0,0,0,6
460129,1,1,2000,5,5,5,5,5,5,5,5,5,5
460130,1,1,2000,0,0,0,0,0,0,0,0,0,0
460131,1,1,2000,0,0,0,0,0,0,0,0,0,0
460132,1,1,2000,0,0,0,0,0,0,0,0,0,0
460133,1,1,2000,0,0,0,0,0,0,33,19,0,0
460133,2,1,2000,0,0,0,0,0,0,0,0,0,0
460134,1,1,2000,0,0,0,0,0,0,0,0,0,0
460134,2,1,2000,0,0,0,0,0,0,0,0,0,0
460135,1,1,2000,0,0,0,0,0,0,0,0,0,0
460135,2,1,2000,26,26,26,26,26,26,26,26,26,26
460136,1,1,2000,0,0,0,0,0,0,0,0,0,0
460136,2,1,2000,0,0,0,0,0,0,0,0,0,0
460137,1,1,2000,0,0,0,0,0,0,0,0,0,0
460137,2,1,2000,0,0,0,0,0,0,0,0,0,0
460138,1,1,2000,0,0,0,0,0,0,0,0,0,0
460139,0,1,2000,0,0,0,0,0,0,0,0,0,0
460140,1,1,2000,8,8,8,8,8,8,8,8,8,8
460141,1,1,2000,23,23,23,23,23,23,23,23,23,23
460142,1,1,2000,0,0,0,0,0,0,0,0,0,0
460142,2,1,2000,0,0,0,0,0,0,0,0,0,0
460143,1,1,2000,0,0,0,0,0,0,0,0,0,0
460143,2,1,2000,0,0,0,0,0,0,0,0,0,0
460144,1,1,2000,10,18,13,17,36,20,0,18,19,11
460145,1,1,2000,0,0,0,0,0,0,0,0,0,0
460145,2,1,2000,0,0,0,0,0,0,0,0,0,0
460146,1,1,2000,37,18,13,26,24,34,13,36,17,14
460147,1,1,2000,0,0,0,0,0,0,0,0,0,0
460147,2,1,2000,0,0,0,0,0,0,0,0,0,0
460147,3,1,2000,0,0,0,0,0,0,0,0,0,0
460148,1,1,2000,0,25,10,11,14,9,20,2,0,36
460149,0,1,2000,36,36,36,36,36,36,36,36,36,36
460149,1,1,2000,0,0,0,0,0,0,0,0,0,0
460150,1,1,2000,35,35,35,35,35,35,35,35,35,35
470001,1,1,2000,0,0,0,0,0,0,0,0,0,0
470002,1,1,2000,0,0,0,0,0,0,0,0,0,0
470003,0,1,2000,0,0,0,0,0,0,0,0,0,0
470003,1,1,2000,0,0,0,0,0,0,0,0,0,0
470004,1,1,2000,17,17,17,17,17,17,17,17,17,17
470005,1,1,2000,19,19,19,19,19,19,19,19,19,19
470006,1,1,2000,0,0,0,0,0,0,0,0,0,0
470006,2,1,2000,0,0,0,0,0,0,0,0,0,0
470007,1,1,2000,0,0,0,0,0,0,0,0,0,0
470007,2,1,2000,13,13,13,13,13,13,13,13,13,13
470008,1,1,2000,0,0,0,0,0,0,0,0,0,0
470008,2,1,2000,0,0,0,0,0,0,0,0,0,0
470009,1,1,2000,7,7,7,7,7,7,7,7,7,7
470010,0,1,2000,27,27,27,27,27,27,27,27,27,27
470010,1,1,2000,26,18,12,3,6,13,19,16,10,15
470011,1,1,2000,1,1,1,1,1,1,1,1,1,1
470012,1,1,2000,24,24,24,24,24,24,24,24,24,24
470013,0,1,2000,13,28,0,13,0,0,11,0,0,0
470013,0,2,2000,0,0,0,0,0,0,0,0,0,0
470013,1,1,2000,0,0,0,0,0,0,0,0,0,0
470014,1,1,2000,0,0,0,0,0,0,0,0,0,0
470015,1,1,2000,0,0,0,0,0,0,0,0,0,0
470015,2,1,2000,0,0,0,0,0,0,0,0,0,0
470016,1,1,2000,0,0,0,0,0,0,0,0,0,0
470017,1,1,2000,7,7,7,7,7,7,7,7,7,7
470018,1,1,2000,0,0,0,0,0,0,0,0,0,0
470018,2,1,2000,0,0,0,0,0,0,0,0,0,0
470019,1,1,2000,16,16,16,16,16,16,16,16,16,16
470020,1,1,2000,18,18,18,18,18,18,18,18,18,18
470021,1,1,2000,15,15,15,15,15,15,15,15,15,15
470022,1,1,2000,10,10,10,10,10,10,10,10,10,10
470023,1,1,2000,16,16,16,16,16,16,16,16,16,16
470023,2,1,2000,0,0,0,0,0,0,0,0,0,0
470024,1,1,2000,0,0,0,0,0,5,0,0,0,0
470025,1,1,2000,0,0,0,0,0,0,0,0,0,0
470025,2,1,2000,0,0,0,0,0,0,0,0,0,0
470026,1,1,2000,0,0,0,0,0,0,0,0,0,0
470026,2,1,2000,0,0,0,0,0,0,0,0,0,0
470027,1,1,2000,0,0,0,0,0,0,0,0,0,0
470027,2,1,2000,0,0,0,0,0,0,0,0,0,0
470028,1,1,2000,29,29,29,29,29,29,29,29,29,29
470029,1,1,2000,0,0,0,0,0,0,0,0,0,0
470030,1,1,2000,0,19,0,3,0,0,0,35,0,0
470031,0,1,2000,15,0,0,0,0,20,16,0,15,12
470031,2,1,2000,0,0,0,0,0,0,0,0,13,0
470032,1,1,2000,15,0,6,21,0,6,26,0,19,17
470032,2,1,2000,11,11,11,11,11,11,11,11,11,11
470033,1,1,2000,16,16,16,16,16,16,16,16,16,16
470034,1,1,2000,0,0,0,0,0,0,0,0,0,0
470034,2,1,2000,0,0,0,0,0,0,0,0,0,0
470035,1,1,2000,0,0,0,0,0,0,0,0,0,0
470035,2,1,2000,0,0,0,0,0,0,0,0,0,0
470036,1,1,2000,16,16,16,16,16,16,16,16,16,16
470037,1,1,2000,0,0,0,0,0,0,0,0,0,7
470037,2,1,2000,0,0,0,0,0,0,0,0,0,0
470038,1,1,2000,16,16,16,16,16,16,16,16,16,16
470040,1,1,2000,12,12,12,12,12,12,12,12,12,12
470040,2,1,2000,0,0,9,0,6,12,0,0,0,17
470041,1,1,2000,25,25,25,25,25,25,25,25,25,25
470042,1,1,2000,0,0,0,3,0,0,0,0,0,0
470042,2,1,2000,0,0,0,0,9,0,0,0,0,0
470042,3,1,2000,0,0,0,0,4,0,0,0,0,0
470042,4,1,2000,0,0,0,0,0,0,0,0,11,0
470044,1,1,2000,0,0,0,0,0,0,0,0,0,0
470044,2,1,2000,0,0,0,0,0,0,0,0,0,0
470045,1,1,2000,0,0,0,0,0,0,0,0,0,0
470045,2,1,2000,0,0,0,0,0,0,0,0,0,0
470046,1,1,2000,10,10,10,10,10,10,10,10,10,10
470047,1,1,2000,0,0,0,0,0,0,0,0,0,0
470047,2,1,2000,0,0,0,0,0,0,0,0,0,0
470048,1,1,2000,0,0,0,0,0,0,0,0,0,0
470048,2,1,2000,0,0,0,0,0,0,0,0,0,0
470048,3,1,2000,0,0,0,0,0,0,0,0,0,0
470048,4,1,2000,0,0,0,0,0,0,0,0,0,0
470049,1,1,2000,0,6,0,0,0,0,0,0,0,0
470050,1,1,2000,30,30,30,30,30,30,30,30,30,30
470050,2,1,2000,0,0,0,0,0,0,0,0,0,0
470051,1,1,2000,0,0,0,0,0,0,0,0,0,0
470052,0,1,2000,0,0,0,21,0,0,0,0,0,0
470052,1,1,2000,0,0,0,0,0,0,0,0,0,0
470053,1,1,2000,0,0,0,19,0,0,0,0,0,0
470053,2,1,2000,0,0,0,0,0,0,0,0,0,0
470054,1,1,2000,0,0,0,0,0,0,0,0,0,0
470054,2,1,2000,0,0,0,0,0,0,0,0,0,0
470055,1,1,2000,0,0,0,0,0,9,0,0,0,0
470055,2,1,2000,8,8,8,8,8,8,8,8,8,8
470056,1,1,2000,0,0,0,0,0,0,0,0,0,0
470056,2,1,2000,0,0,0,0,0,0,0,0,0,0
470057,1,1,2000,0,0,0,0,0,0,0,0,0,0
470058,1,1,2000,19,19,19,19,19,19,19,19,19,19
470059,2,1,2000,0,0,0,0,0,0,0,0,0,0
470060,1,1,2000,28,28,28,28,28,28,28,28,28,28
470060,2,1,2000,0,0,0,0,0,0,0,0,0,0
470061,1,1,2000,0,0,0,0,0,0,0,0,0,0
470061,2,1,2000,0,0,0,0,0,0,0,0,0,0
470062,1,1,2000,0,0,0,0,0,0,0,0,0,0
470062,2,1,2000,0,0,0,0,0,12,0,0,0,0
470063,1,1,2000,28,28,28,28,28,28,28,28,28,28
470064,1,1,2000,0,0,0,0,0,0,0,0,0,0
470064,2,1,2000,0,0,0,0,0,0,0,0,0,0
470065,1,1,2000,0,0,0,0,0,0,0,0,0,0
470066,1,1,2000,16,16,16,16,16,16,16,16,16,16
470067,1,1,2000,26,26,26,26,26,26,26,26,26,26
470067,2,1,2000,0,0,0,0,0,0,0,0,0,0
470068,1,1,2000,6,6,6,6,6,6,6,6,6,6
470069,1,1,2000,33,33,33,33,33,33,33,33,33,33
470070,1,1,2000,0,0,0,0,0,0,0,0,0,0
470070,2,1,2000,0,0,0,0,0,0,0,0,0,0
470071,1,1,2000,0,0,0,0,0,0,0,0,0,0
470071,2,1,2000,0,0,0,0,0,0,0,19,0,0
470072,1,1,2000,0,0,0,0,0,0,0,0,0,0
470072,2,1,2000,0,0,0,0,0,0,0,0,0,0
470073,1,1,2000,0,0,0,0,0,0,0,0,0,0
470073,2,1,2000,0,0,0,0,0,0,0,0,0,0
470074,1,1,2000,0,0,15,12,0,0,0,16,0,0
470075,1,1,2000,0,0,0,0,0,0,0,0,0,0
470076,1,1,2000,17,17,17,17,17,17,17,17,17,17
470076,2,1,2000,0,0,0,0,0,0,0,0,0,0
470077,1,1,2000,0,0,0,0,8,18,23,17,12,3
470077,2,1,2000,0,0,0,0,0,0,0,0,0,0
470078,1,1,2000,8,8,8,8,8,8,8,8,8,8
470078,2,1,2000,25,25,25,25,25,25,25,25,25,25
470079,1,1,2000,19,19,19,19,19,19,19,19,19,19
470080,1,1,2000,16,16,16,16,16,16,16,16,16,16
470080,2,1,2000,0,0,0,0,0,0,0,0,0,0
470081,1,1,2000,15,31,21,30,0,12,13,21,16,23
470082,1,1,2000,24,24,24,24,24,24,24,24,24,24
470083,1,1,2000,9,9,9,9,9,9,9,9,9,9
470084,1,1,2000,11,11,11,11,11,11,11,11,11,11
470085,1,1,2000,17,17,17,17,17,17,17,17,17,17
470086,1,1,2000,0,0,0,0,0,0,0,0,0,0
470087,0,1,2000,0,26,0,0,0,0,0,0,0,0
470087,1,1,2000,0,0,0,0,0,0,0,0,0,0
470088,1,1,2000,0,0,13,0,0,1,0,0,0,0
470089,1,1,2000,17,17,17,17,17,17,17,17,17,17
470089,2,1,2000,0,0,0,0,0,0,0,0,0,0
470089,3,1,2000,0,0,0,0,0,0,0,0,0,0
470090,0,1,2000,3,3,3,3,3,3,3,3,3,3
470090,1,1,2000,0,7,0,6,5,0,0,0,7,19
470091,1,1,2000,0,0,0,0,0,0,0,0,0,0
470092,1,1,2000,0,0,0,0,0,0,0,0,0,0
470093,0,1,2000,0,0,0,0,0,0,0,0,0,0
470093,1,1,2000,0,0,0,0,0,0,0,0,0,0
470094,1,1,2000,13,0,0,0,11,2,3,29,19,15
470094,2,1,2000,0,0,0,0,0,0,0,0,0,0
470095,1,1,2000,0,0,0,0,0,0,0,0,0,0
470095,2,1,2000,0,0,0,0,0,0,0,0,0,0
470095,3,1,2000,0,0,0,0,0,0,0,0,0,0
470096,1,1,2000,0,0,0,0,0,0,0,0,0,0
470096,2,1,2000,0,0,0,0,0,0,0,0,0,0
470096,3,1,2000,0,0,0,0,0,0,0,0,0,0
470097,1,1,2000,0,0,0,0,0,0,0,0,0,0
470098,1,1,2000,0,0,0,0,0,0,0,0,0,0
470098,2,1,2000,0,0,0,0,0,0,0,0,0,0
470099,1,1,2000,0,0,0,0,0,0,0,0,0,0
470099,2,1,2000,0,0,0,0,0,0,0,0,0,0
470101,1,1,2000,8,8,8,8,8,8,8,8,8,8
470102,1,1,2000,27,27,27,27,27,27,27,27,27,27
470103,0,1,2000,7,7,7,7,7,7,7,7,7,7
470103,1,1,2000,0,0,0,0,0,0,0,0,0,0
470104,1,1,2000,21,12,21,28,14,25,19,16,16,16
470105,1,1,2000,10,0,0,0,0,30,0,4,7,0
470106,0,1,2000,0,0,0,0,0,0,0,0,0,0
470106,1,1,2000,0,0,0,0,0,16,0,0,0,10
470107,1,1,2000,6,6,6,6,6,6,6,6,6,6
470107,2,1,2000,0,0,0,0,0,0,0,0,0,0
470108,1,1,2000,7,0,13,16,16,8,15,12,3,21
470109,1,1,2000,0,0,0,0,0,0,0,0,0,0
470110,1,1,2000,0,0,0,0,0,0,0,0,0,0
470110,2,1,2000,0,0,0,0,0,0,0,0,0,0
470110,3,1,2000,0,0,0,0,0,0,0,0,0,0
470111,0,1,2000,0,0,0,0,0,0,0,0,0,0
470111,1,1,2000,16,5,37,18,23,28,0,0,12,0
470112,1,1,2000,0,0,5,0,0,0,0,0,0,0
470113,1,1,2000,0,0,0,0,0,0,0,0,0,0
470113,2,1,2000,0,0,0,0,0,0,0,0,0,0
470113,3,1,2000,0,0,0,0,0,0,0,0,0,0
470113,4,1,2000,0,0,0,0,0,0,0,0,0,0
470113,5,1,2000,0,0,0,0,0,0,0,0,0,0
470114,1,1,2000,0,0,0,0,0,0,0,0,0,0
470116,0,1,2000,20,20,20,20,20,20,20,20,20,20
470116,1,1,2000,0,0,0,0,0,0,0,0,3,0
470117,1,1,2000,0,0,0,0,0,0,0,12,0,0
470117,2,1,2000,0,0,0,0,0,0,11,0,0,0
470117,3,1,2000,0,0,0,0,0,0,0,0,0,0
470118,1,1,2000,20,36,27,14,25,26,10,12,23,13
470119,1,1,2000,21,21,21,21,21,21,21,21,21,21
470119,2,1,2000,0,0,0,0,0,0,0,0,0,0
470120,1,1,2000,1,1,1,1,1,1,1,1,1,1
470121,1,1,2000,24,24,24,24,24,24,24,24,24,24
470122,1,1,2000,0,0,0,0,0,0,0,0,0,0
470123,1,1,2000,16,16,16,16,16,16,16,16,16,16
470124,1,1,2000,15,15,15,15,15,15,15,15,15,15
470125,1,1,2000,24,24,24,24,24,24,24,24,24,24
470125,2,1,2000,0,0,0,0,0,0,0,0,0,0
470126,1,1,2000,0,0,0,0,0,0,0,8,0,0
470126,2,1,2000,0,0,0,0,0,0,0,0,0,0
470127,1,1,2000,16,16,16,16,16,16,16,16,16,16
470128,0,1,2000,23,22,22,20,24,22,35,15,29,15
470128,1,1,2000,0,0,0,0,0,0,0,0,0,0
470129,1,1,2000,0,0,0,0,0,0,0,0,0,0
470130,1,1,2000,0,0,0,0,0,0,0,0,0,0
470130,2,1,2000,0,0,0,0,0,0,0,0,0,0
470131,1,1,2000,0,0,0,0,0,0,0,0,0,0
470132,1,1,2000,14,14,14,14,14,14,14,14,14,14
470132,2,1,2000,0,0,0,0,0,0,0,0,0,0
470133,1,1,2000,0,0,0,0,0,0,0,0,0,0
470133,2,1,2000,0,0,0,0,0,0,0,0,0,0
470134,1,1,2000,0,0,0,0,0,0,0,0,0,0
470134,2,1,2000,0,0,0,0,0,0,0,0,0,0
470135,1,1,2000,0,0,0,0,0,0,0,0,0,0
470135,2,1,2000,0,0,0,0,0,0,0,0,0,0
470136,1,1,2000,0,0,0,0,0,0,0,0,24,0
470137,1,1,2000,0,0,0,0,0,0,0,0,0,0
470137,2,1,2000,0,0,0,0,0,0,0,0,0,0
470138,1,1,2000,0,0,0,0,0,0,0,0,0,0
470139,1,1,2000,0,0,0,0,14,0,0,0,0,0
470140,1,1,2000,0,0,0,0,0,0,0,0,0,0
470140,2,1,2000,0,0,0,0,0,0,0,0,0,0
470141,1,1,2000,0,18,35,27,23,27,27,11,15,32
470142,1,1,2000,7,7,7,7,7,7,7,7,7,7
470143,1,1,2000,0,0,0,0,0,0,0,0,0,0
470143,2,1,2000,0,0,0,0,0,0,0,0,0,0
470144,1,1,2000,0,0,0,0,0,0,0,0,0,0
470144,2,1,2000,0,0,0,0,0,0,0,0,0,0
470144,3,1,2000,0,0,0,0,0,0,0,0,0,0
470144,4,1,2000,0,0,0,0,0,0,0,0,0,0
470144,5,1,2000,0,0,13,0,0,0,0,0,0,0
470144,6,1,2000,0,0,0,0,0,0,0,0,0,0
470145,1,1,2000,6,6,6,6,6,6,6,6,6,6
470146,1,1,2000,21,21,21,21,21,21,21,21,21,21
470146,2,1,2000,0,0,0,0,0,0,0,0,0,0
470147,1,1,2000,0,0,0,0,0,0,0,0,0,0
470147,2,1,2000,0,0,0,0,0,0,0,0,0,0
470148,1,1,2000,27,27,27,27,27,27,27,27,27,27
470149,1,1,2000,6,6,6,6,6,6,6,6,6,6
470150,1,1,2000,0,0,0,0,0,0,0,0,0,0
470150,2,1,2000,0,0,0,0,0,0,0,0,0,0
470151,1,1,2000,0,0,0,0,0,0,0,0,0,0
470151,2,1,2000,0,0,0,0,0,0,0,0,0,0
470151,3,1,2000,0,0,0,0,0,0,0,0,0,0
470152,1,1,2000,0,0,0,0,0,0,0,0,0,0
470152,2,1,2000,0,0,0,0,0,0,0,0,0,0
470153,1,1,2000,0,0,0,0,0,0,0,0,0,0
470154,1,1,2000,0,0,0,24,8,14,4,8,17,0
470155,1,1,2000,0,0,0,0,0,0,0,0,0,0
470155,2,1,2000,0,0,0,0,0,0,0,0,0,0
470155,3,1,2000,0,0,0,0,0,0,0,0,0,0
470156,1,1,2000,10,10,10,10,10,10,10,10,10,10
470157,1,1,2000,0,0,0,0,0,0,0,0,0,0
470158,1,1,2000,7,7,7,7,7,7,7,7,7,7
470159,1,1,2000,2,2,2,2,2,2,2,2,2,2
470159,2,1,2000,0,0,0,0,0,0,0,0,0,0
470160,0,1,2000,0,24,28,0,0,0,19,12,0,18
470160,1,1,2000,0,0,0,0,0,0,0,0,0,0
470161,1,1,2000,0,0,0,0,0,0,0,0,0,0
470162,1,1,2000,0,0,0,0,0,0,0,0,0,0
470163,1,1,2000,0,0,0,0,0,0,0,0,0,0
470163,2,1,2000,0,0,0,0,0,0,0,0,0,0
470164,1,1,2000,0,0,0,0,0,0,0,0,0,0
470164,2,1,2000,0,0,0,0,0,0,0,0,0,0
470165,1,1,2000,0,0,0,0,0,0,0,0,0,0
470166,1,1,2000,0,0,0,0,0,0,0,0,0,0
470166,2,1,2000,0,0,0,0,0,0,0,0,0,0
470167,1,1,2000,0,0,0,0,0,0,0,0,0,0
470168,1,1,2000,0,0,0,0,0,0,0,0,0,0
470168,2,1,2000,0,0,0,0,0,0,0,0,0,0
470168,3,1,2000,0,0,0,0,0,0,0,0,0,0
470169,1,1,2000,0,0,0,0,0,0,0,0,0,0
470170,1,1,2000,0,0,0,0,0,0,0,0,0,0
470171,1,1,2000,0,0,0,0,0,0,0,0,0,0
470172,1,1,2000,17,17,17,17,17,17,17,17,17,17
470173,1,1,2000,0,0,0,0,0,0,0,0,0,0
470173,2,1,2000,0,0,0,0,0,0,0,0,0,0
470174,1,1,2000,0,0,0,0,0,0,0,0,0,0
470174,2,1,2000,12,0,0,0,0,0,0,0,0,0
470175,1,1,2000,0,0,0,0,0,0,0,0,0,0
470176,1,1,2000,0,0,0,0,0,0,0,0,0,0
470177,1,1,2000,0,0,0,0,0,0,0,0,0,0
470177,2,1,2000,0,0,0,0,0,0,0,0,0,0
470178,1,1,2000,27,27,27,27,27,27,27,27,27,27
470179,1,1,2000,25,25,25,25,25,25,25,25,25,25
470179,2,1,2000,0,0,0,0,0,0,0,0,0,0
470179,3,1,2000,0,0,0,0,0,0,0,0,0,0
470179,4,1,2000,0,0,0,0,0,0,0,0,0,0
470180,1,1,2000,0,0,0,0,0,0,0,0,0,0
470181,1,1,2000,0,0,0,0,0,0,0,0,0,0
470181,2,1,2000,0,0,0,0,0,0,0,0,0,0
470182,1,1,2000,24,24,24,24,24,24,24,24,24,24
470183,1,1,2000,8,8,8,8,8,8,8,8,8,8
470184,1,1,2000,35,35,35,35,35,35,35,35,35,35
470185,1,1,2000,53,53,53,53,53,53,53,53,53,53
470186,1,1,2000,0,0,0,0,0,0,0,12,0,0
470186,2,1,2000,0,0,0,0,0,0,11,18,0,13
470187,1,1,2000,0,0,0,0,0,0,0,0,0,0
470187,2,1,2000,0,0,0,0,0,0,0,0,0,0
470188,1,1,2000,33,33,33,33,33,33,33,33,33,33
470189,1,1,2000,0,0,0,0,0,0,0,0,0,0
470190,1,1,2000,19,31,24,16,24,8,31,16,5,18
470191,1,1,2000,15,22,28,27,17,24,22,0,20,15
470192,1,1,2000,0,0,0,0,0,0,0,0,0,0
470192,2,1,2000,0,0,0,0,0,0,24,0,0,0
470193,1,1,2000,31,31,31,31,31,31,31,31,31,31
470193,2,1,2000,0,0,0,0,0,0,0,0,0,0
470194,1,1,2000,0,0,0,0,0,0,0,0,0,0
470195,1,1,2000,0,0,0,0,0,0,0,0,0,0
470195,2,1,2000,0,0,0,0,0,0,0,0,0,0
470196,1,1,2000,28,28,28,28,28,28,28,28,28,28
470197,1,1,2000,17,17,17,17,17,17,17,17,17,17
470198,1,1,2000,0,28,24,10,0,7,13,21,0,27
470199,1,1,2000,0,0,0,0,0,0,0,0,0,0
470200,1,1,2000,21,21,21,21,21,21,21,21,21,21
470201,1,1,2000,0,0,0,22,0,0,24,0,3,33
470202,1,1,2000,6,6,6,6,6,6,6,6,6,6
470203,1,1,2000,0,0,0,0,0,0,0,0,0,0
470204,1,1,2000,2,2,2,2,2,2,2,2,2,2
470204,2,1,2000,0,0,0,0,0,0,0,0,0,0
470205,1,1,2000,18,18,18,18,18,18,18,18,18,18
470206,1,1,2000,20,20,20,20,20,20,20,20,20,20
470207,1,1,2000,0,0,0,0,0,0,0,0,0,0
470207,2,1,2000,0,0,0,0,0,0,0,0,0,0
470208,1,1,2000,22,22,22,22,22,22,22,22,22,22
470209,1,1,2000,0,0,0,0,0,0,0,0,0,0
470210,1,1,2000,0,0,0,0,0,0,0,0,0,0
470210,2,1,2000,0,0,0,0,0,0,0,0,0,0
470211,1,1,2000,0,0,0,0,0,0,0,0,0,0
470211,2,1,2000,0,0,0,0,0,0,0,0,0,0
470211,3,1,2000,0,0,0,0,0,0,0,0,0,0
470212,1,1,2000,19,19,19,19,19,19,19,19,19,19
470213,1,1,2000,25,25,25,25,25,25,25,25,25,25
470214,1,1,2000,15,15,15,15,15,15,15,15,15,15
470215,1,1,2000,10,10,10,10,10,10,10,10,10,10
470216,1,1,2000,0,0,0,0,0,0,0,0,0,0
470216,2,1,2000,0,0,0,0,0,0,0,0,0,0
470217,1,1,2000,0,0,0,0,0,0,0,0,0,0
470217,2,1,2000,0,0,0,0,0,0,0,0,0,0
470218,0,1,2000,0,0,0,0,0,0,0,0,0,0
470218,1,1,2000,0,0,0,0,0,0,0,0,0,0
470219,1,1,2000,15,15,15,15,15,15,15,15,15,15
470220,0,1,2000,24,0,22,16,32,31,22,30,10,26
470220,0,2,2000,0,0,0,0,0,0,0,0,0,0
470220,1,1,2000,0,0,0,0,0,0,0,0,0,0
470221,1,1,2000,0,0,0,0,0,0,0,0,0,0
470222,0,1,2000,0,0,0,0,0,0,0,0,0,0
470222,1,1,2000,0,0,0,0,0,0,0,0,0,0
470223,1,1,2000,0,0,0,0,0,0,0,0,0,0
470224,0,1,2000,22,22,22,22,22,22,22,22,22,22
470224,1,1,2000,0,0,0,0,0,0,0,0,0,0
470225,1,1,2000,0,0,0,0,0,0,0,0,0,0
470225,2,1,2000,0,0,0,0,0,0,0,7,0,0
470226,0,1,2000,14,13,8,25,12,8,32,12,30,29
470226,1,1,2000,0,0,0,0,0,0,0,0,0,0
470227,1,1,2000,16,16,5,5,21,9,36,9,18,10
470228,0,1,2000,28,28,28,28,28,28,28,28,28,28
470228,1,1,2000,0,0,0,0,0,0,19,0,2,0
470228,2,1,2000,13,0,0,0,0,0,0,0,0,0
470229,0,1,2000,0,0,0,0,0,0,0,0,0,0
470229,1,1,2000,0,0,0,0,0,0,0,0,0,0
470230,1,1,2000,0,0,0,0,0,0,0,0,0,0
470230,2,1,2000,19,19,19,19,19,19,19,19,19,19
470231,1,1,2000,1,1,1,1,1,1,1,1,1,1
470232,1,1,2000,25,25,25,25,25,25,25,25,25,25
470233,1,1,2000,0,0,0,0,0,0,0,0,0,0
470233,2,1,2000,0,0,0,0,0,0,0,0,0,0
470234,1,1,2000,0,0,0,0,0,0,0,0,0,0
470234,2,1,2000,15,15,15,15,15,15,15,15,15,15
470235,1,1,2000,2,2,2,2,2,2,2,2,2,2
470236,1,1,2000,0,0,0,0,0,0,0,0,0,0
470236,2,1,2000,0,0,0,0,0,0,0,26,0,0
470236,3,1,2000,0,0,0,0,0,0,0,0,0,0
470237,1,1,2000,0,0,0,0,0,0,0,0,0,0
470237,2,1,2000,0,0,0,0,0,0,0,0,0,0
470237,3,1,2000,0,0,0,0,0,0,0,0,0,0
470238,1,1,2000,0,0,0,0,0,0,0,0,0,0
470238,2,1,2000,0,0,0,0,0,0,0,0,0,0
470238,3,1,2000,0,0,11,10,0,0,0,0,0,0
470239,1,1,2000,0,0,0,0,0,0,0,0,0,0
470239,2,1,2000,0,0,0,0,0,0,0,0,0,0
470240,1,1,2000,0,0,0,0,0,0,0,0,0,0
470241,1,1,2000,13,13,13,13,13,13,13,13,13,13
470242,1,1,2000,5,5,5,5,5,5,5,5,5,5
470242,2,1,2000,0,0,0,0,0,0,0,0,0,0
470243,1,1,2000,24,24,24,24,24,24,24,24,24,24
470243,2,1,2000,0,0,0,0,0,0,0,0,0,0
470244,1,1,2000,2,2,2,2,2,2,2,2,2,2
470245,1,1,2000,0,0,0,0,0,0,0,0,0,0
470245,2,1,2000,0,0,0,0,0,0,0,0,0,0
470246,1,1,2000,0,0,0,0,0,0,0,0,0,0
470247,1,1,2000,0,0,0,0,0,0,0,0,0,0
470247,2,1,2000,0,0,0,0,0,0,0,0,0,0
470247,3,1,2000,0,0,0,0,0,0,0,0,0,0
470248,1,1,2000,0,0,0,0,0,0,0,0,0,0