ST_CASE,VEH_NO,PER_NO,YEAR,P1,P2,P3,P4,P5,P6,P7,P8,P9,P10
470542,1,1,2000,0,0,0,0,0,0,0,0,0,0
470543,1,1,2000,17,4,19,16,22,16,23,22,29,17
470544,1,1,2000,3,0,14,0,13,0,0,15,31,0
470545,0,1,2000,0,0,0,0,0,0,0,0,0,0
470545,1,1,2000,0,0,0,0,0,0,0,0,0,0
470546,1,1,2000,13,13,13,13,13,13,13,13,13,13
470547,1,1,2000,15,15,15,15,15,15,15,15,15,15
470547,2,1,2000,0,0,0,0,0,0,0,0,0,0
470549,1,1,2000,5,5,5,5,5,5,5,5,5,5
470550,1,1,2000,0,0,0,0,0,0,0,0,0,0
470550,2,1,2000,0,0,0,0,0,0,0,0,0,0
470551,0,1,2000,23,23,23,23,23,23,23,23,23,23
470551,1,1,2000,7,7,7,7,7,7,7,7,7,7
470552,1,1,2000,21,21,21,21,21,21,21,21,21,21
470553,1,1,2000,0,0,0,0,0,0,0,0,0,0
470554,1,1,2000,20,20,20,20,20,20,20,20,20,20
470555,1,1,2000,0,0,0,0,0,0,0,0,0,0
470555,2,1,2000,0,0,0,0,0,0,0,0,0,0
470556,1,1,2000,0,0,0,0,0,0,0,0,0,0
470557,1,1,2000,5,5,5,5,5,5,5,5,5,5
470558,1,1,2000,25,25,25,25,25,25,25,25,25,25
470558,2,1,2000,0,0,0,0,0,0,0,0,0,0
470559,1,1,2000,0,0,0,0,4,0,12,0,0,0
470559,2,1,2000,0,0,0,0,0,0,0,0,0,0
470560,1,1,2000,25,24,17,28,0,19,28,30,22,22
470561,1,1,2000,19,0,0,0,0,0,10,0,0,0
470562,1,1,2000,7,13,20,15,24,9,4,22,0,10
470563,1,1,2000,0,0,0,0,0,0,0,0,0,0
470564,1,1,2000,0,0,0,0,0,0,0,0,0,0
470564,2,1,2000,0,0,0,0,0,0,0,0,0,10
470565,1,1,2000,0,0,0,0,0,0,0,0,0,0
470565,2,1,2000,0,0,0,0,0,0,0,0,0,0
470566,1,1,2000,16,0,14,33,0,0,28,0,0,14
470566,2,1,2000,9,9,9,9,9,9,9,9,9,9
470567,1,1,2000,1,1,1,1,1,1,1,1,1,1
470567,2,1,2000,0,20,0,10,0,11,13,0,0,16
470568,1,1,2000,0,0,0,0,0,0,0,0,0,0
470569,1,1,2000,0,0,0,0,0,0,0,0,0,15
470570,1,1,2000,14,23,26,21,19,21,24,16,12,6
470571,1,1,2000,18,13,19,15,10,14,10,14,7,19
470572,1,1,2000,2,2,2,2,2,2,2,2,2,2
470573,1,1,2000,0,0,0,0,0,0,0,0,0,0
470573,2,1,2000,0,0,0,0,0,14,0,22,0,0
470573,3,1,2000,0,0,0,0,0,0,0,0,0,0
470574,1,1,2000,0,0,0,0,0,0,0,0,0,0
470574,2,1,2000,0,0,0,0,0,0,0,0,0,0
470574,3,1,2000,0,0,0,0,0,0,0,0,0,0
470575,0,1,2000,13,13,13,13,13,13,13,13,13,13
470575,1,1,2000,15,15,15,15,15,15,15,15,15,15
470576,1,1,2000,0,20,0,10,24,0,0,15,19,0
470577,1,1,2000,0,0,0,0,0,0,0,0,0,0
470578,1,1,2000,21,21,21,21,21,21,21,21,21,21
470578,2,1,2000,18,18,18,18,18,18,18,18,18,18
470579,1,1,2000,0,0,0,0,0,0,0,0,0,0
470580,0,1,2000,19,19,19,19,19,19,19,19,19,19
470580,1,1,2000,28,28,28,28,28,28,28,28,28,28
470581,1,1,2000,0,0,0,0,0,0,0,0,0,0
470582,1,1,2000,0,0,0,0,0,0,0,0,0,0
470582,2,1,2000,0,0,0,0,0,0,0,0,0,0
470583,1,1,2000,0,19,0,0,0,0,0,0,0,0
470583,2,1,2000,0,0,0,0,0,0,0,0,0,0
470584,0,1,2000,10,7,8,14,21,13,27,11,37,34
470584,1,1,2000,0,0,0,0,0,0,0,0,0,0
470585,1,1,2000,0,0,0,0,0,0,0,0,0,0
470585,2,1,2000,0,0,0,0,0,0,0,8,0,0
470586,1,1,2000,0,0,0,0,0,0,0,0,0,0
470586,2,1,2000,0,0,0,0,0,0,0,0,0,0
470587,1,1,2000,0,0,0,0,0,0,0,0,0,0
470587,2,1,2000,0,0,0,0,0,0,0,0,0,0
470588,1,1,2000,28,8,15,8,10,17,36,0,25,12
470589,1,1,2000,0,0,0,0,0,0,0,0,0,0
470589,2,1,2000,0,0,0,0,0,0,0,0,0,0
470590,1,1,2000,6,6,6,6,6,6,6,6,6,6
470590,2,1,2000,0,0,0,0,0,0,0,0,0,0
470591,0,1,2000,17,17,17,17,17,17,17,17,17,17
470591,1,1,2000,0,0,0,0,0,0,0,0,0,0
470592,1,1,2000,0,0,0,0,0,0,0,0,0,0
470592,2,1,2000,0,0,0,0,0,0,0,0,0,0
470593,1,1,2000,0,0,0,0,0,0,0,0,0,0
470593,2,1,2000,0,0,0,0,0,0,0,0,0,0
470594,0,1,2000,0,0,0,0,0,0,0,0,0,0
470594,1,1,2000,0,0,0,0,0,0,0,0,0,0
470595,1,1,2000,12,12,12,12,12,12,12,12,12,12
470596,0,1,2000,0,0,0,0,0,0,0,0,0,0
470596,1,1,2000,0,0,0,0,0,0,0,0,0,0
470597,1,1,2000,0,0,0,0,0,0,0,0,0,0
470597,2,1,2000,0,0,0,0,0,0,0,0,0,0
470598,1,1,2000,12,12,12,12,12,12,12,12,12,12
470599,1,1,2000,0,0,0,0,0,0,18,11,15,27
470600,1,1,2000,0,0,0,0,0,0,0,0,0,0
470601,1,1,2000,0,0,0,19,0,0,0,0,0,0
470601,2,1,2000,7,7,7,7,7,7,7,7,7,7
470601,3,1,2000,0,0,0,0,0,14,0,0,0,0
470603,1,1,2000,0,0,0,0,0,0,0,0,0,0
470604,1,1,2000,18,18,18,18,18,18,18,18,18,18
470605,1,1,2000,0,0,0,0,0,0,0,0,0,0
470605,2,1,2000,0,0,0,0,0,0,0,0,0,0
470606,1,1,2000,0,0,0,0,0,0,0,0,0,0
470607,1,1,2000,7,7,7,7,7,7,7,7,7,7
470608,1,1,2000,0,0,0,0,0,0,0,0,0,0
470609,1,1,2000,0,0,0,0,0,0,0,0,0,0
470609,2,1,2000,0,0,0,0,0,0,0,0,0,0
470609,3,1,2000,0,0,0,0,0,0,0,0,0,0
470610,1,1,2000,0,0,0,0,0,0,0,0,0,0
470611,1,1,2000,26,26,26,26,26,26,26,26,26,26
470611,2,1,2000,0,0,0,0,0,0,0,0,0,0
470612,1,1,2000,0,0,0,0,0,0,0,0,0,0
470613,1,1,2000,0,0,0,0,0,0,0,0,0,0
470613,2,1,2000,0,0,0,0,0,0,0,0,0,0
470614,1,1,2000,28,28,28,28,28,28,28,28,28,28
470615,1,1,2000,0,0,0,0,0,0,0,0,0,0
470615,2,1,2000,0,0,0,0,0,0,0,0,0,0
470616,0,1,2000,0,17,0,0,0,16,0,25,0,0
470616,1,1,2000,0,0,0,6,0,0,0,0,0,0
470616,2,1,2000,0,0,0,0,0,0,0,0,0,0
470617,1,1,2000,0,0,0,0,0,0,0,0,0,0
470618,1,1,2000,0,0,0,0,0,0,0,0,0,0
470618,2,1,2000,0,0,0,0,0,0,0,0,0,0
470619,1,1,2000,0,0,11,0,14,29,0,8,5,0
470620,1,1,2000,0,0,0,0,0,0,0,0,0,0
470620,2,1,2000,0,0,0,0,0,0,0,0,0,0
470621,1,1,2000,18,0,0,9,0,0,17,0,0,0
470622,1,1,2000,0,0,0,0,0,0,0,0,0,0
470623,1,1,2000,24,24,24,24,24,24,24,24,24,24
470624,1,1,2000,14,9,0,0,20,0,0,0,3,10
470625,1,1,2000,0,0,0,0,0,0,0,0,0,0
470626,1,1,2000,0,0,0,0,0,0,0,0,0,0
470626,2,1,2000,0,0,0,0,0,0,0,0,0,0
470627,1,1,2000,0,0,0,0,0,0,0,0,0,0
470628,1,1,2000,18,18,18,18,18,18,18,18,18,18
470629,1,1,2000,15,15,15,15,15,15,15,15,15,15
470630,1,1,2000,0,0,0,0,0,0,0,0,0,0
470630,2,1,2000,0,0,0,0,0,0,0,0,0,0
470631,1,1,2000,0,0,0,0,0,0,0,0,0,0
470632,1,1,2000,0,0,0,0,0,0,0,0,0,0
470632,2,1,2000,0,0,0,0,0,0,0,0,0,0
470633,1,1,2000,0,0,0,0,0,0,0,0,0,0
470633,2,1,2000,0,0,9,0,0,0,0,0,0,0
470634,1,1,2000,34,26,7,16,15,35,9,23,15,26
470635,1,1,2000,0,16,50,0,32,21,18,0,12,25
470636,1,1,2000,0,0,0,0,0,0,0,0,0,0
470637,1,1,2000,16,16,16,16,16,16,16,16,16,16
470637,2,1,2000,0,0,0,0,0,0,0,0,0,0
470638,1,1,2000,9,0,0,0,0,0,0,0,17,0
470639,1,1,2000,0,0,0,0,0,0,0,0,0,0
470639,2,1,2000,0,15,0,0,0,0,0,0,0,0
470640,1,1,2000,18,18,18,18,18,18,18,18,18,18
470640,2,1,2000,0,0,0,0,0,0,0,0,0,0
470641,1,1,2000,0,0,0,0,0,0,0,0,0,0
470642,1,1,2000,0,0,0,0,0,6,0,0,0,0
470642,2,1,2000,0,0,0,0,0,0,0,0,0,0
470642,3,1,2000,0,0,0,0,0,0,0,0,0,0
470643,1,1,2000,1,1,1,1,1,1,1,1,1,1
470643,2,1,2000,0,0,0,0,0,0,0,0,0,0
470644,1,1,2000,9,0,0,0,0,0,0,0,0,0
470645,1,1,2000,0,0,0,0,0,0,0,0,0,0
470645,2,1,2000,0,0,0,0,0,0,0,0,0,0
470645,3,1,2000,0,0,0,0,0,0,0,0,0,0
470645,4,1,2000,0,0,0,0,0,0,0,0,0,0
470646,1,1,2000,0,0,0,0,27,0,0,0,0,0
470647,1,1,2000,0,0,0,0,0,0,0,0,0,0
470647,2,1,2000,0,0,0,0,0,0,0,0,0,0
470648,1,1,2000,0,0,0,0,0,0,0,0,0,0
470649,0,1,2000,10,10,10,10,10,10,10,10,10,10
470649,1,1,2000,0,0,0,0,0,0,0,0,0,0
470650,1,1,2000,13,13,13,13,13,13,13,13,13,13
470651,1,1,2000,9,9,9,9,9,9,9,9,9,9
470651,2,1,2000,0,0,0,0,0,0,0,15,0,0
470651,3,1,2000,0,0,0,0,0,0,0,0,0,0
470652,0,1,2000,0,0,0,0,0,0,0,0,0,0
470652,1,1,2000,21,21,21,21,21,21,21,21,21,21
470653,1,1,2000,0,23,0,0,0,0,0,0,0,0
470653,2,1,2000,0,0,0,0,0,0,0,0,0,0
470654,1,1,2000,25,25,25,25,25,25,25,25,25,25
470655,0,1,2000,9,0,0,0,5,0,0,0,5,0
470655,0,2,2000,0,0,0,0,0,0,0,0,0,0
470655,1,1,2000,0,6,0,0,0,4,0,0,0,0
470656,2,1,2000,0,0,0,0,0,0,0,0,0,0
470657,0,1,2000,11,0,0,0,7,0,7,0,18,21
470657,1,1,2000,2,0,0,0,0,0,0,0,0,7
470658,1,1,2000,16,16,16,16,16,16,16,16,16,16
470659,1,1,2000,0,0,0,0,0,0,0,0,0,0
470659,2,1,2000,0,0,0,0,0,0,0,0,0,0
470660,0,1,2000,24,24,24,24,24,24,24,24,24,24
470660,1,1,2000,6,0,4,10,11,0,22,0,11,4
470661,1,1,2000,0,12,0,0,0,0,0,0,0,0
470661,2,1,2000,6,6,6,6,6,6,6,6,6,6
470662,1,1,2000,0,0,0,0,0,0,0,0,0,0
470662,2,1,2000,0,0,0,0,0,0,0,0,0,0
470663,1,1,2000,0,0,0,0,0,0,0,0,0,0
470663,2,1,2000,0,0,0,0,0,0,0,0,12,0
470664,1,1,2000,0,0,0,0,0,0,0,0,0,0
470664,2,1,2000,0,0,0,0,0,0,0,0,0,0
470665,1,1,2000,27,0,0,0,0,22,0,10,0,16
470666,1,1,2000,0,0,0,0,0,0,0,0,0,0
470666,2,1,2000,0,0,0,0,0,0,0,0,0,0
470667,1,1,2000,0,0,0,0,0,0,0,0,0,0
470667,2,1,2000,0,0,0,0,0,0,0,0,0,0
470668,1,1,2000,0,0,0,0,0,0,0,0,0,0
470668,2,1,2000,0,0,0,0,0,0,0,0,0,0
470669,1,1,2000,0,0,0,0,0,0,0,0,0,0
470670,1,1,2000,1,1,1,1,1,1,1,1,1,1
470670,2,1,2000,0,0,0,0,0,0,0,0,0,0
470671,1,1,2000,18,18,18,18,18,18,18,18,18,18
470672,1,1,2000,0,0,0,0,0,0,8,0,25,0
470672,2,1,2000,0,0,0,0,0,0,0,0,0,0
470672,3,1,2000,0,0,0,0,0,0,0,0,0,0
470673,1,1,2000,0,0,0,0,0,0,0,0,0,0
470673,2,1,2000,0,0,0,0,0,0,0,0,0,0
470674,1,1,2000,25,25,25,25,25,25,25,25,25,25
470675,1,1,2000,0,0,0,0,0,0,0,0,0,0
470675,2,1,2000,0,0,0,0,0,0,0,0,0,0
470676,1,1,2000,0,0,0,0,0,0,0,0,0,0
470676,2,1,2000,0,0,0,0,0,0,0,0,0,0
470677,1,1,2000,20,20,20,20,20,20,20,20,20,20
470678,1,1,2000,0,0,0,0,0,0,0,0,0,0
470679,1,1,2000,23,23,23,23,23,23,23,23,23,23
470680,1,1,2000,0,0,0,0,0,0,0,0,0,0
470681,1,1,2000,0,0,0,0,0,0,0,0,0,0
470682,1,1,2000,0,0,0,0,0,0,0,0,0,0
470682,2,1,2000,0,0,0,0,0,0,0,0,0,0
470682,3,1,2000,0,0,0,0,0,0,0,0,0,0
470682,4,1,2000,0,0,0,0,0,0,0,0,0,0
470682,5,1,2000,0,0,0,0,0,0,0,0,0,0
470683,1,1,2000,17,17,17,17,17,17,17,17,17,17
470684,0,1,2000,0,0,0,0,0,0,0,23,0,0
470684,1,1,2000,0,0,0,0,0,0,0,0,0,0
470685,1,1,2000,12,12,12,12,12,12,12,12,12,12
470686,1,1,2000,15,15,15,15,15,15,15,15,15,15
470686,2,1,2000,0,0,0,0,0,0,0,0,0,0
470687,1,1,2000,0,0,0,0,0,0,0,0,0,0
470688,1,1,2000,0,0,0,0,0,0,0,0,0,0
470689,1,1,2000,0,0,0,0,0,0,0,0,0,0
470689,2,1,2000,17,17,17,17,17,17,17,17,17,17
470690,1,1,2000,0,0,0,0,0,0,0,0,0,0
470691,1,1,2000,0,0,0,0,0,0,0,0,0,0
470691,2,1,2000,0,0,0,0,0,0,0,0,0,0
470692,1,1,2000,0,0,0,0,0,0,0,0,0,0
470693,1,1,2000,0,0,0,0,0,0,0,0,0,0
470693,2,1,2000,0,0,0,0,0,0,0,0,0,0
470694,1,1,2000,0,0,0,8,0,0,0,0,0,0
470694,2,1,2000,0,0,0,0,0,0,0,0,0,0
470695,1,1,2000,0,0,0,0,0,0,0,0,0,0
470696,1,1,2000,0,0,0,0,0,0,0,0,0,0
470697,1,1,2000,26,12,13,18,24,35,13,0,24,10
470698,1,1,2000,10,10,10,10,10,10,10,10,10,10
470699,0,1,2000,0,0,0,0,0,0,0,0,0,0
470699,1,1,2000,0,0,0,0,0,0,0,0,0,0
470700,1,1,2000,0,0,9,0,0,0,16,0,0,0
470701,1,1,2000,0,0,0,0,0,0,0,0,0,0
470701,2,1,2000,0,0,0,0,0,0,0,0,0,0
470702,1,1,2000,17,17,17,17,17,17,17,17,17,17
470703,1,1,2000,0,31,0,8,15,14,11,0,0,16
470704,1,1,2000,19,20,27,31,38,16,23,0,22,43
470705,1,1,2000,0,0,0,0,0,0,0,0,0,0
470705,2,1,2000,0,0,0,0,0,0,0,0,0,0
470706,1,1,2000,0,0,0,0,0,0,0,0,0,0
470707,1,1,2000,0,0,22,0,0,9,6,0,0,7
470708,1,1,2000,0,9,0,0,15,0,0,0,0,0
470708,2,1,2000,0,0,0,0,0,0,0,0,0,0
470709,1,1,2000,0,0,0,0,0,0,0,0,0,0
470710,1,1,2000,0,0,0,0,0,0,0,0,0,0
470710,2,1,2000,0,0,0,0,0,0,0,0,0,0
470711,1,1,2000,10,10,10,10,10,10,10,10,10,10
470712,1,1,2000,0,0,0,0,0,0,0,0,0,0
470712,2,1,2000,0,0,0,0,0,0,0,0,0,0
470713,1,1,2000,10,10,10,10,10,10,10,10,10,10
470713,2,1,2000,0,0,0,0,0,0,0,0,0,0
470714,1,1,2000,0,0,12,6,0,0,0,0,22,0
470715,1,1,2000,21,15,10,19,14,14,1,20,12,13
470716,1,1,2000,27,19,26,15,20,34,6,18,34,11
470717,1,1,2000,23,0,0,16,0,0,0,17,15,0
470718,1,1,2000,0,0,0,0,0,0,0,0,0,0
470718,2,1,2000,0,0,0,0,0,0,0,0,0,0
470719,0,1,2000,42,42,42,42,42,42,42,42,42,42
470719,1,1,2000,0,0,0,0,0,0,0,0,0,13
470720,1,2,2000,20,20,20,20,20,20,20,20,20,20
470721,1,1,2000,0,0,0,0,0,0,0,0,0,0
470721,2,1,2000,0,0,0,0,0,0,0,0,0,0
470722,1,1,2000,0,0,0,0,0,0,0,0,0,0
470723,1,1,2000,19,14,13,0,0,0,8,0,9,0
470723,2,1,2000,0,0,0,0,0,0,0,0,0,0
470724,0,1,2000,0,0,0,0,0,0,0,0,18,32
470724,1,1,2000,0,0,0,0,0,0,0,0,0,0
470725,0,1,2000,27,27,27,27,27,27,27,27,27,27
470725,1,1,2000,0,0,0,0,14,5,0,5,0,0
470726,1,1,2000,0,0,0,0,0,0,0,0,0,0
470726,2,1,2000,0,0,0,0,0,0,0,0,0,0
470726,3,1,2000,0,0,0,0,0,0,0,0,0,0
470727,1,1,2000,15,15,15,15,15,15,15,15,15,15
470728,1,1,2000,0,4,0,0,0,0,8,0,0,0
470728,2,1,2000,0,0,0,0,0,0,0,0,0,0
470729,1,1,2000,0,0,0,0,0,0,0,0,0,0
470730,1,1,2000,20,20,20,20,20,20,20,20,20,20
470731,1,1,2000,0,0,0,0,0,0,0,0,0,0
470731,2,1,2000,0,0,0,0,0,0,0,0,0,0
470732,1,1,2000,10,10,10,10,10,10,10,10,10,10
470733,1,1,2000,0,0,0,0,0,0,0,0,0,0
470734,1,1,2000,19,19,19,19,19,19,19,19,19,19
470735,1,1,2000,0,0,0,0,0,0,0,0,0,0
470736,1,1,2000,19,19,19,19,19,19,19,19,19,19
470737,1,1,2000,22,22,22,22,22,22,22,22,22,22
470738,1,1,2000,0,0,0,0,0,0,0,0,0,0
470739,1,1,2000,15,15,15,15,15,15,15,15,15,15
470740,1,1,2000,0,0,0,0,0,0,0,0,0,0
470741,1,1,2000,22,22,22,22,22,22,22,22,22,22
470742,1,1,2000,0,13,0,16,4,10,0,0,22,17
470743,1,1,2000,0,0,0,0,0,0,0,0,0,0
470744,1,1,2000,19,19,19,19,19,19,19,19,19,19
470745,1,1,2000,0,0,0,0,0,0,0,0,0,0
470745,2,1,2000,13,13,13,13,13,13,13,13,13,13
470746,1,1,2000,0,0,0,0,0,0,0,0,0,0
470746,2,1,2000,0,0,0,0,0,0,0,0,0,0
470747,1,1,2000,18,18,18,18,18,18,18,18,18,18
470748,1,1,2000,9,9,9,9,9,9,9,9,9,9
470749,1,1,2000,0,0,0,0,0,0,0,0,0,0
470750,1,1,2000,17,21,0,0,19,0,14,18,12,0
470751,1,1,2000,0,0,0,0,0,0,0,0,0,0
470752,1,1,2000,16,16,16,16,16,16,16,16,16,16
470753,1,1,2000,0,0,0,0,0,0,0,0,0,0
470753,2,1,2000,0,0,0,0,0,0,0,0,0,0
470754,1,1,2000,0,0,0,0,0,0,0,0,0,0
470754,2,1,2000,0,0,0,0,0,0,0,0,0,0
470755,1,1,2000,15,15,15,15,15,15,15,15,15,15
470756,1,1,2000,27,27,27,27,27,27,27,27,27,27
470757,1,1,2000,20,20,20,20,20,20,20,20,20,20
470758,1,1,2000,17,17,17,17,17,17,17,17,17,17
470759,1,1,2000,12,12,12,12,12,12,12,12,12,12
470760,1,1,2000,21,21,21,21,21,21,21,21,21,21
470760,2,1,2000,0,0,0,0,0,0,0,0,0,0
470761,1,1,2000,0,0,0,0,0,0,0,0,0,0
470762,1,1,2000,0,0,0,0,0,0,0,0,0,0
470762,2,1,2000,0,0,0,0,0,0,0,0,0,0
470763,0,2,2000,0,0,0,0,0,0,0,0,0,0
470763,0,3,2000,0,0,0,0,0,0,0,0,0,0
470763,1,1,2000,0,0,0,0,0,0,0,0,0,0
470764,1,1,2000,12,15,10,11,17,11,14,6,32,24
470765,1,1,2000,30,30,30,30,30,30,30,30,30,30
470766,1,1,2000,17,17,17,17,17,17,17,17,17,17
470767,1,1,2000,0,0,0,0,0,0,0,0,0,0
470767,2,1,2000,0,0,0,0,0,0,0,0,0,0
470767,3,1,2000,0,0,0,0,0,0,0,0,0,0
470768,1,1,2000,0,0,0,0,0,0,0,0,0,0
470768,2,1,2000,0,0,0,0,0,0,0,0,0,0
470769,1,1,2000,4,4,4,4,4,4,4,4,4,4
470770,0,1,2000,29,18,30,24,0,19,0,23,19,39
470770,1,1,2000,0,0,0,0,0,0,0,0,0,0
470771,1,1,2000,0,0,0,0,0,0,0,0,0,0
470771,2,1,2000,0,0,0,0,0,0,0,0,0,0
470772,1,1,2000,0,0,0,0,0,0,0,0,0,0
470773,1,1,2000,0,0,0,0,13,0,0,0,0,0
470773,2,1,2000,0,17,0,10,0,15,17,0,0,23
470774,1,1,2000,10,10,10,10,10,10,10,10,10,10
470775,1,1,2000,0,0,0,0,0,0,0,0,0,0
470776,1,1,2000,0,0,0,0,0,0,0,0,0,0
470776,2,1,2000,0,0,0,0,0,0,0,0,0,0
470776,3,1,2000,0,0,0,0,0,0,0,0,0,0
470777,1,1,2000,7,7,7,7,7,7,7,7,7,7
470778,1,1,2000,0,0,0,9,0,0,0,0,0,0
470778,2,1,2000,0,0,0,0,0,0,0,0,0,0
470779,1,1,2000,0,0,0,0,0,0,0,0,0,0
470779,2,1,2000,0,0,0,0,0,0,0,0,0,0
470780,1,1,2000,11,14,26,15,2,0,20,7,13,21
470781,0,1,2000,0,0,0,0,0,0,0,0,0,0
470781,1,1,2000,0,0,0,0,0,0,0,0,0,0
470782,1,1,2000,0,0,0,0,0,0,0,0,0,0
470783,1,1,2000,0,0,15,31,16,14,0,5,14,7
470784,1,1,2000,6,6,6,6,6,6,6,6,6,6
470785,1,1,2000,0,0,0,0,0,0,0,0,0,0
470785,2,1,2000,7,0,0,0,0,0,5,0,0,0
470787,1,1,2000,9,9,9,9,9,9,9,9,9,9
470787,2,1,2000,0,0,0,0,0,0,0,0,0,0
470788,1,1,2000,12,12,12,12,12,12,12,12,12,12
470788,2,1,2000,0,0,0,0,0,0,0,0,0,0
470789,1,1,2000,0,0,0,0,0,0,0,0,0,0
470789,2,1,2000,0,0,0,0,0,0,0,0,0,0
470789,3,1,2000,0,0,0,0,0,0,0,0,0,0
470790,1,1,2000,0,0,0,0,0,0,0,0,0,0
470791,0,1,2000,20,20,20,20,20,20,20,20,20,20
470791,1,1,2000,0,0,0,0,0,0,0,0,0,0
470792,0,1,2000,0,0,0,0,0,0,0,0,0,0
470792,1,1,2000,3,0,0,0,2,27,0,16,0,0
470793,1,1,2000,0,0,0,0,0,0,0,0,0,0
470793,2,1,2000,0,0,0,0,0,0,0,0,0,0
470794,1,1,2000,0,15,0,0,7,0,0,0,0,0
470794,2,1,2000,0,0,0,0,0,0,0,0,0,0
470795,1,1,2000,0,0,0,0,0,0,0,0,0,0
470795,2,1,2000,9,9,9,9,9,9,9,9,9,9
470796,1,1,2000,0,21,0,32,23,0,0,0,0,16
470797,1,1,2000,0,0,0,0,0,0,0,0,0,0
470797,2,1,2000,0,0,0,0,0,0,0,0,0,0
470797,3,1,2000,0,0,0,0,0,0,0,0,0,0
470797,4,1,2000,0,0,0,0,0,0,0,0,0,0
470797,5,1,2000,5,0,0,0,0,0,0,0,0,0
470798,0,1,2000,0,0,0,0,0,0,0,0,0,0
470798,1,1,2000,0,0,0,0,0,0,0,0,0,0
470799,1,1,2000,0,0,0,0,0,0,0,0,0,0
470800,1,1,2000,0,0,0,0,0,0,0,0,0,0
470800,2,1,2000,0,0,0,0,0,0,0,5,0,0
470801,1,1,2000,0,0,0,0,0,0,0,0,0,0
470802,1,1,2000,40,7,24,17,8,0,13,29,27,26
470802,2,1,2000,0,0,0,0,0,15,0,0,0,0
470803,1,1,2000,0,0,0,0,0,0,0,0,0,0
470804,1,1,2000,0,0,0,0,0,0,0,0,0,0
470805,1,1,2000,0,0,0,0,0,0,0,0,0,0
470805,2,1,2000,0,0,0,0,0,0,0,0,0,0
470805,3,1,2000,0,0,0,0,0,0,0,0,0,0
470806,1,1,2000,0,0,0,0,0,0,0,0,0,0
470806,2,1,2000,17,17,17,17,17,17,17,17,17,17
470807,1,1,2000,0,0,0,0,0,0,0,0,0,0
470808,1,1,2000,17,17,17,17,17,17,17,17,17,17
470809,1,1,2000,0,0,0,0,0,0,0,0,0,0
470810,1,1,2000,0,0,0,0,0,0,0,0,0,0
470811,1,1,2000,14,18,0,0,0,0,0,0,0,22
470811,2,1,2000,0,0,0,0,0,0,0,0,0,0
470812,1,1,2000,0,0,0,0,0,0,0,0,0,0
470812,2,1,2000,0,0,0,0,0,0,0,0,0,0
470812,3,1,2000,0,0,0,0,0,0,0,0,0,0
470813,1,1,2000,0,0,24,32,0,0,0,0,0,0
470813,2,1,2000,0,0,0,0,0,0,23,0,18,0
470814,1,1,2000,19,19,19,19,19,19,19,19,19,19
470815,1,1,2000,16,16,16,16,16,16,16,16,16,16
470816,1,1,2000,0,34,29,0,0,0,0,0,0,0
470817,0,1,2000,0,0,0,0,0,0,0,0,0,0
470818,1,1,2000,0,0,0,0,0,0,0,0,0,0
470818,2,1,2000,4,9,11,13,12,8,0,16,13,9
470819,1,1,2000,0,0,15,0,0,0,9,0,0,0
470819,2,1,2000,0,0,0,0,0,0,0,0,0,0
470820,1,1,2000,0,0,0,0,0,0,0,0,0,0
470820,2,1,2000,0,0,0,0,0,0,0,0,0,0
470820,3,1,2000,0,0,0,0,0,0,0,0,0,0
470821,1,1,2000,0,0,0,0,0,0,0,0,0,0
470822,1,1,2000,0,0,0,0,0,0,0,0,0,0
470822,2,1,2000,19,0,2,14,0,0,12,20,0,17
470823,1,1,2000,13,13,13,13,13,13,13,13,13,13
470824,1,1,2000,0,0,0,0,0,0,0,0,0,0
470825,1,1,2000,14,14,14,14,14,14,14,14,14,14
470826,1,1,2000,0,0,0,0,0,0,0,0,0,0
470827,1,1,2000,0,0,0,0,0,0,0,0,0,0
470828,1,1,2000,0,0,0,0,0,0,0,0,0,0
470828,2,1,2000,28,19,0,23,29,19,17,0,30,8
470829,1,1,2000,0,0,0,0,0,0,27,5,13,19
470830,1,1,2000,4,0,9,11,0,0,0,0,0,0
470831,0,1,2000,0,8,0,0,0,18,19,13,8,0
470831,1,1,2000,0,0,0,0,0,0,0,0,0,0
470831,2,1,2000,0,0,0,0,0,0,0,0,0,0
470832,1,1,2000,5,5,5,5,5,5,5,5,5,5
470833,1,1,2000,11,23,16,0,16,0,17,18,18,18
470834,1,1,2000,0,0,0,0,0,0,0,0,0,0
470835,1,1,2000,0,0,0,0,0,0,0,0,0,0
470836,1,1,2000,0,0,0,0,0,0,0,0,0,0
470836,2,1,2000,0,0,0,0,0,0,0,0,0,0
470837,1,1,2000,0,0,0,0,0,0,0,0,0,0
470838,1,1,2000,0,0,0,0,0,0,0,0,0,0
470838,2,1,2000,0,0,0,0,0,0,0,0,0,0
470839,1,1,2000,0,0,0,0,0,0,0,0,0,0
470840,1,1,2000,0,0,0,0,0,0,0,0,0,0
470840,2,1,2000,0,0,0,0,0,0,0,0,0,0
470841,1,1,2000,12,12,12,12,12,12,12,12,12,12
470842,0,1,2000,0,0,0,0,0,0,0,0,0,0