ST_CASE,VEH_NO,PER_NO,YEAR,P1,P2,P3,P4,P5,P6,P7,P8,P9,P10
470842,0,2,2000,27,0,0,0,0,0,0,32,18,5
470842,1,1,2000,20,20,20,20,20,20,20,20,20,20
470843,1,1,2000,0,0,0,0,0,0,0,0,0,0
470843,2,1,2000,18,36,17,24,0,10,19,0,19,13
470844,0,1,2000,0,0,0,0,0,0,0,0,0,0
470844,1,1,2000,0,0,0,0,0,0,0,0,0,0
470845,1,1,2000,8,8,8,8,8,8,8,8,8,8
470846,1,1,2000,0,11,0,0,0,0,0,0,0,0
470846,2,1,2000,0,0,0,0,0,0,0,0,0,0
470847,1,1,2000,0,0,0,0,0,0,0,0,0,0
470847,2,1,2000,0,0,0,0,0,0,0,0,0,0
470848,1,1,2000,0,0,0,0,0,0,0,0,0,0
470848,2,1,2000,0,0,0,0,0,0,12,0,0,0
470849,1,1,2000,0,0,0,0,0,0,0,0,0,0
470849,2,1,2000,0,0,0,0,0,0,0,0,0,0
470850,1,1,2000,0,0,0,0,0,0,0,0,0,0
470851,1,1,2000,0,0,0,0,0,0,0,0,0,0
470852,1,1,2000,0,0,0,0,0,0,0,0,0,0
470853,1,1,2000,0,0,0,0,0,0,0,0,0,0
470853,2,1,2000,0,0,0,0,0,0,0,0,0,0
470854,1,1,2000,0,0,0,0,0,0,0,0,0,0
470855,1,1,2000,23,23,23,23,23,23,23,23,23,23
470857,1,1,2000,4,4,4,4,4,4,4,4,4,4
470857,2,1,2000,20,20,20,20,20,20,20,20,20,20
470858,1,1,2000,12,0,0,0,0,0,10,0,0,0
470859,1,1,2000,0,0,0,0,0,0,0,0,0,0
470859,2,1,2000,0,0,0,0,0,0,0,0,0,0
470860,1,1,2000,28,18,21,0,17,19,13,24,0,36
470861,1,1,2000,0,0,0,0,0,0,0,0,0,0
470862,1,1,2000,0,0,0,0,0,0,0,0,0,0
470863,1,1,2000,2,2,2,2,2,2,2,2,2,2
470863,2,1,2000,0,0,0,0,0,0,0,0,0,0
470864,1,1,2000,7,7,7,7,7,7,7,7,7,7
470865,1,1,2000,32,32,32,32,32,32,32,32,32,32
470866,1,1,2000,29,29,29,29,29,29,29,29,29,29
470866,2,1,2000,0,0,0,0,0,0,0,0,0,0
470867,1,1,2000,23,28,18,4,26,0,20,21,6,5
470867,2,1,2000,0,0,0,0,0,0,0,0,0,0
470868,1,1,2000,0,0,0,0,0,0,0,0,0,0
470868,2,1,2000,0,0,0,0,0,0,0,0,0,0
470869,1,1,2000,16,16,16,16,16,16,16,16,16,16
470870,1,1,2000,24,24,24,24,24,24,24,24,24,24
470871,1,1,2000,0,0,0,0,0,0,0,0,0,0
470871,2,1,2000,0,0,0,0,0,0,0,0,0,0
470872,1,1,2000,0,0,0,0,0,0,0,0,0,0
470873,1,1,2000,0,0,0,0,0,0,0,0,0,0
470873,2,1,2000,0,0,0,0,0,0,0,0,0,0
470874,1,1,2000,27,27,27,27,27,27,27,27,27,27
470875,1,1,2000,27,19,22,22,18,29,14,15,24,8
470876,1,1,2000,29,29,29,29,29,29,29,29,29,29
470876,2,1,2000,0,0,0,0,0,0,0,0,0,0
470877,1,1,2000,11,11,11,11,11,11,11,11,11,11
470877,2,1,2000,0,0,0,0,0,0,0,0,0,0
470878,1,1,2000,16,16,16,16,16,16,16,16,16,16
470878,2,1,2000,0,0,0,0,0,0,0,0,0,0
470879,1,1,2000,21,21,21,21,21,21,21,21,21,21
470880,1,1,2000,0,27,32,20,18,0,35,11,31,0
470881,1,1,2000,0,0,0,0,0,0,0,0,0,0
470882,1,1,2000,0,0,0,0,0,0,0,0,0,0
470883,1,1,2000,28,28,28,28,28,28,28,28,28,28
470884,1,1,2000,4,4,4,4,4,4,4,4,4,4
470885,0,1,2000,0,0,0,0,0,0,0,0,0,0
470885,0,2,2000,0,0,0,0,0,0,0,0,0,0
470885,1,1,2000,0,0,0,0,0,0,0,0,0,0
470886,1,1,2000,9,0,14,0,0,0,0,0,0,19
470887,1,1,2000,0,0,0,12,0,0,0,0,0,0
470887,2,1,2000,0,0,0,0,0,0,0,0,0,0
470888,0,1,2000,0,0,0,0,0,0,0,0,0,0
470888,1,1,2000,0,0,0,0,0,0,0,0,0,0
470889,1,1,2000,0,5,16,21,11,15,23,12,0,22
470890,1,1,2000,0,0,0,0,0,0,0,0,0,0
470891,1,1,2000,27,0,0,0,0,0,0,23,14,16
470892,1,1,2000,11,11,11,11,11,11,11,11,11,11
470893,1,1,2000,0,0,0,15,0,0,32,0,0,0
470893,2,1,2000,0,0,0,0,11,0,0,0,0,3
470894,1,1,2000,0,0,0,0,0,0,0,0,0,0
470895,1,1,2000,21,21,21,21,21,21,21,21,21,21
470896,1,1,2000,0,0,0,0,0,0,0,0,0,0
470896,2,1,2000,0,0,0,0,0,0,0,0,0,0
470896,3,1,2000,0,0,0,0,0,0,0,0,0,0
470896,4,1,2000,0,0,0,0,0,0,0,0,0,0
470897,0,1,2000,0,0,0,0,0,0,0,0,0,0
470897,1,1,2000,0,0,0,0,0,0,0,0,0,0
470898,1,1,2000,0,0,0,0,0,0,0,0,0,0
470898,2,1,2000,0,0,0,0,0,7,0,0,0,0
470899,1,1,2000,11,11,11,11,11,11,11,11,11,11
470900,1,1,2000,0,0,0,0,0,0,0,0,0,0
470900,2,1,2000,0,0,0,0,0,0,0,0,0,0
470901,1,1,2000,25,25,25,25,25,25,25,25,25,25
470902,1,1,2000,0,0,0,0,0,0,0,0,0,0
470902,2,1,2000,9,9,9,9,9,9,9,9,9,9
470902,3,1,2000,0,0,0,0,0,0,0,0,0,0
470903,1,1,2000,0,0,0,0,0,0,0,0,0,0
470903,2,1,2000,0,0,0,0,0,0,0,0,0,0
470904,1,1,2000,0,0,0,0,0,0,0,0,0,0
470905,1,1,2000,18,18,18,18,18,18,18,18,18,18
470906,1,1,2000,0,0,0,0,0,0,0,0,0,0
470906,2,1,2000,0,0,0,0,0,0,0,0,0,0
470907,1,1,2000,6,6,6,6,6,6,6,6,6,6
470908,1,1,2000,6,6,6,6,6,6,6,6,6,6
470909,1,1,2000,0,0,0,0,0,0,0,0,0,0
470909,2,1,2000,0,0,0,0,0,0,0,0,0,0
470910,1,1,2000,0,0,0,0,0,0,0,0,0,0
470910,2,1,2000,0,0,0,0,0,0,0,0,0,0
470911,0,1,2000,0,0,0,0,0,0,0,0,0,0
470911,1,1,2000,4,4,4,4,4,4,4,4,4,4
470912,1,1,2000,0,0,0,0,0,0,0,0,0,0
470913,1,1,2000,0,0,0,0,0,0,0,0,0,0
470913,2,1,2000,0,0,0,0,0,0,0,0,0,0
470914,1,1,2000,0,0,0,0,0,0,0,0,0,0
470914,2,1,2000,0,0,0,0,0,0,0,0,0,0
470915,1,1,2000,0,0,0,0,0,0,28,0,0,0
470915,2,1,2000,0,0,0,0,0,0,0,0,0,0
470916,1,1,2000,0,0,0,0,0,0,0,0,0,0
470916,2,1,2000,0,0,0,0,0,0,0,0,0,0
470916,3,1,2000,0,0,0,0,0,0,0,0,0,0
470916,4,1,2000,0,0,0,0,0,0,0,0,0,0
470916,5,1,2000,0,0,0,0,0,0,0,0,0,0
470917,1,1,2000,0,0,0,0,0,0,0,0,0,0
470918,1,1,2000,0,0,0,0,0,0,0,0,0,0
470918,2,1,2000,0,0,0,0,0,0,0,0,0,0
470919,1,1,2000,17,17,17,17,17,17,17,17,17,17
470919,2,1,2000,0,0,0,0,0,0,0,0,0,0
470920,1,1,2000,0,0,0,0,0,0,0,0,0,0
470921,1,1,2000,0,0,0,0,0,0,0,0,0,0
470921,2,1,2000,0,0,0,0,0,0,0,0,0,0
470922,0,1,2000,0,0,0,0,0,0,0,0,0,0
470922,0,2,2000,0,0,0,0,0,0,0,0,0,0
470922,1,1,2000,0,0,0,0,0,0,0,0,0,0
470923,1,1,2000,0,0,0,0,0,0,0,0,0,0
470923,2,1,2000,0,0,0,0,0,0,0,0,0,0
470924,1,1,2000,0,0,0,0,0,0,0,0,0,0
470924,2,1,2000,0,0,0,0,0,0,0,0,0,0
470925,1,1,2000,16,16,16,16,16,16,16,16,16,16
470926,0,1,2000,28,28,28,28,28,28,28,28,28,28
470926,1,1,2000,0,0,0,0,0,0,0,0,0,0
470927,1,1,2000,19,19,19,19,19,19,19,19,19,19
470928,1,1,2000,33,0,0,18,29,9,25,0,0,10
470929,1,1,2000,0,0,0,0,0,0,0,0,0,0
470930,0,1,2000,0,0,0,0,0,0,0,0,0,0
470930,1,1,2000,0,0,0,0,0,0,0,0,0,0
470931,1,1,2000,14,16,28,6,17,0,35,0,13,12
470932,1,1,2000,0,0,0,0,0,0,0,0,0,0
470933,1,1,2000,0,0,0,0,0,0,0,0,0,0
470933,2,1,2000,0,0,0,0,0,0,0,0,0,0
470934,1,1,2000,0,0,0,0,0,0,20,0,0,27
470934,2,1,2000,0,0,0,0,0,19,0,0,0,0
470935,1,1,2000,0,0,0,0,0,0,0,0,0,0
470935,2,1,2000,0,0,0,0,0,0,0,0,0,0
470936,1,1,2000,0,0,0,0,0,0,0,0,0,0
470936,2,1,2000,0,0,0,0,0,0,0,0,0,0
470937,1,1,2000,0,23,0,0,0,0,23,0,31,8
470938,1,1,2000,0,0,0,0,0,0,0,0,0,0
470938,2,1,2000,0,0,0,0,0,0,0,0,0,0
470939,0,1,2000,0,0,0,0,0,0,0,0,0,0
470939,1,1,2000,0,0,0,0,0,0,0,0,0,0
470940,1,1,2000,0,0,0,0,0,0,0,0,0,0
470941,1,1,2000,7,0,0,0,0,0,0,0,0,0
470942,1,1,2000,0,0,0,0,0,0,0,0,0,0
470943,1,1,2000,0,0,0,0,0,0,0,0,0,0
470943,2,1,2000,0,0,0,0,0,0,0,0,0,0
470944,1,1,2000,0,0,0,0,0,0,0,0,0,0
470945,1,1,2000,0,0,0,0,0,0,0,0,0,0
470945,2,1,2000,0,0,0,0,0,0,0,0,0,0
470946,1,1,2000,4,24,7,34,22,11,13,10,14,12
470947,1,1,2000,8,8,8,8,8,8,8,8,8,8
470947,2,1,2000,0,0,0,0,0,0,0,11,0,17
470948,1,1,2000,15,15,15,15,15,15,15,15,15,15
470949,1,1,2000,19,19,19,19,19,19,19,19,19,19
470950,1,1,2000,0,0,0,0,0,0,0,0,0,0
470951,1,1,2000,0,0,0,0,0,0,0,0,0,0
470951,2,1,2000,0,0,0,0,0,0,0,0,0,0
470952,1,1,2000,0,0,0,0,0,0,0,0,0,0
470952,2,1,2000,0,0,0,0,0,0,0,0,0,0
470952,3,1,2000,0,0,0,0,0,0,0,0,0,0
470953,1,1,2000,0,0,0,0,0,0,0,0,0,0
470953,2,1,2000,0,0,0,0,0,0,0,0,0,0
470954,0,1,2000,0,0,0,0,0,0,0,0,0,0
470954,1,1,2000,0,0,0,0,0,0,0,0,0,0
470955,1,1,2000,0,0,0,0,0,0,0,0,0,0
470956,1,1,2000,32,32,32,32,32,32,32,32,32,32
470957,1,1,2000,0,0,0,0,0,0,0,0,0,0
470957,2,1,2000,0,0,0,0,0,0,0,0,0,0
470958,1,1,2000,40,40,40,40,40,40,40,40,40,40
470959,1,1,2000,0,0,0,0,0,0,0,0,0,0
470959,2,1,2000,0,0,0,0,0,0,0,0,0,0
470960,1,1,2000,0,0,0,0,0,0,0,0,0,0
470960,2,1,2000,0,0,0,0,0,0,0,0,0,0
470961,1,1,2000,0,0,0,0,0,0,0,0,0,0
470962,1,1,2000,6,6,6,6,6,6,6,6,6,6
470963,1,1,2000,0,0,0,0,0,0,0,0,0,0
470963,2,1,2000,0,0,0,0,0,0,0,0,0,0
470964,1,1,2000,3,3,3,3,3,3,3,3,3,3
470965,1,1,2000,19,19,19,19,19,19,19,19,19,19
470965,2,1,2000,9,0,0,0,26,0,0,7,0,0
470966,1,1,2000,25,25,25,25,25,25,25,25,25,25
470967,1,1,2000,0,0,0,0,0,0,0,0,0,0
470968,1,1,2000,0,0,0,0,0,0,0,0,0,0
470968,2,1,2000,0,0,0,0,0,0,0,0,0,0
470969,1,1,2000,0,0,0,0,0,0,0,0,0,0
470970,1,1,2000,24,24,24,24,24,24,24,24,24,24
470971,1,1,2000,0,0,0,0,0,0,0,0,0,0
470972,1,1,2000,0,0,0,0,0,0,0,0,0,0
470972,2,1,2000,0,0,0,0,0,0,0,0,0,0
470973,1,1,2000,5,5,5,5,5,5,5,5,5,5
470974,1,1,2000,0,0,0,0,0,0,0,0,0,0
470975,1,1,2000,0,0,0,0,0,0,0,0,0,0
470975,2,1,2000,0,0,0,0,0,0,0,0,0,0
470975,3,1,2000,0,0,0,0,0,0,0,0,0,0
470976,1,1,2000,0,0,0,0,0,0,0,0,0,0
470976,2,1,2000,0,0,0,0,0,5,0,0,20,0
470977,1,1,2000,0,0,0,0,0,0,0,0,0,0
470978,1,1,2000,0,0,0,0,0,0,0,0,0,0
470978,2,1,2000,0,0,0,0,0,0,0,0,0,0
470979,0,1,2000,28,28,28,28,28,28,28,28,28,28
470979,1,1,2000,9,0,10,0,15,0,11,0,0,0
470980,1,1,2000,0,0,0,0,0,0,0,0,0,0
470981,1,1,2000,0,0,0,0,0,0,0,0,0,0
470981,2,1,2000,14,14,14,14,14,14,14,14,14,14
470982,1,1,2000,0,0,0,0,0,0,0,0,0,0
470982,2,1,2000,0,0,0,0,0,0,0,0,0,0
470983,1,1,2000,0,0,0,0,0,0,0,0,0,0
470983,2,1,2000,0,0,0,0,0,0,0,0,0,0
470984,1,1,2000,0,0,0,0,0,0,0,0,0,0
470985,1,1,2000,0,0,0,0,0,0,0,0,0,0
470986,1,1,2000,0,0,0,0,0,0,0,0,0,0
470987,0,1,2000,13,13,13,13,13,13,13,13,13,13
470987,1,1,2000,0,0,0,0,0,0,0,0,0,3
470988,1,1,2000,0,0,0,0,0,0,0,0,0,0
470990,1,1,2000,30,30,30,30,30,30,30,30,30,30
470991,1,1,2000,3,3,3,3,3,3,3,3,3,3
470992,1,1,2000,0,0,0,0,0,0,0,0,0,0
470993,1,1,2000,0,0,0,0,0,0,0,0,0,0
470994,1,1,2000,0,0,0,0,0,0,0,0,0,0
470994,2,1,2000,0,0,0,0,0,0,0,0,0,0
470995,1,1,2000,15,15,15,15,15,15,15,15,15,15
470996,1,1,2000,0,0,0,0,8,13,0,15,0,0
470997,1,1,2000,0,0,0,0,0,0,0,0,0,0
470998,1,1,2000,0,0,0,0,0,0,0,0,0,0
470999,1,1,2000,0,0,0,0,0,0,0,0,0,0
471000,1,1,2000,0,0,0,0,0,0,0,0,0,0
471001,1,1,2000,0,0,0,0,0,0,0,0,0,0
471002,1,1,2000,25,25,25,25,25,25,25,25,25,25
471002,2,1,2000,0,0,0,0,0,0,0,0,0,0
471003,1,1,2000,0,0,0,0,0,0,0,0,0,0
471003,2,1,2000,0,0,0,0,0,0,0,0,0,0
471005,1,1,2000,0,0,0,0,0,0,0,0,0,0
471006,1,1,2000,0,0,0,0,0,0,0,0,0,0
471006,2,1,2000,0,0,0,0,0,0,0,0,0,0
471007,0,1,2000,29,29,29,29,29,29,29,29,29,29
471007,1,1,2000,0,0,0,0,0,0,0,0,0,0
471008,1,1,2000,0,0,0,0,0,0,0,0,0,0
471009,0,1,2000,0,0,0,0,0,0,0,0,0,0
471009,1,1,2000,0,0,0,0,0,0,0,0,0,0
471010,1,1,2000,0,0,0,0,0,0,0,0,0,0
471010,2,1,2000,0,0,0,0,0,0,0,0,0,0
471011,0,1,2000,8,40,8,2,15,0,7,0,16,34
471011,1,1,2000,0,0,11,0,0,10,0,0,0,0
471012,1,1,2000,0,0,0,0,0,0,0,0,0,0
471013,1,1,2000,0,0,0,0,0,0,22,0,0,0
471013,2,1,2000,0,0,0,0,0,0,0,0,0,0
471014,1,1,2000,0,0,0,0,0,0,0,0,0,0
471014,2,1,2000,0,0,0,0,0,0,0,0,0,0
471015,1,1,2000,18,18,18,18,18,18,18,18,18,18
471016,1,1,2000,30,0,0,0,19,0,0,0,0,0
471016,2,1,2000,0,0,0,0,0,0,0,0,0,0
471017,1,1,2000,0,0,0,0,0,0,0,0,0,0
471017,2,1,2000,0,0,0,0,0,0,12,0,0,0
471018,1,1,2000,0,0,0,0,0,0,0,0,0,0
471018,2,1,2000,0,0,0,0,0,0,0,0,0,0
471019,1,1,2000,16,10,19,12,6,13,9,25,13,13
471019,2,1,2000,13,13,13,13,13,13,13,13,13,13
471020,1,1,2000,0,0,0,0,0,0,0,0,0,0
471021,1,1,2000,0,0,18,0,0,0,0,0,0,0
471022,1,1,2000,45,5,19,33,22,12,36,7,16,5
471023,0,1,2000,0,0,0,0,0,0,0,0,0,0
471023,1,1,2000,0,0,0,0,0,0,0,0,0,0
471024,1,1,2000,0,30,11,0,16,0,0,0,6,28
471025,1,1,2000,20,20,20,20,20,20,20,20,20,20
471025,2,1,2000,0,0,0,0,0,0,0,0,0,0
471026,1,1,2000,13,13,13,13,13,13,13,13,13,13
471027,1,1,2000,0,22,0,0,0,0,8,0,19,0
471028,1,1,2000,0,0,0,0,0,0,0,0,0,0
471028,2,1,2000,0,0,0,0,0,0,0,0,0,0
471028,3,1,2000,0,0,0,0,0,0,0,0,0,0
471028,4,1,2000,14,14,14,14,14,14,14,14,14,14
471029,1,1,2000,22,0,0,0,0,0,0,0,0,0
471029,2,1,2000,0,0,0,0,0,0,0,13,0,0
471030,1,1,2000,0,0,0,0,0,0,0,0,0,0
471030,2,1,2000,0,0,0,0,0,0,0,0,0,0
471031,1,1,2000,0,7,0,16,7,0,28,17,13,21
471032,1,1,2000,0,0,0,0,0,0,0,0,0,0
471032,2,1,2000,0,0,0,0,0,0,0,0,0,0
471033,1,1,2000,23,23,23,23,23,23,23,23,23,23
471034,1,1,2000,0,0,0,0,0,0,0,0,0,0
471034,2,1,2000,0,0,0,0,0,0,0,0,0,0
471035,1,1,2000,0,0,0,0,0,0,0,0,0,0
471036,1,1,2000,0,0,0,23,0,0,16,11,0,16
471037,0,1,2000,8,8,8,8,8,8,8,8,8,8
471037,1,1,2000,0,0,0,0,0,0,0,0,0,0
471038,1,1,2000,0,0,0,0,0,0,0,0,0,0
471038,2,1,2000,0,0,0,13,0,0,2,0,0,20
471039,1,1,2000,0,0,0,0,0,0,0,0,0,0
471039,2,1,2000,0,0,0,0,0,0,0,0,0,0
471039,3,1,2000,0,0,0,0,0,0,0,0,0,0
471040,1,1,2000,0,0,0,0,0,0,0,0,0,0
471041,1,1,2000,15,15,15,15,15,15,15,15,15,15
471041,2,1,2000,4,0,0,0,0,0,0,0,0,0
471041,3,1,2000,0,0,0,0,0,0,0,0,0,0
471042,1,1,2000,23,23,23,23,23,23,23,23,23,23
471043,1,1,2000,0,0,0,0,0,0,0,0,0,0
471044,1,1,2000,0,0,0,0,0,0,0,0,0,0
471044,2,1,2000,0,0,0,0,0,0,0,0,0,11
471044,3,1,2000,0,0,0,10,0,0,0,0,0,0
471045,1,1,2000,0,0,0,0,0,0,0,0,0,0
471046,1,1,2000,0,0,0,0,0,0,0,0,0,0
471046,2,1,2000,0,0,0,0,0,0,0,0,0,0
471047,1,1,2000,0,0,0,0,0,0,0,0,0,0
471047,2,1,2000,0,0,0,0,0,0,0,0,0,0
471048,1,1,2000,8,8,8,8,8,8,8,8,8,8
471049,1,1,2000,0,0,0,0,0,0,0,0,0,0
471049,2,1,2000,0,0,0,0,0,0,0,0,0,0
471050,1,1,2000,0,0,0,0,0,0,0,0,0,0
471051,1,1,2000,0,0,0,0,0,0,0,0,0,0
471051,2,1,2000,9,11,12,15,17,29,6,14,14,11
471052,1,1,2000,2,2,2,2,2,2,2,2,2,2
471053,0,1,2000,0,0,0,0,0,0,0,0,0,0
471053,1,1,2000,0,0,0,0,0,0,0,0,0,0
471054,0,1,2000,0,0,0,0,0,0,0,0,0,0
471054,1,1,2000,0,0,0,0,0,0,0,0,0,0
471055,1,1,2000,23,23,23,23,23,23,23,23,23,23
471056,1,1,2000,21,21,21,21,21,21,21,21,21,21
471057,1,1,2000,24,9,24,12,4,23,22,0,17,5
471058,1,1,2000,14,14,14,14,14,14,14,14,14,14
471059,1,1,2000,17,0,4,4,20,15,26,29,10,27
471059,2,1,2000,0,0,0,0,0,0,0,0,0,0
471060,1,1,2000,0,0,0,0,0,0,0,0,0,0
471061,1,1,2000,0,0,0,0,0,0,0,0,0,0
471061,2,1,2000,0,0,0,0,0,0,0,0,0,0
471061,3,1,2000,0,0,0,0,0,0,0,0,0,0
471062,1,1,2000,0,0,0,0,0,0,0,0,0,0
471062,2,1,2000,0,0,0,0,0,0,0,0,0,0
471063,1,1,2000,6,23,11,19,27,10,16,15,15,33
471064,1,1,2000,0,0,0,0,0,0,0,0,0,0
471065,1,1,2000,27,0,12,0,0,0,0,0,0,17
471066,1,1,2000,10,12,13,28,25,8,32,6,14,17
471067,1,1,2000,23,23,34,36,0,27,0,14,19,0
471068,1,1,2000,14,14,14,14,14,14,14,14,14,14
471068,2,1,2000,0,0,0,0,0,0,0,0,0,0
471069,1,1,2000,25,16,10,18,6,22,18,17,17,15
471070,1,1,2000,21,21,21,21,21,21,21,21,21,21
471071,1,1,2000,0,14,0,0,0,0,0,0,0,0
471071,2,1,2000,0,0,0,0,0,0,0,0,0,0
471072,1,1,2000,0,0,0,0,0,0,0,0,0,0
471073,1,1,2000,36,36,36,36,36,36,36,36,36,36
471074,1,1,2000,0,0,0,0,0,0,0,0,0,0
471075,1,1,2000,0,0,0,0,0,0,0,0,0,0
471075,2,1,2000,0,0,0,0,0,0,0,0,0,0
471076,1,1,2000,0,0,0,0,0,0,0,0,0,0
471076,2,1,2000,0,0,0,0,0,0,0,0,0,0
471077,0,1,2000,0,0,0,0,0,0,0,0,0,0
471077,1,1,2000,0,0,0,0,0,0,0,0,0,0
471078,1,1,2000,0,25,0,28,0,0,0,0,16,0
471078,2,1,2000,0,0,0,0,0,0,0,0,0,0
471079,1,1,2000,0,0,0,0,0,0,0,0,0,0
471080,1,1,2000,0,0,0,0,0,0,0,0,0,0
471081,1,1,2000,0,0,0,0,0,0,0,0,0,0
471081,2,1,2000,0,0,0,0,0,0,0,0,0,0
471082,1,1,2000,0,0,0,0,0,0,0,0,0,0
471083,1,1,2000,3,24,14,7,27,11,13,20,20,16
471083,2,1,2000,19,0,0,0,11,0,0,18,6,0
471084,1,1,2000,5,2,27,7,16,11,39,9,23,12
471085,1,1,2000,41,41,41,41,41,41,41,41,41,41
471086,1,1,2000,29,29,29,29,29,29,29,29,29,29
471087,1,1,2000,0,0,0,0,0,0,0,0,0,0
471087,2,1,2000,26,0,0,0,0,18,14,23,0,0
471088,1,1,2000,0,0,0,0,0,0,0,0,0,18
471089,0,1,2000,0,0,0,0,0,0,0,0,0,0
471089,1,1,2000,0,0,0,0,0,0,0,0,0,0
471090,1,1,2000,0,0,0,0,0,0,0,0,0,0
471090,2,1,2000,0,0,0,0,0,0,0,0,0,0
471091,1,1,2000,0,0,0,0,0,0,0,0,0,0
471092,1,1,2000,0,0,0,0,0,0,0,0,0,0
471092,2,1,2000,0,0,0,0,0,0,0,0,0,0
471093,1,1,2000,0,0,0,0,0,0,0,0,0,0
471093,2,1,2000,0,0,0,0,0,0,0,0,0,0
471093,3,1,2000,0,0,0,0,0,0,0,0,0,0
471093,4,1,2000,0,0,0,0,0,0,0,0,0,0
471093,5,1,2000,0,0,0,0,0,0,0,0,0,0
471093,6,1,2000,0,0,0,0,0,0,0,0,0,0
471094,1,1,2000,0,0,0,0,0,0,0,0,0,0
471094,2,1,2000,7,7,7,7,7,7,7,7,7,7
471096,1,1,2000,23,23,23,23,23,23,23,23,23,23
471096,2,1,2000,0,0,0,0,0,0,0,0,0,0
471097,1,1,2000,0,0,0,0,0,0,0,0,0,0
471097,2,1,2000,0,0,0,0,0,0,0,0,0,0
471098,1,1,2000,0,0,0,0,0,0,0,0,0,0
471099,1,1,2000,0,0,0,0,0,0,0,0,0,0
471099,2,1,2000,0,0,0,0,0,0,0,0,0,0
471100,1,1,2000,0,0,0,0,0,0,0,0,0,0
471100,2,1,2000,0,0,0,0,0,0,0,0,0,0
471101,1,1,2000,0,0,0,0,0,0,0,0,0,0
471102,1,1,2000,24,24,24,24,24,24,24,24,24,24
471103,1,1,2000,0,0,0,6,0,0,0,0,0,0
471103,2,1,2000,0,0,0,0,0,0,0,0,0,9
471104,1,1,2000,6,0,0,0,0,0,0,0,0,0
471104,2,1,2000,15,15,15,15,15,15,15,15,15,15
471105,1,1,2000,0,0,0,0,0,0,0,0,0,0
471105,2,1,2000,0,0,0,0,0,0,0,16,0,0
471106,1,1,2000,14,8,15,14,0,0,0,12,12,0
471107,1,1,2000,13,15,14,12,12,12,17,9,9,11
471108,1,1,2000,0,0,0,0,0,0,0,0,0,0
471108,2,1,2000,0,0,0,0,0,0,0,0,0,0
471109,1,1,2000,0,0,0,0,0,0,0,0,0,0
471109,2,1,2000,0,0,0,0,0,0,0,0,0,0
471110,1,1,2000,0,0,0,0,0,0,0,0,0,0
471110,2,1,2000,0,0,0,0,0,0,0,0,0,0
471111,1,1,2000,15,15,15,15,15,15,15,15,15,15
471112,1,1,2000,0,0,0,0,0,0,0,0,0,0
471112,2,1,2000,0,23,17,0,0,0,0,21,0,0
471113,1,1,2000,0,0,0,0,0,0,0,0,0,0
471114,1,1,2000,17,17,17,17,17,17,17,17,17,17
471116,1,1,2000,0,0,0,0,0,0,0,0,0,0
471118,1,1,2000,33,33,33,33,33,33,33,33,33,33
471119,1,1,2000,20,20,20,20,20,20,20,20,20,20
471119,2,1,2000,0,0,0,0,0,0,0,0,0,0
471120,1,1,2000,0,0,0,0,0,0,0,0,0,0
471121,1,1,2000,0,0,0,0,0,17,0,0,0,0
471121,2,1,2000,0,0,0,0,0,0,0,0,0,0
471122,1,1,2000,0,0,0,0,0,0,0,0,0,0
471123,1,1,2000,0,0,0,0,0,0,0,0,0,0
471124,1,1,2000,0,0,0,0,0,0,0,0,0,0
471124,2,1,2000,0,0,0,0,0,0,0,0,0,0
471125,1,1,2000,0,0,0,0,0,0,0,0,0,0
471125,2,1,2000,0,0,0,0,0,0,0,0,0,0
471126,0,1,2000,0,0,0,0,0,0,0,0,0,0
471126,1,1,2000,0,0,0,0,0,0,0,0,0,0
471127,1,1,2000,0,15,0,11,8,24,13,37,20,0
471128,1,1,2000,0,0,0,0,0,0,0,0,0,0
471128,2,1,2000,0,0,0,0,0,0,0,0,0,0
471128,3,1,2000,0,0,0,0,0,0,0,0,25,0
471129,1,1,2000,0,0,0,0,0,0,0,0,0,0
471129,2,1,2000,0,0,0,0,0,0,0,0,0,0
471130,1,1,2000,0,0,0,0,0,0,0,0,0,0
471131,1,1,2000,0,0,0,0,0,0,0,0,0,0
471131,2,1,2000,0,0,0,0,0,0,0,0,0,0
471132,1,1,2000,28,24,11,11,15,9,19,22,0,15
471133,1,1,2000,0,0,0,0,0,0,0,0,0,0
471134,1,1,2000,0,0,0,0,0,0,13,24,0,0
471135,1,1,2000,0,0,0,0,0,0,0,0,0,0
471135,2,1,2000,0,19,0,0,0,0,0,0,0,0
471135,3,1,2000,0,0,0,0,16,0,0,0,0,0
471136,1,1,2000,0,8,0,0,0,0,0,0,0,0
471137,1,1,2000,0,0,0,0,0,6,0,0,0,0
471138,1,1,2000,18,18,18,18,18,18,18,18,18,18
471138,2,1,2000,15,0,25,0,0,7,16,16,0,0
471139,1,1,2000,0,0,0,0,0,0,0,0,0,0
471139,2,1,2000,0,0,0,0,0,0,0,0,0,0
471140,1,1,2000,0,9,0,17,0,0,0,0,0,0
471140,2,1,2000,15,0,12,7,0,0,0,0,0,0
471141,1,1,2000,0,0,33,21,0,4,0,0,29,0
471141,2,1,2000,15,0,0,14,10,3,25,14,0,0
471141,3,1,2000,0,0,0,0,0,0,0,0,0,0
471141,4,1,2000,0,0,4,8,0,0,0,0,11,0