ST_CASE,VEH_NO,PER_NO,YEAR,P1,P2,P3,P4,P5,P6,P7,P8,P9,P10
471141,5,1,2000,0,0,0,0,0,0,0,0,0,0
471142,1,1,2000,0,0,0,0,0,0,0,0,0,0
471143,1,1,2000,0,0,0,0,7,0,0,0,0,0
471144,1,1,2000,0,0,0,0,0,0,0,0,0,0
471144,2,1,2000,0,0,0,0,0,0,0,0,0,0
471144,3,1,2000,0,0,0,0,0,0,0,0,0,0
471145,0,1,2000,0,0,0,0,0,0,0,0,0,0
471145,1,1,2000,0,0,0,0,17,0,0,0,0,0
471146,1,1,2000,0,0,0,0,0,0,0,0,0,0
471147,1,1,2000,24,11,18,11,18,7,0,15,8,30
471147,2,1,2000,0,0,17,0,0,0,25,12,0,0
471147,3,1,2000,0,0,0,0,0,0,0,14,0,0
471148,1,1,2000,0,0,0,0,0,0,0,0,0,0
471148,2,1,2000,0,0,0,0,0,0,0,0,0,0
471149,1,1,2000,0,0,0,0,0,0,0,0,0,0
471149,2,1,2000,0,0,0,0,0,0,0,0,0,0
471150,1,1,2000,0,0,0,0,0,0,0,0,6,0
471150,2,1,2000,6,0,0,0,0,0,0,10,0,0
471151,1,1,2000,14,10,0,11,0,0,0,21,0,0
471152,1,1,2000,12,12,0,0,0,3,0,0,0,0
471153,1,1,2000,0,0,0,0,0,7,0,0,0,0
471154,1,1,2000,0,0,0,0,0,0,0,0,0,0
471154,2,1,2000,14,14,14,14,14,14,14,14,14,14
471154,3,1,2000,0,0,15,0,0,0,0,0,0,0
471155,0,1,2000,0,0,0,0,0,0,0,0,0,0
471155,1,1,2000,0,0,0,0,0,0,0,0,0,0
471156,1,1,2000,0,0,0,0,0,0,0,0,0,0
471156,2,1,2000,0,0,0,0,0,0,0,0,0,13
471157,1,1,2000,34,34,34,34,34,34,34,34,34,34
471158,1,1,2000,0,0,0,0,0,0,0,0,8,0
471158,2,1,2000,22,0,0,0,0,0,0,0,0,0
471159,1,1,2000,18,18,18,18,18,18,18,18,18,18
471160,1,1,2000,17,17,17,17,17,17,17,17,17,17
471161,1,1,2000,0,0,3,0,0,8,0,0,9,0
471161,2,1,2000,6,0,0,17,10,27,5,18,0,0
471162,1,1,2000,21,0,34,0,37,0,7,32,0,0
471163,1,1,2000,0,0,0,0,0,0,0,0,0,0
471163,2,1,2000,0,0,0,0,0,0,0,0,0,0
471164,1,1,2000,0,0,0,0,0,0,0,0,0,0
471164,2,1,2000,0,0,0,0,0,0,0,0,0,0
471165,1,1,2000,0,0,17,0,0,0,0,0,0,0
471165,2,1,2000,0,0,0,0,0,0,0,0,0,0
471166,0,1,2000,23,23,23,23,23,23,23,23,23,23
471166,1,1,2000,0,0,0,0,0,0,0,0,0,0
471167,1,1,2000,0,0,0,0,0,0,0,0,0,0
471167,2,1,2000,0,0,0,30,0,0,0,0,0,0
471168,1,1,2000,0,0,0,0,0,0,0,0,0,0
471168,2,1,2000,0,0,0,0,0,0,0,0,0,0
471169,1,1,2000,0,0,0,0,0,0,0,0,0,0
471169,2,1,2000,0,0,0,0,0,0,0,0,0,0
471169,3,1,2000,0,0,0,0,0,0,0,0,0,0
471170,1,1,2000,13,13,13,13,13,13,13,13,13,13
471171,1,1,2000,0,0,0,0,0,0,0,0,0,0
471171,2,1,2000,0,0,0,0,0,0,0,0,0,0
471172,0,1,2000,18,4,15,15,20,40,25,7,15,19
471172,1,1,2000,0,0,0,0,0,0,0,0,0,0
471173,1,1,2000,21,21,21,21,21,21,21,21,21,21
471173,2,1,2000,0,0,0,0,0,0,0,0,0,0
471174,0,1,2000,0,0,0,0,0,0,0,0,0,0
471174,0,2,2000,0,0,0,0,4,27,0,0,16,22
471174,1,1,2000,0,0,0,0,0,0,0,0,0,0
471175,1,1,2000,0,0,0,0,0,0,0,0,0,0
471176,1,1,2000,0,0,0,0,0,0,0,0,11,0
471176,2,1,2000,0,0,0,0,0,0,0,0,0,0
471177,1,1,2000,0,0,0,0,7,0,0,0,0,0
471178,1,1,2000,0,0,0,0,0,0,0,0,0,0
471178,2,1,2000,0,0,0,0,0,0,0,0,0,0
471179,1,1,2000,0,14,0,0,11,0,0,0,0,0
471180,1,1,2000,0,0,0,0,0,0,0,0,0,0
471181,1,1,2000,0,0,0,0,12,0,0,6,0,0
471181,2,1,2000,0,0,0,0,0,0,0,0,0,0
471182,1,1,2000,27,27,27,27,27,27,27,27,27,27
471183,1,1,2000,0,0,0,0,0,0,0,0,0,0
471183,2,1,2000,0,0,0,0,0,0,0,0,0,0
471183,3,1,2000,0,0,0,0,0,0,0,0,0,0
471184,1,1,2000,0,0,0,0,0,0,0,0,0,0
471185,1,1,2000,0,0,0,37,3,0,0,0,0,0
471186,1,1,2000,0,0,0,13,12,0,0,0,13,0
471187,1,2,2000,0,0,0,8,7,8,6,7,20,16
471188,1,1,2000,0,0,0,0,0,0,0,0,0,0
471188,2,1,2000,0,0,0,0,0,0,0,0,0,0
471189,1,1,2000,21,24,13,14,10,38,18,4,15,16
471190,1,1,2000,0,0,0,0,0,0,0,0,0,0
471191,1,1,2000,0,0,0,0,0,0,0,0,0,0
471192,1,1,2000,0,0,0,0,0,0,0,0,0,0
480001,0,1,2000,18,18,18,18,18,18,18,18,18,18
480001,1,1,2000,11,11,11,11,11,11,11,11,11,11
480002,1,1,2000,27,15,9,31,29,10,19,20,12,30
480003,1,1,2000,8,8,8,8,8,8,8,8,8,8
480004,1,1,2000,12,31,19,12,10,26,0,4,15,14
480004,2,1,2000,0,11,0,0,0,12,0,0,0,0
480005,1,1,2000,21,21,21,21,21,21,21,21,21,21
480006,1,1,2000,0,0,0,0,0,0,0,0,0,0
480006,2,1,2000,0,15,20,0,0,0,0,0,0,0
480007,1,1,2000,18,18,18,18,18,18,18,18,18,18
480008,1,1,2000,0,0,0,0,0,0,0,0,0,0
480008,2,1,2000,0,15,0,0,0,0,0,0,0,0
480009,1,1,2000,17,17,17,17,17,17,17,17,17,17
480010,1,1,2000,22,14,0,15,0,7,0,9,15,22
480011,1,1,2000,16,16,16,16,16,16,16,16,16,16
480012,1,1,2000,0,0,0,0,0,0,0,0,0,0
480013,1,1,2000,0,40,0,0,0,21,0,0,0,8
480014,1,1,2000,0,0,12,0,0,26,0,0,0,0
480014,2,1,2000,13,0,0,0,0,20,0,10,13,0
480015,1,1,2000,21,0,0,0,5,0,18,0,0,0
480015,2,1,2000,0,0,0,0,0,0,0,0,0,0
480016,1,1,2000,21,21,21,21,21,21,21,21,21,21
480016,2,1,2000,14,14,14,14,14,14,14,14,14,14
480017,1,1,2000,0,0,0,0,8,0,3,0,0,0
480018,1,1,2000,0,0,26,0,0,0,13,0,0,0
480019,1,1,2000,11,11,11,11,11,11,11,11,11,11
480020,1,1,2000,0,0,12,0,0,0,0,0,12,0
480020,2,1,2000,0,16,0,0,12,0,0,0,0,0
480021,0,1,2000,18,11,0,24,0,32,47,0,19,13
480021,1,1,2000,0,0,0,0,0,0,0,0,0,0
480022,1,1,2000,0,13,0,0,0,0,0,27,0,0
480022,2,1,2000,0,0,0,0,0,0,0,3,0,0
480023,1,1,2000,17,17,17,17,17,17,17,17,17,17
480024,0,1,2000,0,0,0,0,0,0,0,0,0,0
480024,1,1,2000,0,0,0,0,0,0,0,0,24,0
480025,1,1,2000,0,0,0,0,0,0,0,0,0,0
480025,2,1,2000,0,0,0,0,0,0,0,0,0,0
480026,1,1,2000,3,3,3,3,3,3,3,3,3,3
480027,1,1,2000,0,0,0,0,0,0,0,0,0,0
480028,1,1,2000,0,0,0,0,0,0,0,0,0,0
480029,1,1,2000,20,16,4,13,13,9,1,6,19,8
480030,1,1,2000,0,0,0,0,0,0,0,0,0,0
480030,2,1,2000,0,0,0,0,0,0,0,0,0,0
480031,1,1,2000,0,0,0,20,29,19,30,22,0,0
480031,2,1,2000,0,0,26,0,23,0,0,0,0,0
480031,3,1,2000,11,34,0,5,0,0,7,0,0,0
480032,1,1,2000,0,0,0,0,0,0,0,0,0,0
480033,1,1,2000,6,6,6,6,6,6,6,6,6,6
480034,1,1,2000,0,0,0,28,3,0,0,0,20,0
480034,2,1,2000,17,17,17,17,17,17,17,17,17,17
480035,0,1,2000,21,21,21,21,21,21,21,21,21,21
480035,1,1,2000,10,0,12,21,0,24,0,17,0,0
480036,1,1,2000,0,0,0,0,0,0,0,0,0,0
480036,2,1,2000,0,0,0,0,0,0,0,0,0,0
480037,1,1,2000,6,9,24,14,11,23,18,23,2,26
480038,1,1,2000,0,0,0,0,0,0,0,0,0,0
480038,2,1,2000,0,0,0,0,0,0,0,23,0,6
480039,1,1,2000,0,0,0,0,0,0,0,0,0,0
480039,2,1,2000,0,0,0,0,0,0,0,0,0,0
480040,1,1,2000,10,0,0,0,0,0,0,0,0,0
480040,2,1,2000,0,0,0,0,2,0,0,0,0,0
480041,1,1,2000,0,0,0,0,0,0,0,0,0,0
480041,2,1,2000,0,0,0,0,0,0,0,0,0,0
480042,1,1,2000,0,0,0,0,0,0,0,0,0,0
480042,2,1,2000,0,0,0,0,0,0,0,0,0,0
480043,1,1,2000,18,39,0,15,14,23,0,28,23,15
480044,1,1,2000,12,14,13,15,27,18,2,28,26,15
480045,1,1,2000,25,25,25,25,25,25,25,25,25,25
480046,1,1,2000,0,5,0,18,0,0,0,10,0,0
480046,2,1,2000,10,0,0,9,0,0,0,0,0,0
480047,1,1,2000,0,0,0,0,0,0,0,0,0,0
480047,2,1,2000,31,31,31,31,31,31,31,31,31,31
480048,1,1,2000,0,0,0,0,0,13,0,0,0,10
480049,1,1,2000,0,0,0,0,0,0,0,0,0,0
480049,2,1,2000,0,0,0,0,0,0,0,0,0,0
480050,1,1,2000,27,27,27,27,27,27,27,27,27,27
480051,1,1,2000,18,18,18,18,18,18,18,18,18,18
480052,1,1,2000,0,0,0,0,0,0,0,0,0,0
480053,1,1,2000,16,16,16,16,16,16,16,16,16,16
480054,1,1,2000,0,0,0,0,0,0,0,0,0,0
480054,2,1,2000,0,0,0,0,0,0,0,0,0,0
480055,1,1,2000,0,0,0,0,0,0,0,0,0,0
480056,1,1,2000,0,0,0,0,0,0,0,0,0,0
480057,0,1,2000,0,0,11,0,9,0,0,31,0,0
480057,1,1,2000,0,0,0,0,19,0,0,0,0,0
480058,1,1,2000,23,23,23,23,23,23,23,23,23,23
480059,1,1,2000,0,0,0,0,0,0,0,0,0,0
480060,0,1,2000,14,14,14,14,14,14,14,14,14,14
480060,1,1,2000,0,0,25,0,0,0,0,0,0,0
480061,0,1,2000,9,23,12,0,0,25,0,22,22,0
480061,1,1,2000,5,0,0,0,0,0,0,3,0,0
480061,2,1,2000,0,0,0,0,0,0,0,0,0,0
480061,3,1,2000,0,0,0,16,0,0,0,0,0,9
480061,4,1,2000,15,6,0,0,13,0,20,0,0,44
480062,1,1,2000,29,10,6,13,0,16,0,19,0,0
480063,1,1,2000,12,10,9,13,33,15,19,38,31,14
480064,1,1,2000,19,25,23,0,13,15,22,16,23,21
480065,1,1,2000,0,0,8,6,32,0,0,10,15,0
480066,1,1,2000,0,0,0,0,0,0,0,0,0,0
480067,1,1,2000,24,24,0,19,31,11,17,18,12,25
480068,1,1,2000,0,0,0,0,0,0,0,0,0,0
480068,2,1,2000,0,0,0,0,0,0,0,0,0,0
480069,1,1,2000,0,0,0,0,0,0,6,0,0,0
480069,2,1,2000,0,0,0,0,0,0,0,0,0,0
480069,3,1,2000,0,0,0,0,0,0,0,0,0,0
480070,1,1,2000,0,0,0,0,0,0,0,0,0,0
480071,1,1,2000,0,9,11,10,9,29,9,29,12,9
480071,2,1,2000,0,12,19,7,0,19,0,0,0,14
480072,1,1,2000,0,11,0,0,24,0,0,0,9,11
480073,1,1,2000,11,0,0,0,0,0,0,6,15,0
480073,2,1,2000,0,0,0,0,7,0,0,0,0,29
480074,1,1,2000,22,22,22,22,22,22,22,22,22,22
480075,1,1,2000,0,0,0,0,0,0,6,0,19,0
480076,1,1,2000,0,0,0,0,0,0,0,0,0,0
480077,1,1,2000,0,0,0,0,0,0,0,0,0,0
480077,2,1,2000,0,0,0,0,0,0,0,0,0,0
480078,1,1,2000,0,0,0,0,0,0,0,0,0,0
480079,1,1,2000,0,0,0,11,0,33,0,0,0,0
480080,1,1,2000,8,8,8,8,8,8,8,8,8,8
480081,1,1,2000,10,10,10,10,10,10,10,10,10,10
480082,1,1,2000,32,0,0,24,0,23,0,24,13,0
480082,2,1,2000,0,0,0,0,0,0,0,0,0,11
480083,1,1,2000,0,22,0,5,0,14,0,0,0,0
480084,1,1,2000,23,23,23,23,23,23,23,23,23,23
480085,1,1,2000,0,0,0,0,0,0,0,0,0,0
480085,2,1,2000,0,0,0,0,0,0,0,0,0,0
480086,1,1,2000,0,0,0,0,0,9,0,0,14,0
480086,2,1,2000,0,0,0,18,17,10,3,0,12,0
480087,1,1,2000,0,0,0,0,0,0,0,0,0,0
480088,1,1,2000,0,0,0,0,0,0,0,0,0,0
480088,2,1,2000,0,0,0,0,0,3,0,0,0,10
480088,3,1,2000,0,0,0,0,0,0,0,0,0,0
480089,1,1,2000,0,0,0,0,0,0,0,0,0,0
480089,2,1,2000,0,0,0,0,0,0,0,0,0,0
480090,1,1,2000,0,0,0,0,0,0,0,0,0,0
480090,2,1,2000,0,26,0,0,0,0,0,0,0,0
480091,1,1,2000,0,0,0,0,0,0,0,0,0,0
480092,1,1,2000,0,8,0,0,0,0,0,0,0,0
480092,2,1,2000,0,0,0,0,0,14,0,0,0,0
480093,1,1,2000,0,0,0,0,0,0,0,0,19,0
480093,2,1,2000,0,4,0,0,0,0,0,0,0,0
480094,1,1,2000,0,0,0,0,0,0,0,0,0,0
480095,1,1,2000,14,14,14,14,14,14,14,14,14,14
480095,2,1,2000,0,0,0,0,0,0,0,0,0,0
480096,1,1,2000,11,11,11,11,11,11,11,11,11,11
480097,1,1,2000,20,16,11,22,8,6,24,22,11,11
480098,1,1,2000,0,0,0,0,0,0,0,0,0,0
480099,1,1,2000,0,0,0,0,0,0,0,0,0,0
480099,2,1,2000,12,12,12,12,12,12,12,12,12,12
480100,1,1,2000,28,17,20,19,17,37,24,28,4,25
480101,1,1,2000,0,0,0,0,0,0,0,0,0,0
480101,2,1,2000,0,0,0,0,0,32,0,0,0,0
480102,1,1,2000,0,0,0,0,0,0,0,0,0,11
480102,2,1,2000,0,13,0,19,0,0,0,0,0,0
480103,1,1,2000,0,0,0,0,0,0,0,0,0,0
480103,2,1,2000,0,0,0,16,27,0,0,0,0,0
480104,1,1,2000,25,25,25,25,25,25,25,25,25,25
480105,0,1,2000,18,18,18,18,18,18,18,18,18,18
480105,0,2,2000,12,0,19,9,22,26,23,19,24,8
480105,0,3,2000,15,37,13,21,22,0,0,5,37,17
480105,1,1,2000,0,0,0,0,0,0,0,0,0,0
480106,1,1,2000,17,17,17,17,17,17,17,17,17,17
480107,1,1,2000,28,28,28,28,28,28,28,28,28,28
480108,1,1,2000,0,0,0,0,0,15,0,0,0,6
480108,2,1,2000,0,11,0,0,0,0,0,0,0,0
480108,3,1,2000,0,0,0,0,0,0,0,0,0,0
480108,4,1,2000,0,0,0,0,0,0,2,0,0,0
480109,1,1,2000,0,10,3,0,0,0,0,0,8,0
480109,2,1,2000,0,0,0,0,14,0,0,0,0,0
480110,1,1,2000,0,0,0,0,12,0,0,5,0,0
480110,2,1,2000,0,0,0,0,0,0,0,0,0,0
480111,1,1,2000,0,0,0,0,0,0,0,0,0,0
480112,1,1,2000,0,0,0,0,0,0,0,0,0,0
480112,2,1,2000,0,0,0,0,0,0,0,0,0,0
480113,1,1,2000,0,0,0,0,0,8,0,0,0,0
480113,2,1,2000,0,0,0,0,0,0,0,7,0,0
480114,1,1,2000,0,0,0,0,0,0,0,0,0,0
480115,1,1,2000,15,15,15,15,15,15,15,15,15,15
480115,2,1,2000,0,0,0,0,0,0,0,0,0,0
480116,1,1,2000,0,0,0,0,0,0,0,0,0,0
480117,1,1,2000,0,0,0,0,0,0,0,0,0,0
480117,2,1,2000,0,0,0,0,0,0,0,0,0,0
480118,1,1,2000,0,0,0,0,0,0,0,0,0,0
480118,2,1,2000,0,0,0,0,0,0,0,0,0,0
480119,1,1,2000,14,14,14,14,14,14,14,14,14,14
480120,1,1,2000,0,0,0,0,0,0,0,0,0,0
480120,2,1,2000,0,0,0,0,0,0,0,0,0,0
480121,0,1,2000,0,0,14,0,0,0,0,0,0,0
480121,1,1,2000,0,5,0,0,0,0,0,0,4,3
480122,1,1,2000,24,0,0,18,17,39,0,20,0,19
480123,1,1,2000,0,0,0,0,0,0,0,0,0,0
480123,2,1,2000,0,0,0,24,12,0,0,0,0,0
480124,1,1,2000,0,0,0,0,0,0,0,0,0,0
480124,2,1,2000,0,0,0,0,0,0,0,0,0,0
480124,3,1,2000,0,0,0,0,0,0,0,0,0,0
480125,0,1,2000,19,53,0,0,12,0,0,0,0,0
480125,1,1,2000,0,11,0,0,0,0,0,0,0,0
480126,1,1,2000,0,0,0,0,0,0,0,0,0,0
480127,1,1,2000,0,0,0,0,0,0,0,0,0,0
480128,1,1,2000,15,15,15,15,15,15,15,15,15,15
480129,1,1,2000,0,0,0,0,0,0,0,0,0,0
480130,1,1,2000,14,0,0,0,0,0,0,14,0,13
480130,2,1,2000,5,0,0,0,0,0,0,0,0,0
480130,3,1,2000,0,0,0,0,0,0,0,0,0,0
480131,1,1,2000,0,0,0,0,0,0,0,16,0,0
480131,2,1,2000,0,0,0,0,0,0,0,0,0,0
480132,0,1,2000,0,0,0,12,0,0,0,0,0,0
480132,1,1,2000,8,15,10,20,15,5,13,0,14,4
480133,1,1,2000,0,0,0,0,0,0,0,0,0,0
480133,2,1,2000,0,0,0,0,0,26,0,0,0,0
480134,1,1,2000,0,0,0,0,0,0,0,0,0,0
480134,2,1,2000,0,0,0,0,0,0,0,0,0,0
480134,3,1,2000,0,0,0,0,0,0,0,0,0,0
480135,0,1,2000,0,0,23,13,0,0,21,16,0,0
480135,1,1,2000,0,0,0,0,0,0,0,0,23,0
480136,1,1,2000,0,0,0,0,0,0,0,0,0,0
480136,2,1,2000,0,0,0,0,0,0,0,0,0,13
480137,1,1,2000,14,14,14,14,14,14,14,14,14,14
480138,1,1,2000,0,0,0,0,0,0,0,0,0,0
480138,2,1,2000,0,0,0,0,0,0,0,0,0,0
480139,1,1,2000,0,0,0,0,0,0,0,0,0,0
480139,2,1,2000,0,0,0,0,0,0,0,0,0,0
480140,1,1,2000,0,0,0,0,0,0,0,0,0,0
480140,2,1,2000,0,0,0,0,0,0,0,0,0,0
480141,1,1,2000,0,0,0,0,0,0,0,0,0,0
480141,2,1,2000,0,0,0,35,21,0,0,0,0,0
480142,1,1,2000,4,5,19,0,0,0,19,7,0,0
480143,1,1,2000,0,0,0,0,0,0,0,0,0,0
480143,2,1,2000,0,0,0,0,0,0,0,0,0,0
480143,3,1,2000,0,0,0,5,11,0,0,0,0,0
480144,1,1,2000,0,0,14,31,0,20,0,22,0,0
480144,2,1,2000,0,0,0,0,0,0,0,0,0,0
480145,1,1,2000,0,0,0,0,0,0,0,0,0,0
480146,1,1,2000,0,0,0,0,0,0,0,0,0,0
480146,2,1,2000,0,0,0,0,0,0,0,0,14,0
480147,0,1,2000,12,18,37,16,0,12,9,0,23,44
480147,1,1,2000,0,0,0,11,15,0,0,0,44,0
480148,1,1,2000,0,0,0,18,0,13,0,0,0,12
480149,1,1,2000,0,0,0,13,0,0,0,0,0,0
480149,2,1,2000,0,0,0,0,0,0,0,0,0,0
480150,1,1,2000,20,14,33,22,15,42,6,26,31,0
480151,1,1,2000,6,6,6,6,6,6,6,6,6,6
480152,1,1,2000,0,0,0,0,0,0,0,0,19,12
480153,1,1,2000,0,0,0,0,0,0,0,0,0,20
480154,1,1,2000,0,8,0,0,0,15,0,0,0,6
480155,1,1,2000,0,0,0,0,0,0,0,0,0,0
480156,1,1,2000,26,26,26,26,26,26,26,26,26,26
480157,0,1,2000,0,0,0,0,0,0,0,0,0,0
480157,1,1,2000,0,0,0,0,0,0,0,0,0,0
480158,1,1,2000,15,15,15,15,15,15,15,15,15,15
480158,2,1,2000,0,0,0,0,0,0,0,0,0,0
480158,3,1,2000,0,0,0,0,0,0,0,0,0,0
480159,1,1,2000,15,15,15,15,15,15,15,15,15,15
480160,1,1,2000,28,28,28,28,28,28,28,28,28,28
480161,1,1,2000,0,0,0,0,0,0,0,0,0,0
480161,2,1,2000,28,28,28,28,28,28,28,28,28,28
480162,1,1,2000,0,0,0,0,0,0,0,0,0,0
480163,1,1,2000,0,0,0,0,0,0,13,0,0,0
480163,2,1,2000,0,0,0,0,0,0,0,0,0,0
480164,1,1,2000,0,0,0,6,0,0,0,0,19,0
480165,1,1,2000,0,0,0,0,0,0,0,0,0,0
480165,2,1,2000,0,0,13,0,0,0,0,0,0,8
480166,1,1,2000,0,0,0,0,0,0,0,0,0,0
480166,2,1,2000,0,0,0,0,0,0,0,0,0,0
480167,1,1,2000,0,0,0,0,0,0,0,0,0,0
480167,2,1,2000,0,0,0,0,0,0,0,0,0,0
480168,1,1,2000,1,1,1,1,1,1,1,1,1,1
480169,1,1,2000,0,0,0,0,0,0,0,0,0,0
480170,1,1,2000,0,0,0,0,0,0,0,0,0,0
480171,1,1,2000,0,0,0,13,0,0,0,0,0,0
480171,2,1,2000,0,19,11,0,0,12,22,20,14,23
480172,1,1,2000,19,24,12,19,46,22,28,34,30,31
480173,1,1,2000,16,0,15,19,29,20,15,7,26,0
480174,0,1,2000,0,0,0,0,0,0,0,0,0,0
480174,1,1,2000,0,0,0,0,0,0,0,0,0,0
480175,1,1,2000,17,17,17,17,17,17,17,17,17,17
480176,0,1,2000,10,0,20,7,0,28,0,17,38,0
480176,1,1,2000,0,7,13,7,0,0,0,0,0,0
480177,1,1,2000,11,11,11,11,11,11,11,11,11,11
480178,1,1,2000,0,0,0,0,0,0,0,0,0,0
480178,2,1,2000,0,0,0,0,0,0,0,0,0,0
480179,0,1,2000,11,0,0,0,0,0,0,0,24,0
480179,1,1,2000,0,12,0,0,0,0,0,0,0,0
480180,1,1,2000,18,18,18,18,18,18,18,18,18,18
480181,1,1,2000,7,7,7,7,7,7,7,7,7,7
480182,0,1,2000,0,0,25,14,0,0,0,12,0,15
480182,1,1,2000,0,0,0,0,0,0,0,0,0,0
480183,1,1,2000,0,0,0,0,5,0,0,0,0,0
480184,1,1,2000,0,0,0,0,0,0,0,0,29,0
480184,2,1,2000,0,0,0,0,0,0,0,0,0,0
480185,0,1,2000,4,4,4,4,4,4,4,4,4,4
480185,1,1,2000,0,0,0,0,0,0,0,0,0,0
480186,1,1,2000,0,0,0,0,0,0,0,0,0,0
480186,2,1,2000,0,0,0,0,0,0,0,0,0,0
480187,1,1,2000,0,0,0,0,0,0,0,0,0,0
480187,2,1,2000,0,0,0,0,0,0,0,0,0,0
480188,1,1,2000,0,8,0,24,0,12,31,20,27,19
480189,1,1,2000,33,25,19,7,21,21,17,20,25,19
480190,1,1,2000,20,20,20,20,20,20,20,20,20,20
480191,1,1,2000,0,22,0,0,20,19,0,0,10,0
480192,1,1,2000,22,22,22,22,22,22,22,22,22,22
480193,1,1,2000,0,0,0,0,0,0,0,0,0,0
480193,2,1,2000,8,10,14,29,26,30,22,11,10,9
480194,1,1,2000,0,0,0,0,0,0,0,0,0,0
480194,2,1,2000,0,0,0,0,0,0,0,0,0,0
480195,1,1,2000,3,3,3,3,3,3,3,3,3,3
480196,1,1,2000,0,0,0,0,0,0,0,0,0,0
480196,2,1,2000,0,0,0,0,0,0,0,0,0,0
480197,1,1,2000,0,0,0,0,0,0,0,0,0,0
480197,2,1,2000,0,0,0,0,0,0,0,0,0,0
480197,3,1,2000,0,0,0,0,0,0,0,18,0,0
480197,4,1,2000,0,16,0,0,0,0,0,0,0,0
480197,5,1,2000,0,0,0,0,0,0,0,0,0,0
480198,1,1,2000,0,0,0,0,0,0,0,0,0,0
480198,2,1,2000,0,0,0,0,0,0,0,0,0,0
480199,1,1,2000,0,0,0,0,0,0,0,0,0,0
480199,2,1,2000,18,0,0,0,0,0,0,0,0,0
480200,0,1,2000,35,9,31,18,17,24,0,0,14,0
480200,1,1,2000,8,8,8,8,8,8,8,8,8,8
480201,0,1,2000,0,24,0,17,0,0,0,0,25,0
480201,1,1,2000,11,0,0,0,0,0,14,0,0,0
480202,1,1,2000,15,15,15,15,15,15,15,15,15,15
480203,1,1,2000,0,0,0,0,0,0,0,0,0,0
480203,2,1,2000,0,0,0,0,0,0,0,0,0,0
480204,1,1,2000,15,8,8,11,34,23,8,21,20,7
480205,1,1,2000,0,0,8,0,0,0,0,0,0,23
480205,2,1,2000,0,0,0,9,0,0,0,0,0,0
480205,3,1,2000,0,11,26,0,29,0,0,15,21,10
480206,1,1,2000,9,0,17,0,12,19,0,0,0,17
480206,2,1,2000,0,0,0,0,0,0,0,0,0,0
480207,1,1,2000,0,0,0,0,0,0,0,0,0,0
480207,2,1,2000,0,0,0,0,0,0,0,0,0,0
480208,0,1,2000,0,0,15,0,10,24,11,0,12,0
480208,1,1,2000,0,0,0,0,0,0,0,0,0,4
480209,1,1,2000,0,0,8,0,16,0,8,16,14,0
480210,1,1,2000,0,0,0,12,0,15,0,20,0,15
480210,2,1,2000,0,0,0,0,0,0,0,0,0,0
480211,1,1,2000,26,26,26,26,26,26,26,26,26,26
480212,0,1,2000,16,20,8,40,20,28,7,13,13,20
480212,1,1,2000,0,0,0,0,0,0,0,10,0,0
480213,1,1,2000,0,0,0,0,0,0,0,0,0,0
480213,2,1,2000,0,0,0,0,0,0,0,0,0,0
480214,1,1,2000,0,0,0,0,0,17,0,0,0,0
480214,2,1,2000,0,0,0,0,0,0,0,0,0,0
480214,3,1,2000,0,3,17,0,0,0,0,0,0,0
480215,1,1,2000,27,27,27,27,27,27,27,27,27,27
480216,1,1,2000,0,0,0,0,0,0,0,0,0,0
480217,1,1,2000,16,19,10,27,10,25,0,0,26,10
480218,1,1,2000,0,15,0,0,0,0,0,0,0,0
480218,2,1,2000,8,0,22,0,20,0,0,0,0,0
480219,1,1,2000,0,5,16,22,20,0,10,11,15,8
480220,1,1,2000,0,0,0,0,0,0,0,0,0,0
480220,2,1,2000,0,0,0,0,0,0,0,0,0,0
480221,1,1,2000,0,0,0,0,0,0,4,0,0,0
480222,1,1,2000,0,0,0,0,0,0,0,0,0,20
480223,0,1,2000,0,0,0,0,0,0,0,0,0,0
480223,1,1,2000,0,0,0,0,0,0,0,0,0,0
480224,1,1,2000,6,9,0,0,0,0,0,0,0,0
480225,1,1,2000,25,25,25,25,25,25,25,25,25,25
480225,2,1,2000,0,0,10,0,0,0,0,18,19,20
480226,0,1,2000,0,0,0,0,0,0,0,0,0,0
480226,1,1,2000,14,0,0,0,0,22,0,0,0,0
480227,0,1,2000,23,11,0,0,9,0,0,13,26,25
480227,1,1,2000,0,0,11,6,8,12,0,0,0,29
480228,1,1,2000,0,0,0,0,0,0,0,0,0,0
480228,2,1,2000,0,0,0,0,0,23,22,7,19,0
480229,1,1,2000,21,21,21,21,21,21,21,21,21,21
480230,1,1,2000,0,0,0,0,0,0,0,0,0,0
480230,2,1,2000,0,0,0,0,0,0,0,0,0,0
480231,1,1,2000,0,0,0,0,0,0,0,0,0,0
480231,2,1,2000,0,0,0,0,0,0,0,0,0,0
480231,3,1,2000,0,0,0,0,0,0,0,0,0,0
480232,1,1,2000,0,0,0,0,0,0,0,0,0,0
480232,2,1,2000,0,0,0,0,0,0,0,0,0,0