ST_CASE,VEH_NO,PER_NO,YEAR,P1,P2,P3,P4,P5,P6,P7,P8,P9,P10
480233,1,1,2000,19,14,11,5,11,0,0,0,29,15
480234,1,1,2000,0,0,0,0,0,0,0,0,0,0
480235,0,1,2000,0,0,0,0,0,0,0,0,0,0
480235,1,1,2000,0,0,0,0,0,0,5,0,0,0
480236,1,1,2000,0,0,13,0,0,24,0,0,35,11
480237,1,1,2000,5,5,5,5,5,5,5,5,5,5
480237,2,1,2000,17,0,0,0,10,12,0,9,9,0
480237,3,1,2000,0,0,0,0,9,0,0,0,0,0
480238,1,1,2000,0,0,0,0,0,0,0,0,0,0
480239,1,1,2000,0,7,0,0,0,0,0,0,0,0
480240,1,1,2000,14,0,0,0,28,31,0,8,14,32
480241,1,1,2000,0,0,0,0,0,0,0,0,0,0
480241,2,1,2000,0,0,0,0,0,22,0,0,0,0
480242,1,1,2000,0,0,0,0,0,0,0,0,0,0
480242,2,1,2000,9,0,0,0,0,0,0,0,0,0
480242,3,1,2000,0,0,0,0,0,0,0,0,0,0
480242,4,1,2000,0,0,0,0,0,0,0,0,0,0
480243,1,1,2000,12,12,12,12,12,12,12,12,12,12
480244,0,1,2000,50,0,0,24,12,27,0,27,19,24
480244,1,1,2000,0,0,0,0,0,0,0,0,0,0
480245,1,1,2000,16,16,16,16,16,16,16,16,16,16
480246,0,1,2000,0,0,0,0,0,0,0,0,0,0
480246,1,1,2000,17,0,0,0,5,0,0,0,0,0
480247,1,1,2000,0,0,0,0,0,0,0,0,0,0
480247,2,1,2000,0,0,0,0,0,0,0,0,0,0
480248,1,1,2000,25,45,14,32,0,0,0,0,23,4
480249,1,1,2000,0,0,6,0,0,0,0,0,17,0
480250,1,1,2000,0,0,0,0,0,0,0,0,0,0
480251,1,1,2000,12,12,12,12,12,12,12,12,12,12
480251,2,1,2000,0,0,0,0,0,0,0,0,0,0
480252,1,1,2000,0,0,0,0,0,0,0,0,0,0
480252,2,1,2000,0,0,13,0,0,0,0,0,0,0
480252,3,1,2000,0,0,0,0,0,0,0,0,0,0
480253,0,1,2000,0,0,0,0,0,0,0,0,17,11
480253,1,1,2000,0,0,0,0,0,0,0,0,0,0
480254,1,1,2000,14,21,19,5,10,14,15,30,25,25
480255,1,1,2000,17,18,16,12,12,10,10,11,42,36
480256,1,1,2000,0,0,0,26,10,21,0,0,0,33
480256,2,1,2000,0,14,0,6,0,9,0,0,5,12
480257,1,1,2000,24,24,24,24,24,24,24,24,24,24
480258,1,1,2000,25,17,12,26,26,26,9,22,33,0
480259,1,1,2000,24,0,0,13,17,14,14,11,0,14
480260,1,1,2000,0,0,0,0,0,0,12,0,0,5
480261,1,1,2000,3,11,20,16,17,28,13,17,15,24
480262,0,1,2000,8,8,8,8,8,8,8,8,8,8
480262,1,1,2000,0,0,0,0,22,0,0,0,0,0
480263,1,1,2000,0,4,0,0,0,0,0,0,0,0
480263,2,1,2000,0,0,0,0,0,0,0,0,0,0
480264,1,1,2000,0,0,0,19,0,16,0,0,8,0
480264,2,1,2000,0,0,0,7,0,0,0,0,2,0
480264,3,1,2000,0,6,0,0,0,0,0,0,14,8
480265,1,1,2000,8,14,24,16,29,27,12,7,8,9
480266,1,1,2000,0,0,0,0,0,0,0,0,0,0
480266,2,1,2000,0,0,0,0,0,0,0,0,0,0
480267,1,1,2000,21,21,21,21,21,21,21,21,21,21
480268,1,1,2000,26,26,26,26,26,26,26,26,26,26
480269,1,1,2000,0,0,0,0,0,0,0,0,0,0
480270,1,1,2000,0,0,0,0,0,0,0,0,0,0
480270,2,1,2000,0,0,9,0,7,0,0,11,0,0
480271,1,1,2000,0,0,0,0,0,0,0,0,0,0
480271,2,1,2000,0,0,0,13,0,0,0,19,0,0
480272,1,1,2000,17,17,17,17,17,17,17,17,17,17
480273,1,1,2000,0,0,0,0,21,0,19,0,0,0
480273,2,1,2000,0,0,0,0,0,0,11,0,0,0
480274,1,1,2000,0,0,0,0,0,0,0,0,17,0
480274,2,1,2000,0,0,0,0,0,11,0,0,0,0
480275,1,1,2000,0,20,0,0,0,0,0,15,16,7
480276,0,1,2000,32,43,0,44,12,26,27,29,8,23
480276,1,1,2000,0,0,0,0,0,0,0,0,0,0
480276,2,1,2000,0,0,24,0,12,11,0,0,0,0
480276,3,1,2000,0,0,0,0,19,0,0,21,0,0
480277,1,1,2000,0,0,0,0,0,0,0,0,0,0
480277,2,1,2000,0,0,0,0,0,0,0,0,0,0
480278,1,1,2000,12,12,12,12,12,12,12,12,12,12
480279,1,1,2000,31,9,0,10,10,0,0,13,0,16
480279,2,1,2000,0,0,0,0,0,0,0,0,0,7
480280,2,1,2000,0,0,0,0,0,0,0,0,0,0
480281,0,1,2000,0,19,14,0,27,9,24,0,0,0
480281,1,1,2000,0,0,15,0,0,0,19,0,0,0
480282,1,1,2000,5,5,17,12,18,28,14,21,10,6
480282,2,1,2000,0,0,0,18,0,0,15,0,43,0
480283,0,1,2000,17,17,17,17,17,17,17,17,17,17
480283,1,1,2000,0,0,0,0,0,0,0,0,0,0
480284,1,1,2000,0,0,0,0,0,0,0,0,0,0
480284,2,1,2000,0,0,0,0,0,0,0,0,0,0
480285,1,1,2000,23,14,22,27,0,0,0,0,0,15
480286,1,1,2000,0,0,0,0,0,0,0,0,0,0
480287,1,1,2000,0,0,0,0,0,0,0,0,0,0
480287,2,1,2000,0,0,0,0,0,0,0,0,0,0
480288,1,1,2000,17,45,21,10,22,0,0,15,0,0
480288,2,1,2000,29,6,10,10,9,11,24,19,28,23
480289,0,1,2000,0,0,0,0,0,0,0,0,0,0
480289,1,1,2000,0,0,0,0,0,0,0,0,0,0
480289,2,1,2000,0,0,0,0,0,0,0,0,0,0
480289,3,1,2000,6,16,0,0,0,6,30,0,0,23
480290,1,1,2000,0,23,0,0,15,0,0,13,11,0
480291,0,1,2000,0,0,0,0,0,0,0,0,0,0
480291,1,1,2000,10,10,10,10,10,10,10,10,10,10
480292,1,1,2000,0,0,0,0,0,0,0,0,0,0
480293,1,1,2000,0,0,0,0,0,0,0,0,0,0
480293,2,1,2000,0,0,0,19,0,0,0,7,0,21
480294,1,1,2000,0,0,0,0,0,0,0,0,0,0
480294,2,1,2000,0,0,0,0,0,0,0,0,0,0
480295,1,1,2000,20,20,20,20,20,20,20,20,20,20
480296,1,1,2000,11,21,0,15,0,14,11,0,0,15
480297,1,1,2000,0,0,35,0,0,0,0,0,0,0
480297,2,1,2000,0,0,0,0,0,0,0,0,0,0
480297,3,1,2000,0,0,0,0,0,0,0,0,0,0
480298,1,1,2000,14,14,14,14,14,14,14,14,14,14
480299,1,1,2000,0,0,0,0,0,0,0,0,0,0
480300,1,1,2000,0,0,11,0,0,0,0,0,0,0
480300,2,1,2000,0,0,0,0,0,0,0,0,0,0
480300,3,1,2000,3,0,11,0,9,0,0,0,0,0
480300,4,1,2000,16,0,0,20,12,24,24,15,0,11
480301,1,1,2000,0,0,0,0,0,0,0,0,0,0
480301,2,1,2000,0,0,0,0,0,0,0,0,0,0
480302,1,1,2000,0,0,0,0,0,0,0,0,0,0
480303,0,1,2000,0,0,0,34,0,14,0,0,33,0
480303,1,1,2000,0,0,0,18,0,0,0,0,13,0
480304,1,1,2000,15,0,31,19,18,14,16,31,32,21
480304,2,1,2000,24,16,0,20,0,28,0,0,0,0
480305,1,1,2000,0,0,8,17,0,0,11,13,16,0
480306,1,1,2000,31,43,30,6,35,8,18,15,44,8
480307,1,1,2000,0,0,0,0,0,0,0,0,0,0
480307,2,1,2000,23,23,23,23,23,23,23,23,23,23
480308,1,1,2000,0,0,0,0,0,0,0,0,0,10
480308,2,1,2000,0,0,0,0,0,0,0,0,0,0
480309,1,1,2000,13,0,0,14,0,0,0,15,14,6
480310,0,1,2000,15,10,28,22,12,9,12,29,34,0
480310,1,1,2000,0,0,15,0,0,0,0,0,0,0
480311,1,1,2000,0,10,30,8,15,0,31,8,21,9
480312,1,1,2000,18,18,18,18,18,18,18,18,18,18
480312,2,1,2000,19,19,19,19,19,19,19,19,19,19
480313,1,1,2000,0,8,23,0,0,14,0,0,0,23
480314,1,1,2000,0,0,0,0,0,0,0,0,0,0
480314,2,1,2000,0,0,0,0,0,0,0,0,0,0
480315,1,1,2000,0,0,0,0,0,0,0,0,0,0
480315,2,1,2000,0,0,0,0,0,0,0,0,0,0
480316,0,1,2000,0,0,0,0,0,0,0,0,0,20
480316,1,1,2000,0,0,0,0,0,0,0,0,0,0
480317,0,1,2000,0,0,9,14,0,0,0,0,0,0
480317,1,1,2000,0,18,0,0,0,0,16,0,0,11
480318,1,1,2000,0,0,0,0,0,0,0,0,0,0
480318,2,1,2000,14,0,0,0,0,0,0,0,0,9
480319,1,1,2000,0,0,0,0,0,0,12,0,7,0
480320,1,1,2000,0,27,0,0,24,0,12,21,0,18
480321,1,1,2000,0,0,0,0,0,0,0,0,0,0
480322,0,1,2000,0,0,0,0,19,0,0,0,0,0
480322,1,1,2000,0,9,0,0,0,0,4,0,0,0
480323,1,1,2000,14,14,14,14,14,14,14,14,14,14
480324,1,1,2000,0,0,0,0,0,24,0,0,0,0
480324,2,1,2000,0,0,0,0,0,0,0,0,0,0
480325,1,1,2000,16,16,16,16,16,16,16,16,16,16
480326,0,1,2000,0,0,0,0,0,0,0,0,0,0
480326,1,1,2000,0,0,0,0,0,0,0,0,0,0
480327,1,1,2000,0,0,0,0,24,0,0,0,0,0
480328,1,1,2000,20,20,20,20,20,20,20,20,20,20
480328,2,1,2000,0,0,0,0,0,0,0,0,0,0
480329,1,1,2000,0,0,0,0,0,0,0,0,0,0
480329,2,1,2000,0,11,0,25,0,0,0,0,0,0
480330,1,1,2000,0,0,0,0,0,0,0,0,0,0
480331,1,1,2000,0,0,0,0,0,0,7,0,0,30
480332,1,1,2000,0,0,9,0,0,0,0,0,0,0
480332,2,1,2000,0,0,0,0,0,0,0,0,0,0
480332,3,1,2000,0,0,0,0,0,13,0,0,0,0
480332,4,1,2000,0,0,0,0,0,0,0,0,0,0
480333,1,1,2000,0,21,0,18,6,28,0,0,0,18
480333,2,1,2000,23,10,9,15,8,12,17,21,13,0
480334,0,1,2000,0,0,0,0,0,0,0,0,0,13
480334,1,1,2000,0,0,7,0,0,0,0,0,0,0
480335,1,1,2000,22,22,22,22,22,22,22,22,22,22
480337,1,1,2000,24,24,24,24,24,24,24,24,24,24
480338,1,1,2000,20,20,20,20,20,20,20,20,20,20
480338,2,1,2000,15,15,15,15,15,15,15,15,15,15
480339,0,1,2000,0,0,0,0,0,0,0,0,0,35
480339,1,1,2000,0,0,0,0,0,0,0,0,0,0
480340,1,1,2000,17,24,30,26,14,21,15,22,10,2
480341,1,1,2000,0,0,14,0,0,0,0,0,0,0
480342,1,1,2000,19,12,25,17,22,9,0,3,7,10
480342,2,1,2000,14,14,12,0,0,0,0,10,0,0
480343,1,1,2000,26,28,17,17,4,21,0,23,13,9
480343,2,1,2000,0,0,13,19,0,13,0,23,10,26
480344,1,1,2000,0,0,20,0,30,17,0,0,0,15
480344,2,1,2000,0,0,0,15,11,13,10,15,0,33
480344,3,1,2000,0,0,0,0,0,0,0,8,10,0
480344,4,1,2000,16,15,17,0,10,0,0,11,0,18
480344,5,1,2000,0,0,6,19,0,8,0,0,0,0
480345,1,1,2000,21,21,21,21,21,21,21,21,21,21
480346,1,1,2000,0,0,0,0,0,0,0,0,0,0
480347,1,1,2000,0,0,0,0,0,0,0,0,0,0
480348,1,1,2000,0,0,0,0,0,0,0,0,0,8
480348,2,1,2000,0,0,0,0,0,0,0,0,0,0
480349,0,1,2000,9,0,0,5,0,0,19,0,0,0
480349,1,1,2000,0,0,0,24,0,0,18,0,0,9
480350,1,1,2000,19,19,19,19,19,19,19,19,19,19
480351,1,1,2000,11,11,11,11,11,11,11,11,11,11
480352,0,1,2000,0,0,0,18,0,0,15,0,0,0
480352,1,1,2000,0,0,0,0,0,0,0,0,0,0
480353,1,1,2000,0,0,0,0,0,0,0,0,0,0
480354,1,1,2000,0,0,0,11,14,16,0,21,0,0
480355,1,1,2000,0,0,0,0,0,0,0,0,0,0
480355,2,1,2000,0,0,0,0,0,0,0,0,0,0
480356,0,1,2000,26,0,0,0,19,0,32,0,0,0
480356,1,1,2000,0,0,0,0,0,0,0,0,0,0
480357,1,1,2000,0,16,14,9,19,0,25,20,24,0
480358,1,1,2000,0,0,0,0,0,0,0,22,0,0
480358,2,1,2000,0,0,0,0,0,0,0,0,0,0
480358,3,1,2000,0,0,0,0,0,0,0,4,0,0
480359,1,1,2000,24,24,24,24,24,24,24,24,24,24
480360,1,1,2000,26,26,26,26,26,26,26,26,26,26
480361,1,1,2000,0,0,0,0,0,0,0,0,0,0
480361,2,1,2000,0,0,0,0,0,0,0,0,0,0
480362,1,1,2000,0,0,0,3,21,7,0,0,0,0
480362,2,1,2000,0,0,0,0,0,0,0,0,0,13
480363,1,1,2000,0,0,0,0,0,0,0,0,0,0
480364,1,1,2000,0,0,0,0,0,0,0,0,0,0
480364,2,1,2000,0,0,14,0,0,25,36,0,9,0
480364,3,1,2000,0,0,0,6,13,16,0,18,0,0
480365,1,1,2000,28,28,28,28,28,28,28,28,28,28
480365,2,1,2000,0,0,0,0,0,0,0,0,0,0
480366,1,1,2000,0,0,0,0,0,0,0,0,16,0
480367,1,1,2000,0,0,0,0,0,0,0,0,0,0
480367,2,1,2000,0,0,0,0,0,0,0,0,0,0
480368,1,1,2000,4,12,2,0,0,0,0,0,0,0
480369,1,1,2000,16,16,16,16,16,16,16,16,16,16
480370,1,1,2000,22,22,22,22,22,22,22,22,22,22
480370,2,1,2000,0,0,0,0,0,0,0,0,22,4
480371,1,1,2000,0,0,6,0,0,0,0,0,0,0
480371,2,1,2000,0,0,0,8,0,0,0,0,0,0
480371,3,1,2000,0,0,0,0,0,0,0,0,0,0
480372,1,1,2000,0,0,10,0,0,0,12,0,0,0
480373,1,1,2000,12,12,12,12,12,12,12,12,12,12
480374,1,1,2000,0,0,0,0,0,0,0,0,17,0
480374,2,1,2000,15,16,13,12,11,0,11,23,17,17
480375,1,1,2000,10,10,10,10,10,10,10,10,10,10
480376,1,1,2000,7,7,7,7,7,7,7,7,7,7
480376,2,1,2000,0,0,0,0,0,0,0,0,0,0
480377,1,1,2000,8,8,8,8,8,8,8,8,8,8
480378,1,1,2000,18,18,18,18,18,18,18,18,18,18
480378,2,1,2000,0,0,0,0,0,0,0,0,0,0
480379,1,1,2000,16,5,7,7,20,8,29,45,10,17
480380,1,1,2000,13,13,13,13,13,13,13,13,13,13
480381,1,1,2000,10,10,10,10,10,10,10,10,10,10
480381,2,1,2000,0,0,0,0,0,0,0,0,0,0
480381,3,1,2000,0,11,9,10,0,23,0,0,0,0
480381,4,1,2000,0,0,0,0,0,0,0,0,0,0
480382,0,1,2000,16,16,16,16,16,16,16,16,16,16
480382,1,1,2000,0,0,0,0,0,0,0,0,0,0
480383,1,1,2000,9,3,8,10,15,19,0,6,6,13
480383,2,1,2000,0,6,0,0,0,0,0,0,0,14
480384,1,1,2000,15,15,15,15,15,15,15,15,15,15
480385,0,1,2000,0,0,0,0,0,0,0,16,46,0
480385,1,1,2000,0,14,0,0,0,7,0,0,3,0
480386,1,1,2000,0,17,25,0,27,22,23,7,14,0
480387,1,1,2000,17,17,17,17,17,17,17,17,17,17
480387,2,1,2000,0,0,0,0,0,0,0,0,0,0
480388,1,1,2000,0,0,0,12,0,0,0,0,0,0
480389,1,1,2000,26,26,26,26,26,26,26,26,26,26
480390,1,1,2000,0,0,0,0,0,0,0,0,0,0
480391,0,1,2000,0,0,0,0,0,0,0,0,0,0
480391,0,2,2000,6,0,0,0,0,0,0,0,0,0
480391,1,1,2000,0,0,0,0,0,0,0,0,0,0
480392,1,1,2000,0,0,0,0,0,0,0,0,0,0
480392,2,1,2000,14,14,14,14,14,14,14,14,14,14
480393,1,1,2000,0,0,0,0,0,0,0,26,0,11
480393,2,1,2000,0,0,0,0,0,0,0,0,0,0
480393,3,1,2000,0,0,0,0,0,0,0,0,0,0
480393,4,1,2000,0,0,0,0,0,0,0,0,0,0
480394,1,1,2000,0,0,0,0,0,0,0,0,0,0
480395,1,1,2000,0,0,0,0,0,0,0,0,0,0
480395,2,1,2000,17,17,17,17,17,17,17,17,17,17
480396,1,1,2000,0,0,0,0,0,0,0,0,0,0
480397,1,1,2000,0,0,0,0,4,0,0,0,0,0
480397,2,1,2000,0,0,0,0,0,0,0,0,0,0
480397,3,1,2000,0,0,0,0,0,0,0,0,0,0
480398,1,1,2000,0,4,0,0,0,0,0,0,0,0
480398,2,1,2000,21,26,20,28,20,20,10,21,13,18
480399,1,1,2000,0,0,22,0,0,0,0,0,0,0
480399,2,1,2000,0,0,0,0,0,0,0,0,0,0
480400,1,1,2000,1,1,1,1,1,1,1,1,1,1
480401,0,1,2000,23,0,20,0,0,37,0,0,29,15
480401,1,1,2000,9,19,34,10,15,29,24,4,11,22
480402,0,1,2000,6,32,15,6,36,8,24,5,45,8
480402,1,1,2000,0,0,0,0,0,0,0,0,0,0
480403,1,1,2000,16,16,0,17,29,27,0,10,10,12
480404,1,1,2000,0,0,0,0,0,0,0,0,0,0
480404,2,1,2000,0,0,0,0,0,0,0,0,6,0
480405,0,1,2000,0,0,0,0,7,0,0,28,0,0
480405,1,1,2000,0,0,0,12,0,0,0,0,0,0
480406,1,1,2000,6,24,12,13,16,19,7,0,27,29
480407,0,1,2000,0,0,0,0,0,0,0,0,0,0
480407,1,1,2000,0,0,0,0,0,0,0,0,0,0
480408,1,1,2000,0,0,0,0,0,6,26,0,0,0
480408,2,1,2000,0,9,5,15,0,0,9,16,0,0
480409,1,1,2000,22,22,22,22,22,22,22,22,22,22
480409,2,1,2000,0,22,25,0,0,0,0,10,3,13
480410,1,1,2000,27,27,27,27,27,27,27,27,27,27
480411,1,1,2000,0,0,0,0,0,0,0,0,0,0
480412,0,1,2000,25,0,0,0,30,12,30,0,5,10
480412,1,1,2000,0,0,0,0,0,0,0,0,0,0
480413,1,1,2000,0,0,0,0,0,0,0,0,0,0
480413,2,1,2000,0,0,0,0,0,0,0,0,0,0
480414,1,1,2000,29,36,32,16,19,41,28,0,31,27
480415,1,1,2000,11,0,0,0,0,0,0,0,0,24
480415,2,1,2000,0,0,0,0,0,8,11,0,0,0
480416,0,1,2000,0,0,11,0,0,0,35,4,10,16
480416,1,1,2000,15,0,0,0,0,0,0,0,0,0
480417,1,1,2000,7,0,0,0,0,0,0,0,0,0
480418,0,1,2000,0,19,36,20,30,11,0,0,0,18
480418,1,1,2000,0,0,0,0,0,0,0,0,23,0
480419,1,1,2000,0,0,0,0,0,0,0,0,0,0
480419,2,1,2000,0,0,0,0,0,0,0,0,0,0
480420,1,1,2000,0,0,0,0,0,0,0,0,0,0
480420,2,1,2000,0,0,0,0,0,0,0,0,0,0
480421,0,1,2000,0,0,15,20,0,0,0,0,0,0
480421,1,1,2000,0,0,10,0,6,0,0,0,0,0
480422,0,1,2000,7,0,12,0,28,0,0,3,0,0
480422,1,1,2000,5,0,5,0,0,11,29,4,10,12
480423,1,1,2000,0,0,0,0,0,0,0,0,0,0
480424,0,1,2000,26,0,0,0,0,15,29,0,17,28
480424,1,1,2000,0,0,0,0,0,0,0,0,0,0
480425,1,1,2000,23,21,20,18,0,17,21,14,0,30
480426,1,1,2000,9,17,22,8,18,8,7,15,11,21
480426,2,1,2000,0,0,0,0,0,0,0,0,0,0
480427,1,1,2000,0,0,0,0,0,0,0,0,0,0
480427,2,1,2000,0,0,0,0,0,0,0,0,0,0
480428,0,1,2000,18,31,31,0,6,0,0,9,0,0
480428,0,2,2000,0,23,28,12,20,67,7,32,23,0
480428,1,1,2000,0,0,0,0,0,0,0,0,0,0
480429,1,1,2000,16,12,11,16,17,0,0,11,5,9
480430,1,1,2000,14,14,14,14,14,14,14,14,14,14
480431,1,1,2000,0,0,0,0,0,0,0,0,0,0
480432,1,1,2000,0,0,0,0,25,0,0,0,0,0
480432,2,1,2000,9,0,0,0,0,0,0,0,0,0
480433,1,1,2000,0,0,0,0,0,0,0,0,0,0
480433,2,1,2000,0,0,0,0,0,0,0,0,0,0
480434,1,1,2000,0,16,17,0,6,0,0,0,16,0
480434,2,1,2000,6,0,9,0,0,0,27,19,0,9
480434,3,1,2000,0,0,0,0,0,0,0,0,0,0
480435,1,1,2000,0,0,0,0,0,0,0,0,0,0
480435,2,1,2000,0,0,0,0,0,0,0,0,0,0
480436,1,1,2000,13,16,0,9,13,0,0,5,34,37
480436,2,1,2000,0,0,0,0,0,0,0,0,0,0
480437,1,1,2000,23,23,23,23,23,23,23,23,23,23
480438,0,1,2000,0,33,12,0,0,0,9,0,45,0
480438,1,1,2000,0,16,0,0,25,0,11,0,0,0
480439,1,1,2000,17,23,27,42,18,6,11,9,11,18
480440,1,1,2000,0,0,0,0,0,0,0,0,0,0
480440,2,1,2000,12,0,0,0,0,0,13,0,0,0
480441,0,1,2000,31,28,37,15,21,25,24,31,27,16
480441,1,1,2000,0,0,0,0,0,0,0,24,0,0
480442,1,1,2000,11,11,11,11,11,11,11,11,11,11
480443,1,1,2000,34,34,34,34,34,34,34,34,34,34
480443,2,1,2000,0,0,0,0,0,0,0,0,0,0
480444,1,1,2000,0,0,0,10,0,0,0,0,0,0
480444,2,1,2000,17,17,17,17,17,17,17,17,17,17
480445,1,1,2000,0,0,0,0,0,0,0,0,0,0
480445,2,1,2000,0,0,0,0,0,0,0,0,0,0
480446,1,1,2000,0,0,0,0,0,0,0,0,0,0
480446,2,1,2000,7,0,0,0,19,26,8,0,26,0
480447,1,1,2000,0,0,0,0,0,0,0,0,0,0
480447,2,1,2000,0,0,0,0,0,0,0,0,0,4
480448,1,1,2000,0,0,0,0,0,0,0,0,0,16
480449,1,1,2000,22,22,22,22,22,22,22,22,22,22
480449,2,1,2000,1,1,1,1,1,1,1,1,1,1
480450,1,1,2000,0,0,0,0,0,0,0,0,0,0
480450,2,1,2000,0,0,0,0,0,0,0,0,0,0
480451,1,1,2000,0,0,0,0,0,8,0,0,0,0
480451,2,1,2000,0,0,0,0,0,0,0,0,0,0
480452,0,1,2000,0,0,0,0,0,0,0,0,0,0
480452,1,1,2000,0,0,0,0,2,0,0,0,0,0
480453,1,1,2000,0,10,16,0,0,0,0,0,12,0
480453,2,1,2000,7,0,19,25,0,9,0,0,0,0
480454,1,1,2000,0,0,0,0,0,0,0,0,0,0
480454,2,1,2000,0,0,0,0,0,0,0,0,0,0
480455,2,1,2000,0,0,0,0,7,0,8,0,0,0
480456,1,1,2000,11,11,11,11,11,11,11,11,11,11
480457,1,1,2000,13,13,13,13,13,13,13,13,13,13
480458,1,1,2000,0,0,0,0,0,0,0,0,0,0
480459,1,1,2000,0,0,0,0,0,0,0,0,0,0
480460,1,1,2000,0,0,0,14,15,25,34,0,0,22
480460,2,1,2000,14,0,0,0,0,0,0,0,0,13
480461,1,1,2000,3,19,0,7,0,0,0,20,21,35
480461,2,1,2000,18,0,10,0,0,0,6,0,12,0
480462,1,1,2000,16,16,16,16,16,16,16,16,16,16
480463,1,1,2000,0,0,0,0,0,0,0,0,0,0
480464,0,1,2000,25,25,25,25,25,25,25,25,25,25
480464,1,1,2000,0,0,0,5,0,0,0,0,0,0
480465,1,1,2000,6,17,17,12,11,7,18,12,19,9
480466,1,1,2000,9,5,14,25,12,19,20,18,14,12
480466,2,1,2000,8,12,8,13,15,34,21,18,0,10
480467,1,1,2000,33,0,27,25,16,11,24,20,45,12
480468,1,1,2000,14,14,14,14,14,14,14,14,14,14
480469,1,1,2000,0,0,0,0,0,0,0,0,0,0
480470,1,1,2000,3,19,8,0,12,7,9,12,15,13
480471,1,1,2000,0,0,0,0,0,0,0,0,0,0
480472,1,1,2000,0,0,0,0,0,0,0,0,0,0
480472,2,1,2000,9,0,0,0,0,0,0,0,0,0
480472,3,1,2000,0,0,0,0,0,0,0,0,0,0
480473,1,1,2000,17,34,8,11,13,4,10,24,20,15
480473,2,1,2000,15,0,9,11,0,5,0,0,0,6
480474,1,1,2000,13,0,29,5,18,26,15,5,0,23
480475,1,1,2000,0,0,0,0,0,0,0,0,0,0
480475,2,1,2000,0,0,0,0,0,0,0,0,0,0
480476,1,1,2000,4,4,4,4,4,4,4,4,4,4
480477,1,1,2000,0,0,0,0,0,0,0,0,0,0
480477,2,1,2000,0,0,0,0,0,0,0,0,0,0
480478,1,1,2000,0,0,0,12,0,0,0,0,0,0
480479,1,1,2000,10,10,10,10,10,10,10,10,10,10
480480,0,1,2000,0,0,0,0,0,0,0,0,0,0
480480,1,1,2000,0,0,0,0,0,17,0,11,8,0
480481,1,1,2000,5,19,0,0,0,27,16,0,0,16
480482,1,1,2000,0,0,16,9,0,0,0,0,0,0
480482,2,1,2000,0,0,0,0,0,15,0,12,0,0
480483,1,1,2000,0,0,0,0,0,0,0,0,0,0
480483,2,1,2000,0,0,0,0,0,0,0,0,0,0
480484,1,1,2000,25,25,25,25,25,25,25,25,25,25
480485,1,1,2000,0,0,0,0,0,0,0,0,0,0
480485,2,1,2000,0,0,7,16,21,8,0,0,0,0
480486,0,1,2000,0,0,0,0,0,0,0,0,0,0
480486,1,1,2000,0,0,0,0,0,0,0,0,0,0
480487,0,1,2000,0,0,0,0,0,0,0,0,0,15
480487,1,1,2000,0,0,0,0,0,0,0,0,0,0
480488,1,1,2000,11,11,11,11,11,11,11,11,11,11
480489,1,1,2000,0,0,0,0,0,0,0,0,0,0
480489,2,1,2000,0,0,0,0,0,0,9,15,0,0
480490,1,1,2000,0,6,0,0,0,0,0,0,25,0
480491,1,1,2000,0,0,0,0,0,0,0,0,0,0
480491,2,1,2000,0,0,0,0,0,0,0,0,0,0
480492,1,1,2000,0,0,0,0,0,0,0,0,0,0
480492,2,1,2000,0,0,0,0,0,0,0,0,0,0
480493,1,1,2000,0,3,0,0,13,0,17,0,0,0
480494,1,1,2000,0,0,0,0,0,0,0,0,0,0
480494,2,1,2000,0,0,0,0,0,10,0,0,0,0
480495,1,1,2000,0,0,0,0,0,0,0,0,0,0
480495,2,1,2000,8,8,8,8,8,8,8,8,8,8
480496,1,1,2000,31,31,31,31,31,31,31,31,31,31
480497,1,1,2000,0,0,0,0,0,0,0,0,0,0
480497,2,1,2000,0,0,0,0,0,0,0,0,0,0
480498,1,1,2000,0,0,0,0,0,0,5,0,0,0
480499,1,1,2000,0,0,0,0,0,0,0,0,0,0
480499,2,1,2000,0,12,0,0,0,15,0,0,0,0
480500,1,1,2000,9,16,6,0,0,0,0,42,20,0
480500,2,1,2000,17,16,15,8,8,0,7,0,0,4
480501,1,1,2000,0,0,0,0,0,0,0,0,0,0
480501,2,1,2000,0,0,0,0,0,0,0,0,0,0
480502,1,1,2000,0,0,0,0,0,0,0,0,0,0
480502,2,1,2000,0,0,14,0,0,0,0,14,0,30
480503,1,1,2000,0,0,0,0,0,0,0,0,0,0
480503,2,1,2000,0,0,0,24,0,0,0,0,0,0
480504,1,1,2000,0,0,0,0,0,0,0,0,0,0
480504,2,1,2000,0,0,0,0,0,0,0,0,0,0
480505,0,1,2000,20,0,0,0,0,0,0,12,0,32
480505,1,1,2000,0,0,0,0,0,0,0,0,0,0