ST_CASE,VEH_NO,PER_NO,YEAR,P1,P2,P3,P4,P5,P6,P7,P8,P9,P10
480505,2,1,2000,0,0,0,0,0,0,0,0,0,0
480506,1,1,2000,13,15,11,30,29,17,18,19,18,6
480507,1,1,2000,0,0,0,0,0,0,0,0,0,0
480507,2,1,2000,0,0,0,0,0,7,38,9,15,0
480507,3,1,2000,0,0,0,0,0,0,0,0,0,0
480507,4,1,2000,0,0,0,0,0,0,0,0,0,0
480507,5,1,2000,16,0,0,24,10,0,18,0,15,0
480508,1,1,2000,0,0,0,0,11,17,0,0,0,0
480508,2,1,2000,0,0,0,0,0,0,0,0,0,0
480509,1,1,2000,0,0,0,0,0,0,0,0,0,0
480509,2,1,2000,0,0,0,0,0,0,0,0,0,0
480510,1,1,2000,8,9,19,0,0,6,17,16,13,0
480510,2,1,2000,0,6,0,0,0,18,0,0,0,11
480511,1,1,2000,0,0,0,0,0,0,0,0,0,0
480511,2,1,2000,0,0,0,0,0,0,0,0,0,0
480511,3,1,2000,0,0,9,0,0,0,0,0,0,6
480512,1,1,2000,8,14,13,15,22,17,8,27,9,13
480513,1,1,2000,0,0,0,0,0,0,0,0,0,0
480514,1,1,2000,0,0,16,0,0,0,0,0,0,0
480515,1,1,2000,10,10,10,10,10,10,10,10,10,10
480516,1,1,2000,0,0,0,0,0,0,0,0,0,0
480516,2,1,2000,0,0,0,0,0,0,0,0,0,0
480517,1,1,2000,17,21,15,0,0,15,22,15,0,0
480518,1,1,2000,16,0,0,0,0,0,0,17,0,0
480518,2,1,2000,0,0,0,0,0,0,0,0,0,0
480519,1,1,2000,17,23,19,0,0,0,16,0,0,0
480520,1,1,2000,29,29,29,29,29,29,29,29,29,29
480521,1,1,2000,17,17,17,17,17,17,17,17,17,17
480522,1,1,2000,0,0,0,17,16,0,0,12,0,0
480523,1,1,2000,17,17,17,17,17,17,17,17,17,17
480524,1,1,2000,0,0,0,0,0,0,0,0,0,0
480525,1,1,2000,20,20,20,20,20,20,20,20,20,20
480525,2,1,2000,0,0,0,0,0,0,0,23,0,0
480526,1,1,2000,0,0,0,0,0,0,0,0,0,0
480527,1,1,2000,12,9,25,13,17,5,11,8,15,22
480527,2,1,2000,22,12,23,15,12,10,5,20,13,19
480528,1,1,2000,0,0,0,0,0,0,0,0,0,0
480528,2,1,2000,0,0,0,2,0,0,0,0,4,0
480529,0,1,2000,0,0,0,0,0,0,0,0,0,0
480529,0,2,2000,0,0,0,0,0,0,0,0,0,0
480529,1,1,2000,0,0,0,7,0,0,0,0,0,10
480530,1,1,2000,0,0,0,0,0,0,0,0,0,0
480530,2,1,2000,0,0,0,0,0,0,0,0,0,0
480531,1,1,2000,0,0,0,0,0,0,0,0,0,0
480531,2,1,2000,1,0,0,0,0,0,0,26,0,0
480532,1,1,2000,0,0,0,0,0,0,0,0,0,0
480532,2,1,2000,0,0,0,0,0,0,0,0,0,0
480532,3,1,2000,0,0,0,6,0,0,0,0,0,0
480532,4,1,2000,0,0,0,0,0,0,0,0,0,0
480533,0,1,2000,22,0,19,22,0,12,0,14,19,0
480533,1,1,2000,0,0,0,0,0,0,0,26,17,0
480534,1,1,2000,21,21,21,21,21,21,21,21,21,21
480535,0,1,2000,0,0,0,0,15,0,0,22,0,0
480535,1,1,2000,0,0,15,0,0,0,0,0,0,0
480536,1,1,2000,0,35,0,0,14,18,0,0,4,0
480537,1,1,2000,0,0,0,0,0,0,0,0,0,0
480537,2,1,2000,0,0,0,0,0,0,0,0,0,0
480538,1,1,2000,19,19,19,19,19,19,19,19,19,19
480538,2,1,2000,16,17,27,13,16,11,10,27,19,5
480539,1,1,2000,0,0,0,0,0,0,0,0,0,0
480539,2,1,2000,0,0,0,0,0,0,0,0,0,0
480540,2,1,2000,0,22,0,0,0,0,0,15,0,25
480541,1,1,2000,0,0,0,0,0,0,0,0,0,0
480541,2,1,2000,0,27,0,0,0,0,0,0,0,0
480542,1,1,2000,0,0,0,0,0,0,0,0,0,0
480542,2,1,2000,0,0,0,0,0,0,0,0,0,0
480543,1,1,2000,0,0,0,0,0,0,0,0,0,21
480544,1,1,2000,0,0,0,0,0,0,0,0,20,0
480544,2,1,2000,0,0,0,0,0,0,0,0,11,0
480545,1,1,2000,0,0,0,0,0,0,0,0,0,0
480545,2,1,2000,0,0,0,0,0,0,0,0,0,0
480546,1,1,2000,0,10,0,0,0,0,0,0,0,0
480546,2,1,2000,0,0,0,0,0,0,0,0,0,0
480547,1,1,2000,0,0,0,0,0,0,0,15,0,0
480547,2,1,2000,0,5,0,4,0,0,0,0,0,0
480548,1,1,2000,0,0,0,0,0,0,20,0,0,0
480548,2,1,2000,0,0,0,0,0,0,0,0,0,0
480549,1,1,2000,0,26,0,0,0,0,31,0,0,11
480550,0,1,2000,0,0,0,0,0,0,0,0,0,0
480550,0,2,2000,38,36,15,16,22,19,0,22,21,19
480550,1,1,2000,0,9,0,0,0,0,0,0,0,0
480550,2,1,2000,16,16,27,24,18,19,14,9,17,4
480551,1,1,2000,0,0,0,0,0,0,0,0,0,0
480551,2,1,2000,0,0,10,0,12,0,0,0,0,8
480552,1,1,2000,11,21,0,0,0,0,0,0,12,0
480552,2,1,2000,32,8,22,14,0,0,21,19,38,18
480553,1,1,2000,19,19,19,19,19,19,19,19,19,19
480554,1,1,2000,2,0,0,19,17,0,0,7,16,8
480555,1,1,2000,0,0,0,0,0,0,0,0,14,0
480555,2,1,2000,15,6,22,14,13,0,0,15,15,18
480556,1,1,2000,32,16,27,20,18,12,15,18,10,12
480556,2,1,2000,5,14,6,21,5,0,9,17,0,0
480557,1,1,2000,0,35,0,18,13,0,18,14,14,29
480557,2,1,2000,0,0,0,0,0,0,0,0,0,0
480558,1,1,2000,0,0,0,0,0,0,0,0,0,0
480559,1,1,2000,10,10,10,10,10,10,10,10,10,10
480559,2,1,2000,16,16,16,16,16,16,16,16,16,16
480560,1,1,2000,10,21,7,0,0,31,13,5,0,3
480560,2,1,2000,10,10,10,10,10,10,10,10,10,10
480560,3,1,2000,0,0,0,0,0,0,0,0,0,0
480561,1,1,2000,11,9,11,12,5,6,21,17,39,8
480562,0,1,2000,0,0,0,19,0,25,0,13,0,9
480562,1,1,2000,0,25,0,14,19,17,22,23,31,17
480563,1,1,2000,0,0,0,0,0,0,0,0,0,0
480564,1,1,2000,13,19,16,49,26,9,14,7,18,27
480565,1,1,2000,19,19,19,19,19,19,19,19,19,19
480565,2,1,2000,14,14,14,14,14,14,14,14,14,14
480566,0,1,2000,0,0,0,0,0,0,0,0,0,0
480566,0,2,2000,0,0,0,0,0,0,0,0,0,0
480566,0,3,2000,0,9,0,0,0,0,0,16,0,12
480566,3,1,2000,0,0,0,0,0,0,0,0,0,0
480566,4,1,2000,0,0,0,3,19,0,0,0,9,0
480566,5,1,2000,0,0,0,0,0,21,23,0,0,0
480566,6,1,2000,0,4,0,0,2,0,0,0,0,0
480567,1,1,2000,0,0,0,0,0,0,0,0,0,0
480567,2,1,2000,0,0,0,0,0,0,0,0,0,0
480568,1,1,2000,0,0,0,0,0,0,0,0,0,0
480568,2,1,2000,0,0,0,0,0,0,0,0,0,0
480569,1,1,2000,0,0,0,0,0,0,0,0,0,0
480570,1,1,2000,0,0,0,0,0,0,0,0,0,0
480570,2,1,2000,0,0,0,0,0,9,0,0,0,0
480571,1,1,2000,3,0,0,0,0,0,0,0,3,0
480571,2,1,2000,0,0,0,0,0,0,21,0,0,0
480571,3,1,2000,0,21,0,0,11,0,0,0,0,0
480572,1,1,2000,0,0,0,0,0,0,0,0,0,0
480572,2,1,2000,0,0,0,0,0,0,0,0,0,0
480572,3,1,2000,0,0,0,0,0,0,24,0,0,0
480573,1,1,2000,0,11,0,0,0,0,0,0,0,0
480573,2,1,2000,0,0,0,0,0,0,0,0,0,0
480574,1,1,2000,0,0,3,14,0,0,0,0,0,0
480574,2,1,2000,0,23,23,0,12,0,24,22,17,12
480575,1,1,2000,0,0,0,0,0,0,0,0,0,0
480576,1,1,2000,0,0,0,0,0,0,0,0,0,0
480576,2,1,2000,0,0,0,0,0,0,0,0,0,0
480577,1,1,2000,0,0,0,0,0,0,0,0,0,0
480577,2,1,2000,0,0,0,9,0,0,0,0,0,0
480578,1,1,2000,0,0,0,0,0,0,0,0,0,0
480578,2,1,2000,0,0,0,0,0,0,0,0,0,0
480579,1,1,2000,17,0,21,30,17,0,21,21,16,0
480580,1,1,2000,18,18,18,18,18,18,18,18,18,18
480581,0,1,2000,0,0,0,0,11,0,0,0,0,25
480581,1,1,2000,0,0,0,0,0,0,0,0,0,0
480582,0,1,2000,0,0,0,0,0,0,0,0,0,0
480583,0,1,2000,16,16,16,16,16,16,16,16,16,16
480583,1,1,2000,14,4,28,0,0,0,0,0,0,19
480584,1,1,2000,13,13,13,13,13,13,13,13,13,13
480585,1,1,2000,0,0,0,0,0,0,0,0,0,0
480585,2,1,2000,0,0,0,0,0,0,0,0,0,0
480586,0,1,2000,3,0,9,0,19,30,0,0,0,0
480586,1,1,2000,0,0,0,0,0,0,0,0,0,0
480587,0,1,2000,0,7,0,0,36,0,0,0,0,0
480587,1,1,2000,0,0,16,0,0,0,0,0,0,0
480588,1,1,2000,23,23,23,23,23,23,23,23,23,23
480588,2,1,2000,0,0,0,0,0,0,12,0,0,9
480589,1,1,2000,17,17,17,17,17,17,17,17,17,17
480590,1,1,2000,11,11,11,11,11,11,11,11,11,11
480591,0,1,2000,11,0,0,0,0,0,0,0,20,20
480591,1,1,2000,13,13,13,13,13,13,13,13,13,13
480592,0,1,2000,39,39,33,29,29,45,21,30,36,19
480592,1,1,2000,22,26,21,0,0,0,19,13,0,0
480593,1,1,2000,25,25,25,25,25,25,25,25,25,25
480593,2,1,2000,0,0,0,0,0,0,0,0,0,0
480594,0,1,2000,23,23,23,23,23,23,23,23,23,23
480594,1,1,2000,12,0,0,9,0,0,0,0,0,0
480595,0,1,2000,0,0,0,0,0,0,0,0,0,0
480595,1,1,2000,6,0,9,16,13,0,4,0,0,15
480596,0,1,2000,14,0,0,30,9,17,0,34,0,0
480596,1,1,2000,14,0,0,0,24,22,17,8,8,0
480597,1,1,2000,16,0,2,24,4,0,17,10,0,0
480597,2,1,2000,13,12,34,0,11,0,20,6,4,12
480598,1,1,2000,0,0,0,0,0,0,0,0,0,0
480598,2,1,2000,0,0,0,0,0,0,0,0,0,19
480599,1,1,2000,16,0,0,0,0,0,0,0,14,0
480600,1,1,2000,0,0,0,0,0,0,0,0,0,0
480601,1,1,2000,0,6,0,0,0,0,0,0,0,0
480601,2,1,2000,0,0,0,0,0,0,0,0,0,0
480602,1,1,2000,0,0,0,0,0,0,0,0,0,0
480602,2,1,2000,0,0,0,0,0,0,0,0,0,0
480603,1,1,2000,13,13,13,13,13,13,13,13,13,13
480603,2,1,2000,0,5,0,17,0,0,0,0,0,13
480604,1,1,2000,0,0,0,0,0,0,0,0,0,0
480604,2,1,2000,12,16,0,0,0,0,0,0,0,15
480604,3,1,2000,0,0,0,0,0,0,0,0,0,0
480604,4,1,2000,0,0,0,0,0,0,0,17,0,0
480605,1,1,2000,0,0,0,0,0,0,0,0,0,0
480605,2,1,2000,10,0,0,0,0,0,0,0,0,0
480606,0,1,2000,8,0,0,0,0,0,0,0,0,20
480606,1,1,2000,0,0,10,0,0,0,0,0,0,0
480607,1,1,2000,19,19,19,19,19,19,19,19,19,19
480607,2,1,2000,0,0,0,0,0,0,0,0,0,0
480608,1,1,2000,0,0,0,0,0,0,0,0,0,0
480608,2,1,2000,0,0,0,0,0,0,0,0,0,0
480608,3,1,2000,0,13,0,0,0,0,0,0,0,0
480609,1,1,2000,19,19,19,19,19,19,19,19,19,19
480610,1,1,2000,0,0,0,0,0,0,0,0,0,0
480610,2,1,2000,0,0,0,0,0,0,20,0,10,0
480611,0,1,2000,26,26,26,26,26,26,26,26,26,26
480611,1,1,2000,0,0,0,0,0,0,0,0,0,0
480612,1,1,2000,0,0,0,0,0,0,0,14,10,0
480613,1,1,2000,0,0,0,0,0,0,0,0,0,0
480613,2,1,2000,0,0,0,0,0,0,0,0,0,0
480614,0,1,2000,0,0,0,0,20,0,0,0,0,0
480614,0,2,2000,0,0,0,0,26,0,0,0,0,15
480614,1,1,2000,0,0,0,0,0,0,0,0,0,0
480615,0,1,2000,30,48,8,14,10,20,18,14,25,23
480615,0,2,2000,21,0,16,29,23,0,33,6,12,15
480615,1,1,2000,4,4,4,4,4,4,4,4,4,4
480616,1,1,2000,21,21,21,21,21,21,21,21,21,21
480617,1,1,2000,0,0,0,0,0,0,8,0,0,0
480618,1,1,2000,0,0,0,0,0,0,0,0,0,0
480618,2,1,2000,0,0,10,0,0,0,0,0,0,0
480618,3,1,2000,0,0,0,0,0,0,0,0,0,0
480619,1,1,2000,0,0,0,0,0,0,12,0,0,0
480619,2,1,2000,0,0,0,0,0,0,0,0,0,0
480620,1,1,2000,0,0,0,0,0,0,0,0,0,0
480620,2,1,2000,0,0,0,10,0,0,0,0,0,0
480620,3,1,2000,0,0,0,11,0,0,0,0,0,0
480621,1,1,2000,0,0,0,0,0,0,0,0,0,0
480621,2,1,2000,0,0,0,0,0,0,0,0,0,0
480622,1,1,2000,0,10,44,0,15,20,0,8,7,21
480623,1,1,2000,0,0,0,0,0,0,0,0,0,0
480623,2,1,2000,0,0,0,0,0,0,0,0,0,0
480623,3,1,2000,0,0,0,0,0,0,0,0,0,0
480624,1,1,2000,0,0,20,0,0,0,29,7,0,0
480624,2,1,2000,6,25,0,0,0,0,0,0,7,0
480624,3,1,2000,0,0,16,35,0,15,18,13,17,3
480624,4,1,2000,0,0,0,0,0,0,0,0,0,9
480625,1,1,2000,9,9,9,9,9,9,9,9,9,9
480626,0,1,2000,21,21,21,21,21,21,21,21,21,21
480626,1,1,2000,0,0,0,0,0,0,0,19,0,0
480627,1,1,2000,0,0,0,0,11,0,2,0,0,0
480627,2,1,2000,0,0,0,0,0,0,0,0,0,0
480627,3,1,2000,0,0,0,0,0,0,0,0,0,0
480628,0,1,2000,0,12,0,0,17,0,16,28,9,0
480628,1,1,2000,0,0,0,0,0,10,0,0,6,0
480629,1,1,2000,0,0,0,0,0,0,0,0,0,0
480629,2,1,2000,0,0,0,12,3,0,15,9,0,0
480629,3,1,2000,0,5,0,0,0,0,17,0,0,0
480629,4,1,2000,0,0,0,0,0,0,0,0,0,0
480630,1,1,2000,0,0,5,0,0,0,0,0,0,0
480630,2,1,2000,0,0,22,9,15,0,32,0,0,16
480631,0,1,2000,41,38,9,0,19,0,0,0,19,0
480631,1,1,2000,0,0,0,0,0,0,0,0,0,0
480631,2,1,2000,0,0,7,16,0,0,0,0,0,0
480632,1,1,2000,0,0,0,0,0,0,0,19,0,0
480633,1,1,2000,0,0,0,0,0,0,0,0,0,0
480634,0,1,2000,0,16,0,0,14,0,5,0,28,0
480634,0,2,2000,0,0,0,0,0,0,0,0,0,0
480634,1,1,2000,0,0,0,0,0,0,0,0,0,0
480635,0,1,2000,0,0,0,0,0,0,0,0,0,0
480635,1,1,2000,0,0,0,0,0,0,0,0,0,0
480636,1,1,2000,0,0,0,0,0,0,0,0,0,0
480637,0,1,2000,3,11,0,21,0,13,0,7,24,15
480637,1,1,2000,24,20,22,13,39,16,31,17,9,10
480638,0,1,2000,0,0,23,14,0,0,21,28,6,13
480638,1,1,2000,0,4,0,13,3,0,3,12,14,0
480639,1,1,2000,0,0,0,0,0,0,0,0,0,0
480639,2,1,2000,0,0,18,0,6,0,0,0,0,0
480640,1,1,2000,0,0,0,0,0,0,0,0,0,0
480640,2,1,2000,0,0,0,0,0,0,4,0,0,0
480641,1,1,2000,0,0,0,0,0,0,0,9,0,0
480641,2,1,2000,0,0,0,0,0,0,27,0,0,0
480641,3,1,2000,0,0,0,0,0,0,0,0,0,0
480641,4,1,2000,0,0,0,0,0,0,0,0,0,0
480642,1,1,2000,14,14,14,14,14,14,14,14,14,14
480642,2,1,2000,0,0,0,0,0,0,0,0,0,0
480643,1,1,2000,7,7,7,7,7,7,7,7,7,7
480644,1,1,2000,0,0,0,0,0,0,0,0,0,0
480645,0,1,2000,0,0,0,0,0,0,0,0,0,0
480645,1,1,2000,0,8,0,7,0,0,0,0,2,0
480646,1,1,2000,16,16,16,16,16,16,16,16,16,16
480647,1,1,2000,0,0,0,0,0,0,0,0,0,0
480647,2,1,2000,0,0,0,0,0,0,0,0,0,0
480647,3,1,2000,0,0,0,0,0,13,0,0,0,0
480648,1,1,2000,0,0,0,0,0,0,0,0,0,0
480649,1,1,2000,23,23,23,23,23,23,23,23,23,23
480650,1,1,2000,15,8,14,8,15,19,32,20,0,10
480651,0,1,2000,0,0,0,0,0,0,0,0,0,0
480651,1,1,2000,0,0,0,0,0,0,0,0,0,0
480652,1,1,2000,0,0,0,0,0,0,0,0,0,0
480653,1,1,2000,0,0,0,0,0,0,0,0,0,0
480654,0,1,2000,0,9,15,10,0,23,40,29,33,26
480654,1,1,2000,0,0,0,0,0,0,0,0,0,0
480655,1,1,2000,13,13,13,13,13,13,13,13,13,13
480655,2,1,2000,27,27,27,27,27,27,27,27,27,27
480656,0,1,2000,0,0,0,0,0,0,0,0,0,3
480656,1,1,2000,0,0,5,0,0,0,0,0,0,0
480657,1,1,2000,0,13,0,0,11,0,9,0,0,0
480657,2,1,2000,0,0,0,12,0,0,0,8,0,0
480658,1,1,2000,0,0,0,0,0,0,0,0,0,0
480658,2,1,2000,0,0,0,0,0,0,0,0,0,0
480659,1,1,2000,0,0,0,0,0,0,0,0,0,0
480660,1,1,2000,0,0,10,14,9,24,0,39,0,0
480661,1,1,2000,0,0,0,0,0,0,0,0,0,0
480661,2,1,2000,0,0,0,0,0,0,0,0,0,0
480662,1,1,2000,20,20,20,20,20,20,20,20,20,20
480662,2,1,2000,0,0,0,0,0,18,6,23,0,11
480663,1,1,2000,21,13,23,0,1,0,0,0,0,0
480664,1,1,2000,0,22,25,21,16,26,9,0,0,0
480665,1,1,2000,0,0,0,0,0,0,0,0,0,0
480665,2,1,2000,22,22,22,22,22,22,22,22,22,22
480666,1,1,2000,22,22,22,22,22,22,22,22,22,22
480667,1,1,2000,0,0,0,0,0,0,0,0,0,0
480667,2,1,2000,0,0,0,0,0,0,0,0,0,0
480668,1,1,2000,0,0,0,0,0,0,0,0,0,0
480668,2,1,2000,0,0,0,0,0,0,0,0,0,0
480669,1,1,2000,2,2,2,2,2,2,2,2,2,2
480670,1,1,2000,0,0,0,0,0,0,0,0,0,0
480670,2,1,2000,0,0,0,0,0,0,0,0,0,0
480671,1,1,2000,0,0,0,0,0,0,0,0,0,0
480671,2,1,2000,0,0,0,0,0,0,0,0,0,0
480672,1,1,2000,0,0,0,0,0,0,0,0,0,0
480672,2,1,2000,0,0,0,0,0,0,0,0,0,0
480672,3,1,2000,6,0,0,0,11,0,12,0,0,0
480673,1,1,2000,0,0,0,0,0,6,0,0,0,0
480673,2,1,2000,0,14,0,7,0,0,7,0,0,0
480674,1,1,2000,36,36,36,36,36,36,36,36,36,36
480675,1,1,2000,19,21,8,14,29,15,13,21,20,19
480676,1,1,2000,16,10,6,0,21,24,0,37,7,22
480676,2,1,2000,0,7,0,0,20,0,0,0,21,0
480677,1,1,2000,0,0,12,0,31,0,23,20,0,40
480678,1,1,2000,0,11,0,0,0,0,0,0,0,0
480678,2,1,2000,0,0,0,0,0,0,0,8,0,0
480679,1,1,2000,0,0,0,0,0,0,0,0,0,0
480679,2,1,2000,0,0,0,0,0,0,14,0,0,0
480680,1,1,2000,11,17,16,0,0,20,32,0,8,13
480680,2,1,2000,0,0,0,9,0,0,10,0,0,11
480681,1,1,2000,0,13,8,0,14,9,10,15,11,0
480681,2,1,2000,15,15,15,15,15,15,15,15,15,15
480682,1,1,2000,10,0,0,12,32,0,9,16,14,0
480683,1,1,2000,0,0,0,17,0,0,0,20,0,0
480683,2,1,2000,0,14,12,0,0,0,0,0,0,0
480684,1,1,2000,30,30,30,30,30,30,30,30,30,30
480685,1,1,2000,10,10,10,10,10,10,10,10,10,10
480685,2,1,2000,0,12,0,17,0,0,0,0,0,0
480686,1,1,2000,0,0,0,0,0,0,0,0,0,0
480686,2,1,2000,0,0,0,0,0,0,0,0,0,14
480687,1,1,2000,0,28,0,19,28,0,0,0,0,10
480687,2,1,2000,0,27,26,0,0,0,0,7,0,0
480688,1,1,2000,0,0,0,0,0,4,0,0,0,0
480688,2,1,2000,0,0,0,0,0,0,0,0,0,0
480689,0,1,2000,40,26,20,19,11,19,0,27,0,0
480689,1,1,2000,0,0,0,9,0,0,0,19,0,0
480689,2,1,2000,0,0,0,0,0,0,0,0,0,0
480690,0,1,2000,0,0,0,0,0,0,0,0,0,0
480690,0,2,2000,0,0,0,0,0,0,0,0,0,0
480690,1,1,2000,0,0,0,0,0,0,0,0,0,0
480691,1,1,2000,0,0,0,0,0,0,0,0,0,0
480691,2,1,2000,19,12,27,14,32,17,10,14,37,0
480692,1,1,2000,0,24,0,0,0,0,0,0,0,14
480692,2,1,2000,0,0,0,0,0,0,0,0,0,0
480692,3,1,2000,0,0,0,0,0,0,0,0,0,0
480692,4,1,2000,0,0,0,0,0,0,0,0,8,0
480693,1,1,2000,0,0,0,0,0,0,0,0,7,0
480693,2,1,2000,0,0,0,0,0,0,0,0,0,0
480694,1,1,2000,0,0,0,0,0,0,0,0,0,0
480694,2,1,2000,0,0,0,0,0,0,0,0,0,0
480695,1,1,2000,0,0,0,0,0,0,0,0,0,0
480695,2,1,2000,0,0,0,0,0,0,0,0,0,0
480696,1,1,2000,0,0,0,0,0,0,0,0,0,0
480697,1,1,2000,0,0,0,0,0,0,0,0,0,0
480698,0,1,2000,27,0,15,21,23,16,0,0,0,36
480698,1,1,2000,0,0,0,0,0,0,0,0,0,0
480699,1,1,2000,0,0,0,0,0,0,0,0,0,0
480699,2,1,2000,0,0,0,0,0,0,0,0,0,0
480699,3,1,2000,0,0,0,0,0,0,0,0,0,0
480700,1,1,2000,0,0,0,0,0,28,0,0,0,0
480700,2,1,2000,0,0,0,0,1,0,0,0,0,0
480701,1,1,2000,0,0,18,0,0,0,21,19,15,0
480702,1,1,2000,15,24,14,19,16,8,14,25,17,17
480702,2,1,2000,0,0,0,0,0,0,13,0,0,0
480702,3,1,2000,0,0,0,0,0,0,0,0,0,0
480703,1,1,2000,0,0,0,0,0,0,0,0,0,0
480703,2,1,2000,0,0,0,0,0,0,0,0,0,0
480703,3,1,2000,0,0,0,0,0,0,0,0,0,0
480703,4,1,2000,0,4,17,19,0,0,0,9,6,0
480704,1,1,2000,0,0,0,0,10,18,0,0,0,0
480704,2,1,2000,0,12,13,0,26,13,0,0,7,0
480705,1,1,2000,0,0,0,0,0,0,0,0,0,0
480705,2,1,2000,0,0,0,0,0,0,0,0,0,0
480706,1,1,2000,0,0,0,0,0,0,0,0,0,0
480706,2,1,2000,0,0,21,0,0,0,0,0,0,0
480707,1,1,2000,0,0,0,0,0,0,0,0,0,0
480707,2,1,2000,8,8,8,8,8,8,8,8,8,8
480708,1,1,2000,17,17,17,17,17,17,17,17,17,17
480709,1,1,2000,21,21,21,21,21,21,21,21,21,21
480709,2,1,2000,14,9,10,8,17,14,21,9,10,8
480710,1,1,2000,0,0,0,0,0,0,0,17,10,0
480711,1,1,2000,23,23,23,23,23,23,23,23,23,23
480712,1,1,2000,27,19,7,17,3,23,10,16,6,10
480712,2,1,2000,19,0,18,31,0,0,0,0,39,0
480713,1,1,2000,15,15,15,15,15,15,15,15,15,15
480714,1,1,2000,15,15,15,15,15,15,15,15,15,15
480714,2,1,2000,0,0,0,0,0,0,0,23,0,0
480715,1,1,2000,0,0,9,0,0,0,0,0,0,0
480716,1,1,2000,24,0,21,12,0,0,0,31,0,0
480717,1,1,2000,0,20,0,0,16,0,0,0,0,7
480717,2,1,2000,0,0,0,0,0,0,0,0,0,0
480718,1,1,2000,12,12,12,12,12,12,12,12,12,12
480719,1,1,2000,31,11,0,0,15,10,15,9,0,0
480720,1,1,2000,0,0,0,0,0,0,0,0,0,0
480721,0,1,2000,0,0,0,25,0,0,0,25,0,22
480721,1,1,2000,0,0,0,0,0,0,0,0,0,0
480722,1,1,2000,14,14,14,14,14,14,14,14,14,14
480723,1,1,2000,15,0,8,0,0,0,11,0,0,0
480724,0,1,2000,0,0,0,24,0,0,0,0,25,14
480724,1,1,2000,0,0,0,0,0,0,0,0,0,0
480725,0,1,2000,28,0,0,19,8,20,28,8,12,17
480725,1,1,2000,0,11,0,0,0,0,0,0,0,0
480726,0,1,2000,4,0,0,0,0,0,0,0,0,0
480726,0,2,2000,0,0,0,4,0,0,0,0,0,0
480726,1,1,2000,0,0,4,16,0,0,0,0,10,0
480727,0,1,2000,0,0,0,0,0,0,0,0,0,0
480727,1,1,2000,0,0,0,0,0,0,0,0,0,0
480728,1,1,2000,22,22,22,22,22,22,22,22,22,22
480729,1,1,2000,0,0,0,0,0,0,0,0,0,0
480729,2,1,2000,0,0,0,0,0,0,0,0,0,0
480730,1,1,2000,0,0,0,0,0,0,0,0,0,0
480730,2,1,2000,0,16,0,0,0,7,15,0,0,0
480730,3,1,2000,0,0,0,0,0,0,0,0,0,19
480731,1,1,2000,9,9,9,9,9,9,9,9,9,9
480732,1,1,2000,19,19,19,19,19,19,19,19,19,19
480733,1,1,2000,0,0,5,0,8,14,0,9,0,9
480734,0,1,2000,0,6,0,34,17,34,0,19,9,22
480734,1,1,2000,0,0,0,0,8,0,0,10,0,0
480735,1,1,2000,27,17,0,31,0,0,12,27,0,14
480735,2,1,2000,0,16,0,13,0,0,0,0,18,0
480736,1,1,2000,0,0,0,0,0,0,0,0,0,0
480737,1,1,2000,27,27,27,27,27,27,27,27,27,27
480737,2,1,2000,8,12,0,0,0,8,0,0,0,18
480738,1,1,2000,0,0,0,0,0,0,0,0,0,10
480739,1,1,2000,0,0,0,0,0,0,0,0,0,0
480739,2,1,2000,0,0,0,0,0,0,0,0,5,0
480740,0,1,2000,0,0,0,0,0,0,0,0,0,0
480740,1,1,2000,0,13,0,21,0,7,0,15,0,18
480741,1,1,2000,0,20,0,0,0,0,0,13,0,0
480741,2,1,2000,10,0,0,0,28,19,27,0,0,0
480742,1,1,2000,0,0,0,0,0,0,0,0,0,0
480742,2,1,2000,0,0,0,0,0,0,0,0,0,0
480743,1,1,2000,15,15,15,15,15,15,15,15,15,15
480743,2,1,2000,0,0,0,0,0,0,0,0,0,0
480744,1,1,2000,0,0,0,0,11,0,0,0,0,0
480745,1,1,2000,0,0,0,8,8,0,12,7,22,25
480746,1,1,2000,0,0,0,0,0,11,0,0,0,0
480746,2,1,2000,0,0,15,0,0,0,0,0,0,0
480746,3,1,2000,0,0,0,0,0,0,0,0,0,0
480747,1,1,2000,0,0,0,0,0,0,0,0,7,0
480748,1,1,2000,14,15,17,21,6,15,8,8,11,4
480749,1,1,2000,0,0,0,0,0,0,0,0,0,0
480750,1,1,2000,14,0,0,12,0,0,0,0,0,0
480750,2,1,2000,0,0,0,10,0,0,0,0,18,0
480751,1,1,2000,0,0,10,7,7,19,23,21,0,0
480751,2,1,2000,0,0,0,0,0,0,0,0,0,0
480752,1,1,2000,0,0,0,0,0,0,0,0,0,0
480752,2,1,2000,0,0,0,0,0,0,0,0,0,0
480752,3,1,2000,0,0,0,0,0,0,0,0,0,0
480752,4,1,2000,0,0,0,0,0,0,0,0,0,0
480753,1,1,2000,0,0,0,0,0,0,0,0,0,0