ST_CASE,VEH_NO,PER_NO,YEAR,P1,P2,P3,P4,P5,P6,P7,P8,P9,P10
480753,2,1,2000,0,0,0,0,0,0,0,0,0,0
480754,1,1,2000,3,9,3,11,7,9,9,0,2,11
480754,2,1,2000,10,0,4,0,11,0,32,11,0,7
480755,1,1,2000,0,22,0,0,0,0,0,0,0,0
480755,2,1,2000,0,0,0,0,0,0,0,0,0,0
480756,1,1,2000,0,17,27,23,13,9,16,12,6,0
480757,1,1,2000,0,0,0,0,0,0,0,0,0,0
480757,2,1,2000,0,0,0,0,0,0,0,0,0,0
480758,1,1,2000,0,0,0,0,0,0,0,0,0,0
480758,2,1,2000,0,0,0,0,0,0,0,0,0,0
480759,1,1,2000,2,2,2,2,2,2,2,2,2,2
480760,1,1,2000,0,0,0,0,0,0,0,0,0,0
480760,2,1,2000,0,0,0,0,0,0,0,0,0,0
480761,0,1,2000,0,19,0,12,34,0,34,0,17,0
480761,2,1,2000,0,0,0,0,0,0,12,0,0,0
480762,1,1,2000,0,0,11,0,0,0,0,0,0,0
480762,2,1,2000,9,9,9,9,9,9,9,9,9,9
480763,1,1,2000,0,0,0,0,0,0,0,0,0,0
480763,2,1,2000,0,0,0,0,0,0,0,0,0,0
480764,1,1,2000,0,0,0,0,9,21,0,13,0,0
480765,1,1,2000,3,21,17,10,0,23,14,16,7,27
480766,1,1,2000,0,18,13,0,0,6,0,6,0,0
480766,2,1,2000,0,23,0,0,0,0,0,23,0,0
480767,1,1,2000,0,0,18,0,8,0,0,11,0,0
480767,2,1,2000,17,0,0,0,12,39,0,17,18,0
480768,0,1,2000,34,0,12,34,11,20,19,13,0,14
480768,1,1,2000,33,0,0,0,14,0,37,10,20,0
480769,1,1,2000,14,0,0,0,0,0,0,0,0,0
480770,1,1,2000,11,35,16,8,17,24,27,24,24,0
480771,0,1,2000,36,32,18,26,23,40,17,19,0,12
480771,1,1,2000,0,0,0,0,0,0,0,0,0,0
480772,1,1,2000,10,14,9,10,20,21,11,27,11,29
480773,1,1,2000,0,0,0,0,0,4,0,0,0,0
480773,2,1,2000,9,0,0,0,7,0,17,0,0,6
480774,0,1,2000,9,0,0,0,0,14,0,0,0,0
480774,1,1,2000,9,9,9,9,9,9,9,9,9,9
480775,0,1,2000,0,0,0,0,0,0,0,0,0,0
480775,1,1,2000,0,21,0,20,15,20,0,0,0,0
480776,1,1,2000,0,0,0,0,0,0,0,0,0,0
480777,0,1,2000,0,0,0,0,0,0,0,0,0,0
480777,1,1,2000,34,0,0,0,0,0,0,0,0,0
480778,1,1,2000,0,4,0,9,8,0,0,0,0,0
480778,2,1,2000,25,25,25,25,25,25,25,25,25,25
480779,1,1,2000,21,21,21,21,21,21,21,21,21,21
480780,1,1,2000,14,14,14,14,14,14,14,14,14,14
480781,1,1,2000,8,8,8,8,8,8,8,8,8,8
480781,2,1,2000,0,0,0,11,0,0,0,0,0,0
480782,1,1,2000,0,0,0,0,0,0,0,0,0,0
480782,2,1,2000,0,0,0,0,0,0,0,0,0,0
480783,1,1,2000,12,12,12,12,12,12,12,12,12,12
480784,1,1,2000,0,0,0,0,0,0,0,0,0,0
480785,1,1,2000,0,0,4,5,11,0,0,0,13,0
480786,0,1,2000,33,33,33,33,33,33,33,33,33,33
480786,1,1,2000,0,12,18,0,19,0,0,12,0,0
480787,1,1,2000,0,0,0,0,0,0,0,0,0,0
480787,2,1,2000,0,0,0,0,0,0,0,0,0,0
480788,1,1,2000,0,0,0,0,0,10,0,0,0,0
480789,1,1,2000,0,9,0,21,0,18,0,0,0,11
480789,2,1,2000,0,0,0,0,0,0,0,0,0,0
480790,1,1,2000,0,0,0,0,0,0,0,0,0,0
480791,1,1,2000,0,0,0,0,0,0,0,0,0,0
480791,2,1,2000,0,0,0,0,0,0,0,0,0,0
480791,3,1,2000,0,0,0,0,0,0,29,0,0,0
480791,4,1,2000,0,0,0,0,0,0,0,0,0,0
480792,1,1,2000,0,0,0,0,0,0,0,0,0,0
480792,2,1,2000,7,0,0,0,0,0,0,0,0,0
480793,1,1,2000,22,29,52,21,9,25,21,14,17,6
480793,2,1,2000,0,0,0,0,0,0,0,0,0,0
480794,1,1,2000,0,0,0,0,0,0,0,0,0,0
480794,2,1,2000,20,10,0,0,0,0,13,0,0,16
480795,1,1,2000,0,0,0,0,0,0,0,0,0,0
480795,2,1,2000,0,0,0,0,0,0,0,0,0,0
480796,1,1,2000,0,0,0,0,0,0,0,0,0,0
480797,1,1,2000,0,0,0,26,0,0,0,0,0,0
480797,2,1,2000,0,0,15,0,0,8,0,0,0,0
480798,1,1,2000,0,0,0,0,0,0,0,0,0,0
480798,2,1,2000,20,20,20,20,20,20,20,20,20,20
480799,1,1,2000,0,0,25,0,0,0,0,0,0,0
480800,1,1,2000,0,0,0,0,0,0,0,0,0,0
480801,1,1,2000,17,26,9,10,5,19,12,14,6,23
480801,2,1,2000,0,0,0,0,0,0,0,0,0,0
480802,1,1,2000,0,27,0,0,0,0,0,0,7,0
480802,2,1,2000,0,0,0,0,0,0,0,0,0,0
480802,3,1,2000,0,0,0,0,0,0,0,0,0,0
480803,0,1,2000,0,0,0,0,0,0,0,0,0,0
480803,1,1,2000,0,0,0,0,0,0,0,17,0,8
480804,1,1,2000,0,0,0,0,0,0,0,0,0,0
480805,1,1,2000,0,13,18,3,0,4,0,0,0,2
480805,2,1,2000,26,33,6,19,13,0,0,0,17,0
480806,1,1,2000,26,13,0,0,17,13,0,19,0,0
480807,1,1,2000,0,0,0,0,0,0,0,0,0,0
480808,1,1,2000,0,0,0,0,0,0,0,0,0,0
480808,2,1,2000,0,0,0,0,0,0,0,0,0,0
480808,3,1,2000,0,0,0,0,0,0,17,0,0,0
480809,1,1,2000,0,25,13,15,0,0,28,0,7,0
480810,1,1,2000,0,0,0,0,0,0,0,0,0,0
480810,2,1,2000,0,4,0,0,7,0,0,0,0,0
480811,1,1,2000,7,7,7,7,7,7,7,7,7,7
480812,1,1,2000,9,12,10,25,10,12,9,15,7,21
480812,2,1,2000,8,10,0,0,0,8,7,0,9,12
480813,1,1,2000,0,0,15,0,0,22,0,0,6,0
480814,1,1,2000,0,0,17,0,0,0,0,0,0,14
480815,0,1,2000,0,0,0,0,0,0,0,0,0,0
480815,1,1,2000,20,0,14,0,0,0,0,0,0,0
480816,1,1,2000,6,0,0,0,0,0,0,5,0,7
480817,1,1,2000,0,0,0,0,0,0,0,0,0,0
480817,2,1,2000,0,0,0,0,0,0,0,0,0,0
480818,1,1,2000,0,0,0,0,0,0,0,0,0,0
480818,2,1,2000,0,10,0,0,0,0,0,0,0,0
480819,1,1,2000,0,20,14,0,0,0,12,0,0,0
480820,1,1,2000,16,16,16,16,16,16,16,16,16,16
480821,1,1,2000,0,0,0,0,23,11,8,0,7,0
480821,2,1,2000,23,0,15,16,6,6,25,17,0,4
480822,1,1,2000,0,0,0,0,0,0,0,0,0,0
480822,2,1,2000,0,20,0,0,0,0,0,0,0,0
480823,1,1,2000,0,0,0,0,6,0,0,3,0,18
480823,2,1,2000,26,26,26,26,26,26,26,26,26,26
480824,1,1,2000,0,0,0,0,0,0,0,0,19,0
480824,2,1,2000,16,0,0,0,0,0,0,0,0,0
480825,1,1,2000,20,24,6,18,15,0,6,0,0,11
480826,1,1,2000,0,0,0,0,0,0,0,0,0,0
480827,1,1,2000,45,45,45,45,45,45,45,45,45,45
480828,1,1,2000,0,0,0,0,0,0,0,0,0,0
480828,2,1,2000,0,0,0,0,0,0,0,0,0,0
480829,1,1,2000,3,10,23,14,23,17,5,43,22,16
480830,1,1,2000,17,17,17,17,17,17,17,17,17,17
480831,1,1,2000,12,31,8,16,18,19,19,29,21,2
480832,1,1,2000,0,0,0,0,0,0,0,0,0,0
480833,0,1,2000,0,35,12,0,19,16,12,0,0,12
480833,1,1,2000,26,15,18,21,13,23,33,13,24,25
480834,1,1,2000,0,0,0,0,8,10,24,0,0,12
480834,2,1,2000,19,19,19,19,19,19,19,19,19,19
480835,1,1,2000,18,3,13,10,18,4,14,13,35,4
480835,2,1,2000,0,7,0,0,0,0,0,0,0,0
480836,1,1,2000,31,31,31,31,31,31,31,31,31,31
480837,1,1,2000,0,0,0,0,0,0,0,0,0,0
480838,1,1,2000,0,0,16,0,0,0,0,0,0,0
480839,1,1,2000,9,9,9,9,9,9,9,9,9,9
480840,1,1,2000,18,18,18,18,18,18,18,18,18,18
480840,2,1,2000,19,9,0,10,0,0,0,0,0,0
480841,0,1,2000,0,0,0,0,0,61,22,0,0,0
480841,1,1,2000,0,0,0,0,0,0,0,0,0,0
480842,0,1,2000,0,0,0,25,12,51,29,35,33,0
480842,1,1,2000,8,25,0,5,14,0,0,12,0,0
480843,0,1,2000,12,0,0,0,24,0,0,0,0,0
480843,1,1,2000,0,0,0,0,0,0,0,0,0,13
480844,1,1,2000,0,34,0,0,0,0,0,0,0,0
480844,2,1,2000,12,0,0,0,0,0,0,0,0,0
480845,1,1,2000,0,0,0,0,0,0,0,0,0,0
480845,2,1,2000,2,2,2,2,2,2,2,2,2,2
480846,1,1,2000,0,0,0,17,0,0,0,0,0,0
480846,2,1,2000,0,0,0,0,0,20,16,0,0,0
480847,1,1,2000,0,0,0,0,0,0,0,0,0,0
480847,2,1,2000,0,0,0,0,0,0,0,0,0,0
480848,1,1,2000,0,0,0,0,0,0,0,0,0,0
480848,2,1,2000,0,0,0,0,0,0,0,0,0,0
480849,1,1,2000,0,0,0,0,0,0,0,0,0,0
480849,2,1,2000,7,29,0,0,0,0,25,0,0,0
480850,1,1,2000,1,1,1,1,1,1,1,1,1,1
480851,1,1,2000,15,12,8,17,6,12,14,23,17,6
480852,1,1,2000,0,0,0,0,0,0,0,0,0,0
480852,2,1,2000,0,0,0,0,0,0,0,0,0,0
480853,1,1,2000,24,24,24,24,24,24,24,24,24,24
480854,1,1,2000,0,0,0,0,0,0,0,0,0,0
480854,2,1,2000,0,0,0,0,0,0,0,0,0,0
480855,1,1,2000,0,0,10,0,0,0,0,0,0,0
480856,0,1,2000,0,0,0,0,0,0,0,0,0,0
480856,1,1,2000,0,0,0,0,0,0,0,0,0,0
480857,1,1,2000,0,0,0,0,0,0,15,0,0,0
480858,1,1,2000,0,0,0,0,0,0,0,0,0,0
480858,2,1,2000,0,0,0,0,0,0,0,0,0,0
480859,1,1,2000,16,35,20,17,8,21,0,8,0,28
480859,2,1,2000,0,0,0,8,0,0,2,0,16,7
480860,1,1,2000,0,0,13,0,0,0,0,0,0,0
480860,2,1,2000,0,0,0,0,0,0,11,0,0,0
480860,3,1,2000,0,0,0,0,0,0,0,0,0,0
480861,1,1,2000,28,31,18,0,10,21,0,14,24,16
480862,1,1,2000,0,0,0,0,0,0,0,0,0,0
480863,0,1,2000,3,3,3,3,3,3,3,3,3,3
480863,1,1,2000,0,0,0,0,0,0,0,0,0,0
480864,1,1,2000,0,0,0,0,0,0,0,0,0,0
480864,2,1,2000,0,0,0,0,0,0,0,0,0,0
480865,1,1,2000,10,10,10,10,10,10,10,10,10,10
480866,1,1,2000,0,0,0,0,0,0,0,0,0,0
480866,2,1,2000,0,0,0,0,0,0,0,0,0,0
480867,1,1,2000,0,0,0,4,0,0,0,0,0,0
480867,2,1,2000,0,0,0,0,0,0,0,0,0,0
480868,1,1,2000,13,13,13,13,13,13,13,13,13,13
480869,1,1,2000,0,0,0,0,0,0,0,0,0,0
480870,0,1,2000,0,0,0,0,0,0,0,0,0,0
480870,1,1,2000,0,0,9,4,0,15,0,0,5,6
480871,1,1,2000,24,24,24,24,24,24,24,24,24,24
480872,1,1,2000,0,0,0,0,0,0,0,0,0,0
480872,2,1,2000,3,3,3,3,3,3,3,3,3,3
480872,3,1,2000,0,0,0,0,0,0,0,0,0,0
480873,1,1,2000,0,0,16,13,0,0,0,4,0,0
480873,2,1,2000,0,0,0,0,0,0,0,0,0,0
480874,1,1,2000,21,21,21,21,21,21,21,21,21,21
480875,1,1,2000,16,25,12,13,12,20,31,27,29,24
480876,1,1,2000,0,0,12,0,0,0,0,0,0,0
480876,2,1,2000,0,0,27,0,0,24,0,20,0,20
480877,1,1,2000,0,0,0,0,0,0,0,0,0,0
480878,1,1,2000,12,12,12,12,12,12,12,12,12,12
480878,2,1,2000,0,0,0,16,0,0,2,4,13,14
480879,1,1,2000,30,30,30,30,30,30,30,30,30,30
480880,0,1,2000,27,27,27,27,27,27,27,27,27,27
480880,1,1,2000,0,0,0,0,9,0,0,0,0,0
480881,1,1,2000,0,0,0,0,0,0,21,0,0,0
480882,1,1,2000,0,0,0,11,0,17,0,0,0,0
480882,2,1,2000,13,0,0,20,0,14,10,0,11,19
480883,1,1,2000,17,17,17,17,17,17,17,17,17,17
480884,1,1,2000,0,12,19,0,0,0,3,0,0,0
480884,2,1,2000,0,0,0,0,0,0,0,0,0,0
480885,1,1,2000,20,19,18,27,18,12,20,13,0,19
480885,2,1,2000,0,0,0,10,0,18,0,0,0,0
480885,3,1,2000,0,0,0,0,0,0,0,0,0,0
480886,1,1,2000,14,0,10,0,3,0,0,11,0,0
480886,2,1,2000,0,0,0,0,0,0,0,0,0,0
480887,1,1,2000,0,0,0,0,0,0,0,0,0,0
480887,2,1,2000,0,0,0,0,0,0,0,0,0,0
480888,1,1,2000,0,0,0,0,0,14,0,0,0,0
480888,2,1,2000,0,0,0,0,0,0,0,0,0,0
480889,1,1,2000,0,0,0,0,14,0,29,0,0,3
480889,2,1,2000,0,0,0,0,17,0,0,0,0,0
480889,3,1,2000,0,0,0,0,0,0,13,0,0,0
480890,0,1,2000,0,0,0,0,0,0,0,0,0,0
480890,1,1,2000,0,0,14,0,0,20,0,0,0,0
480891,0,1,2000,13,0,28,35,0,17,5,28,11,0
480891,1,1,2000,0,0,0,0,0,0,0,0,0,0
480892,1,1,2000,0,0,0,0,0,0,0,0,0,0
480892,2,1,2000,0,0,0,0,0,0,22,0,0,0
480893,1,1,2000,19,19,19,19,19,19,19,19,19,19
480894,1,1,2000,0,0,8,11,21,14,13,0,0,0
480894,2,1,2000,1,1,1,1,1,1,1,1,1,1
480894,3,1,2000,0,17,20,0,0,9,0,0,0,0
480895,1,1,2000,36,9,0,0,2,0,0,0,0,0
480895,2,1,2000,0,5,0,0,8,5,32,0,0,0
480896,1,1,2000,12,0,0,0,13,0,0,0,0,13
480897,1,1,2000,0,0,0,0,0,0,0,0,0,0
480898,0,1,2000,0,0,0,22,0,0,0,0,0,0
480898,1,1,2000,0,0,0,0,0,0,0,0,3,0
480899,1,1,2000,14,5,11,16,0,31,0,0,22,17
480900,1,1,2000,0,0,0,0,0,0,0,0,0,0
480901,1,1,2000,18,18,18,18,18,18,18,18,18,18
480902,1,1,2000,21,21,21,21,21,21,21,21,21,21
480902,2,1,2000,0,0,0,0,0,0,0,0,0,0
480903,1,1,2000,0,0,0,0,0,0,0,0,0,0
480903,2,1,2000,0,0,0,0,0,0,0,0,0,0
480903,3,1,2000,34,0,0,0,0,0,0,0,0,0
480904,1,1,2000,0,0,0,0,0,0,0,0,0,0
480904,2,1,2000,0,0,9,0,8,10,0,0,0,0
480904,3,1,2000,0,0,0,0,0,0,0,0,0,0
480905,0,1,2000,15,0,28,0,18,19,0,0,11,11
480905,1,1,2000,0,0,0,15,0,0,0,0,0,0
480906,1,1,2000,23,17,6,0,9,13,8,0,8,12
480906,2,1,2000,5,12,15,17,8,11,27,6,6,35
480907,0,1,2000,0,21,42,31,0,0,18,31,6,15
480907,1,1,2000,0,0,5,0,0,0,0,0,0,18
480907,2,1,2000,0,0,0,0,0,14,0,0,0,0
480907,3,1,2000,0,18,19,17,0,0,0,0,30,12
480908,1,1,2000,20,20,20,20,20,20,20,20,20,20
480908,2,1,2000,15,9,8,0,0,4,0,5,0,0
480909,1,1,2000,0,10,24,0,17,17,0,0,20,0
480909,2,1,2000,0,0,0,0,0,0,0,0,0,0
480909,3,1,2000,0,0,0,0,0,0,0,0,0,0
480910,0,1,2000,0,0,34,17,0,27,29,8,9,17
480910,1,1,2000,0,0,0,0,0,0,0,0,0,0
480911,1,1,2000,9,0,0,0,0,0,6,0,0,10
480911,2,1,2000,0,0,0,0,0,0,0,0,0,12
480911,3,1,2000,9,0,0,0,0,0,0,0,0,15
480912,1,1,2000,15,7,14,14,30,5,12,6,5,20
480913,1,1,2000,0,0,17,0,13,0,0,0,0,16
480914,1,1,2000,3,14,6,5,0,0,0,0,0,8
480915,1,1,2000,7,13,31,0,17,0,20,27,0,0
480916,1,1,2000,22,22,22,22,22,22,22,22,22,22
480917,0,1,2000,0,0,0,0,0,0,0,0,0,0
480917,1,1,2000,0,0,0,0,0,0,0,0,0,0
480918,1,1,2000,24,24,24,24,24,24,24,24,24,24
480919,1,1,2000,0,0,0,0,0,0,0,0,0,0
480919,2,1,2000,0,0,0,0,0,0,0,0,0,0
480920,1,1,2000,16,6,10,0,0,0,0,0,0,0
480920,2,1,2000,0,0,0,0,0,0,0,0,0,0
480921,1,1,2000,0,0,0,0,0,0,0,0,0,0
480921,2,1,2000,0,0,0,0,0,0,0,0,0,0
480922,1,1,2000,0,0,0,0,27,0,0,0,0,0
480922,2,1,2000,0,0,0,0,0,0,3,0,0,20
480923,0,1,2000,0,0,0,0,0,0,21,0,0,0
480923,1,1,2000,0,0,0,0,23,0,0,0,0,0
480924,1,1,2000,0,0,0,0,0,0,0,0,0,0
480924,2,1,2000,0,0,0,0,0,0,0,0,0,0
480925,1,1,2000,0,0,0,0,0,0,0,0,0,0
480925,2,1,2000,0,18,0,0,0,0,0,2,0,0
480925,3,1,2000,0,0,0,0,0,0,0,0,0,0
480926,1,1,2000,13,0,0,0,0,0,0,0,0,0
480926,2,1,2000,0,0,0,0,0,0,0,0,0,0
480927,1,1,2000,22,22,22,22,22,22,22,22,22,22
480928,1,1,2000,0,0,0,0,0,0,0,0,0,0
480928,2,1,2000,0,0,0,0,0,0,0,0,0,0
480928,3,1,2000,0,0,0,0,0,0,0,0,0,0
480929,0,1,2000,13,13,13,13,13,13,13,13,13,13
480929,1,1,2000,0,0,0,0,0,0,0,0,0,0
480930,1,1,2000,0,0,0,0,0,0,0,0,0,0
480930,2,1,2000,0,0,0,0,0,0,0,0,0,0
480930,3,1,2000,0,7,0,0,0,0,0,0,0,0
480931,1,1,2000,0,0,0,18,0,18,0,0,0,0
480931,2,1,2000,0,0,0,0,0,0,0,0,0,0
480932,1,1,2000,27,27,27,27,27,27,27,27,27,27
480933,1,1,2000,0,0,0,0,0,0,0,0,0,0
480933,2,1,2000,0,0,0,0,0,0,0,0,0,0
480933,3,1,2000,0,0,0,0,0,0,0,0,0,0
480933,4,1,2000,0,27,0,0,0,0,0,0,0,11
480934,1,1,2000,19,19,19,19,19,19,19,19,19,19
480934,2,1,2000,0,0,0,9,0,0,0,23,14,0
480935,0,1,2000,14,0,10,12,28,31,14,29,26,0
480935,1,1,2000,0,0,0,0,17,15,0,0,7,12
480936,1,1,2000,14,0,0,0,11,0,0,0,0,7
480937,1,1,2000,16,16,16,16,16,16,16,16,16,16
480937,2,1,2000,0,0,0,0,0,0,0,0,0,0
480938,1,1,2000,0,0,0,0,0,0,0,0,0,0
480938,2,1,2000,0,0,0,0,0,0,0,0,0,0
480939,1,1,2000,0,0,0,0,0,12,0,0,0,0
480940,1,1,2000,0,0,0,0,0,0,9,0,0,0
480940,2,1,2000,0,0,0,0,0,0,0,0,0,0
480941,1,1,2000,17,17,17,17,17,17,17,17,17,17
480942,1,1,2000,8,0,0,0,0,0,0,7,0,0
480943,1,1,2000,12,12,12,12,12,12,12,12,12,12
480944,1,1,2000,26,26,26,26,26,26,26,26,26,26
480944,2,1,2000,0,0,0,0,4,0,24,0,0,0
480945,1,1,2000,0,0,0,0,0,0,0,0,0,0
480946,1,1,2000,0,0,4,0,0,0,0,0,0,0
480947,1,1,2000,9,0,0,13,13,0,16,0,27,9
480948,1,1,2000,17,26,15,13,22,28,16,16,16,0
480949,0,1,2000,13,0,7,4,28,6,0,7,0,0
480949,0,2,2000,28,0,0,11,0,20,0,0,0,7
480949,0,3,2000,20,0,16,0,0,11,0,0,14,0
480949,1,1,2000,5,9,37,0,22,13,22,0,24,15
480950,0,1,2000,0,0,0,0,0,36,0,0,0,20
480950,1,1,2000,0,0,0,0,0,0,0,0,0,0
480951,1,1,2000,15,15,15,15,15,15,15,15,15,15
480952,1,1,2000,9,21,0,15,13,0,8,5,13,0
480953,0,1,2000,0,10,6,29,23,0,16,0,0,0
480953,1,1,2000,5,5,5,5,5,5,5,5,5,5
480954,1,1,2000,9,15,20,12,0,6,0,0,0,0
480955,1,1,2000,0,0,0,0,0,0,0,0,0,0
480955,2,1,2000,0,0,0,0,0,0,0,0,0,0
480956,0,1,2000,31,0,14,0,0,0,0,50,0,16
480956,1,1,2000,31,31,31,31,31,31,31,31,31,31
480957,0,1,2000,0,0,0,0,0,0,0,0,0,0
480957,1,1,2000,0,0,0,0,0,0,0,0,0,0
480958,1,1,2000,0,0,0,3,0,17,0,13,0,0
480959,0,1,2000,28,28,28,28,28,28,28,28,28,28
480959,1,1,2000,0,0,0,0,0,0,0,0,0,0
480960,1,1,2000,5,5,5,5,5,5,5,5,5,5
480961,1,1,2000,0,0,0,0,0,21,0,0,0,0
480961,2,1,2000,5,0,0,0,0,0,0,13,0,0
480962,1,1,2000,16,16,16,16,16,16,16,16,16,16
480962,2,1,2000,0,16,0,14,0,10,0,0,0,0
480963,1,1,2000,0,0,0,0,0,0,0,30,0,0
480963,2,1,2000,0,0,0,0,0,0,0,0,0,0
480964,1,1,2000,25,0,0,0,0,0,20,10,0,29
480964,2,1,2000,0,0,0,0,0,0,0,0,0,3
480965,1,1,2000,0,0,0,0,0,0,0,0,0,0
480965,2,1,2000,0,0,0,0,0,0,0,0,0,0
480966,1,1,2000,8,12,15,18,19,7,14,20,21,23
480967,1,1,2000,9,9,9,9,9,9,9,9,9,9
480968,1,1,2000,9,0,0,7,16,0,0,0,0,6
480969,1,1,2000,12,12,12,12,12,12,12,12,12,12
480969,2,1,2000,0,0,4,0,0,0,0,0,0,0
480970,1,1,2000,0,0,0,0,0,0,0,0,0,0
480970,2,1,2000,0,0,0,14,0,0,0,0,0,0
480971,0,1,2000,0,0,0,0,0,0,0,0,0,0
480971,0,2,2000,8,0,0,14,0,0,15,0,0,0
480971,1,1,2000,0,0,0,6,0,0,0,0,0,17
480972,1,1,2000,9,23,16,21,4,0,11,13,19,22
480973,1,1,2000,0,0,0,7,0,0,0,0,22,0
480974,0,1,2000,18,18,18,18,18,18,18,18,18,18
480974,1,1,2000,0,0,0,0,0,0,0,0,7,0
480974,2,1,2000,0,4,0,0,0,0,7,12,0,35
480975,1,1,2000,0,0,0,0,0,0,0,0,0,0
480976,0,1,2000,6,6,6,6,6,6,6,6,6,6
480976,1,1,2000,0,17,0,7,0,0,0,0,0,0
480977,0,1,2000,15,16,0,15,0,10,0,19,24,16
480977,1,1,2000,0,0,0,18,0,0,36,0,0,0
480977,2,1,2000,0,0,0,0,0,0,0,0,0,0
480977,3,1,2000,0,0,0,13,27,0,18,0,9,0
480977,4,1,2000,14,0,0,0,11,0,0,22,15,32
480978,1,1,2000,17,17,17,17,17,17,17,17,17,17
480978,2,1,2000,28,24,0,28,22,24,12,13,0,16
480979,1,1,2000,0,0,0,0,0,0,0,0,0,0
480979,2,1,2000,0,0,0,0,0,0,0,0,0,0
480980,1,1,2000,0,0,0,0,0,0,0,0,0,0
480980,2,1,2000,25,0,0,0,0,0,9,4,0,0
480981,1,1,2000,11,0,0,0,0,0,0,17,0,0
480982,1,1,2000,0,0,0,0,0,0,0,0,0,0
480982,2,1,2000,0,0,11,0,12,0,0,0,0,16
480983,1,1,2000,19,8,23,8,17,7,17,6,15,34
480984,1,1,2000,0,27,0,26,7,24,0,0,0,0
480984,2,1,2000,25,25,25,25,25,25,25,25,25,25
480985,1,1,2000,9,30,19,6,6,10,22,20,11,8
480986,1,1,2000,5,5,5,5,5,5,5,5,5,5
480987,1,1,2000,0,0,0,0,0,0,0,0,0,14
480988,0,1,2000,0,0,0,9,3,0,0,10,0,0
480988,0,2,2000,21,0,0,0,9,0,0,0,3,0
480988,1,1,2000,4,4,4,4,4,4,4,4,4,4
480989,1,1,2000,11,11,0,13,8,9,15,15,7,20
480989,2,1,2000,18,18,18,18,18,18,18,18,18,18
480990,1,1,2000,0,0,16,0,5,11,7,15,11,0
480990,2,1,2000,7,0,0,0,0,0,25,0,0,0
480991,1,1,2000,0,0,0,0,0,0,0,0,0,8
480991,2,1,2000,0,0,0,0,0,0,0,0,9,4
480992,1,1,2000,0,0,20,0,17,0,7,14,21,0
480993,1,1,2000,13,13,13,13,13,13,13,13,13,13
480994,1,1,2000,0,9,0,0,0,0,12,15,0,0
480994,2,1,2000,0,0,0,0,12,0,0,0,0,0
480994,3,1,2000,0,0,0,0,0,0,0,0,0,35
480995,1,1,2000,0,0,0,0,0,0,0,0,3,0
480995,2,1,2000,0,0,0,0,0,0,0,0,0,0
480996,1,1,2000,0,0,0,0,0,0,0,0,0,0
480996,2,1,2000,0,0,0,0,0,0,0,0,0,0
480997,0,1,2000,0,0,0,2,0,0,0,10,0,0
480997,1,1,2000,14,0,0,3,0,0,0,0,20,0
480998,1,1,2000,22,0,22,6,0,0,8,0,0,0
480999,0,1,2000,0,0,0,0,0,0,0,0,0,0
480999,1,1,2000,0,0,0,0,0,0,0,0,0,0
481000,1,1,2000,25,19,19,0,15,9,32,21,0,23
481001,1,1,2000,0,0,0,0,0,0,0,0,0,0
481002,1,1,2000,17,17,17,17,17,17,17,17,17,17
481002,2,1,2000,0,0,14,10,0,16,3,12,0,0
481003,0,1,2000,22,22,22,22,22,22,22,22,22,22
481003,1,1,2000,0,0,0,0,0,0,0,0,0,0
481004,0,1,2000,0,0,0,0,0,0,0,0,0,0
481004,1,1,2000,0,0,0,3,0,0,24,0,0,9
481005,1,1,2000,0,0,0,0,0,0,0,0,0,0
481005,2,1,2000,0,0,0,0,0,0,0,0,0,0
481005,3,1,2000,16,0,22,0,0,0,0,0,10,0
481006,1,1,2000,19,8,0,0,0,10,0,0,0,0
481006,2,1,2000,0,0,0,0,0,0,0,0,0,0
481007,1,1,2000,0,0,0,0,0,0,0,0,0,0
481007,2,1,2000,0,0,0,0,0,0,0,0,0,0
481008,1,1,2000,0,0,0,0,0,0,0,0,0,0
481008,2,1,2000,0,13,0,0,0,0,0,0,0,0
481009,1,1,2000,0,0,0,0,0,0,0,0,0,0
481009,2,1,2000,0,0,0,0,0,0,0,0,0,0
481010,1,1,2000,10,0,0,0,10,19,0,0,0,0
481010,2,1,2000,0,0,0,0,0,0,0,0,0,0
481011,1,1,2000,0,0,0,14,0,0,0,0,0,0
481011,2,1,2000,0,0,0,0,0,0,0,0,0,0
481011,3,1,2000,0,0,0,0,0,0,0,0,0,0
481012,1,1,2000,0,0,0,0,0,0,0,0,0,0
481013,1,1,2000,0,0,0,0,0,0,0,0,0,0
481014,1,1,2000,0,0,0,0,12,0,0,0,0,0
481015,1,1,2000,0,0,0,0,0,0,0,0,0,0
481015,2,1,2000,0,0,0,0,0,0,0,0,0,0
481016,1,1,2000,0,0,22,0,0,0,0,0,0,0
481017,1,1,2000,0,0,0,0,0,0,0,0,0,0
481018,1,1,2000,0,0,35,0,0,0,0,0,0,0
481018,2,1,2000,0,0,0,0,0,0,0,0,0,0
481019,1,1,2000,0,0,0,0,0,0,0,0,0,0