ST_CASE,VEH_NO,PER_NO,YEAR,P1,P2,P3,P4,P5,P6,P7,P8,P9,P10
481284,3,1,2000,5,0,10,0,0,10,0,0,0,0
481285,1,1,2000,0,0,0,0,0,0,0,0,0,0
481285,2,1,2000,0,11,0,0,0,0,9,17,0,15
481286,1,1,2000,0,14,21,0,25,19,11,0,13,0
481287,1,1,2000,0,0,0,0,0,23,0,0,0,0
481287,2,1,2000,0,0,0,0,0,0,0,0,0,0
481287,3,1,2000,0,0,0,0,0,0,0,0,0,0
481288,1,1,2000,0,0,0,0,0,0,0,0,0,0
481288,2,1,2000,0,0,0,0,0,0,0,0,0,0
481289,1,1,2000,20,20,20,20,20,20,20,20,20,20
481290,1,1,2000,0,0,0,0,0,0,0,0,0,0
481290,2,1,2000,0,0,0,0,0,0,0,0,0,11
481291,1,1,2000,0,0,0,0,0,0,0,0,0,0
481291,2,1,2000,0,0,0,0,0,0,0,0,0,0
481292,1,1,2000,18,0,14,19,4,0,15,0,0,0
481293,1,1,2000,0,0,21,0,0,0,0,0,0,0
481294,1,1,2000,0,0,22,23,6,0,20,8,0,13
481294,2,1,2000,0,0,0,0,0,0,0,0,0,0
481295,1,1,2000,7,14,14,20,21,32,11,13,9,16
481296,1,1,2000,5,5,5,5,5,5,5,5,5,5
481296,2,1,2000,0,0,0,0,0,0,0,11,0,0
481297,1,1,2000,29,29,29,29,29,29,29,29,29,29
481297,2,1,2000,0,0,0,0,0,0,0,0,0,0
481298,1,1,2000,0,0,0,0,0,0,0,0,0,0
481298,2,1,2000,0,0,0,0,0,0,6,0,7,0
481299,1,1,2000,0,0,0,0,0,0,0,0,0,0
481299,2,1,2000,0,0,0,0,0,7,0,0,0,0
481300,0,1,2000,4,11,8,0,0,18,0,0,0,0
481300,1,1,2000,0,0,0,0,0,15,0,3,0,0
481301,1,1,2000,0,0,0,0,0,0,0,0,0,0
481301,2,1,2000,0,0,0,0,0,0,0,0,0,0
481302,1,1,2000,0,0,0,0,0,12,0,6,0,0
481303,1,1,2000,0,0,0,20,0,0,0,0,0,0
481303,2,1,2000,0,0,0,26,0,0,0,0,0,0
481304,1,1,2000,11,11,11,11,11,11,11,11,11,11
481305,1,1,2000,13,13,13,13,13,13,13,13,13,13
481307,1,3,2000,14,23,22,29,24,22,4,9,18,0
481308,1,1,2000,0,0,0,0,0,0,0,0,0,0
481308,2,1,2000,12,12,12,12,12,12,12,12,12,12
481309,1,1,2000,0,0,21,0,0,0,0,0,0,0
481310,1,1,2000,24,24,24,24,24,24,24,24,24,24
481310,2,1,2000,0,0,2,16,0,0,0,0,0,0
481310,3,1,2000,0,0,0,22,0,11,0,0,3,0
481311,1,1,2000,10,19,11,11,4,14,7,14,14,16
481312,1,1,2000,0,0,21,23,0,0,0,0,0,0
481313,1,1,2000,0,0,0,0,0,0,0,0,13,0
481313,2,1,2000,0,0,0,0,0,0,0,0,0,0
481313,3,1,2000,0,0,0,0,0,0,0,0,0,0
481314,1,1,2000,0,0,0,0,0,0,0,0,0,0
481314,2,1,2000,0,0,0,16,18,0,0,14,0,0
481315,1,1,2000,0,0,0,0,6,0,0,3,0,0
481315,2,1,2000,0,0,0,0,20,0,0,0,0,0
481316,1,1,2000,0,16,0,0,0,0,19,0,0,0
481316,2,1,2000,0,0,0,0,0,0,0,0,0,0
481317,1,1,2000,0,0,0,0,0,0,0,0,0,0
481317,2,1,2000,0,0,0,0,0,0,0,0,0,0
481318,1,1,2000,0,0,12,0,0,0,0,0,0,0
481318,2,1,2000,24,0,0,0,8,0,20,31,11,25
481319,1,1,2000,19,17,9,11,24,12,14,21,13,10
481320,1,1,2000,9,19,9,14,2,12,10,11,16,0
481321,1,1,2000,16,16,16,16,16,16,16,16,16,16
481322,1,1,2000,0,0,0,0,0,21,0,0,0,0
481322,2,1,2000,6,14,18,21,0,15,0,19,0,13
481322,3,1,2000,9,10,0,0,9,27,18,11,0,16
481323,0,1,2000,18,27,42,28,21,0,0,0,0,0
481323,1,1,2000,0,0,0,18,0,0,0,0,0,0
481324,1,1,2000,0,0,0,0,0,0,0,0,0,0
481325,0,1,2000,14,14,14,14,14,14,14,14,14,14
481325,1,1,2000,0,0,0,11,17,0,0,0,0,0
481326,1,1,2000,0,0,0,0,0,0,0,0,0,0
481326,2,1,2000,0,0,0,0,0,0,0,0,0,0
481327,1,1,2000,0,0,0,0,0,0,0,0,0,0
481328,1,1,2000,10,10,10,10,10,10,10,10,10,10
481329,1,1,2000,0,0,0,0,0,0,0,0,0,0
481329,2,1,2000,0,0,0,0,0,0,0,0,0,0
481329,3,1,2000,0,0,0,0,0,0,0,0,0,0
481330,1,1,2000,0,8,31,23,29,18,0,12,12,5
481330,2,1,2000,0,0,0,0,0,0,8,0,0,0
481331,0,1,2000,0,40,0,25,0,33,0,12,0,0
481331,1,1,2000,0,0,0,0,0,0,0,0,0,0
481332,1,1,2000,0,0,0,0,0,0,0,0,0,0
481332,2,1,2000,0,0,0,0,0,0,0,0,0,0
481333,1,1,2000,0,0,0,0,0,0,0,0,0,1
481334,1,1,2000,5,0,10,0,0,0,0,0,0,0
481334,2,1,2000,0,0,0,12,0,0,0,0,0,0
481335,1,1,2000,23,0,6,0,0,0,0,0,0,0
481335,2,1,2000,0,0,0,0,0,0,0,0,0,0
481336,1,1,2000,0,13,12,6,25,15,0,13,0,0
481337,1,1,2000,4,24,15,8,18,18,11,6,15,28
481337,2,1,2000,0,3,0,0,0,0,0,0,0,0
481338,1,1,2000,0,0,0,0,0,0,0,0,0,0
481338,2,1,2000,0,0,0,0,0,0,0,0,0,3
481339,1,1,2000,0,0,0,0,0,0,0,0,0,0
481339,2,1,2000,0,0,0,0,0,22,0,0,0,0
481340,0,1,2000,12,19,0,19,11,0,0,11,34,13
481340,1,1,2000,0,0,0,0,0,0,0,0,0,0
481341,1,1,2000,0,0,0,0,0,0,0,0,0,0
481341,2,1,2000,0,0,0,0,0,0,0,0,0,0
481342,1,1,2000,33,14,17,13,16,0,3,30,10,5
481343,1,1,2000,0,0,0,0,0,0,0,0,0,0
481343,2,1,2000,0,0,0,0,0,0,0,0,0,0
481344,1,1,2000,33,28,0,27,0,10,24,10,9,6
481344,2,1,2000,0,0,0,0,0,0,0,0,0,0
481344,3,1,2000,0,0,0,0,0,0,0,0,0,0
481344,4,1,2000,0,0,0,0,0,0,0,0,0,0
481345,0,1,2000,0,0,0,0,0,0,0,0,0,0
481345,1,1,2000,0,7,0,0,11,0,27,20,0,0
481346,1,1,2000,19,16,14,12,35,30,16,11,31,23
481347,1,1,2000,0,0,0,0,0,0,0,0,0,0
481347,2,1,2000,0,0,0,0,0,0,0,0,0,0
481348,1,1,2000,17,17,17,17,17,17,17,17,17,17
481349,1,1,2000,24,13,13,0,15,21,9,14,0,0
481350,1,1,2000,0,0,0,0,0,0,0,0,0,0
481350,2,1,2000,0,0,0,0,0,0,0,0,0,0
481350,3,1,2000,0,0,0,0,0,17,0,0,0,9
481350,4,1,2000,0,8,0,0,0,17,0,0,18,0
481350,5,1,2000,0,0,0,0,4,15,0,17,13,0
481351,1,1,2000,19,0,0,0,0,18,0,17,0,0
481352,1,1,2000,0,0,0,0,0,0,0,0,0,0
481352,2,1,2000,4,4,4,4,4,4,4,4,4,4
481352,3,1,2000,31,31,31,31,31,31,31,31,31,31
481353,1,1,2000,0,0,0,0,0,0,0,0,0,0
481353,2,1,2000,19,0,0,0,0,8,0,0,0,0
481353,3,1,2000,0,0,0,20,0,9,18,0,0,0
481354,1,1,2000,36,36,36,36,36,36,36,36,36,36
481355,1,1,2000,0,28,0,0,0,9,0,0,11,5
481356,1,1,2000,0,0,0,0,0,0,5,0,0,0
481356,2,1,2000,0,0,0,0,0,0,0,0,0,0
481357,1,1,2000,0,0,0,0,0,0,0,0,0,0
481357,2,1,2000,0,0,0,0,0,0,0,0,0,0
481358,1,1,2000,11,7,10,9,16,36,14,12,12,25
481359,1,1,2000,0,0,0,0,0,0,0,0,0,0
481359,2,1,2000,0,0,0,0,0,0,0,0,0,0
481360,1,1,2000,0,0,0,0,0,0,0,0,0,0
481360,2,1,2000,0,0,0,0,0,0,0,0,0,0
481361,1,1,2000,8,0,0,0,0,0,0,0,0,0
481362,1,1,2000,0,0,0,0,0,0,0,0,0,0
481362,2,1,2000,0,0,0,0,0,0,0,0,0,0
481363,1,1,2000,35,35,35,35,35,35,35,35,35,35
481364,0,1,2000,27,33,0,22,0,21,0,29,33,5
481364,1,1,2000,5,5,5,5,5,5,5,5,5,5
481365,1,1,2000,0,0,0,0,0,0,0,0,0,0
481365,2,1,2000,0,0,0,0,0,0,0,0,0,0
481367,1,1,2000,0,0,0,0,0,0,0,0,0,0
481368,1,1,2000,0,13,0,0,0,14,0,20,0,0
481368,2,1,2000,0,0,0,0,0,0,0,0,0,0
481369,1,1,2000,0,0,0,0,0,0,0,0,0,0
481369,2,1,2000,0,0,0,0,0,0,0,0,0,0
481370,1,1,2000,0,0,0,0,0,0,0,0,0,0
481370,2,1,2000,0,0,24,0,11,15,0,0,8,15
481370,3,1,2000,0,0,0,6,0,0,0,0,0,0
481371,0,1,2000,23,0,0,31,15,0,8,0,0,0
481371,1,1,2000,10,0,10,6,9,0,0,0,0,7
481372,1,1,2000,0,0,0,0,0,0,0,0,0,0
481373,1,1,2000,0,0,0,0,0,0,0,0,0,0
481373,2,1,2000,0,0,0,0,0,0,0,0,0,0
481374,1,1,2000,10,10,10,10,10,10,10,10,10,10
481374,2,1,2000,0,0,0,0,0,0,0,0,6,0
481375,1,1,2000,0,0,22,0,0,0,0,0,0,0
481375,2,1,2000,0,0,0,0,0,0,0,0,0,0
481375,3,1,2000,0,0,0,0,0,0,0,0,0,0
481376,0,1,2000,5,5,5,5,5,5,5,5,5,5
481376,1,1,2000,32,0,0,11,20,0,0,7,16,0
481377,0,1,2000,0,0,0,0,9,8,3,0,0,31
481377,1,1,2000,0,0,0,0,12,18,0,0,0,0
481378,1,1,2000,0,0,0,0,0,0,0,0,0,0
481378,2,1,2000,0,0,0,0,0,0,0,0,0,0
481379,1,1,2000,0,0,11,21,0,0,0,0,12,21
481380,1,1,2000,0,0,0,0,0,0,0,0,0,0
481380,2,1,2000,0,0,0,0,0,0,0,0,0,0
481381,1,1,2000,0,0,0,0,0,0,0,0,0,0
481381,2,1,2000,0,0,0,0,0,0,0,0,0,0
481382,1,1,2000,16,16,16,16,16,16,16,16,16,16
481383,1,1,2000,4,0,0,0,0,0,0,0,0,0
481383,2,1,2000,0,0,0,0,0,0,0,0,0,0
481383,3,1,2000,0,0,0,0,0,0,0,0,0,0
481384,1,1,2000,0,0,0,0,0,9,0,0,0,0
481384,2,1,2000,0,0,0,0,0,0,0,0,0,0
481385,1,1,2000,0,0,0,0,0,0,0,0,0,0
481385,2,1,2000,19,11,0,0,11,0,0,0,0,0
481387,1,1,2000,9,21,16,30,11,0,14,15,6,27
481388,1,1,2000,0,0,0,0,0,0,0,0,0,0
481388,2,1,2000,1,1,1,1,1,1,1,1,1,1
481388,3,1,2000,0,0,0,0,0,0,0,0,0,0
481389,1,1,2000,0,0,22,22,0,0,0,0,0,0
481390,1,1,2000,5,5,5,5,5,5,5,5,5,5
481391,1,1,2000,0,0,0,0,0,0,0,0,0,0
481391,2,1,2000,0,0,0,0,0,0,0,0,0,0
481392,1,1,2000,10,10,10,10,10,10,10,10,10,10
481393,1,1,2000,6,0,0,21,5,0,26,16,10,0
481394,0,1,2000,0,24,0,0,0,0,0,0,0,0
481394,1,1,2000,0,0,0,0,0,0,0,0,0,0
481395,1,1,2000,0,15,0,0,19,0,0,0,0,0
481395,2,1,2000,0,0,16,8,0,0,0,0,0,0
481396,1,1,2000,6,38,0,9,12,10,0,12,0,5
481397,1,1,2000,13,0,0,52,0,0,13,25,0,0
481398,0,1,2000,8,8,8,8,8,8,8,8,8,8
481398,1,1,2000,0,0,0,0,0,24,0,0,0,0
481399,1,1,2000,0,0,22,0,0,0,0,0,24,7
481399,2,1,2000,0,0,0,0,0,0,0,0,0,4
481400,1,1,2000,0,0,0,0,0,0,0,0,0,0
481400,2,1,2000,0,0,0,0,0,0,0,0,0,0
481400,3,1,2000,0,0,0,0,0,0,0,6,0,0
481401,1,1,2000,9,9,9,9,9,9,9,9,9,9
481402,1,1,2000,0,0,0,24,0,0,0,0,0,0
481402,2,1,2000,0,0,0,0,0,0,0,0,0,0
481402,3,1,2000,0,0,16,0,0,0,0,0,0,0
481403,0,1,2000,0,26,15,29,27,10,35,18,16,3
481403,1,1,2000,17,16,13,17,0,23,25,15,19,25
481404,1,1,2000,12,19,22,27,0,24,34,23,19,25
481404,2,1,2000,0,0,13,7,13,0,0,0,18,0
481405,1,1,2000,0,0,0,0,0,0,0,0,0,0
481405,2,1,2000,0,0,0,0,0,0,0,0,0,0
481406,1,1,2000,17,17,17,17,17,17,17,17,17,17
481407,1,1,2000,20,20,20,20,20,20,20,20,20,20
481407,2,1,2000,0,0,0,0,0,0,0,7,0,0
481408,1,1,2000,0,0,0,0,0,0,0,2,0,18
481409,0,1,2000,8,5,31,13,0,21,20,9,10,0
481409,1,1,2000,17,0,0,0,8,0,0,0,23,0
481410,1,1,2000,0,0,0,0,10,0,6,2,0,0
481410,2,1,2000,8,0,25,0,12,19,0,0,0,0
481411,1,1,2000,0,0,14,13,0,0,0,0,25,0
481411,2,1,2000,0,0,0,0,0,0,0,0,0,0
481412,1,1,2000,34,28,0,21,9,9,11,17,24,10
481413,1,1,2000,20,30,12,0,17,0,20,12,14,16
481414,1,1,2000,20,20,20,20,20,20,20,20,20,20
481415,0,1,2000,0,0,19,9,30,17,6,12,0,32
481415,1,1,2000,11,15,18,34,4,13,16,14,0,10
481416,1,1,2000,0,42,0,0,0,7,9,0,0,0
481416,2,1,2000,9,9,9,9,9,9,9,9,9,9
481417,1,1,2000,23,23,23,23,23,23,23,23,23,23
481418,1,1,2000,26,11,16,18,0,0,6,12,0,12
481418,2,1,2000,0,0,0,0,0,0,0,0,0,0
481419,0,1,2000,0,0,0,0,0,0,0,0,0,0
481419,1,1,2000,0,10,0,0,0,0,0,11,0,0
481420,1,1,2000,24,7,0,16,13,25,7,20,6,8
481421,1,1,2000,0,6,0,22,26,18,0,0,37,7
481422,1,1,2000,10,9,0,24,21,28,0,18,9,13
481422,2,1,2000,24,0,0,0,0,0,0,6,0,0
481423,1,1,2000,33,33,33,33,33,33,33,33,33,33
481424,1,1,2000,0,0,0,0,0,0,0,0,0,0
481425,1,1,2000,0,0,0,0,0,0,0,0,21,0
481425,2,1,2000,4,0,0,0,0,14,0,0,0,0
481426,0,1,2000,17,15,19,3,15,27,0,25,30,22
481426,1,1,2000,0,0,0,0,18,0,0,0,13,0
481427,1,1,2000,29,29,29,29,29,29,29,29,29,29
481428,1,1,2000,6,6,6,6,6,6,6,6,6,6
481429,1,1,2000,0,0,0,0,0,0,0,0,0,0
481429,2,1,2000,0,0,5,0,0,0,0,7,0,0
481430,1,1,2000,25,25,25,25,25,25,25,25,25,25
481431,1,1,2000,0,0,0,0,0,0,0,0,0,0
481431,2,1,2000,0,0,0,0,0,0,0,15,13,0
481431,3,1,2000,23,0,0,0,0,0,0,0,0,0
481432,1,1,2000,0,0,0,0,0,0,0,0,0,0
481432,2,1,2000,0,0,0,11,0,0,0,0,0,0
481433,1,1,2000,0,0,0,0,0,0,0,0,0,0
481434,1,1,2000,4,0,0,18,0,0,0,0,0,0
481434,2,1,2000,22,17,11,10,31,11,19,26,20,23
481435,1,1,2000,23,14,6,8,13,14,6,8,16,18
481436,1,1,2000,0,0,0,0,0,0,0,0,0,0
481436,2,1,2000,0,0,0,0,0,0,0,0,0,0
481437,1,1,2000,24,24,24,24,24,24,24,24,24,24
481437,2,1,2000,31,20,0,0,7,18,0,15,0,0
481438,1,1,2000,21,21,21,21,21,21,21,21,21,21
481439,1,1,2000,0,18,12,0,10,21,0,13,23,15
481439,2,1,2000,0,0,0,0,0,0,0,0,0,0
481439,3,1,2000,0,0,0,0,0,0,0,0,0,0
481439,4,1,2000,0,0,0,0,0,0,0,0,0,0
481440,0,1,2000,0,0,0,0,0,0,23,0,0,0
481440,1,1,2000,0,0,0,0,0,0,0,0,0,0
481441,1,1,2000,0,0,0,0,0,0,0,0,0,18
481441,2,1,2000,0,0,16,0,0,0,0,0,0,0
481442,1,1,2000,19,19,19,19,19,19,19,19,19,19
481443,1,1,2000,0,0,8,0,0,0,0,0,0,0
481443,2,1,2000,22,11,21,0,0,0,16,0,9,28
481444,1,1,2000,0,13,10,0,0,21,0,15,41,0
481445,1,1,2000,13,9,11,0,11,0,0,0,7,0
481445,2,1,2000,20,21,0,0,0,0,0,14,0,12
481446,1,1,2000,0,14,0,0,49,28,16,11,0,22
481447,1,1,2000,30,0,18,0,0,0,0,0,18,0
481447,2,1,2000,0,3,0,0,0,0,0,0,0,0
481448,1,1,2000,0,0,18,13,13,0,20,0,12,7
481448,2,1,2000,0,0,0,0,0,0,0,0,0,0
481449,0,1,2000,7,0,0,0,0,0,18,4,0,0
481449,1,1,2000,0,0,0,0,0,0,0,0,0,16
481450,1,1,2000,11,11,11,11,11,11,11,11,11,11
481451,1,1,2000,0,0,0,12,0,6,10,0,0,0
481452,0,1,2000,28,19,31,10,30,13,27,23,14,15
481452,1,1,2000,0,11,13,0,16,25,0,17,5,0
481453,1,1,2000,8,8,8,8,8,8,8,8,8,8
481454,1,1,2000,0,0,18,0,0,12,0,0,0,12
481454,2,1,2000,13,0,6,0,0,7,0,0,0,16
481455,1,1,2000,24,24,24,24,24,24,24,24,24,24
481456,1,1,2000,0,0,0,0,0,0,0,0,0,0
481456,2,1,2000,0,0,0,0,0,0,0,0,0,0
481457,1,1,2000,15,15,15,15,15,15,15,15,15,15
481458,1,1,2000,22,15,14,0,0,0,0,0,0,0
481458,2,1,2000,0,0,0,0,0,0,14,0,0,0
481459,1,1,2000,0,0,0,0,0,0,0,0,0,0
481459,2,1,2000,0,0,0,0,0,0,0,0,0,0
481460,1,1,2000,0,0,0,0,0,0,0,0,0,0
481460,2,1,2000,30,30,30,30,30,30,30,30,30,30
481461,1,1,2000,0,0,0,0,0,0,0,8,0,0
481461,2,1,2000,0,0,0,12,0,0,0,0,9,0
481462,0,1,2000,0,0,0,4,0,0,10,17,9,16
481462,1,1,2000,3,12,12,15,13,7,21,14,20,17
481462,2,1,2000,0,0,5,0,0,0,0,0,13,0
481463,1,1,2000,0,0,0,0,0,0,0,0,0,0
481463,2,1,2000,0,0,11,0,0,0,0,0,0,0
481463,3,1,2000,0,0,0,0,0,0,0,0,0,0
481464,1,1,2000,0,0,0,19,0,0,0,0,0,20
481464,2,1,2000,0,0,0,0,0,0,0,11,0,0
481465,0,1,2000,0,35,0,26,18,3,24,0,7,0
481465,1,1,2000,0,0,0,0,0,0,0,0,0,0
481466,1,1,2000,0,0,0,0,0,0,0,2,0,0
481466,2,1,2000,0,0,14,0,0,0,0,0,0,0
481467,1,1,2000,14,14,14,14,14,14,14,14,14,14
481468,1,1,2000,0,0,0,0,0,0,0,0,0,10
481468,2,1,2000,0,0,0,0,0,0,0,0,0,0
481469,1,1,2000,0,14,0,0,5,0,0,0,0,0
481469,2,1,2000,0,0,0,0,0,0,10,0,15,0
481470,1,1,2000,0,0,0,0,0,0,0,0,0,0
481471,1,1,2000,0,0,0,0,0,0,0,0,0,0
481471,2,1,2000,0,0,0,0,0,0,0,0,0,0
481472,1,1,2000,0,0,0,0,0,0,0,0,0,0
481472,2,1,2000,0,0,0,0,0,0,0,0,0,0
481473,0,1,2000,0,0,0,0,0,0,0,0,0,0
481473,1,1,2000,0,0,0,0,0,0,0,0,0,0
481474,1,1,2000,31,14,5,6,31,14,17,16,13,15
481475,1,1,2000,6,22,12,14,7,0,11,18,19,18
481475,2,1,2000,0,0,0,0,0,16,0,16,0,0
481475,3,1,2000,0,0,0,0,0,0,0,0,0,0
481476,1,1,2000,0,15,0,0,0,0,0,0,0,0
481476,2,1,2000,0,0,0,0,0,0,0,0,0,0
481477,1,1,2000,0,0,0,0,0,0,0,0,0,0
481477,2,1,2000,0,0,0,7,0,0,0,0,0,0
481477,3,1,2000,0,0,0,0,0,0,0,0,0,0
481478,1,1,2000,33,33,33,33,33,33,33,33,33,33
481478,2,1,2000,0,5,0,11,0,4,7,0,0,0
481479,1,1,2000,0,0,0,0,0,0,0,0,0,0
481479,2,1,2000,0,0,0,0,0,0,0,0,0,0
481480,1,1,2000,6,27,0,0,3,13,23,17,0,20
481481,0,1,2000,27,14,13,24,10,0,0,14,16,10
481481,1,1,2000,11,19,9,0,14,17,15,8,6,0
481482,1,1,2000,0,0,0,0,0,0,0,0,0,0
481483,1,1,2000,0,0,32,7,0,0,0,30,12,0
481484,1,1,2000,9,19,0,15,14,0,13,0,0,0
481485,1,1,2000,19,19,19,19,19,19,19,19,19,19
481486,1,1,2000,0,0,0,0,0,0,0,0,0,0
481487,1,1,2000,0,0,0,0,0,0,0,0,0,0
481488,1,1,2000,0,0,0,0,0,0,0,0,0,0
481488,2,1,2000,0,0,0,0,0,0,0,0,0,0
481489,1,1,2000,28,28,28,28,28,28,28,28,28,28
481490,1,1,2000,0,0,0,0,0,0,0,0,0,0
481490,2,1,2000,0,0,0,0,0,0,0,0,0,0
481491,1,1,2000,0,0,31,0,0,0,15,0,8,0
481492,1,1,2000,0,0,0,0,0,0,0,0,0,5
481493,0,1,2000,28,12,22,31,0,17,11,0,21,16
481493,1,1,2000,0,15,0,0,25,0,0,0,0,0
481494,0,1,2000,0,7,7,0,9,2,14,16,0,0
481494,1,1,2000,0,32,29,0,6,24,16,24,28,0
481495,1,1,2000,0,0,0,0,0,0,0,0,0,0
481495,2,1,2000,16,16,16,16,16,16,16,16,16,16
481496,0,1,2000,7,52,28,25,0,27,24,7,14,0
481496,1,1,2000,0,13,0,0,0,0,0,12,13,15
481497,1,1,2000,0,14,0,8,0,0,16,0,0,0
481498,1,1,2000,12,12,12,12,12,12,12,12,12,12
481498,2,1,2000,8,8,8,8,8,8,8,8,8,8
481499,1,1,2000,0,0,0,0,19,0,0,0,0,0
481500,1,1,2000,14,0,0,0,0,0,0,0,0,0
481501,0,1,2000,0,0,0,0,0,6,0,0,0,0
481501,1,1,2000,23,0,0,0,0,0,0,0,20,0
481502,1,1,2000,0,18,0,0,18,0,0,0,12,0
481502,2,1,2000,0,0,0,0,0,0,0,0,0,11
481503,1,1,2000,0,0,0,0,0,0,0,3,0,0
481504,1,1,2000,0,0,0,0,0,0,0,0,0,0
481504,2,1,2000,0,0,0,0,0,0,0,0,0,0
481505,1,1,2000,12,13,14,25,16,11,38,11,3,5
481505,2,1,2000,0,0,0,0,0,0,18,0,0,0
481505,3,1,2000,0,0,0,0,0,0,0,0,0,0
481505,4,1,2000,0,0,0,0,0,0,18,0,0,0
481506,1,1,2000,0,0,0,0,0,0,0,6,0,0
481506,2,1,2000,0,0,0,0,0,0,0,0,0,0
481507,1,1,2000,0,0,0,0,0,0,0,0,0,0
481507,2,1,2000,0,0,8,0,0,0,0,0,0,0
481508,1,1,2000,21,21,21,21,21,21,21,21,21,21
481509,1,1,2000,7,0,6,14,0,0,0,8,6,0
481510,1,1,2000,0,0,0,0,0,0,0,0,0,0
481510,2,1,2000,0,0,0,0,0,0,7,0,0,0
481510,3,1,2000,0,0,0,0,0,0,0,0,0,0
481511,1,1,2000,9,9,9,9,9,9,9,9,9,9
481511,2,1,2000,16,24,13,16,20,13,15,33,29,17
481512,1,1,2000,30,30,30,30,30,30,30,30,30,30
481513,1,1,2000,17,0,0,0,0,7,0,0,0,0
481513,2,1,2000,0,0,0,0,0,0,0,0,0,0
481514,0,1,2000,23,0,14,0,32,7,22,0,16,0
481514,1,1,2000,0,0,9,0,0,0,0,13,0,0
481515,1,1,2000,0,0,0,0,0,0,0,0,0,0
481515,2,1,2000,0,0,0,0,0,0,0,0,0,0
481516,1,1,2000,0,18,0,33,37,28,0,16,19,27
481517,1,1,2000,23,23,23,23,23,23,23,23,23,23
481518,1,1,2000,14,14,14,14,14,14,14,14,14,14
481518,2,1,2000,0,0,0,0,0,0,0,0,0,0
481519,1,1,2000,0,0,0,0,0,0,0,0,0,0
481520,1,1,2000,0,0,0,0,9,9,16,4,12,0
481521,1,1,2000,34,35,15,27,18,24,20,27,25,18
481522,1,1,2000,0,0,0,0,0,0,0,0,0,0
481522,2,1,2000,0,0,0,0,0,0,0,0,0,0
481523,1,1,2000,0,0,0,0,0,0,0,0,0,0
481523,2,1,2000,0,10,16,9,8,17,0,0,3,14
481524,1,1,2000,0,0,0,0,0,0,0,0,0,9
481524,2,1,2000,0,0,16,0,0,0,0,0,0,0
481525,0,1,2000,21,18,10,41,16,29,0,14,6,17
481525,1,1,2000,19,0,0,5,0,0,0,0,4,23
481526,1,1,2000,11,11,11,11,11,11,11,11,11,11
481526,2,1,2000,0,0,0,0,0,0,0,0,0,0
481527,0,1,2000,0,0,0,0,0,0,0,0,0,0
481527,1,1,2000,5,11,22,0,25,0,0,16,6,0
481528,1,1,2000,10,0,11,0,0,10,9,0,10,29
481529,0,1,2000,0,0,0,0,0,18,0,19,13,0
481529,0,2,2000,0,0,0,0,11,0,0,0,0,0
481529,1,1,2000,25,21,17,0,14,0,16,0,16,15
481530,1,1,2000,0,5,0,0,0,0,0,0,0,3
481531,1,1,2000,0,0,0,0,0,0,0,0,0,0
481532,1,1,2000,20,20,20,20,20,20,20,20,20,20
481532,2,1,2000,0,0,12,0,0,0,23,0,24,0
481533,1,1,2000,7,18,16,11,16,18,13,4,21,7
481533,2,1,2000,22,0,0,0,17,13,3,0,7,0
481534,1,1,2000,0,0,0,0,0,0,0,0,0,0
481534,2,1,2000,0,0,0,0,0,0,0,0,0,0
481535,1,1,2000,0,0,0,0,0,0,0,0,0,0
481536,1,1,2000,0,0,0,0,0,0,0,0,0,0
481536,2,1,2000,0,0,0,0,0,0,0,0,0,0
481537,1,1,2000,11,29,44,12,24,17,27,7,16,10
481538,1,1,2000,26,0,7,0,15,13,15,0,18,6
481539,1,1,2000,0,0,0,0,0,0,0,0,0,0
481540,1,1,2000,0,0,0,0,0,0,0,0,0,0
481541,1,1,2000,0,0,20,0,0,0,0,0,0,0
481541,2,1,2000,18,21,0,0,0,0,0,0,0,0
481542,1,1,2000,26,0,41,5,14,24,35,0,15,6
481543,1,1,2000,0,0,14,6,0,0,0,0,0,0
481543,2,1,2000,0,0,0,10,0,0,0,9,7,0
481544,0,1,2000,0,0,0,0,0,0,0,0,26,17
481544,1,1,2000,0,0,0,0,0,0,0,0,0,0
481544,2,1,2000,25,0,0,0,0,0,0,0,0,6
481545,0,1,2000,0,0,0,8,0,0,0,19,0,0
481545,1,1,2000,0,0,0,0,0,0,0,0,0,0
481546,1,1,2000,0,0,0,0,0,0,0,0,0,0
481546,2,1,2000,0,0,0,0,0,0,0,0,0,0
481547,0,1,2000,0,0,0,0,0,0,0,0,0,0
481547,1,1,2000,20,13,19,14,30,0,0,15,20,22
481548,1,1,2000,22,22,22,22,22,22,22,22,22,22
481549,0,1,2000,0,0,0,0,0,0,0,0,0,0
481549,0,2,2000,27,0,0,0,0,0,0,0,0,0
481549,1,1,2000,0,0,0,0,0,0,0,0,0,0
481550,0,1,2000,12,0,35,0,26,16,25,11,40,14
481550,1,1,2000,12,25,9,21,17,14,15,10,0,0