ST_CASE,VEH_NO,PER_NO,YEAR,P1,P2,P3,P4,P5,P6,P7,P8,P9,P10
481551,1,1,2000,28,0,0,0,0,0,17,29,15,28
481552,1,1,2000,21,0,0,12,23,8,0,14,20,0
481553,1,1,2000,9,0,0,0,0,0,0,0,0,0
481553,2,1,2000,7,0,0,0,0,0,0,0,0,0
481554,1,1,2000,0,0,0,0,0,0,0,0,0,0
481555,0,1,2000,19,0,16,41,36,0,21,25,0,28
481555,1,1,2000,2,0,13,14,0,15,0,0,21,24
481555,2,1,2000,11,0,0,26,0,11,0,0,0,9
481556,0,1,2000,7,7,7,7,7,7,7,7,7,7
481556,0,2,2000,3,3,3,3,3,3,3,3,3,3
481556,1,1,2000,17,17,17,17,17,17,17,17,17,17
481556,2,1,2000,0,24,6,0,0,0,0,0,0,0
481557,1,1,2000,0,0,0,0,0,0,0,0,0,0
481558,1,1,2000,0,0,9,23,0,10,0,0,0,8
481559,1,1,2000,0,0,0,0,0,0,11,0,0,4
481559,2,1,2000,0,0,0,0,0,0,0,0,0,0
481560,1,1,2000,29,18,29,10,19,22,16,0,0,28
481561,1,1,2000,0,9,0,0,0,0,0,0,0,0
481562,1,1,2000,20,20,20,20,20,20,20,20,20,20
481563,0,1,2000,23,0,0,0,0,0,0,18,0,28
481563,1,1,2000,0,0,0,0,0,0,0,0,0,0
481564,1,1,2000,21,19,25,10,6,7,7,20,5,20
481564,2,1,2000,0,0,0,0,3,0,7,3,0,0
481565,1,1,2000,0,9,0,12,17,0,0,0,0,0
481565,2,1,2000,0,0,0,0,0,0,0,0,0,0
481566,1,1,2000,11,11,11,11,11,11,11,11,11,11
481566,2,1,2000,0,0,12,0,0,0,8,0,0,0
481567,1,1,2000,9,18,11,22,0,18,0,18,20,28
481568,1,1,2000,15,15,15,15,15,15,15,15,15,15
481569,1,1,2000,0,18,4,0,0,24,9,0,0,0
481570,1,1,2000,19,19,19,19,19,19,19,19,19,19
481571,1,1,2000,0,0,0,0,0,0,0,0,0,0
481571,2,1,2000,0,0,0,0,0,17,0,0,0,0
481572,1,1,2000,14,6,16,19,0,11,18,5,30,15
481573,1,1,2000,4,4,4,4,4,4,4,4,4,4
481573,2,1,2000,0,0,0,0,13,0,0,0,0,0
481573,3,1,2000,0,0,0,0,0,0,0,0,0,0
481574,1,1,2000,0,0,0,8,0,0,0,0,0,0
481574,2,1,2000,0,8,0,0,0,0,0,0,0,0
481575,1,1,2000,0,13,0,0,0,0,0,0,0,14
481576,0,1,2000,21,0,0,0,9,0,0,0,0,0
481576,1,1,2000,10,10,10,10,10,10,10,10,10,10
481577,1,1,2000,18,18,18,18,18,18,18,18,18,18
481577,2,1,2000,0,0,16,23,24,31,19,0,0,13
481578,1,1,2000,13,16,19,21,21,24,19,4,7,19
481579,1,1,2000,18,18,18,18,18,18,18,18,18,18
481579,2,1,2000,0,13,26,5,16,17,11,0,26,2
481579,3,1,2000,0,13,0,0,16,0,0,0,10,0
481580,1,1,2000,0,0,0,0,0,0,0,0,0,0
481581,1,1,2000,15,9,26,20,9,0,0,0,38,0
481582,1,1,2000,0,0,0,0,0,0,0,0,0,0
481582,2,1,2000,0,0,0,0,0,0,0,0,0,0
481583,0,1,2000,0,0,0,0,0,0,0,0,0,0
481584,1,1,2000,0,0,0,0,0,0,0,0,0,0
481584,2,1,2000,4,4,4,4,4,4,4,4,4,4
481585,1,1,2000,19,19,19,19,19,19,19,19,19,19
481585,2,1,2000,10,10,10,10,10,10,10,10,10,10
481586,1,1,2000,6,0,0,0,0,0,10,0,0,0
481586,2,1,2000,16,0,0,0,22,11,0,10,0,0
481586,3,1,2000,0,0,0,0,14,0,0,0,0,0
481586,4,1,2000,0,0,0,0,0,0,0,10,0,0
481586,5,1,2000,0,0,0,0,0,0,0,0,0,0
481587,1,1,2000,0,0,0,0,0,0,0,0,0,0
481587,2,1,2000,0,0,0,0,0,0,0,0,0,0
481588,1,1,2000,25,3,23,22,0,21,7,22,8,15
481589,1,1,2000,0,0,0,0,0,0,0,15,32,0
481590,1,1,2000,0,0,0,0,0,0,0,0,0,0
481590,2,1,2000,0,0,0,0,0,0,0,0,0,5
481591,1,1,2000,0,0,45,0,0,0,15,0,0,7
481591,2,1,2000,0,0,0,0,0,0,0,0,0,0
481592,1,1,2000,0,10,0,31,0,0,0,19,25,0
481593,1,1,2000,0,0,0,0,0,0,0,0,0,0
481593,2,1,2000,0,0,0,7,0,0,0,0,0,0
481594,1,1,2000,0,0,0,0,24,0,0,18,7,0
481595,1,1,2000,0,0,0,0,0,0,0,0,0,0
481595,2,1,2000,0,0,0,0,0,0,0,0,0,0
481596,1,1,2000,3,0,0,7,13,21,0,22,19,4
481597,1,1,2000,0,0,0,0,0,0,0,8,0,18
481597,2,1,2000,0,0,0,0,0,0,0,0,0,0
481598,1,1,2000,11,11,11,11,11,11,11,11,11,11
481599,1,1,2000,13,0,21,6,0,14,4,13,14,29
481600,1,1,2000,10,10,10,10,10,10,10,10,10,10
481601,1,1,2000,0,0,0,0,0,0,0,0,0,0
481602,1,1,2000,0,0,8,9,16,0,0,19,14,0
481603,1,1,2000,15,7,8,0,11,16,15,9,10,21
481604,1,1,2000,29,31,23,32,29,12,19,15,32,15
481605,1,1,2000,32,23,4,29,14,16,11,9,18,21
481606,1,1,2000,0,0,0,0,20,14,13,0,23,30
481607,1,1,2000,8,8,8,8,8,8,8,8,8,8
481608,1,1,2000,7,15,26,13,10,11,14,18,9,14
481608,2,1,2000,0,8,0,19,0,0,0,31,0,0
481609,0,1,2000,27,8,24,25,0,30,0,0,0,0
481609,1,1,2000,0,14,9,0,0,0,14,0,8,0
481610,1,1,2000,0,0,0,0,0,0,0,0,0,0
481610,2,1,2000,0,0,0,0,0,0,0,0,0,0
481611,1,1,2000,0,0,0,0,0,0,0,0,0,0
481612,1,1,2000,7,7,7,7,7,7,7,7,7,7
481612,2,1,2000,0,0,18,0,0,0,0,0,0,0
481613,1,1,2000,0,0,0,0,0,0,0,0,0,0
481614,1,1,2000,8,21,26,3,25,0,22,18,14,23
481615,1,1,2000,0,0,0,0,0,0,0,0,0,0
481616,1,1,2000,0,0,0,0,0,0,0,0,0,0
481616,2,1,2000,0,0,0,0,0,0,0,0,0,0
481617,1,1,2000,0,0,0,0,0,31,0,0,0,20
481617,2,1,2000,0,0,0,0,0,0,0,0,0,0
481617,3,1,2000,0,0,0,0,0,0,0,0,0,0
481617,4,1,2000,0,0,0,0,0,0,0,0,0,0
481618,1,1,2000,0,0,0,0,16,0,0,0,0,0
481619,0,1,2000,2,2,2,2,2,2,2,2,2,2
481619,1,1,2000,0,0,0,0,0,0,0,0,0,0
481620,1,1,2000,0,0,0,0,0,0,0,0,0,0
481620,2,1,2000,0,0,0,0,0,0,0,0,0,0
481621,1,1,2000,14,19,17,12,27,14,8,10,13,19
481622,1,1,2000,0,0,0,0,0,0,0,5,0,19
481622,2,1,2000,0,0,0,0,0,0,0,0,0,0
481623,1,1,2000,23,23,23,23,23,23,23,23,23,23
481624,1,1,2000,0,0,0,0,0,0,0,0,0,0
481625,1,1,2000,8,0,0,11,8,0,6,17,11,0
481626,1,1,2000,22,22,22,22,22,22,22,22,22,22
481627,1,1,2000,17,17,17,17,17,17,17,17,17,17
481628,1,1,2000,19,6,21,18,31,24,7,17,23,0
481629,1,1,2000,0,0,0,0,0,0,0,0,0,0
481629,2,1,2000,0,0,0,0,0,0,0,0,0,0
481630,1,1,2000,0,0,0,0,0,0,0,0,0,15
481631,1,1,2000,0,12,0,0,0,0,0,0,0,0
481631,2,1,2000,0,0,0,0,0,0,0,0,19,0
481632,1,1,2000,0,0,0,0,0,0,0,0,0,0
481632,2,1,2000,0,0,0,0,0,0,0,0,0,0
481633,1,1,2000,15,15,15,15,15,15,15,15,15,15
481633,2,1,2000,0,8,24,22,0,3,10,0,0,31
481634,1,1,2000,0,0,16,10,11,7,0,0,0,0
481635,1,1,2000,18,18,18,18,18,18,18,18,18,18
481636,1,1,2000,22,22,22,22,22,22,22,22,22,22
481637,1,1,2000,27,27,27,27,27,27,27,27,27,27
481638,1,1,2000,0,0,0,0,0,0,0,0,0,0
481639,1,1,2000,0,0,0,0,0,0,0,0,0,0
481639,2,1,2000,0,0,5,0,0,0,0,0,0,0
481640,1,1,2000,0,0,0,0,0,0,0,0,0,0
481641,1,1,2000,27,0,24,8,0,0,0,7,20,14
481641,2,1,2000,11,17,0,10,0,0,11,0,0,0
481642,1,1,2000,0,0,0,0,0,0,0,0,0,0
481642,2,1,2000,0,0,0,0,0,0,0,0,0,0
481643,1,1,2000,0,0,0,0,0,0,0,0,0,0
481643,2,1,2000,0,0,0,0,0,0,0,0,0,0
481644,1,1,2000,0,0,0,0,0,0,0,0,0,0
481645,1,1,2000,26,26,26,26,26,26,26,26,26,26
481646,1,1,2000,1,1,1,1,1,1,1,1,1,1
481646,2,1,2000,0,0,0,0,0,0,0,0,0,0
481646,3,1,2000,0,0,0,14,0,0,0,0,0,0
481646,4,1,2000,8,0,0,0,0,0,0,0,0,0
481647,1,1,2000,0,0,0,0,0,0,21,0,7,0
481648,0,1,2000,0,12,15,10,0,12,22,19,0,22
481648,1,1,2000,0,0,0,0,11,0,0,0,0,0
481649,1,1,2000,0,0,0,0,0,0,0,0,0,0
481649,2,1,2000,0,0,0,0,0,0,0,0,0,39
481650,1,1,2000,0,0,0,0,0,0,0,0,0,0
481650,2,1,2000,0,0,0,0,0,0,0,21,0,0
481650,3,1,2000,0,0,0,0,0,14,0,9,0,0
481651,1,1,2000,0,0,19,18,0,0,0,0,0,0
481651,2,1,2000,0,0,0,0,11,0,0,0,0,17
481652,0,1,2000,0,34,14,0,7,47,8,9,14,0
481652,1,1,2000,0,0,0,0,6,0,0,0,0,0
481653,1,1,2000,0,0,0,0,0,0,9,8,15,0
481654,1,1,2000,0,0,0,0,0,0,0,0,0,0
481654,2,1,2000,0,0,0,0,0,0,0,0,0,0
481655,1,1,2000,0,0,0,0,0,8,0,0,0,0
481655,2,1,2000,0,0,0,15,16,0,0,0,16,11
481656,1,1,2000,20,20,20,20,20,20,20,20,20,20
481656,2,1,2000,18,17,10,0,0,0,13,0,0,0
481657,1,1,2000,8,0,25,14,0,31,20,8,0,17
481658,1,1,2000,0,0,0,0,0,0,7,0,0,0
481658,2,1,2000,0,0,0,0,0,0,0,0,0,0
481658,3,1,2000,0,9,0,25,0,20,0,0,0,23
481659,1,1,2000,16,32,26,18,33,12,23,31,15,21
481660,1,1,2000,0,0,0,16,0,5,4,0,0,0
481661,1,1,2000,17,17,17,17,17,17,17,17,17,17
481661,2,1,2000,0,0,0,0,0,0,0,0,0,0
481662,1,1,2000,18,18,18,18,18,18,18,18,18,18
481663,1,1,2000,28,28,28,28,28,28,28,28,28,28
481663,2,1,2000,0,14,0,0,31,14,13,31,0,24
481664,1,1,2000,13,13,13,13,13,13,13,13,13,13
481665,1,1,2000,12,12,12,12,12,12,12,12,12,12
481666,1,1,2000,5,5,5,5,5,5,5,5,5,5
481666,2,1,2000,0,0,0,0,0,0,0,0,0,0
481667,0,1,2000,0,0,0,0,0,0,36,0,12,0
481667,1,1,2000,0,0,0,0,0,0,0,0,0,0
481668,1,1,2000,15,15,15,15,15,15,15,15,15,15
481669,1,1,2000,0,25,10,0,0,0,0,23,0,0
481669,2,1,2000,21,21,21,21,21,21,21,21,21,21
481670,0,1,2000,0,0,0,0,13,0,28,0,0,0
481670,1,1,2000,0,0,7,0,0,0,14,14,0,0
481671,1,1,2000,11,0,0,0,0,0,0,0,0,0
481671,2,1,2000,0,0,0,0,0,0,0,0,0,0
481671,3,1,2000,0,0,0,0,0,0,0,0,0,0
481672,0,1,2000,0,0,11,0,25,0,0,0,0,15
481672,1,1,2000,18,18,18,18,18,18,18,18,18,18
481673,1,1,2000,10,13,26,24,8,18,2,6,18,22
481673,2,1,2000,16,0,36,15,0,14,30,0,18,26
481674,1,1,2000,10,19,34,21,0,7,25,20,18,20
481675,1,1,2000,0,0,0,0,0,0,0,0,0,0
481675,2,1,2000,0,0,0,0,0,9,0,0,0,0
481676,0,1,2000,0,0,0,0,0,0,0,0,0,0
481676,1,1,2000,0,0,0,0,0,0,0,0,0,13
481677,1,1,2000,0,0,0,0,0,0,0,0,0,0
481677,2,1,2000,0,0,0,0,0,0,0,0,0,0
481678,1,1,2000,19,0,17,0,0,0,6,0,0,23
481678,2,1,2000,0,0,33,0,0,0,16,0,0,26
481679,1,1,2000,12,0,0,12,0,0,0,0,0,0
481679,2,1,2000,0,0,0,0,0,0,0,0,0,13
481680,1,1,2000,0,0,0,0,0,0,0,0,0,0
481681,1,1,2000,0,0,0,0,0,0,0,0,0,0
481682,1,1,2000,9,9,9,9,9,9,9,9,9,9
481683,1,1,2000,0,0,0,0,0,0,5,0,0,0
481684,1,1,2000,0,0,0,0,0,0,0,0,0,0
481685,0,1,2000,32,32,32,32,32,32,32,32,32,32
481685,1,1,2000,11,0,0,0,9,0,13,0,0,0
481686,1,1,2000,0,9,0,23,25,6,0,12,0,32
481687,1,1,2000,0,0,0,0,0,0,0,0,0,0
481687,2,1,2000,0,0,0,0,0,0,0,0,0,0
481688,1,1,2000,1,1,1,1,1,1,1,1,1,1
481689,1,1,2000,0,0,0,0,0,0,0,0,0,0
481689,2,1,2000,18,18,18,18,18,18,18,18,18,18
481690,1,1,2000,22,22,22,22,22,22,22,22,22,22
481691,0,1,2000,29,27,0,6,20,9,0,14,28,7
481691,1,1,2000,15,0,16,11,34,0,0,0,0,14
481692,1,1,2000,17,31,12,0,15,0,14,19,19,16
481693,1,1,2000,0,0,0,0,0,0,0,0,0,0
481694,1,1,2000,0,0,0,0,0,0,0,0,0,0
481695,1,1,2000,0,0,0,27,0,0,0,0,0,0
481696,0,1,2000,23,23,23,23,23,23,23,23,23,23
481696,1,1,2000,0,0,4,0,17,13,17,14,0,0
481697,1,1,2000,0,0,0,11,0,0,13,0,0,0
481698,1,1,2000,0,0,0,0,0,0,0,0,0,0
481699,1,1,2000,0,0,0,0,0,0,0,0,0,0
481699,2,1,2000,0,0,0,0,0,0,0,0,0,0
481699,3,1,2000,0,0,0,0,0,0,0,0,0,0
481700,1,1,2000,0,9,0,0,3,0,0,0,0,0
481701,1,1,2000,0,0,0,10,0,0,0,6,0,0
481702,0,1,2000,5,37,19,31,16,0,0,24,0,0
481702,1,1,2000,0,0,0,0,0,0,0,0,0,0
481703,1,1,2000,9,9,9,9,9,9,9,9,9,9
481703,2,1,2000,0,0,0,14,0,0,0,0,0,0
481704,1,1,2000,0,0,0,0,0,0,0,0,0,0
481705,1,1,2000,13,0,0,0,0,0,0,0,0,0
481705,2,1,2000,0,0,0,0,0,0,0,0,0,0
481706,1,1,2000,6,10,12,0,12,32,8,9,14,9
481707,1,1,2000,0,0,0,0,0,0,0,0,0,0
481707,2,1,2000,0,0,0,0,0,0,0,0,0,0
481708,1,1,2000,0,0,0,0,0,0,0,0,0,0
481708,2,1,2000,0,0,0,0,0,0,0,0,0,0
481709,1,1,2000,8,8,8,8,8,8,8,8,8,8
481710,1,1,2000,8,8,8,8,8,8,8,8,8,8
481711,1,1,2000,26,26,26,26,26,26,26,26,26,26
481712,1,1,2000,3,3,3,3,3,3,3,3,3,3
481712,2,1,2000,0,11,16,0,0,14,0,5,17,0
481713,1,1,2000,14,14,14,14,14,14,14,14,14,14
481714,1,1,2000,7,50,0,22,0,7,13,14,0,5
481715,0,1,2000,0,30,0,12,0,0,12,0,18,0
481715,1,1,2000,0,0,0,0,0,0,0,8,0,0
481716,1,1,2000,9,9,9,9,9,9,9,9,9,9
481717,0,1,2000,0,0,0,0,0,0,0,0,0,0
481717,1,1,2000,0,0,0,0,0,0,0,0,16,0
481718,1,1,2000,25,25,25,25,25,25,25,25,25,25
481718,2,1,2000,23,23,23,23,23,23,23,23,23,23
481718,3,1,2000,8,0,8,20,0,15,19,6,0,0
481719,1,1,2000,0,26,0,0,0,0,0,0,9,0
481720,1,1,2000,0,0,0,0,0,0,0,0,0,0
481721,0,1,2000,0,0,0,0,0,32,0,0,0,26
481721,1,1,2000,0,0,0,0,0,0,0,0,0,0
481722,1,1,2000,27,0,9,0,26,21,16,30,0,12
481723,1,1,2000,0,0,0,0,0,0,0,0,0,0
481724,1,1,2000,0,0,0,0,0,0,0,0,0,0
481725,1,1,2000,0,0,0,0,9,0,0,0,0,0
481725,2,1,2000,0,0,0,0,0,0,0,0,0,0
481726,1,1,2000,0,0,4,0,0,10,0,0,0,0
481726,2,1,2000,0,0,0,0,0,0,0,0,0,0
481727,1,1,2000,0,0,0,18,0,0,0,0,0,0
481727,2,1,2000,0,0,0,0,0,0,0,0,0,0
481728,1,1,2000,0,0,0,0,0,0,0,0,0,4
481729,1,1,2000,11,31,21,20,20,0,44,30,10,0
481729,2,1,2000,0,0,0,0,0,0,26,0,0,0
481730,1,1,2000,0,0,0,0,0,0,0,0,0,0
481731,1,1,2000,0,0,9,0,0,0,0,15,0,0
481732,1,1,2000,17,15,15,0,8,19,12,22,10,31
481733,1,1,2000,16,0,0,0,0,0,0,0,0,0
481734,1,1,2000,0,0,0,0,0,0,0,0,0,0
481734,2,1,2000,0,0,0,0,0,0,0,0,0,0
481735,1,1,2000,16,28,14,23,22,18,20,22,8,20
481736,0,1,2000,18,23,21,39,0,18,27,0,39,0
481736,1,1,2000,3,3,3,3,3,3,3,3,3,3
481737,1,1,2000,0,0,0,0,0,0,0,0,0,0
481737,2,1,2000,0,0,0,7,8,0,27,0,0,0
481738,1,1,2000,14,10,0,5,0,0,0,0,0,0
481738,2,1,2000,3,0,0,0,18,0,0,0,0,0
481739,1,1,2000,0,0,0,0,0,0,0,0,0,0
481739,2,1,2000,0,0,0,0,0,0,0,6,17,0
481740,1,1,2000,27,27,27,27,27,27,27,27,27,27
481741,1,1,2000,4,25,15,14,0,0,10,15,0,6
481742,1,1,2000,0,0,0,0,0,0,0,8,0,0
481742,2,1,2000,0,0,0,0,0,0,0,0,0,0
481743,1,1,2000,28,28,28,28,28,28,28,28,28,28
481744,1,1,2000,22,25,19,17,28,0,0,25,0,0
481745,1,1,2000,0,0,18,0,0,0,0,0,8,0
481746,1,1,2000,0,0,0,0,19,10,9,0,3,9
481747,1,1,2000,0,0,0,0,0,0,0,0,0,17
481748,1,1,2000,0,0,0,0,0,0,0,0,0,0
481748,2,1,2000,0,0,0,0,0,0,0,9,0,0
481749,1,1,2000,0,0,0,0,0,0,0,0,0,0
481750,1,1,2000,0,0,0,0,0,0,0,0,0,0
481750,2,1,2000,0,0,0,0,0,0,0,0,0,0
481751,1,1,2000,0,0,0,0,17,0,0,0,0,0
481752,1,1,2000,0,0,0,0,0,0,0,0,0,0
481752,2,1,2000,0,0,14,0,0,0,0,0,0,0
481752,3,1,2000,0,0,0,0,0,0,0,0,0,0
481753,1,1,2000,0,0,0,0,0,0,0,0,0,0
481754,0,1,2000,0,0,0,0,23,3,0,0,17,0
481754,1,1,2000,0,0,0,0,0,8,17,19,12,0
481755,1,1,2000,0,35,11,12,0,18,19,0,0,0
481755,2,1,2000,0,0,3,20,15,0,0,0,0,0
481756,1,1,2000,0,15,0,9,20,17,8,0,11,23
481757,1,1,2000,11,11,11,11,11,11,11,11,11,11
481757,2,1,2000,0,0,0,0,0,0,0,0,0,0
481758,1,1,2000,0,0,0,0,0,0,0,0,0,0
481758,2,1,2000,0,0,0,0,0,0,0,0,0,0
481759,0,1,2000,45,36,7,29,18,15,31,30,33,14
481759,1,1,2000,0,0,0,19,0,0,0,0,0,0
481760,1,1,2000,0,0,9,14,0,0,9,0,0,0
481761,1,1,2000,13,0,23,16,0,7,17,11,38,14
481762,0,1,2000,0,0,0,0,0,0,0,0,0,0
481762,1,1,2000,0,0,0,0,0,12,8,0,0,0
481763,1,1,2000,0,14,0,0,0,0,0,0,0,0
481764,1,1,2000,25,19,7,0,0,25,34,0,13,0
481765,1,1,2000,12,12,12,12,12,12,12,12,12,12
481766,1,1,2000,9,0,0,20,0,0,0,0,8,0
481766,2,1,2000,0,0,0,0,0,0,14,0,0,0
481767,1,1,2000,0,0,0,0,0,0,8,0,0,11
481767,2,1,2000,8,16,20,27,14,11,21,21,10,12
481768,1,1,2000,6,12,5,0,0,0,0,13,0,0
481769,1,1,2000,0,10,32,22,16,25,12,0,7,15
481770,1,1,2000,0,0,0,0,0,9,0,3,0,0
481771,0,1,2000,13,18,0,7,21,21,0,9,0,24
481771,1,1,2000,0,0,0,0,0,0,12,0,10,0
481772,1,1,2000,0,0,0,0,7,0,9,0,0,0
481773,1,1,2000,0,0,0,0,0,0,0,0,0,0
481773,2,1,2000,0,0,0,0,0,0,0,0,0,0
481774,0,1,2000,26,0,22,21,0,0,0,0,22,39
481774,1,1,2000,0,0,32,9,0,0,8,17,0,0
481775,1,1,2000,0,0,0,0,0,0,0,0,0,0
481775,2,1,2000,0,0,0,0,0,0,0,0,0,0
481776,1,1,2000,0,0,0,0,0,0,0,0,0,0
481776,2,1,2000,0,0,0,0,0,0,0,6,0,0
481777,1,1,2000,15,15,15,15,15,15,15,15,15,15
481778,1,1,2000,0,28,0,0,0,0,0,0,12,0
481779,1,1,2000,0,0,0,0,0,0,0,0,0,0
481780,1,1,2000,12,34,28,0,0,15,0,0,16,21
481781,1,1,2000,0,0,21,20,0,6,0,0,15,0
481781,2,1,2000,0,0,0,0,0,0,0,0,0,0
481782,1,1,2000,6,11,0,0,0,0,0,0,20,0
481782,2,1,2000,0,21,0,0,0,0,0,0,11,0
481782,3,1,2000,0,15,0,5,11,0,0,0,0,0
481783,1,1,2000,0,0,15,0,9,23,0,23,0,23
481784,1,1,2000,0,0,0,0,0,0,0,0,0,0
481784,2,1,2000,0,0,0,0,0,0,0,0,0,0
481784,3,1,2000,0,0,0,0,0,0,0,0,0,0
481785,1,1,2000,25,0,0,29,14,14,40,23,0,20
481786,1,1,2000,0,0,0,0,10,10,24,0,0,12
481787,1,1,2000,0,0,0,0,0,0,0,0,0,0
481787,2,1,2000,0,0,0,0,0,0,0,0,0,0
481788,1,1,2000,0,0,0,0,0,0,8,0,0,17
481788,2,1,2000,12,0,0,14,0,0,0,0,0,0
481789,1,1,2000,0,0,0,0,0,6,0,0,0,0
481790,1,1,2000,0,18,14,0,0,0,18,22,8,17
481790,2,1,2000,0,12,0,0,0,0,0,0,0,0
481791,1,1,2000,0,5,0,0,0,0,0,0,0,0
481791,2,1,2000,0,0,0,0,0,0,0,0,0,0
481792,1,1,2000,8,8,8,8,8,8,8,8,8,8
481792,2,1,2000,8,8,8,8,8,8,8,8,8,8
481793,0,1,2000,0,8,15,19,0,26,0,19,6,9
481793,1,1,2000,0,0,0,0,0,0,0,0,0,0
481794,1,1,2000,0,0,0,0,0,0,0,0,0,0
481795,0,1,2000,20,20,20,20,20,20,20,20,20,20
481795,1,1,2000,7,0,3,0,0,0,16,0,0,0
481796,1,1,2000,7,0,0,0,16,5,12,18,0,19
481796,2,1,2000,14,1,6,19,9,13,5,12,7,8
481797,1,1,2000,13,11,0,9,0,25,12,15,19,12
481798,1,1,2000,14,14,14,14,14,14,14,14,14,14
481798,2,1,2000,0,0,0,0,0,0,0,0,0,0
481799,1,1,2000,9,0,0,0,13,0,0,0,0,0
481800,1,1,2000,0,0,0,0,0,0,0,0,0,0
481800,2,1,2000,0,0,0,0,0,0,0,0,0,0
481800,3,1,2000,0,0,0,0,0,0,0,7,0,0
481801,1,1,2000,17,17,28,0,0,0,0,0,0,0
481802,0,1,2000,0,0,0,0,0,0,0,0,0,0
481802,1,1,2000,0,0,14,0,0,0,13,8,19,0
481803,1,1,2000,10,15,0,13,15,15,13,9,0,28
481804,1,1,2000,12,8,0,19,7,0,0,12,4,18
481805,1,1,2000,16,19,31,22,26,13,25,29,24,13
481806,1,1,2000,0,0,16,0,0,24,0,0,20,0
481807,1,1,2000,12,0,0,0,0,0,0,0,0,0
481808,0,1,2000,0,10,0,0,0,0,0,0,0,0
481808,1,1,2000,0,0,0,0,0,0,0,0,0,0
481809,1,1,2000,0,0,0,22,0,0,0,0,0,0
481809,2,1,2000,0,0,0,0,0,0,0,0,0,0
481810,1,1,2000,5,13,10,8,17,3,3,17,0,20
481810,2,1,2000,0,9,0,0,10,16,0,7,0,5
481810,3,1,2000,16,39,22,0,15,23,0,0,15,8
481811,1,1,2000,0,0,0,0,0,0,0,0,0,0
481811,2,1,2000,0,0,0,0,0,0,0,0,0,0
481812,1,1,2000,0,0,10,0,0,0,0,0,0,0
481812,2,1,2000,0,0,0,0,0,0,0,0,0,0
481813,1,1,2000,0,0,0,0,0,0,0,0,0,21
481814,1,1,2000,0,0,0,0,0,0,0,0,0,0
481814,2,1,2000,0,0,0,0,0,0,0,0,0,0
481815,1,1,2000,19,19,19,19,19,19,19,19,19,19
481816,1,1,2000,0,0,0,0,0,0,0,0,0,0
481816,2,1,2000,0,0,0,0,0,0,10,17,0,0
481817,1,1,2000,8,15,38,0,21,0,18,44,22,22
481818,0,1,2000,0,0,0,0,0,0,0,19,11,14
481818,1,1,2000,0,16,0,4,0,0,0,0,0,0
481819,1,1,2000,0,0,10,0,0,18,0,0,0,1
481820,1,1,2000,19,20,16,0,0,0,38,27,10,26
481821,1,1,2000,31,31,31,31,31,31,31,31,31,31
481822,0,1,2000,0,0,0,11,0,0,0,0,0,14
481822,1,1,2000,0,0,0,0,0,0,0,0,0,0
481823,1,1,2000,0,0,0,0,0,0,0,0,0,0
481824,1,1,2000,0,13,0,0,0,0,0,0,6,21
481825,1,1,2000,0,0,0,0,0,0,0,0,0,0
481825,2,1,2000,0,0,0,0,0,0,0,0,0,0
481826,0,1,2000,0,31,10,15,39,5,0,0,17,0
481826,1,1,2000,0,0,0,0,0,0,0,0,9,0
481827,1,1,2000,0,0,0,0,0,0,0,0,0,0
481827,2,1,2000,0,0,0,0,0,0,15,0,0,0
481828,1,1,2000,13,12,0,13,0,0,13,0,24,0
481828,2,1,2000,0,0,0,0,8,22,14,11,0,0
481828,3,1,2000,17,0,0,15,13,17,0,4,0,0
481829,1,1,2000,25,22,24,20,45,19,22,18,11,20
481829,2,1,2000,15,8,0,34,22,26,24,0,9,6
481830,1,1,2000,3,12,10,4,19,19,18,0,10,16
481830,2,1,2000,11,0,0,0,12,24,13,0,0,0
481831,1,1,2000,12,12,12,12,12,12,12,12,12,12
481831,2,1,2000,0,0,26,8,0,10,0,7,0,0
481832,0,1,2000,0,0,0,0,0,0,0,0,0,0
481832,1,1,2000,0,11,0,0,0,9,0,0,0,0
481832,2,1,2000,0,0,0,0,16,19,0,19,0,0
481833,0,1,2000,33,33,33,33,33,33,33,33,33,33
481833,1,1,2000,7,0,0,0,0,0,0,0,0,0
481833,2,1,2000,0,0,0,0,0,0,0,0,0,0
481834,1,1,2000,13,13,13,13,13,13,13,13,13,13
481835,1,1,2000,16,0,15,0,3,0,0,23,0,0
481835,2,1,2000,22,0,22,0,17,19,15,17,21,0
481835,3,1,2000,0,0,0,0,9,9,17,10,0,15
481835,4,1,2000,18,11,0,0,0,0,0,4,13,9
481836,0,1,2000,0,2,0,27,5,0,14,0,21,18
481836,1,1,2000,0,9,32,18,4,12,24,14,8,20