ST_CASE,VEH_NO,PER_NO,YEAR,P1,P2,P3,P4,P5,P6,P7,P8,P9,P10
482118,1,1,2000,0,0,0,10,0,17,0,0,0,0
482118,2,1,2000,4,0,10,0,0,0,15,0,0,0
482119,1,1,2000,10,14,0,0,15,0,19,24,13,0
482120,1,1,2000,0,0,0,11,0,0,0,0,0,0
482120,2,1,2000,0,0,0,0,0,0,0,0,0,0
482121,0,1,2000,31,31,31,31,31,31,31,31,31,31
482121,1,1,2000,0,8,0,0,0,0,7,8,0,23
482122,0,1,2000,0,0,0,19,9,0,22,6,0,0
482122,1,1,2000,0,0,19,17,14,0,0,0,18,0
482123,1,1,2000,23,14,13,20,24,13,28,36,14,17
482123,2,1,2000,27,0,0,16,0,27,18,0,8,0
482124,1,1,2000,9,7,8,15,0,15,7,13,33,4
482125,1,1,2000,27,27,27,27,27,27,27,27,27,27
482125,2,1,2000,0,0,0,0,0,0,0,0,0,0
482126,0,1,2000,0,0,0,0,0,0,0,0,0,0
482126,1,1,2000,3,0,0,0,0,0,0,0,0,0
482127,1,1,2000,14,14,14,14,14,14,14,14,14,14
482128,1,1,2000,7,6,0,9,15,8,13,18,10,12
482129,1,1,2000,0,0,0,0,0,0,0,0,0,0
482129,2,1,2000,0,0,0,0,0,0,0,0,0,0
482130,1,1,2000,0,0,0,0,0,0,0,0,0,0
482130,2,1,2000,0,0,6,0,8,0,0,0,0,0
482131,1,1,2000,0,0,0,0,0,0,0,0,0,0
482132,1,1,2000,0,0,0,0,0,0,0,0,0,0
482133,1,1,2000,0,0,0,0,0,0,38,0,0,0
482134,1,1,2000,0,0,0,12,0,0,0,0,0,0
482134,2,1,2000,0,0,0,0,17,0,0,0,0,0
482135,1,1,2000,0,0,0,0,0,0,0,0,0,0
482135,2,1,2000,0,0,0,0,0,0,0,0,0,0
482135,3,1,2000,0,0,8,0,0,8,0,0,0,0
482135,4,1,2000,0,0,0,0,22,0,0,0,0,0
482136,1,1,2000,29,18,17,25,0,42,21,27,14,16
482136,2,1,2000,0,0,0,12,0,0,21,0,0,0
482137,1,1,2000,43,15,21,8,28,30,19,30,19,13
482138,1,1,2000,0,0,0,0,0,0,0,0,0,0
482139,1,1,2000,10,20,0,14,0,0,0,0,0,0
482139,2,1,2000,0,0,0,0,0,0,0,0,0,0
482140,1,1,2000,0,0,0,0,0,14,9,14,0,0
482141,1,1,2000,0,0,0,0,0,0,0,0,0,0
482141,2,1,2000,0,39,0,0,0,0,0,0,0,0
482142,1,1,2000,0,0,0,0,0,0,0,0,0,0
482142,2,1,2000,0,0,0,8,0,0,0,0,17,0
482143,1,1,2000,15,17,23,25,26,17,21,34,17,16
482144,1,1,2000,16,11,13,9,0,16,0,27,13,16
482145,0,1,2000,41,0,0,0,8,45,0,0,20,15
482145,1,1,2000,18,18,18,18,18,18,18,18,18,18
482146,1,1,2000,0,11,19,0,11,15,16,5,0,23
482147,1,1,2000,20,20,20,20,20,20,20,20,20,20
482147,2,1,2000,18,18,18,18,18,18,18,18,18,18
482148,1,1,2000,13,15,20,12,15,38,22,24,15,13
482149,1,1,2000,0,0,0,0,0,0,0,0,0,0
482149,2,1,2000,0,0,0,0,0,0,0,0,0,0
482150,0,1,2000,10,20,13,15,0,25,25,21,18,27
482150,1,1,2000,23,27,17,10,0,9,22,16,4,10
482151,1,1,2000,0,0,0,0,0,0,0,0,0,0
482151,2,1,2000,0,0,0,0,0,0,0,0,0,0
482152,1,1,2000,0,0,0,0,0,0,0,0,0,0
482152,2,1,2000,0,0,0,0,0,0,0,0,0,0
482152,3,1,2000,0,0,0,0,0,0,0,0,0,0
482153,1,1,2000,0,0,0,0,0,0,0,0,0,0
482154,1,1,2000,0,0,0,0,0,0,0,0,0,0
482154,2,1,2000,20,20,20,20,20,20,20,20,20,20
482155,1,1,2000,0,0,0,0,0,0,0,0,0,0
482155,2,1,2000,21,14,17,6,16,15,4,14,12,19
482156,0,1,2000,0,0,0,0,0,0,0,0,0,0
482156,1,1,2000,0,0,0,0,0,0,0,0,0,0
482157,1,1,2000,0,12,4,0,7,19,8,14,20,0
482158,1,1,2000,0,0,0,0,0,3,7,0,0,21
482159,1,1,2000,10,0,18,12,11,20,47,19,13,2
482159,2,1,2000,0,0,0,0,13,0,6,0,14,9
482160,1,1,2000,25,0,0,11,0,0,0,13,0,12
482160,2,1,2000,18,0,0,0,0,7,0,0,0,0
482161,0,1,2000,6,0,0,13,0,0,0,0,28,0
482161,0,2,2000,22,0,0,0,43,0,0,0,0,25
482161,0,3,2000,23,0,0,27,22,25,0,17,16,24
482161,0,4,2000,21,28,0,0,0,19,29,0,6,0
482161,1,1,2000,2,2,2,2,2,2,2,2,2,2
482162,1,1,2000,23,23,23,23,23,23,23,23,23,23
482163,1,1,2000,15,0,21,24,15,0,16,26,21,13
482164,0,1,2000,0,0,22,0,0,0,0,0,3,20
482164,1,1,2000,0,0,0,0,0,0,0,0,0,0
482165,1,1,2000,29,0,12,0,14,0,15,0,6,0
482166,1,1,2000,0,0,0,0,0,0,0,0,0,0
482167,1,1,2000,0,16,3,5,30,17,12,37,20,23
482168,1,1,2000,0,0,0,0,0,0,0,0,0,0
482168,2,1,2000,0,0,0,0,6,14,7,0,9,0
482168,3,1,2000,0,24,0,0,0,0,0,0,0,0
482168,4,1,2000,0,0,0,0,0,0,0,0,0,0
482168,5,1,2000,0,0,0,0,0,0,0,0,0,0
482168,6,1,2000,0,0,3,0,0,0,0,0,4,0
482169,1,1,2000,3,3,3,3,3,3,3,3,3,3
482169,2,1,2000,29,29,29,29,29,29,29,29,29,29
482170,1,1,2000,0,0,0,0,0,0,0,0,0,0
482170,2,1,2000,0,0,0,0,0,0,0,0,0,0
482171,1,1,2000,0,0,0,0,0,0,0,0,0,0
482171,2,1,2000,0,0,0,0,0,0,0,0,0,0
482172,1,1,2000,0,0,0,0,0,0,0,0,0,0
482172,2,1,2000,0,0,0,0,0,0,0,0,0,0
482173,1,1,2000,17,4,0,0,5,0,0,22,0,0
482173,2,1,2000,18,0,0,0,0,19,8,0,15,0
482174,1,1,2000,4,0,7,0,25,14,28,16,0,0
482174,2,1,2000,19,0,0,11,0,0,0,0,0,0
482175,1,1,2000,7,0,0,0,0,0,27,0,12,0
482175,2,1,2000,23,23,23,23,23,23,23,23,23,23
482175,3,1,2000,0,17,10,0,8,31,11,21,17,12
482176,1,1,2000,11,11,11,11,11,11,11,11,11,11
482177,1,1,2000,31,31,31,31,31,31,31,31,31,31
482178,1,1,2000,0,0,0,0,15,0,0,0,0,0
482179,1,1,2000,0,16,0,0,6,0,12,0,0,0
482180,1,1,2000,22,10,27,21,34,25,7,30,31,27
482181,1,1,2000,6,12,0,10,22,0,9,7,0,13
482182,0,1,2000,0,0,0,0,0,0,0,0,0,0
482182,1,1,2000,0,0,0,0,0,0,0,0,0,0
482183,1,1,2000,9,0,19,0,8,4,0,11,9,22
482183,2,1,2000,0,0,0,0,0,0,0,0,0,22
482184,1,1,2000,0,0,0,0,0,0,0,0,0,0
482185,1,1,2000,0,0,0,0,0,0,0,0,0,0
482185,2,1,2000,0,0,0,0,0,0,0,0,0,0
482186,0,1,2000,31,31,31,31,31,31,31,31,31,31
482186,1,1,2000,0,0,0,0,20,15,10,10,24,24
482187,1,1,2000,23,23,23,23,23,23,23,23,23,23
482187,2,1,2000,0,0,0,0,0,0,0,0,0,0
482188,1,1,2000,33,0,0,0,0,11,0,0,0,26
482188,2,1,2000,0,0,0,0,0,0,0,0,0,0
482188,3,1,2000,0,0,0,0,0,0,0,0,0,0
482189,0,1,2000,28,23,0,14,0,0,0,0,20,0
482189,1,1,2000,0,0,0,0,0,0,0,20,0,0
482190,1,1,2000,0,0,0,0,12,0,0,18,0,20
482191,0,1,2000,21,0,0,0,0,0,13,0,13,11
482191,1,1,2000,0,0,0,0,1,0,0,9,0,0
482192,1,1,2000,0,0,0,0,0,0,0,0,0,13
482193,1,1,2000,16,7,9,0,14,6,11,18,4,0
482194,0,1,2000,0,0,0,0,0,0,0,0,0,0
482194,1,1,2000,0,0,0,0,0,0,13,17,0,0
482195,1,1,2000,5,0,0,0,0,0,0,0,0,0
482195,2,1,2000,0,0,0,11,0,9,0,0,25,0
482195,3,1,2000,0,7,0,0,0,0,0,0,0,4
482195,4,1,2000,11,0,0,0,0,0,0,0,0,0
482196,1,1,2000,0,0,0,0,0,0,0,0,0,0
482196,2,1,2000,0,0,0,0,0,0,0,0,0,0
482197,1,1,2000,0,0,0,0,23,0,0,0,0,0
482197,2,1,2000,0,0,0,0,0,0,0,0,0,0
482198,0,1,2000,0,0,0,0,0,0,4,0,0,0
482198,1,1,2000,0,0,0,0,0,0,10,0,0,0
482198,2,1,2000,0,0,0,0,0,0,0,0,0,0
482199,1,1,2000,0,0,0,0,0,19,0,0,0,0
482200,1,1,2000,0,0,0,0,0,17,18,0,0,0
482200,2,1,2000,0,0,8,0,0,13,9,0,0,0
482201,0,1,2000,11,18,41,17,43,7,0,24,12,17
482201,1,1,2000,0,26,0,20,0,0,0,0,0,0
482202,1,1,2000,13,13,13,13,13,13,13,13,13,13
482203,1,1,2000,13,21,17,15,26,0,21,0,0,0
482204,1,1,2000,19,19,19,19,19,19,19,19,19,19
482205,1,1,2000,0,0,19,0,17,9,0,14,0,0
482205,2,1,2000,0,0,0,25,0,0,0,0,0,0
482205,5,1,2000,0,0,0,4,0,0,0,0,0,0
482206,0,1,2000,29,7,8,38,0,19,0,7,11,17
482206,1,1,2000,15,17,0,0,0,18,27,0,0,10
482206,2,1,2000,15,0,0,0,0,9,0,8,0,0
482207,1,1,2000,0,0,0,0,0,0,0,0,0,0
482207,2,1,2000,0,0,0,0,0,0,0,0,0,0
482208,1,1,2000,0,0,0,0,0,0,0,0,0,0
482208,2,1,2000,0,0,0,0,0,0,0,0,0,0
482209,1,1,2000,0,0,0,0,0,0,20,0,0,0
482209,2,1,2000,0,0,0,0,0,0,0,0,0,0
482210,1,1,2000,12,24,13,0,9,12,14,4,10,16
482211,1,1,2000,13,22,0,27,26,31,21,0,22,0
482212,1,1,2000,12,12,12,12,12,12,12,12,12,12
482212,2,1,2000,29,29,29,29,29,29,29,29,29,29
482213,1,1,2000,15,15,15,15,15,15,15,15,15,15
482214,0,1,2000,0,0,0,0,0,0,0,0,0,0
482214,1,1,2000,0,0,0,0,0,0,0,0,0,0
482215,1,1,2000,0,0,0,9,9,3,0,13,7,24
482216,0,1,2000,0,0,0,0,0,0,0,0,0,10
482216,1,1,2000,0,0,0,0,0,0,0,0,0,0
482217,1,1,2000,0,0,0,0,0,0,0,0,7,0
482218,1,1,2000,0,0,25,0,0,0,0,0,11,0
482219,1,1,2000,19,19,19,19,19,19,19,19,19,19
482220,1,1,2000,0,11,0,5,0,15,15,0,7,5
482220,2,1,2000,0,0,0,0,0,0,0,0,0,0
482221,1,1,2000,0,0,0,0,0,0,0,0,0,0
482222,1,1,2000,11,0,0,0,0,0,0,0,0,19
482222,2,1,2000,27,27,27,27,27,27,27,27,27,27
482223,1,1,2000,9,16,11,18,17,15,0,0,0,12
482224,0,1,2000,0,0,0,0,0,0,0,0,0,0
482224,1,1,2000,0,0,0,37,0,0,0,18,0,0
482225,1,1,2000,20,20,20,20,20,20,20,20,20,20
482225,2,1,2000,0,0,0,0,0,0,0,0,0,0
482225,3,1,2000,0,0,13,0,0,0,0,0,0,0
482226,0,1,2000,0,0,0,0,0,0,0,0,0,0
482226,1,1,2000,0,0,0,0,0,0,0,0,0,0
482227,1,1,2000,0,16,12,14,12,0,20,9,0,12
482227,2,1,2000,0,0,0,0,0,0,0,0,0,0
482228,0,1,2000,0,0,0,0,0,0,0,0,0,0
482228,1,1,2000,0,0,0,0,0,0,13,0,27,0
482229,1,1,2000,0,0,0,0,0,0,0,0,19,0
482230,1,1,2000,0,0,0,0,0,0,0,15,0,0
482231,0,1,2000,0,0,0,0,0,0,0,0,0,0
482231,1,1,2000,0,0,0,24,0,0,0,0,0,0
482232,1,1,2000,0,0,0,0,0,0,0,0,0,0
482232,2,1,2000,0,0,0,0,0,0,0,0,0,8
482233,1,1,2000,0,0,0,0,0,0,0,0,0,13
482233,2,1,2000,19,0,0,0,0,0,0,0,0,0
482234,1,1,2000,34,17,0,12,0,0,5,0,10,0
482235,1,1,2000,0,0,19,0,0,0,0,0,0,0
482235,2,1,2000,4,0,0,0,0,0,0,0,0,0
482236,0,1,2000,29,51,16,17,22,28,30,25,39,57
482236,1,1,2000,22,22,22,22,22,22,22,22,22,22
482237,1,1,2000,0,0,0,0,0,15,15,0,0,0
482237,2,1,2000,0,0,0,0,0,0,0,0,0,0
482238,1,1,2000,0,22,0,0,18,0,24,26,0,0
482238,2,1,2000,19,20,14,20,9,8,20,12,15,26
482239,1,1,2000,11,11,11,11,11,11,11,11,11,11
482239,2,1,2000,0,13,0,0,24,0,9,12,17,12
482240,1,1,2000,0,0,0,0,5,0,0,0,0,0
482241,1,1,2000,0,0,0,0,0,0,0,0,0,0
482241,2,1,2000,0,11,0,0,14,6,0,0,0,0
482242,1,1,2000,0,17,3,0,7,0,0,0,0,0
482242,2,1,2000,0,0,15,5,0,0,0,0,24,9
482243,0,1,2000,0,11,0,0,14,15,11,0,15,10
482243,0,2,2000,0,38,17,5,23,6,7,15,0,15
482243,1,1,2000,0,13,0,14,0,8,0,0,0,0
482244,1,1,2000,13,17,0,11,16,23,12,23,13,0
482245,1,1,2000,29,7,24,18,21,28,18,45,9,11
482246,1,1,2000,0,0,0,0,0,0,0,0,0,0
482246,2,1,2000,12,0,0,0,0,0,0,0,0,0
482247,1,1,2000,0,12,0,0,0,0,0,0,18,0
482247,2,1,2000,0,0,0,0,0,0,14,13,0,0
482248,1,1,2000,0,0,0,0,0,0,0,10,6,0
482249,1,1,2000,0,0,0,0,0,0,0,0,0,0
482250,1,1,2000,0,0,0,0,0,23,19,10,11,32
482251,1,1,2000,0,0,0,0,7,0,0,0,0,0
482252,1,1,2000,0,0,0,0,0,0,0,0,0,0
482253,1,1,2000,0,0,0,0,0,0,0,0,0,0
482253,2,1,2000,13,0,0,0,0,0,0,0,0,0
482254,1,1,2000,0,0,0,0,0,0,0,0,0,0
482254,2,1,2000,0,0,0,0,0,0,0,0,0,0
482255,1,1,2000,0,0,0,0,0,0,0,0,0,0
482255,2,1,2000,0,0,0,0,0,0,0,0,0,0
482256,1,1,2000,14,0,27,18,0,0,14,19,13,11
482257,1,1,2000,0,0,0,0,0,0,0,0,0,0
482257,2,1,2000,0,0,0,0,0,16,0,0,0,0
482257,3,1,2000,0,0,0,8,0,0,0,0,0,0
482257,4,1,2000,0,0,0,0,0,0,0,0,0,0
482257,5,1,2000,0,0,0,28,3,0,0,0,0,0
482258,1,1,2000,0,0,0,0,0,0,0,0,0,0
482258,2,1,2000,0,0,0,0,0,0,0,0,0,0
482259,0,1,2000,0,0,0,0,0,6,23,0,18,0
482259,1,1,2000,0,0,0,0,0,0,0,0,0,0
482260,1,1,2000,8,20,8,6,13,9,11,12,12,18
482260,2,1,2000,0,6,0,20,0,0,0,0,0,8
482260,3,1,2000,0,0,17,11,20,8,0,0,0,0
482261,1,1,2000,18,18,18,18,18,18,18,18,18,18
482261,2,1,2000,0,0,0,0,0,0,0,0,0,0
482262,1,1,2000,0,0,0,0,0,0,0,0,0,0
482263,1,1,2000,0,0,0,0,0,0,0,0,0,7
482263,2,1,2000,0,0,0,5,0,0,0,0,0,0
482264,1,1,2000,0,0,0,0,0,0,0,0,0,0
482264,2,1,2000,0,0,0,0,0,0,0,0,0,0
482265,1,1,2000,0,0,5,0,0,0,0,0,0,0
482266,1,1,2000,0,0,0,0,0,0,0,0,0,0
482267,1,1,2000,0,0,0,0,0,0,0,0,0,0
482268,1,1,2000,14,16,0,7,12,16,0,19,12,0
482269,1,1,2000,18,17,22,0,22,21,25,17,23,17
482270,1,1,2000,0,0,0,0,0,0,0,0,7,0
482271,1,1,2000,5,0,14,0,0,26,0,12,15,0
482272,1,1,2000,0,0,0,0,0,20,0,0,11,0
482272,2,1,2000,11,12,0,0,0,4,9,8,3,0
482273,1,1,2000,11,11,11,11,11,11,11,11,11,11
482274,1,1,2000,0,0,0,0,0,0,0,21,0,0
482275,1,1,2000,0,0,0,0,0,0,0,0,0,0
482276,1,1,2000,16,23,15,10,13,14,19,15,17,14
482277,1,1,2000,0,0,0,0,0,0,0,0,0,0
482277,2,1,2000,0,0,0,0,0,12,20,7,0,0
482278,1,1,2000,0,0,0,0,0,0,0,0,0,6
482278,2,1,2000,41,18,0,0,0,29,0,19,10,0
482279,0,1,2000,0,13,15,7,7,0,15,0,4,14
482279,1,1,2000,7,13,0,30,9,0,28,14,14,15
482280,1,1,2000,0,0,0,0,0,0,0,0,0,0
482280,2,1,2000,0,0,0,0,0,0,0,0,0,0
482281,1,1,2000,20,20,20,20,20,20,20,20,20,20
482281,2,1,2000,10,0,0,20,8,26,0,22,0,0
482282,1,1,2000,0,0,0,0,0,0,0,17,0,0
482283,1,1,2000,0,0,0,0,0,0,0,0,0,0
482284,1,1,2000,11,18,12,18,19,20,7,15,21,33
482285,1,1,2000,0,0,0,0,0,0,0,0,0,0
482286,0,1,2000,23,0,0,19,27,25,0,0,16,0
482286,1,1,2000,16,17,0,0,0,0,0,0,0,0
482287,1,1,2000,17,17,17,17,17,17,17,17,17,17
482288,0,1,2000,0,20,0,27,0,0,0,0,0,21
482288,1,1,2000,0,0,0,0,0,0,0,0,0,0
482289,1,1,2000,26,0,15,0,25,0,16,15,24,12
482290,1,1,2000,8,8,8,8,8,8,8,8,8,8
482290,2,1,2000,7,7,7,7,7,7,7,7,7,7
482291,1,1,2000,0,0,0,0,0,0,0,0,0,0
482291,2,1,2000,13,13,13,13,13,13,13,13,13,13
482292,1,1,2000,0,0,9,0,0,0,0,0,0,0
482292,2,1,2000,0,0,0,0,0,0,0,0,0,0
482293,1,1,2000,0,0,0,0,0,0,0,0,0,0
482294,1,1,2000,0,0,0,0,17,0,10,0,0,0
482294,2,1,2000,14,0,0,0,0,13,0,0,0,0
482295,1,1,2000,0,0,0,0,0,0,0,0,0,0
482295,2,1,2000,0,0,0,0,8,0,0,0,0,0
482296,1,1,2000,0,0,0,0,0,0,0,0,0,0
482297,1,1,2000,0,0,0,0,0,0,0,0,0,0
482297,2,1,2000,0,0,0,0,0,0,0,25,0,0
482298,1,1,2000,0,7,0,0,0,0,0,0,0,0
482298,2,1,2000,0,0,0,0,0,0,0,0,0,0
482299,1,1,2000,22,22,22,22,22,22,22,22,22,22
482300,1,1,2000,0,27,0,0,0,0,0,0,10,0
482300,2,1,2000,0,0,0,0,0,0,0,0,0,0
482300,3,1,2000,0,0,0,0,0,0,12,0,0,0
482300,4,1,2000,0,0,0,0,0,0,0,0,0,0
482301,0,1,2000,0,22,0,0,0,0,0,0,25,29
482301,1,1,2000,0,0,0,0,0,0,0,0,0,0
482302,1,1,2000,0,0,14,0,0,0,0,0,0,0
482303,0,1,2000,0,0,38,0,0,0,19,0,12,0
482303,1,1,2000,0,17,0,0,0,0,0,0,0,12
482304,1,1,2000,20,33,10,0,2,21,11,14,14,8
482304,2,1,2000,0,0,0,0,0,0,0,0,0,0
482305,1,1,2000,0,0,0,0,0,0,0,0,0,6
482306,1,1,2000,0,0,0,0,0,0,0,0,0,0
482307,1,1,2000,0,0,0,0,0,0,0,0,8,0
482307,2,1,2000,0,0,0,0,0,0,0,0,0,0
482308,0,1,2000,0,0,0,0,0,0,0,0,0,0
482308,1,1,2000,0,0,0,0,0,0,0,0,0,0
482309,1,1,2000,27,27,19,9,0,0,0,0,0,0
482309,2,1,2000,0,0,0,0,0,0,0,0,0,0
482310,1,1,2000,0,0,0,0,0,0,0,0,0,0
482310,2,1,2000,0,0,0,0,0,0,0,0,8,0
482311,1,1,2000,0,0,17,0,0,0,0,0,0,0
482311,2,1,2000,0,10,0,0,0,0,0,0,0,0
482312,1,1,2000,0,0,0,24,0,0,23,0,0,0
482312,2,1,2000,0,0,0,0,0,0,0,0,0,0
482312,3,1,2000,0,0,0,0,0,0,0,0,0,0
482313,1,1,2000,0,0,0,0,0,0,0,0,0,0
482313,2,1,2000,0,0,0,0,0,0,0,0,0,0
482314,1,1,2000,0,0,11,0,0,0,0,0,0,0
482314,2,1,2000,0,0,0,0,0,0,0,0,0,0
482314,3,1,2000,0,0,0,0,0,0,0,0,0,0
482315,1,1,2000,0,18,14,0,0,28,0,17,0,0
482315,2,1,2000,0,0,0,0,0,0,16,0,0,0
482316,1,1,2000,0,0,0,0,0,0,0,0,0,0
482317,1,1,2000,0,0,0,0,0,0,0,0,0,0
482317,2,1,2000,0,0,0,0,0,0,13,0,0,0
482318,0,1,2000,13,0,0,32,28,0,0,37,43,20
482318,1,1,2000,10,0,19,21,10,0,0,0,0,14
482319,1,1,2000,0,0,6,0,0,0,0,0,0,0
482319,2,1,2000,0,0,0,0,0,0,0,0,0,0
482320,1,1,2000,0,0,0,0,0,0,0,0,0,0
482320,2,1,2000,0,0,0,0,0,0,0,0,0,0
482321,0,1,2000,0,0,0,8,0,28,9,11,40,0
482321,1,1,2000,0,0,0,0,0,0,0,3,0,0
482322,1,1,2000,4,4,4,4,4,4,4,4,4,4
482323,1,1,2000,15,27,43,37,26,5,20,22,17,20
482324,1,1,2000,0,0,0,0,0,0,0,0,0,0
482324,2,1,2000,0,0,0,0,0,0,20,0,0,0
482325,1,1,2000,9,9,9,9,9,9,9,9,9,9
482326,0,1,2000,0,32,26,31,23,13,0,0,0,15
482326,1,1,2000,6,0,0,0,0,0,8,0,0,9
482327,1,1,2000,32,17,25,27,9,25,20,18,20,7
482329,1,1,2000,27,27,27,27,27,27,27,27,27,27
482330,1,1,2000,12,0,0,0,15,0,0,8,0,0
482331,1,1,2000,0,0,0,0,0,0,0,4,8,0
482331,2,1,2000,0,0,0,0,0,0,0,0,0,0
482332,1,1,2000,0,0,0,0,0,0,0,0,0,0
482332,2,1,2000,0,0,0,0,0,26,0,0,0,11
482333,1,1,2000,0,0,0,0,26,24,0,17,20,11
482334,1,1,2000,0,0,0,0,0,0,0,0,0,0
482334,2,1,2000,24,24,24,24,24,24,24,24,24,24
482335,1,1,2000,14,0,12,0,6,0,0,9,17,10
482335,2,1,2000,17,13,10,15,25,17,24,22,11,0
482336,0,1,2000,0,0,0,0,0,0,0,18,0,0
482336,1,1,2000,0,0,0,0,0,0,0,0,0,0
482337,1,1,2000,0,0,36,0,0,0,0,0,0,0
482338,1,1,2000,14,0,0,0,0,0,0,0,0,0
482338,2,1,2000,0,0,0,0,0,0,0,0,0,0
482339,0,1,2000,0,0,0,0,0,23,0,0,0,0
482339,1,1,2000,0,0,0,0,0,0,0,0,0,0
482340,1,1,2000,0,0,15,0,0,0,0,0,0,0
482340,2,1,2000,0,0,0,0,0,21,9,0,0,0
482341,1,1,2000,0,0,0,0,0,0,0,0,0,0
482341,2,1,2000,0,26,0,0,0,0,0,0,16,0
482341,3,1,2000,0,0,0,0,44,0,0,0,0,0
482342,1,1,2000,0,0,0,0,0,0,0,0,0,0
482343,1,1,2000,0,3,0,0,0,0,0,0,0,0
482343,2,1,2000,0,0,0,0,0,0,0,0,0,0
482344,1,1,2000,0,0,0,0,0,0,0,0,0,0
482345,1,1,2000,10,0,14,0,0,22,14,0,5,0
482346,1,1,2000,4,0,0,0,0,18,0,0,20,0
482346,2,1,2000,0,0,0,0,0,0,0,0,0,0
482347,1,1,2000,0,0,0,0,0,0,0,0,0,0
482347,2,1,2000,0,0,0,0,0,0,0,0,0,0
482348,1,1,2000,10,0,12,19,12,0,0,19,0,0
482348,2,1,2000,22,14,19,16,0,22,10,0,29,30
482349,1,1,2000,14,9,15,15,12,19,32,11,17,8
482350,1,1,2000,0,0,0,0,0,0,0,0,0,0
482350,2,1,2000,18,0,0,0,0,0,0,0,0,0
482350,3,1,2000,0,0,0,0,0,0,0,0,0,0
482351,0,1,2000,20,38,18,41,8,27,14,14,14,12
482351,1,1,2000,5,0,0,0,0,0,0,0,12,0
482351,2,1,2000,0,0,0,0,0,0,0,0,0,0
482351,3,1,2000,0,0,0,0,0,0,0,0,0,0
482351,4,1,2000,0,12,0,0,0,0,0,0,0,0
482351,5,1,2000,0,0,17,3,19,24,0,0,0,18
482352,1,1,2000,0,0,0,0,0,0,0,0,0,0
482352,2,1,2000,19,19,19,19,19,19,19,19,19,19
482353,0,1,2000,8,0,0,6,0,0,0,0,0,0
482353,1,1,2000,0,0,12,0,0,0,0,0,0,0
482354,1,1,2000,0,0,0,0,0,0,0,0,0,0
482354,2,1,2000,0,0,0,0,0,0,0,0,0,0
482355,1,1,2000,0,0,0,0,0,0,0,0,0,0
482355,2,1,2000,14,14,14,14,14,14,14,14,14,14
482356,0,1,2000,16,31,30,0,15,31,17,0,48,0
482356,1,1,2000,0,0,15,15,0,0,19,0,17,13
482357,1,1,2000,0,0,0,0,0,0,0,0,0,0
482358,1,1,2000,0,0,0,19,0,0,29,24,0,0
482358,2,1,2000,0,0,10,0,0,21,0,0,0,0
482359,1,1,2000,0,15,8,0,27,16,0,0,0,4
482360,1,1,2000,0,0,22,14,0,29,0,0,0,3
482361,1,1,2000,6,0,0,0,0,0,0,0,0,0
482361,2,1,2000,0,0,0,0,0,0,0,8,0,0
482362,1,1,2000,0,0,0,0,0,0,0,0,0,0
482362,2,1,2000,0,0,0,0,0,0,0,0,0,0
482363,1,1,2000,18,18,18,18,18,18,18,18,18,18
482364,1,1,2000,0,0,0,0,0,0,0,0,0,0
482364,2,1,2000,0,0,0,0,0,0,0,0,0,0
482365,1,1,2000,34,24,17,35,30,21,21,7,16,15
482365,2,1,2000,0,20,23,38,8,17,20,12,18,0
482366,0,1,2000,0,0,0,0,0,0,0,0,0,0
482366,1,1,2000,0,0,0,10,0,0,0,19,12,0
482367,1,1,2000,0,0,0,0,0,11,0,30,0,0
482367,2,1,2000,0,0,0,0,0,0,0,0,0,0
482368,0,1,2000,21,0,11,0,0,0,0,0,0,0
482368,1,1,2000,0,6,0,0,0,0,0,14,0,0
482369,1,1,2000,0,0,0,0,0,0,0,0,0,0
482370,0,1,2000,0,0,0,0,0,0,0,0,0,0
482370,1,1,2000,0,0,0,0,0,0,0,0,0,0
482371,1,1,2000,0,0,0,0,0,0,0,0,0,0
482371,2,1,2000,0,0,0,0,0,0,0,33,0,0
482372,0,1,2000,0,0,0,6,0,0,0,0,0,0
482372,1,1,2000,0,0,0,0,0,0,0,0,0,0
482373,0,1,2000,22,0,0,0,25,0,48,20,0,0
482373,1,1,2000,0,0,0,0,0,8,0,0,0,0
482374,1,1,2000,0,0,0,0,0,0,0,0,0,0
482374,2,1,2000,0,0,0,0,0,0,0,0,0,0
482375,1,1,2000,13,0,0,0,0,0,14,4,0,0
482376,1,1,2000,18,18,18,18,18,18,18,18,18,18
482377,1,1,2000,25,19,32,0,12,0,6,4,0,0
482378,0,1,2000,15,0,15,19,26,16,16,27,36,15
482378,1,1,2000,0,0,0,0,0,0,0,0,0,0
482379,1,1,2000,0,0,0,0,0,0,0,0,0,0
482379,2,1,2000,0,0,0,0,0,0,0,0,0,0
482380,1,1,2000,0,0,0,0,0,0,0,0,0,0
482380,2,1,2000,0,0,0,0,0,0,0,16,0,8
482381,1,1,2000,0,0,0,0,22,20,0,0,0,0
482382,1,1,2000,0,0,0,0,0,0,11,0,12,37
482382,2,1,2000,0,0,0,0,0,0,0,0,0,28