ST_CASE,VEH_NO,PER_NO,YEAR,P1,P2,P3,P4,P5,P6,P7,P8,P9,P10
482383,1,1,2000,0,0,0,0,0,0,0,0,0,0
482383,2,1,2000,0,0,0,0,0,0,0,0,0,0
482384,1,1,2000,6,0,4,0,0,0,0,0,0,0
482385,1,1,2000,0,0,0,0,0,0,0,0,0,0
482385,2,1,2000,0,0,0,0,0,0,0,0,0,0
482386,1,1,2000,0,0,0,0,0,0,0,0,0,0
482387,1,1,2000,8,8,8,8,8,8,8,8,8,8
482387,2,1,2000,0,0,0,0,0,0,0,0,0,0
482388,1,1,2000,0,0,5,32,14,0,0,14,29,7
482389,1,1,2000,28,8,0,10,0,0,0,0,0,0
482390,1,1,2000,10,11,3,13,16,0,12,17,15,21
482391,1,1,2000,0,0,0,0,0,0,15,0,0,0
482391,2,1,2000,0,0,0,0,0,0,0,0,0,0
482392,1,1,2000,0,0,0,0,0,0,0,0,0,0
482392,2,1,2000,0,15,0,0,0,0,0,21,0,0
482392,3,1,2000,0,0,0,0,0,0,0,0,0,0
482393,1,1,2000,19,19,19,19,19,19,19,19,19,19
482393,2,1,2000,0,19,9,7,11,0,0,6,13,0
482394,1,1,2000,9,9,9,9,9,9,9,9,9,9
482395,0,1,2000,15,20,26,0,25,14,11,7,11,15
482395,1,1,2000,0,0,0,0,16,18,0,0,0,0
482396,1,1,2000,0,0,0,0,0,0,0,0,0,0
482396,2,1,2000,0,0,0,0,0,0,0,0,0,0
482396,3,1,2000,22,0,0,0,0,0,0,0,0,0
482396,4,1,2000,0,0,0,0,0,0,0,0,0,0
482397,1,1,2000,0,3,0,0,0,0,0,0,0,0
482398,1,1,2000,20,0,28,18,22,20,13,27,32,18
482399,1,1,2000,20,20,20,20,20,20,20,20,20,20
482399,2,1,2000,0,0,0,0,0,0,0,0,0,19
482399,3,1,2000,0,0,0,0,0,0,13,0,0,0
482400,1,1,2000,0,0,8,14,0,0,0,0,0,0
482400,2,1,2000,0,0,0,0,0,0,0,0,0,0
482400,3,1,2000,0,0,0,0,0,0,0,0,0,0
482401,1,1,2000,0,0,19,0,0,20,16,8,34,10
482402,0,1,2000,34,34,34,34,34,34,34,34,34,34
482402,1,1,2000,21,0,0,0,0,0,0,0,0,0
482402,2,1,2000,0,0,0,11,0,0,0,0,0,12
482403,1,1,2000,0,15,0,9,0,0,0,0,0,0
482404,0,1,2000,12,27,0,0,0,0,0,0,0,20
482404,1,1,2000,0,0,0,0,0,0,9,0,0,0
482405,1,1,2000,7,0,0,7,0,0,0,0,0,0
482405,2,1,2000,0,0,0,0,0,14,0,0,0,28
482406,1,1,2000,0,0,0,0,0,0,0,0,0,0
482406,2,1,2000,0,0,0,0,0,0,0,0,0,0
482406,3,1,2000,0,0,0,0,0,0,0,0,0,0
482406,4,1,2000,0,0,0,0,14,0,0,0,0,0
482406,5,1,2000,0,0,0,0,0,0,0,0,0,0
482406,6,1,2000,0,0,0,0,0,0,0,0,0,0
482406,7,1,2000,0,0,0,0,4,0,0,0,4,0
482406,8,1,2000,0,0,16,0,0,0,0,0,0,0
482406,9,1,2000,9,0,0,9,0,0,0,0,0,0
482406,10,1,2000,0,0,0,0,0,0,0,0,0,0
482407,0,1,2000,0,0,0,0,0,0,16,0,0,0
482407,0,2,2000,22,0,0,0,0,0,35,0,0,0
482407,1,1,2000,0,0,0,0,13,0,0,0,0,0
482408,1,1,2000,0,0,9,10,0,0,23,0,20,6
482409,1,1,2000,3,3,3,3,3,3,3,3,3,3
482410,1,1,2000,0,0,0,0,0,0,0,0,0,0
482410,2,1,2000,34,34,34,34,34,34,34,34,34,34
482411,1,1,2000,0,0,0,0,0,0,0,0,0,0
482412,1,1,2000,0,0,0,0,0,0,0,0,0,0
482412,2,1,2000,0,0,0,0,0,0,0,0,0,0
482413,1,1,2000,28,28,28,28,28,28,28,28,28,28
482413,2,1,2000,0,0,0,0,0,0,0,0,0,0
482413,3,1,2000,0,0,0,0,0,0,0,0,0,0
482414,1,1,2000,0,0,0,0,0,0,0,0,0,0
482414,2,1,2000,0,0,0,0,0,0,0,0,0,0
482415,1,1,2000,0,0,0,0,0,0,0,0,0,0
482415,2,1,2000,0,3,17,0,6,0,0,0,0,0
482416,1,1,2000,0,13,0,0,0,11,0,0,0,0
482416,2,1,2000,0,0,0,0,0,0,0,0,0,0
482417,1,1,2000,31,31,31,31,31,31,31,31,31,31
482418,1,1,2000,14,7,11,21,10,18,14,6,21,16
482419,1,1,2000,5,5,5,5,5,5,5,5,5,5
482419,2,1,2000,31,3,6,13,0,30,19,30,14,19
482420,1,1,2000,19,19,19,19,19,19,19,19,19,19
482421,1,1,2000,14,0,0,0,0,0,0,0,0,0
482421,2,1,2000,0,0,0,0,0,0,0,0,0,0
482422,0,1,2000,0,0,0,0,0,0,0,0,0,0
482422,1,1,2000,0,0,0,8,0,0,0,0,0,0
482423,0,1,2000,0,0,0,0,0,0,0,0,0,0
482423,1,1,2000,0,0,0,0,0,0,0,0,0,0
482424,1,1,2000,13,6,0,13,0,0,0,16,33,17
482425,1,1,2000,17,9,15,29,14,33,15,22,17,26
482426,1,1,2000,27,27,27,27,27,27,27,27,27,27
482427,0,1,2000,0,0,0,22,0,0,0,0,0,18
482427,1,1,2000,10,10,10,10,10,10,10,10,10,10
482428,1,1,2000,16,20,18,25,21,19,17,10,3,21
482428,2,1,2000,0,0,0,0,13,8,0,0,0,0
482429,1,1,2000,17,0,0,0,0,0,0,0,0,0
482429,2,1,2000,0,0,0,0,0,0,0,0,0,0
482430,1,1,2000,21,21,21,21,21,21,21,21,21,21
482431,0,1,2000,28,44,0,39,37,32,16,35,27,24
482431,1,1,2000,0,0,0,0,0,0,0,0,6,0
482432,1,1,2000,10,10,10,10,10,10,10,10,10,10
482432,2,1,2000,0,0,0,0,0,0,0,20,13,0
482432,3,1,2000,0,24,39,16,19,17,0,0,39,20
482433,1,1,2000,0,0,0,0,0,0,0,0,15,0
482433,2,1,2000,0,0,0,0,0,0,0,0,0,0
482434,1,1,2000,0,0,0,0,0,16,0,0,0,0
482435,1,1,2000,0,0,0,0,0,0,0,0,0,0
482435,2,1,2000,0,0,0,0,0,0,0,0,0,0
482436,1,1,2000,0,0,0,0,10,0,0,13,0,0
482436,2,1,2000,16,0,0,0,3,0,0,9,0,0
482437,1,1,2000,0,0,0,0,0,0,0,0,0,0
482437,2,1,2000,0,0,0,0,0,0,0,0,0,15
482438,1,1,2000,0,0,10,0,0,9,0,0,0,0
482439,1,1,2000,0,0,0,0,0,0,0,0,0,0
482440,1,1,2000,2,2,2,2,2,2,2,2,2,2
482441,1,1,2000,5,6,0,24,12,16,20,9,18,0
482442,1,1,2000,27,22,23,17,40,22,27,11,35,8
482443,1,1,2000,0,0,0,27,19,21,7,0,0,18
482444,1,1,2000,0,0,0,0,0,0,0,3,0,0
482444,2,1,2000,0,0,0,0,0,0,0,20,0,0
482445,0,1,2000,0,0,0,0,0,0,0,0,0,0
482445,1,1,2000,0,0,0,0,0,0,0,0,0,0
482445,2,1,2000,0,0,0,0,0,0,0,0,0,0
482446,1,1,2000,23,23,23,23,23,23,23,23,23,23
482447,1,1,2000,16,27,24,16,12,0,5,27,19,19
482448,1,1,2000,3,3,3,3,3,3,3,3,3,3
482449,1,1,2000,0,0,0,0,0,0,0,0,0,0
482449,2,1,2000,0,0,0,0,0,0,0,0,0,0
482450,1,1,2000,0,0,5,0,0,0,0,11,0,0
482450,2,1,2000,0,22,0,0,22,0,30,19,0,10
482451,1,1,2000,0,0,0,0,0,0,0,0,0,0
482451,2,1,2000,0,0,0,0,0,0,0,0,12,0
482452,1,1,2000,0,0,0,0,0,0,0,0,0,0
482452,2,1,2000,0,0,0,0,0,0,0,0,0,0
482453,1,1,2000,0,0,0,0,0,0,0,0,0,0
482453,2,1,2000,0,0,0,0,0,0,0,0,0,0
482454,1,1,2000,0,0,0,0,0,0,0,0,0,0
482455,1,1,2000,0,8,0,0,19,0,0,0,0,0
482456,1,1,2000,0,0,0,18,0,0,0,0,0,0
482457,1,1,2000,0,0,0,0,0,0,0,0,0,0
482458,1,1,2000,0,0,0,0,0,0,0,0,0,0
482458,2,1,2000,0,0,0,0,0,0,0,0,0,0
482459,1,1,2000,0,0,0,0,0,0,0,0,0,9
482459,2,1,2000,0,0,0,0,27,0,0,0,0,0
482459,3,1,2000,0,0,0,0,0,0,0,0,0,0
482459,4,1,2000,0,0,0,0,0,0,9,0,0,5
482459,5,1,2000,0,0,0,0,0,0,0,0,0,0
482460,0,1,2000,0,0,0,0,0,0,0,0,0,0
482460,1,1,2000,0,0,0,0,0,0,5,0,0,0
482461,1,1,2000,0,0,0,0,0,0,0,0,0,0
482462,1,1,2000,0,0,11,0,0,0,0,0,0,0
482462,2,1,2000,0,0,0,0,0,0,0,0,0,0
482463,1,1,2000,0,0,0,25,0,0,18,0,0,0
482464,0,1,2000,0,0,0,0,0,0,0,0,0,0
482464,1,1,2000,0,0,0,0,0,0,0,0,0,0
482465,1,1,2000,0,0,30,0,0,0,14,0,0,0
482465,2,1,2000,0,0,0,0,0,0,0,0,0,0
482466,1,1,2000,0,0,0,0,0,0,0,0,0,0
482466,2,1,2000,0,0,0,0,0,0,0,0,0,0
482467,1,1,2000,17,17,17,17,17,17,17,17,17,17
482468,1,1,2000,0,0,0,0,0,0,0,0,0,11
482468,2,1,2000,0,0,0,14,0,16,0,0,0,0
482469,1,1,2000,22,0,25,11,0,0,0,14,0,23
482470,1,1,2000,18,16,26,22,15,9,17,9,19,18
482471,1,1,2000,0,0,0,0,0,0,0,0,0,0
482471,2,1,2000,0,0,0,0,0,0,0,0,0,0
482471,3,1,2000,0,0,0,0,0,0,0,0,0,0
482472,1,1,2000,14,14,21,3,16,7,7,24,3,15
482473,1,1,2000,16,16,16,16,16,16,16,16,16,16
482473,2,1,2000,19,19,19,19,19,19,19,19,19,19
482474,1,1,2000,0,0,0,9,8,0,0,0,9,0
482474,2,1,2000,0,0,0,0,0,0,0,0,0,0
482475,1,1,2000,0,0,0,0,0,0,0,0,0,0
482475,2,1,2000,0,0,0,0,0,0,0,0,0,0
482475,3,1,2000,0,0,0,0,0,0,0,0,0,0
482476,1,1,2000,0,22,0,0,0,0,0,0,0,0
482476,2,1,2000,0,0,0,0,0,0,13,0,0,0
482477,1,1,2000,0,0,0,0,0,0,0,0,0,0
482477,2,1,2000,0,0,0,0,0,0,0,0,0,0
482478,1,1,2000,0,0,0,0,0,0,0,0,0,0
482479,0,1,2000,0,0,0,0,0,0,0,0,0,0
482479,1,1,2000,0,0,0,0,0,0,0,0,0,0
482480,0,1,2000,11,0,0,0,0,0,27,0,0,0
482480,1,1,2000,0,0,0,0,0,0,0,0,0,0
482481,1,1,2000,0,0,0,0,0,0,0,0,0,0
482481,2,1,2000,0,0,0,0,0,0,0,0,0,0
482481,3,1,2000,0,0,0,0,0,0,0,0,0,0
482482,1,1,2000,0,0,0,0,0,0,0,0,0,0
482482,2,1,2000,0,0,30,0,3,7,20,9,0,0
482483,0,1,2000,0,0,18,0,0,0,6,21,0,0
482483,1,1,2000,0,0,0,0,9,6,15,0,0,0
482484,1,1,2000,0,0,0,0,0,0,0,0,0,0
482484,2,1,2000,0,0,0,0,0,0,0,0,0,2
482485,1,1,2000,0,0,0,0,0,0,0,0,0,0
482485,2,1,2000,0,0,0,6,0,0,0,0,0,0
482486,0,1,2000,46,0,26,0,0,0,0,0,0,0
482486,1,1,2000,0,0,0,0,0,0,0,0,0,0
482487,1,1,2000,0,0,0,0,0,10,6,25,0,0
482488,1,1,2000,0,0,0,0,0,0,0,0,0,0
482488,2,1,2000,0,0,0,0,0,0,0,0,0,0
482489,1,1,2000,0,15,34,18,2,11,13,11,17,20
482490,1,1,2000,0,0,0,0,0,0,0,0,0,0
482491,1,1,2000,0,0,0,0,0,8,0,0,17,19
482491,2,1,2000,0,0,0,0,0,0,0,0,0,0
482491,3,1,2000,0,0,0,0,0,0,0,0,0,0
482492,0,1,2000,0,0,0,0,0,0,0,0,0,0
482492,1,1,2000,0,0,41,13,0,0,23,0,11,0
482493,1,1,2000,0,0,0,0,0,0,0,0,0,0
482493,2,1,2000,0,0,0,0,0,0,0,0,0,0
482494,1,1,2000,0,6,0,0,0,0,0,0,10,12
482494,2,1,2000,0,0,0,0,0,0,5,0,0,0
482494,3,1,2000,0,0,0,13,0,0,0,26,0,17
482494,4,1,2000,0,0,0,0,0,0,0,0,0,0
482494,5,1,2000,0,0,0,0,0,0,0,7,0,0
482495,1,1,2000,0,0,0,0,0,0,0,0,0,0
482496,0,1,2000,19,27,0,19,0,14,40,10,4,0
482496,1,1,2000,6,27,21,0,0,0,0,0,0,0
482497,1,1,2000,18,0,9,8,0,13,0,21,5,12
482498,1,1,2000,0,0,9,0,0,0,0,0,0,0
482498,2,1,2000,0,0,0,0,0,0,0,0,0,0
482499,1,1,2000,13,14,28,8,11,31,5,10,20,11
482500,1,1,2000,13,13,13,13,13,13,13,13,13,13
482501,1,1,2000,0,0,0,0,0,0,0,0,0,12
482502,1,1,2000,20,18,0,15,12,6,21,14,0,29
482503,0,1,2000,0,0,0,0,0,0,0,0,0,23
482503,1,1,2000,0,6,0,0,0,0,0,0,0,0
482504,0,1,2000,0,0,0,0,0,17,0,0,51,0
482504,1,1,2000,0,0,0,0,0,0,0,0,0,0
482504,2,1,2000,0,0,0,0,0,0,0,0,7,0
482505,1,1,2000,0,0,0,0,0,0,0,0,0,0
482506,0,1,2000,0,0,0,0,0,0,0,0,0,0
482506,1,1,2000,0,0,0,0,0,0,0,0,0,0
482507,1,1,2000,12,12,12,12,12,12,12,12,12,12
482508,1,1,2000,0,0,0,0,25,0,0,0,0,0
482508,2,1,2000,0,0,0,23,0,6,0,0,0,0
482508,3,1,2000,0,0,0,0,0,0,0,0,0,0
482509,1,1,2000,0,0,0,11,25,15,31,10,0,0
482509,2,1,2000,21,0,15,0,14,0,0,0,0,0
482509,3,1,2000,0,0,0,0,0,0,0,0,0,0
482509,4,1,2000,0,0,0,0,0,0,0,0,18,0
482509,5,1,2000,0,0,0,0,0,0,0,0,0,0
482510,1,1,2000,0,0,0,0,0,0,0,0,13,0
482510,2,1,2000,0,0,0,0,0,0,0,0,0,0
482511,1,1,2000,0,0,0,0,0,0,0,0,0,0
482511,2,1,2000,28,10,0,0,0,0,0,0,0,0
482512,1,1,2000,0,0,0,0,0,24,0,0,0,0
482513,1,1,2000,0,0,0,0,0,0,0,0,0,0
482513,2,1,2000,0,0,0,0,0,0,0,0,0,0
482514,1,1,2000,0,0,0,0,6,0,0,0,0,0
482514,2,1,2000,0,0,0,0,0,0,0,23,0,8
482515,1,1,2000,11,0,0,0,0,10,0,15,0,0
482515,2,1,2000,0,0,0,0,0,11,0,0,0,0
482516,1,1,2000,0,0,0,11,0,0,0,0,0,0
482516,2,1,2000,0,0,0,0,0,0,0,0,0,0
482516,3,1,2000,0,0,0,0,6,0,19,0,25,0
482517,1,1,2000,0,0,0,0,0,0,0,0,0,0
482518,1,1,2000,0,0,0,0,0,0,0,0,0,0
482518,2,1,2000,0,0,0,0,0,0,0,0,0,0
482519,1,1,2000,14,0,0,0,0,0,0,0,0,0
482519,2,1,2000,0,0,0,0,0,0,0,0,0,0
482519,3,1,2000,0,0,0,0,0,0,0,0,0,0
482519,4,1,2000,0,0,0,0,9,0,0,0,0,0
482520,1,1,2000,0,19,0,0,0,14,0,0,0,0
482520,2,1,2000,1,0,0,0,0,0,0,0,0,0
482521,1,1,2000,0,0,18,0,20,34,10,0,0,21
482521,2,1,2000,23,0,13,17,12,0,27,12,0,22
482522,1,1,2000,12,17,12,5,5,15,7,13,9,30
482522,2,1,2000,0,36,0,0,12,4,0,12,0,0
482523,1,1,2000,30,0,12,17,0,0,0,21,0,0
482523,2,1,2000,0,0,0,0,9,0,0,0,0,0
482524,1,1,2000,15,9,9,16,14,13,12,17,20,24
482524,2,1,2000,0,0,15,0,0,15,0,0,0,0
482525,0,1,2000,21,35,20,27,0,36,31,9,28,11
482525,1,1,2000,0,0,0,9,0,0,0,0,0,0
482526,1,1,2000,6,20,13,17,0,0,8,0,33,12
482526,2,1,2000,0,0,0,0,0,0,0,0,19,0
482527,1,1,2000,0,0,0,0,0,0,0,0,0,0
482527,2,1,2000,0,0,0,0,0,0,0,0,0,0
482527,3,1,2000,0,0,0,0,0,7,0,0,0,0
482527,4,1,2000,0,0,0,0,0,0,0,0,0,0
482527,5,1,2000,0,0,0,0,0,0,0,0,0,0
482527,6,1,2000,0,0,0,0,0,0,0,0,0,0
482528,1,1,2000,0,0,11,23,11,0,20,23,9,14
482529,1,1,2000,3,3,3,3,3,3,3,3,3,3
482529,2,1,2000,0,0,0,0,0,0,0,0,0,0
482530,1,1,2000,8,0,0,0,0,0,0,0,0,0
482531,1,1,2000,19,19,19,19,19,19,19,19,19,19
482531,2,1,2000,10,10,10,10,10,10,10,10,10,10
482532,1,1,2000,12,12,12,12,12,12,12,12,12,12
482533,1,1,2000,16,14,5,0,16,17,38,9,6,16
482534,1,1,2000,12,12,0,19,24,25,0,5,0,0
482535,1,1,2000,0,0,0,0,0,0,0,0,0,0
482535,2,1,2000,0,0,0,0,0,0,0,0,0,0
482536,1,1,2000,0,0,0,0,0,0,0,0,0,0
482536,2,1,2000,0,0,0,0,0,0,0,0,0,0
482537,1,1,2000,0,0,0,0,0,0,0,0,0,0
482537,2,1,2000,0,0,8,0,0,0,0,0,0,0
482538,1,1,2000,0,2,0,15,0,0,9,0,0,0
482539,1,1,2000,0,11,0,0,0,10,0,0,0,0
482540,1,1,2000,0,0,0,0,0,0,0,0,0,0
482541,1,1,2000,0,0,0,0,0,0,9,0,0,0
482541,2,1,2000,0,0,0,0,0,0,0,0,0,0
482541,3,1,2000,18,0,0,0,0,0,0,0,0,24
482542,1,1,2000,5,0,0,0,0,0,0,0,0,0
482543,1,1,2000,30,30,30,30,30,30,30,30,30,30
482543,2,1,2000,0,0,0,0,0,0,0,0,0,0
482544,1,1,2000,20,0,17,12,0,17,0,0,21,22
482544,2,1,2000,0,0,14,0,0,25,23,9,10,22
482545,1,1,2000,5,5,5,5,5,5,5,5,5,5
482546,1,1,2000,0,0,0,0,0,0,0,0,0,0
482546,2,1,2000,0,0,0,0,0,0,0,0,0,0
482546,3,1,2000,0,0,0,0,0,0,0,0,2,0
482547,1,1,2000,16,11,10,16,17,26,16,31,15,16
482548,1,1,2000,28,32,21,11,0,27,29,0,28,16
482549,1,1,2000,0,0,0,0,0,0,0,0,0,0
482549,2,1,2000,0,0,0,0,0,0,0,0,0,0
482550,1,1,2000,7,7,7,7,7,7,7,7,7,7
482551,1,1,2000,0,13,0,0,0,0,0,0,0,0
482551,2,1,2000,10,7,17,38,16,11,15,0,0,0
482552,1,1,2000,0,8,12,17,0,18,8,9,0,0
482553,1,1,2000,22,20,12,22,31,6,14,19,17,25
482553,2,1,2000,0,20,0,12,25,17,11,30,4,0
482553,3,1,2000,0,11,16,10,0,0,9,0,9,0
482554,1,1,2000,0,0,0,0,0,0,0,0,0,0
482555,0,1,2000,0,0,0,0,0,0,0,0,0,0
482555,1,1,2000,0,0,0,0,0,0,0,0,0,0
482555,2,1,2000,0,0,0,16,0,15,0,0,0,0
482556,0,1,2000,0,0,0,0,0,0,0,0,0,0
482556,1,1,2000,0,0,0,0,0,0,0,0,0,0
482557,1,1,2000,0,0,0,0,0,0,0,0,0,0
482558,0,1,2000,0,0,0,0,0,0,0,0,0,0
482558,1,1,2000,0,0,0,0,0,0,0,0,0,0
482559,1,1,2000,0,0,0,0,0,0,5,14,0,0
482559,2,1,2000,0,0,0,0,0,0,0,0,0,0
482560,1,1,2000,0,0,0,0,0,0,0,0,0,0
482560,2,1,2000,0,0,0,0,0,0,0,0,0,0
482561,1,1,2000,0,0,10,0,0,0,0,9,31,3
482562,1,1,2000,0,0,0,10,0,0,10,0,0,12
482562,2,1,2000,27,0,22,3,0,14,18,10,0,0
482562,3,1,2000,0,0,0,0,7,0,0,0,15,7
482563,1,1,2000,20,24,0,3,8,0,0,18,0,0
482564,1,1,2000,0,0,0,0,0,0,7,0,0,0
482564,2,1,2000,0,13,0,0,0,0,15,0,0,11
482565,1,1,2000,0,0,0,0,0,0,0,0,0,0
482565,2,1,2000,21,36,13,16,32,0,0,0,23,13
482566,1,1,2000,0,0,0,0,0,0,0,0,0,0
482566,2,1,2000,0,0,0,0,11,0,0,0,0,0
482567,1,1,2000,17,0,0,0,0,0,0,0,0,0
482567,2,1,2000,0,0,0,0,0,0,0,0,0,0
482568,1,1,2000,0,0,0,0,0,10,0,0,0,0
482568,2,1,2000,0,0,0,0,0,0,0,0,0,0
482569,1,1,2000,0,0,0,0,0,0,0,0,0,0
482569,2,1,2000,0,0,0,0,0,0,0,0,0,0
482569,3,1,2000,0,0,0,0,0,0,0,0,0,0
482570,1,1,2000,4,0,0,0,16,0,0,9,0,11
482571,1,1,2000,33,33,33,33,33,33,33,33,33,33
482572,1,1,2000,24,0,0,16,18,0,8,10,0,0
482573,1,1,2000,0,0,0,0,0,0,0,0,0,0
482573,2,1,2000,0,0,0,0,0,0,0,0,0,0
482574,1,1,2000,17,17,17,17,17,17,17,17,17,17
482575,1,1,2000,0,0,0,0,0,0,0,0,6,0
482575,2,1,2000,0,0,24,0,0,28,0,0,0,0
482575,3,1,2000,0,0,0,0,0,0,0,0,0,0
482576,0,1,2000,12,0,0,18,10,29,13,20,9,0
482576,0,4,2000,15,0,0,15,16,0,0,0,0,0
482576,0,5,2000,22,0,5,0,0,3,8,0,19,19
482576,0,6,2000,0,0,0,0,0,6,0,0,0,8
482576,0,7,2000,7,0,13,0,0,0,0,0,29,10
482576,1,1,2000,0,0,0,0,0,0,0,0,0,0
482577,1,1,2000,0,0,2,0,0,0,0,0,0,0
482577,2,1,2000,0,0,0,0,0,0,0,0,0,0
482577,3,1,2000,0,13,0,0,0,0,0,0,0,0
482577,4,1,2000,0,0,0,0,0,0,0,0,0,0
482577,5,1,2000,0,0,0,0,0,0,0,0,14,0
482577,6,1,2000,0,0,0,0,0,0,0,5,0,0
482578,1,1,2000,20,20,20,20,20,20,20,20,20,20
482578,2,1,2000,0,0,0,0,0,0,0,0,0,0
482579,1,1,2000,0,0,0,0,0,0,0,0,0,0
482579,2,1,2000,0,0,0,0,0,0,0,0,0,0
482580,1,1,2000,29,29,29,29,29,29,29,29,29,29
482581,1,1,2000,0,0,26,0,0,0,0,0,0,0
482581,2,1,2000,8,3,19,7,12,18,0,21,5,0
482582,1,1,2000,0,0,0,0,9,14,0,0,24,17
482582,2,1,2000,12,19,5,15,0,0,20,0,26,0
482583,1,1,2000,0,0,0,0,0,0,0,0,0,0
482583,2,1,2000,0,0,0,0,0,0,0,0,0,3
482584,1,1,2000,0,0,32,0,0,0,0,25,0,0
482585,0,1,2000,36,36,36,36,36,36,36,36,36,36
482585,1,1,2000,0,0,0,0,0,0,0,0,0,0
482585,2,1,2000,11,0,0,0,0,15,27,0,0,0
482586,1,1,2000,12,17,23,5,11,0,21,0,0,20
482587,1,1,2000,18,18,0,0,10,33,0,0,6,0
482588,1,1,2000,19,0,0,0,5,9,0,0,0,0
482589,1,1,2000,0,0,0,0,0,0,6,0,0,11
482590,1,1,2000,0,0,0,0,0,0,0,0,0,0
482590,2,1,2000,0,0,0,0,8,0,0,0,0,0
482590,3,1,2000,0,18,22,0,0,0,0,0,0,0
482590,4,1,2000,0,0,0,0,0,0,0,0,7,0
482590,5,1,2000,0,0,0,0,0,0,0,0,0,28
482591,1,1,2000,0,0,0,0,0,0,0,0,0,0
482591,2,1,2000,0,0,0,0,0,0,0,0,0,0
482591,3,1,2000,0,0,0,0,0,0,0,0,0,11
482592,1,1,2000,0,0,0,0,0,0,0,0,0,0
482592,2,1,2000,0,0,0,0,0,0,0,0,0,0
482593,1,1,2000,0,0,0,0,0,0,0,0,0,0
482594,1,1,2000,0,0,0,0,0,0,0,0,0,0
482595,1,1,2000,21,21,0,28,15,40,33,7,12,3
482596,1,1,2000,10,10,10,10,10,10,10,10,10,10
482596,2,1,2000,16,18,19,9,0,18,0,0,24,13
482597,1,1,2000,12,20,8,24,0,17,13,0,22,6
482598,1,1,2000,27,27,27,27,27,27,27,27,27,27
482599,1,1,2000,0,0,0,0,0,6,0,0,0,0
482599,2,1,2000,0,0,0,0,2,0,0,0,0,0
482600,0,1,2000,23,7,18,21,9,24,19,0,17,0
482600,1,1,2000,0,15,8,0,0,0,24,24,13,0
482601,1,1,2000,0,0,0,0,0,0,0,0,0,0
482601,2,1,2000,0,0,0,0,0,0,0,0,0,0
482602,1,1,2000,0,0,0,24,0,0,0,0,0,9
482603,1,1,2000,0,0,0,0,0,0,0,0,0,13
482603,2,1,2000,0,0,0,0,0,0,0,0,0,0
482603,3,1,2000,0,17,0,0,0,0,2,0,0,0
482603,4,1,2000,0,0,0,0,0,0,0,0,0,0
482603,5,1,2000,0,0,0,0,0,0,0,0,0,0
482604,1,1,2000,0,7,15,0,29,0,10,0,34,8
482605,0,1,2000,0,8,14,19,0,0,0,6,23,12
482605,1,1,2000,0,20,0,12,10,11,14,0,18,0
482606,1,1,2000,0,0,0,0,0,0,0,0,0,0
482606,2,1,2000,0,0,0,0,0,0,0,0,0,0
482607,1,1,2000,0,0,22,0,18,0,0,0,0,0
482608,1,1,2000,18,14,15,0,0,17,0,0,26,20
482609,1,1,2000,0,0,0,0,0,0,0,0,0,0
482610,0,1,2000,0,39,15,16,16,11,6,31,0,0
482610,1,1,2000,0,0,0,0,0,0,0,0,0,0
482611,1,1,2000,10,0,12,0,0,3,28,31,20,0
482612,1,1,2000,0,9,6,24,9,24,0,13,20,11
482613,1,1,2000,9,0,8,5,0,6,8,5,13,6
482614,1,1,2000,13,0,34,0,17,11,17,10,8,8
482615,1,1,2000,0,0,0,0,0,0,0,0,0,0
482615,2,1,2000,0,0,0,0,0,0,0,0,0,0
482616,1,1,2000,0,12,0,12,15,0,0,0,0,0
482616,2,1,2000,11,20,9,19,8,18,22,31,16,28
482617,0,1,2000,0,0,0,0,0,0,0,0,0,0
482617,1,1,2000,7,0,0,0,0,0,0,0,0,0
482617,2,1,2000,8,0,0,16,26,4,22,3,0,14
482617,3,1,2000,0,0,13,0,24,10,19,0,0,0
482618,0,1,2000,0,0,0,24,0,0,0,0,27,47
482618,0,2,2000,22,0,0,20,0,8,25,0,0,0
482618,1,1,2000,0,0,0,0,0,0,0,0,0,0
482618,2,1,2000,0,0,0,0,0,0,0,0,0,0
482619,1,1,2000,14,26,13,20,0,0,22,15,25,0
482620,0,1,2000,40,0,0,0,0,0,11,20,0,0
482620,1,1,2000,0,10,0,0,0,0,0,10,0,0
482621,1,1,2000,17,22,0,21,0,0,0,0,13,0
482621,2,1,2000,9,11,13,21,16,42,11,13,0,37
482622,0,1,2000,0,0,0,0,0,0,0,0,0,0
482622,0,2,2000,27,0,27,0,0,0,0,16,10,0
482622,1,1,2000,0,0,0,0,0,0,12,0,0,0
482623,1,1,2000,0,0,0,0,0,0,0,0,0,0
482623,2,1,2000,0,0,0,0,0,0,0,12,9,0
482624,0,1,2000,0,0,17,14,19,21,17,15,0,9
482624,1,1,2000,0,0,0,0,0,0,0,0,0,0
482625,1,1,2000,0,17,7,10,26,10,12,20,22,0
482626,1,1,2000,0,17,0,6,23,0,16,0,0,0
482627,1,1,2000,13,29,13,23,38,30,9,0,8,22
482628,1,1,2000,13,2,19,4,12,18,14,7,0,14
482628,2,1,2000,0,0,0,0,0,0,0,0,0,0
482629,1,1,2000,0,0,0,0,0,0,0,0,0,0
482629,2,1,2000,18,0,0,0,0,21,0,0,0,0