ST_CASE,VEH_NO,PER_NO,YEAR,P1,P2,P3,P4,P5,P6,P7,P8,P9,P10
482630,1,1,2000,0,0,0,0,0,0,0,0,0,0
482630,2,1,2000,0,0,0,0,0,0,0,0,0,0
482631,1,1,2000,0,0,0,0,0,0,0,13,0,0
482631,2,1,2000,0,0,0,0,0,0,0,0,0,0
482632,1,1,2000,22,21,13,15,5,13,6,0,0,0
482633,0,1,2000,19,0,0,12,0,13,10,0,0,21
482633,1,1,2000,0,0,0,16,0,0,0,22,0,7
482634,1,1,2000,6,0,11,0,0,8,22,0,0,0
482635,1,1,2000,0,0,0,0,0,0,0,0,0,0
482635,2,1,2000,0,0,0,0,0,0,0,0,0,0
482636,1,1,2000,0,0,6,0,0,0,21,0,0,0
482636,2,1,2000,0,21,0,0,0,0,0,0,0,0
482637,1,1,2000,0,0,0,0,0,0,0,0,6,0
482637,2,1,2000,0,0,0,0,0,0,0,0,0,0
482638,1,1,2000,0,0,0,0,0,0,0,0,0,0
482639,1,1,2000,0,0,0,0,0,0,0,0,0,0
482639,2,1,2000,0,0,0,0,0,0,0,0,0,0
482639,3,1,2000,0,0,0,0,7,0,0,0,0,0
482640,1,1,2000,22,22,22,22,22,22,22,22,22,22
482641,1,1,2000,0,0,0,0,0,0,0,0,0,0
482641,2,1,2000,0,0,0,0,0,0,0,0,0,0
482642,0,1,2000,0,0,0,0,0,0,0,0,0,0
482642,1,1,2000,0,0,14,0,0,0,0,0,0,8
482643,1,1,2000,21,21,21,21,21,21,21,21,21,21
482644,1,1,2000,13,19,0,5,21,28,0,27,23,0
482645,1,1,2000,0,0,0,0,0,0,0,0,0,0
482645,2,1,2000,33,19,6,0,11,5,0,23,18,0
482646,1,1,2000,9,9,9,9,9,9,9,9,9,9
482647,0,1,2000,13,28,0,16,17,24,23,25,30,0
482647,1,1,2000,0,0,0,0,0,0,0,0,0,0
482648,1,1,2000,32,32,32,32,32,32,32,32,32,32
482648,2,1,2000,0,0,0,0,0,0,0,0,0,9
482648,3,1,2000,0,0,0,0,0,8,7,0,0,0
482649,1,1,2000,0,12,0,6,21,0,23,0,0,0
482650,1,1,2000,0,0,0,0,0,0,0,0,0,0
482650,2,1,2000,17,17,17,17,17,17,17,17,17,17
482651,1,1,2000,0,0,0,0,0,0,0,2,0,0
482651,2,1,2000,0,0,0,0,0,13,15,0,0,12
482652,1,1,2000,0,0,0,0,0,0,0,0,0,0
482653,1,1,2000,15,29,30,21,3,0,17,12,11,26
482654,1,1,2000,25,18,0,0,16,25,12,0,0,13
482655,1,1,2000,0,0,0,0,0,0,0,0,0,0
482655,2,1,2000,0,0,0,0,0,0,0,0,0,4
482656,1,1,2000,0,0,20,21,0,0,30,0,0,0
482656,2,1,2000,8,0,0,0,0,0,0,0,0,0
482657,1,1,2000,0,0,0,0,0,0,0,0,0,0
482657,2,1,2000,0,0,0,0,0,0,0,18,0,0
482658,1,1,2000,0,0,0,0,0,0,0,0,0,0
482658,2,1,2000,0,0,0,0,0,0,0,0,0,0
482659,1,1,2000,0,0,0,0,0,0,0,0,0,0
482659,2,1,2000,0,0,0,0,0,0,0,0,0,0
482660,1,1,2000,0,19,0,7,0,0,0,10,4,0
482661,1,1,2000,0,0,0,0,0,0,0,0,0,0
482662,1,1,2000,26,26,26,26,26,26,26,26,26,26
482663,1,1,2000,0,0,0,0,0,0,0,0,0,2
482663,2,1,2000,0,0,0,0,0,0,0,0,0,0
482664,1,1,2000,0,0,0,0,0,0,0,0,13,0
482665,1,1,2000,0,0,0,0,0,0,0,0,0,0
482665,2,1,2000,0,0,0,0,0,0,0,0,0,0
482666,1,1,2000,0,0,0,7,0,20,12,21,0,0
482667,1,1,2000,0,0,0,0,0,0,0,0,0,0
482667,2,1,2000,0,0,0,0,0,0,0,0,6,0
482668,1,1,2000,13,0,11,19,34,25,8,0,0,0
482669,0,1,2000,0,0,0,0,0,0,0,0,0,0
482669,1,1,2000,0,21,0,0,0,0,0,0,0,0
482670,1,1,2000,0,0,0,0,0,0,0,0,0,0
482670,2,1,2000,0,0,0,0,0,0,0,14,0,0
482671,1,1,2000,23,0,0,0,0,0,9,0,0,0
482671,2,1,2000,0,0,0,0,0,0,0,0,0,0
482671,3,1,2000,0,0,0,0,0,0,0,0,0,0
482671,4,1,2000,0,0,0,0,0,0,0,0,0,0
482672,1,1,2000,0,11,0,0,0,0,0,0,0,0
482672,2,1,2000,0,0,0,3,0,0,0,0,0,0
482672,3,1,2000,0,7,0,0,0,0,0,0,0,0
482673,1,1,2000,20,12,28,0,19,12,19,24,23,0
482673,2,1,2000,17,36,22,16,20,0,23,0,8,9
482673,3,1,2000,0,0,0,0,0,0,2,0,0,0
482673,4,1,2000,0,27,15,22,0,0,0,28,0,0
482673,5,1,2000,0,0,14,12,21,0,16,0,0,0
482673,6,1,2000,0,0,0,0,0,0,0,11,0,0
482674,1,1,2000,0,0,0,0,0,0,0,0,0,0
482674,2,1,2000,0,0,0,0,0,0,0,0,0,0
482675,1,1,2000,0,0,0,0,0,0,0,0,0,0
482675,2,1,2000,0,0,0,0,0,0,0,0,0,0
482676,1,1,2000,16,7,16,0,0,17,25,0,16,21
482677,0,1,2000,20,0,46,19,7,29,0,20,33,0
482677,1,1,2000,0,0,0,0,0,0,18,14,0,14
482678,1,1,2000,0,9,0,7,11,9,15,3,6,18
482679,1,1,2000,0,21,0,0,0,6,0,0,9,9
482679,2,1,2000,19,21,15,0,17,7,10,12,15,6
482680,1,1,2000,0,0,0,0,0,0,0,0,0,0
482680,2,1,2000,0,0,0,0,0,0,0,0,0,0
482681,1,1,2000,10,13,13,11,17,8,17,0,0,18
482682,1,1,2000,0,17,14,0,10,14,9,8,11,0
482683,1,1,2000,0,0,0,15,4,0,0,0,20,0
482684,1,1,2000,14,0,0,0,0,0,0,0,0,10
482685,1,1,2000,0,0,11,27,0,0,0,16,14,17
482686,1,1,2000,12,0,12,0,14,9,17,0,20,0
482687,1,1,2000,8,20,10,18,0,33,23,0,19,20
482687,2,1,2000,19,20,12,15,0,13,11,3,0,12
482688,1,1,2000,0,0,0,0,0,12,0,0,0,0
482688,2,1,2000,0,0,0,0,0,0,0,0,0,0
482689,1,1,2000,0,0,0,0,0,0,0,0,0,0
482689,2,1,2000,0,0,0,0,0,0,0,0,0,0
482690,1,1,2000,0,0,6,10,21,23,0,0,12,0
482691,1,1,2000,0,0,0,0,0,0,0,0,0,0
482691,2,1,2000,0,0,20,0,0,0,0,0,0,0
482692,1,1,2000,29,29,29,29,29,29,29,29,29,29
482693,1,1,2000,0,0,0,0,0,0,0,0,0,0
482693,2,1,2000,0,0,0,0,10,0,0,0,0,15
482694,1,1,2000,4,14,17,4,20,6,17,17,12,19
482695,1,1,2000,0,0,9,0,0,0,0,0,0,0
482695,2,1,2000,0,0,0,0,0,0,0,0,0,0
482696,1,1,2000,17,0,0,0,0,0,0,0,0,0
482696,2,1,2000,0,0,0,0,0,0,0,0,15,0
482697,1,1,2000,1,0,14,9,0,10,0,0,0,0
482697,2,1,2000,5,8,47,9,33,15,6,21,0,8
482698,1,1,2000,0,0,0,0,0,0,0,0,0,0
482699,0,1,2000,20,20,0,0,14,17,14,30,0,25
482699,1,1,2000,0,19,0,0,0,0,0,0,0,0
482700,3,1,2000,0,0,15,0,0,0,0,0,0,21
482701,1,1,2000,27,27,27,27,27,27,27,27,27,27
482702,1,1,2000,21,6,10,24,35,20,15,22,18,21
482702,2,1,2000,0,0,0,0,0,0,0,0,0,0
482702,3,1,2000,0,0,0,0,0,0,0,0,0,0
482703,0,1,2000,0,0,17,30,0,0,14,40,26,0
482703,1,1,2000,0,11,0,28,0,0,0,0,0,0
482704,1,1,2000,33,33,33,33,33,33,33,33,33,33
482705,1,1,2000,9,0,0,0,8,0,11,14,5,12
482705,2,1,2000,0,0,0,0,0,0,0,0,16,0
482705,3,1,2000,0,0,0,0,0,0,0,0,0,0
482706,1,1,2000,8,29,24,19,14,26,11,26,13,16
482707,1,1,2000,0,0,0,0,0,0,0,0,0,17
482707,2,1,2000,0,0,6,0,0,0,0,0,0,0
482708,1,1,2000,0,0,15,0,0,0,0,0,0,0
482708,2,1,2000,0,0,0,0,0,0,0,0,0,0
482709,0,1,2000,18,10,35,33,19,0,0,18,17,27
482709,1,1,2000,0,3,22,0,0,0,0,23,10,19
482710,1,1,2000,20,22,22,21,27,17,8,24,15,7
482711,1,1,2000,0,0,0,8,25,11,10,8,17,0
482711,2,1,2000,0,0,0,0,0,0,0,0,0,0
482712,1,1,2000,13,11,28,20,9,5,12,17,14,22
482713,0,1,2000,12,12,12,12,12,12,12,12,12,12
482713,1,1,2000,0,0,0,0,25,0,8,0,0,0
482714,0,1,2000,0,0,0,0,0,19,33,6,0,0
482714,1,1,2000,0,0,0,0,0,0,0,0,0,0
482715,1,1,2000,0,10,0,3,0,20,0,14,9,13
482716,1,1,2000,0,0,0,0,12,0,21,25,0,0
482716,2,1,2000,0,0,26,0,4,0,16,0,0,0
482717,1,1,2000,18,19,21,13,18,10,28,22,9,14
482717,2,1,2000,0,0,0,8,0,7,14,3,0,0
482718,1,1,2000,0,0,0,0,0,0,0,0,0,0
482718,2,1,2000,0,0,3,0,0,0,0,0,0,0
482719,1,1,2000,23,0,0,22,7,14,0,22,19,0
482719,2,1,2000,0,0,0,0,0,0,0,6,10,0
482720,0,1,2000,0,0,0,0,0,0,0,0,0,0
482720,1,1,2000,0,0,0,0,12,0,0,21,0,0
482721,1,1,2000,6,0,16,0,0,0,0,0,8,16
482721,2,1,2000,0,0,0,0,0,0,0,15,0,0
482722,1,1,2000,20,37,20,2,22,13,26,27,14,24
482723,1,1,2000,28,26,19,20,16,0,25,11,10,21
482724,1,1,2000,12,0,11,14,9,24,21,10,18,16
482725,1,1,2000,0,0,0,14,0,13,0,0,0,0
482725,2,1,2000,26,0,0,0,0,0,0,0,0,0
482725,3,1,2000,0,0,0,0,0,0,0,0,0,0
482725,4,1,2000,0,0,0,0,0,0,0,0,0,0
482726,1,1,2000,0,0,0,0,0,0,0,0,0,0
482727,1,1,2000,0,0,0,0,0,0,0,7,17,0
482728,1,1,2000,0,19,0,6,0,28,0,0,21,0
482728,2,1,2000,0,0,0,0,0,0,0,0,0,0
482729,1,1,2000,0,0,0,0,0,8,19,14,19,0
482729,2,1,2000,0,0,0,0,0,0,0,0,0,0
482730,1,1,2000,0,0,0,0,0,0,0,0,0,0
482730,2,1,2000,0,0,0,0,0,0,0,0,0,0
482731,1,1,2000,0,0,0,0,0,0,0,0,0,0
482731,2,1,2000,0,0,0,0,0,0,0,0,0,0
482732,1,1,2000,16,0,0,13,0,14,0,0,0,0
482733,1,1,2000,0,0,0,0,7,0,12,0,32,0
482734,1,1,2000,16,0,0,0,0,0,20,0,0,0
482734,2,1,2000,0,0,0,0,0,0,0,0,0,0
482735,0,1,2000,0,4,17,0,0,0,18,0,0,0
482735,1,1,2000,14,12,0,0,0,0,0,0,0,0
482735,2,1,2000,0,0,0,0,0,0,8,0,0,0
482736,1,1,2000,19,0,0,0,0,0,0,0,0,0
482736,2,1,2000,9,12,14,21,21,23,11,21,6,18
482737,0,1,2000,0,0,0,0,11,0,14,15,25,0
482737,1,1,2000,0,13,0,9,0,0,2,0,0,0
482738,1,1,2000,18,18,18,18,18,18,18,18,18,18
482738,2,1,2000,0,0,0,0,0,24,0,0,0,0
482739,1,1,2000,0,0,0,0,0,0,0,0,0,0
482739,2,1,2000,0,0,0,11,0,11,0,19,0,0
482740,1,1,2000,0,0,0,0,0,0,0,0,10,0
482740,2,1,2000,0,0,0,0,18,0,0,0,0,0
482741,1,1,2000,18,18,18,18,18,18,18,18,18,18
482742,1,1,2000,26,26,26,26,26,26,26,26,26,26
482742,2,1,2000,16,16,16,16,16,16,16,16,16,16
482743,1,1,2000,0,0,5,0,0,0,0,0,0,0
482743,2,1,2000,0,0,0,0,0,0,0,0,0,0
482744,1,1,2000,0,0,0,0,0,0,0,0,0,0
482744,2,1,2000,0,0,0,0,0,0,0,0,0,0
482745,1,1,2000,0,0,0,0,0,0,0,0,0,0
482745,2,1,2000,0,0,0,0,0,0,0,0,0,0
482746,1,1,2000,0,0,0,0,0,0,0,0,0,0
482746,2,1,2000,0,0,0,0,0,0,0,0,0,0
482746,3,1,2000,0,0,0,0,0,0,0,0,0,0
482746,4,1,2000,0,0,0,0,0,0,0,0,10,11
482747,0,1,2000,0,0,0,0,0,0,0,0,0,0
482747,1,1,2000,0,0,0,0,0,0,0,0,0,30
482748,1,1,2000,34,34,34,34,34,34,34,34,34,34
482749,1,1,2000,15,15,15,15,15,15,15,15,15,15
482750,1,1,2000,0,0,0,0,0,0,0,0,0,0
482751,1,1,2000,0,0,0,0,0,0,0,0,0,0
482751,2,1,2000,0,0,0,0,0,0,22,0,0,13
482752,1,1,2000,0,0,0,0,0,0,0,0,0,0
482752,2,1,2000,10,13,24,13,10,26,25,31,24,0
482753,1,1,2000,19,8,13,19,16,22,17,5,0,19
482754,0,1,2000,18,26,23,37,10,25,24,14,16,0
482754,1,1,2000,16,0,0,34,0,14,17,20,25,14
482755,1,1,2000,10,20,0,14,23,12,18,9,0,7
482756,1,1,2000,17,0,0,0,0,0,0,0,0,0
482757,1,1,2000,8,13,0,5,0,10,10,11,13,6
482757,2,1,2000,0,0,0,0,0,0,0,0,0,0
482757,3,1,2000,0,0,0,0,0,0,0,0,0,12
482758,1,1,2000,16,22,32,15,36,7,0,20,27,8
482759,1,1,2000,7,19,36,0,36,28,18,22,27,25
482760,1,1,2000,22,22,22,22,22,22,22,22,22,22
482761,0,1,2000,34,47,5,16,0,18,9,35,0,17
482761,1,1,2000,0,0,0,0,12,0,0,0,0,0
482762,1,1,2000,0,0,0,0,0,0,0,0,24,0
482763,0,1,2000,0,0,0,0,21,0,0,0,0,0
482763,1,1,2000,0,0,0,0,0,0,0,0,0,0
482764,1,1,2000,8,0,0,0,0,0,0,0,0,0
482764,2,1,2000,0,0,0,0,0,0,0,9,0,0
482765,1,1,2000,0,0,0,0,15,0,0,0,0,0
482765,2,1,2000,0,0,0,0,0,8,0,9,0,0
482766,1,1,2000,7,0,0,0,0,0,0,0,0,9
482766,2,1,2000,0,0,0,0,16,0,0,0,0,0
482767,1,1,2000,0,0,0,0,0,0,0,0,0,0
482767,2,1,2000,0,0,38,0,0,0,0,0,0,0
482768,0,1,2000,19,19,15,0,0,7,0,0,0,0
482768,1,1,2000,0,6,0,21,0,0,0,16,0,0
482769,1,1,2000,0,0,0,0,0,0,0,0,0,0
482769,2,1,2000,0,0,0,0,0,0,0,0,0,0
482770,0,1,2000,9,0,0,0,0,0,0,0,0,0
482770,1,1,2000,0,0,0,0,0,0,0,0,0,0
482771,1,1,2000,0,0,0,0,0,18,0,17,0,10
482771,2,1,2000,0,0,0,0,0,8,0,0,0,0
482772,1,1,2000,0,0,0,0,0,0,0,2,0,0
482772,2,1,2000,14,0,14,0,12,0,0,0,0,0
482773,1,1,2000,11,11,11,11,11,11,11,11,11,11
482774,0,1,2000,0,17,16,0,0,28,15,9,10,0
482774,1,1,2000,0,0,0,0,0,0,0,0,20,0
482775,1,1,2000,19,19,19,19,19,19,19,19,19,19
482776,1,1,2000,0,0,0,0,0,11,0,0,0,0
482776,2,1,2000,0,0,0,0,0,0,0,0,0,0
482777,1,1,2000,0,0,0,0,0,0,0,0,0,0
482777,2,1,2000,0,0,0,0,0,0,0,0,7,0
482778,1,1,2000,25,25,25,25,25,25,25,25,25,25
482779,1,1,2000,0,0,0,0,0,0,25,21,0,0
482779,2,1,2000,0,0,0,0,0,0,0,0,0,0
482780,1,1,2000,0,0,0,0,0,0,0,0,0,0
482780,2,1,2000,0,9,0,0,0,0,0,12,0,0
482781,1,1,2000,0,0,0,0,0,0,0,0,0,0
482782,1,1,2000,0,17,20,0,0,0,9,0,22,0
482783,1,1,2000,0,12,25,0,0,0,0,0,0,0
482783,2,1,2000,0,7,0,0,4,0,17,0,0,0
482784,1,1,2000,0,0,36,0,0,20,20,15,0,12
482784,2,1,2000,0,0,0,0,0,0,0,0,0,0
482785,1,1,2000,0,0,0,0,0,0,0,0,0,0
482785,2,1,2000,0,0,0,7,0,0,0,0,14,0
482786,1,1,2000,0,26,29,31,0,9,7,0,24,0
482787,1,1,2000,0,20,0,0,0,0,0,11,0,0
482788,1,1,2000,0,0,0,7,0,0,0,0,0,0
482788,2,1,2000,26,17,20,0,0,0,14,0,0,13
482789,0,1,2000,0,27,14,39,4,12,0,0,0,19
482789,1,1,2000,25,0,0,0,0,5,7,34,0,4
482790,1,1,2000,0,0,4,0,0,0,0,0,0,0
482790,2,1,2000,0,0,0,0,0,0,0,0,0,5
482790,3,1,2000,0,0,0,0,0,0,0,0,0,0
482791,1,1,2000,17,17,0,0,34,0,25,15,10,28
482792,1,1,2000,30,30,30,30,30,30,30,30,30,30
482793,1,1,2000,19,0,0,16,0,0,24,6,5,36
482794,1,1,2000,23,0,0,0,18,0,10,0,0,0
482795,1,1,2000,24,19,25,40,16,30,25,16,21,24
482796,1,1,2000,0,0,16,28,25,23,17,10,21,10
482797,0,1,2000,42,0,34,19,19,34,31,0,26,37
482797,1,1,2000,0,0,9,11,0,0,10,0,0,0
482798,1,1,2000,0,0,11,20,0,0,12,8,0,0
482799,1,1,2000,0,6,0,8,9,0,0,0,0,0
482800,1,1,2000,0,0,0,0,0,0,0,0,0,0
482800,2,1,2000,0,0,0,0,0,0,0,0,0,0
482801,1,3,2000,0,10,3,22,20,16,0,15,8,9
482802,1,1,2000,0,15,0,0,0,0,0,0,0,13
482802,2,1,2000,0,13,0,0,7,0,0,0,0,0
482803,1,1,2000,26,26,26,26,26,26,26,26,26,26
482804,1,1,2000,17,0,26,2,0,0,17,0,0,0
482805,1,1,2000,0,20,0,0,0,0,6,14,0,0
482805,2,1,2000,0,0,0,19,0,17,0,12,0,0
482806,1,1,2000,12,0,4,11,0,29,27,0,7,16
482807,1,1,2000,0,0,0,0,0,0,0,0,0,0
482808,1,1,2000,26,26,26,26,26,26,26,26,26,26
482809,1,1,2000,0,0,0,0,0,0,0,0,0,0
482809,2,1,2000,0,0,0,0,0,0,0,0,0,0
482810,0,1,2000,0,0,0,17,0,21,0,0,0,0
482810,1,1,2000,0,0,0,0,0,8,0,0,0,0
482811,1,1,2000,0,0,0,0,0,0,0,0,0,0
482811,2,1,2000,0,0,0,0,0,0,0,0,0,0
482812,0,1,2000,23,24,0,28,17,0,22,11,15,35
482812,0,2,2000,18,33,18,0,0,15,0,22,0,0
482812,1,1,2000,0,0,0,4,26,11,8,19,0,0
482813,0,1,2000,36,36,36,36,36,36,36,36,36,36
482813,1,1,2000,8,0,22,2,18,3,0,15,8,20
482814,1,1,2000,10,0,0,0,0,0,0,0,0,0
482814,2,1,2000,0,0,0,0,0,0,0,0,0,0
482815,1,1,2000,0,0,0,0,0,0,0,0,0,0
482815,2,1,2000,0,9,0,0,0,0,0,15,15,0
482816,1,1,2000,0,0,0,0,0,0,0,4,0,0
482817,1,1,2000,0,0,0,0,0,0,0,0,0,0
482817,2,1,2000,0,0,0,0,0,0,0,0,0,0
482818,1,1,2000,0,0,0,0,0,0,0,0,0,0
482818,2,1,2000,0,7,26,0,0,0,0,11,27,0
482818,3,1,2000,0,0,0,0,15,0,0,0,0,0
482819,0,1,2000,0,0,0,0,0,0,0,0,0,0
482819,0,2,2000,0,0,0,0,0,0,0,0,0,0
482819,1,1,2000,0,0,0,2,0,0,0,0,0,0
482820,1,1,2000,0,0,0,0,0,0,14,0,0,0
482821,1,1,2000,11,11,11,11,11,11,11,11,11,11
482822,1,1,2000,0,0,14,0,0,0,0,0,13,0
482823,1,1,2000,0,0,0,0,0,0,0,0,0,0
482823,2,1,2000,0,0,0,0,0,0,0,17,0,0
482824,1,1,2000,7,7,7,7,7,7,7,7,7,7
482825,1,1,2000,0,0,0,0,9,0,0,0,0,0
482825,2,1,2000,0,0,0,0,0,0,0,0,0,0
482826,1,1,2000,0,21,0,0,0,15,0,26,0,18
482826,2,1,2000,0,0,0,0,0,0,8,0,0,0
482827,1,1,2000,0,0,0,0,0,0,0,0,0,0
482828,1,1,2000,0,0,0,0,0,0,0,8,0,0
482828,2,1,2000,0,0,12,0,0,0,0,0,0,0
482829,1,1,2000,0,0,0,0,0,0,0,0,0,0
482829,2,1,2000,0,0,0,0,0,0,0,0,0,0
482830,1,1,2000,20,20,20,20,20,20,20,20,20,20
482831,1,1,2000,20,20,20,20,20,20,20,20,20,20
482832,1,1,2000,0,0,0,0,0,0,0,0,0,0
482832,2,1,2000,0,0,0,0,0,0,0,0,0,0
482833,1,1,2000,0,0,0,0,0,0,0,0,0,0
482833,2,1,2000,13,13,13,13,13,13,13,13,13,13
482834,1,1,2000,19,19,19,19,19,19,19,19,19,19
482835,1,1,2000,24,24,24,24,24,24,24,24,24,24
482836,1,1,2000,0,0,0,0,14,0,0,0,0,0
482837,1,1,2000,0,10,0,0,0,0,0,0,0,0
482837,2,1,2000,31,31,31,31,31,31,31,31,31,31
482838,1,1,2000,14,14,14,14,14,14,14,14,14,14
482838,2,1,2000,20,19,0,15,0,0,21,0,0,0
482839,1,1,2000,0,0,0,0,0,0,0,0,0,0
482840,0,1,2000,0,0,0,0,0,0,0,0,11,0
482840,1,1,2000,0,0,2,0,0,0,6,19,0,0
482841,1,1,2000,21,8,16,51,36,6,22,16,18,27
482841,2,1,2000,23,0,10,14,0,16,0,4,9,12
482842,1,1,2000,0,0,0,0,0,0,0,0,0,0
482843,1,1,2000,0,0,0,0,0,0,0,0,0,0
482843,2,1,2000,0,0,0,0,0,0,0,0,0,0
482844,1,1,2000,23,23,23,23,23,23,23,23,23,23
482844,2,1,2000,13,13,13,13,13,13,13,13,13,13
482845,1,1,2000,0,0,0,0,0,9,0,0,0,0
482845,2,1,2000,0,0,0,0,0,33,0,0,0,0
482845,3,1,2000,0,0,0,0,0,0,0,0,0,0
482846,1,1,2000,0,0,0,0,0,0,0,0,0,0
482846,2,1,2000,0,0,0,0,0,0,0,0,0,0
482847,1,1,2000,24,24,24,24,24,24,24,24,24,24
482848,0,1,2000,15,15,15,15,15,15,15,15,15,15
482848,1,1,2000,0,0,0,31,16,0,0,16,19,0
482849,1,1,2000,0,0,0,0,0,0,0,0,0,0
482849,2,1,2000,5,16,0,3,0,3,0,0,16,12
482850,1,1,2000,12,14,0,0,26,26,0,25,25,10
482850,2,1,2000,0,0,0,0,0,0,0,0,0,0
482851,1,1,2000,0,25,0,0,0,12,0,0,0,0
482852,1,1,2000,0,0,0,0,17,12,19,11,18,10
482852,2,1,2000,20,8,16,24,19,0,8,4,19,8
482853,1,1,2000,26,26,26,26,26,26,26,26,26,26
482853,2,1,2000,0,14,0,0,0,2,0,34,0,0
482854,1,1,2000,0,0,0,0,3,0,0,0,0,0
482854,2,1,2000,0,0,0,0,6,0,0,0,0,0
482855,1,1,2000,33,33,23,24,20,23,12,18,29,31
482856,1,1,2000,0,0,4,13,0,0,0,0,0,0
482856,2,1,2000,17,23,16,0,13,21,21,0,0,33
482857,0,1,2000,31,32,30,16,28,17,29,23,4,36
482857,1,1,2000,0,0,0,0,0,0,22,0,0,0
482858,1,1,2000,30,30,30,30,30,30,30,30,30,30
482859,1,1,2000,0,0,0,0,0,0,0,0,0,0
482859,2,1,2000,0,0,0,0,0,0,0,0,0,0
482860,1,1,2000,21,31,13,26,12,0,14,21,14,29
482860,2,1,2000,0,0,0,0,0,0,0,0,7,19
482860,3,1,2000,0,0,0,0,0,0,0,0,0,0
482861,1,1,2000,0,0,0,0,0,0,0,0,0,0
482861,2,1,2000,0,0,13,8,0,12,14,12,0,0
482862,1,1,2000,0,0,0,0,0,0,0,0,0,0
482862,2,1,2000,0,0,0,0,0,0,0,0,0,8
482863,1,1,2000,0,0,0,0,0,0,0,0,0,0
482863,2,1,2000,0,0,0,0,0,10,0,0,0,0
482864,1,1,2000,7,21,26,16,0,47,13,16,21,27
482864,2,1,2000,0,0,0,0,0,0,0,0,0,0
482865,1,1,2000,0,40,0,30,7,0,15,0,20,0
482865,2,1,2000,1,25,0,0,0,38,0,25,0,0
482866,1,1,2000,14,0,10,0,14,0,0,0,18,13
482867,0,1,2000,0,0,0,17,21,9,0,39,41,12
482867,1,1,2000,0,0,8,0,0,0,0,0,0,17
482868,0,1,2000,21,18,18,0,0,11,0,6,4,15
482868,1,1,2000,0,0,0,0,0,0,0,0,0,0
482869,1,1,2000,0,0,0,0,0,9,0,0,0,0
482869,2,1,2000,15,15,15,15,15,15,15,15,15,15
482869,3,1,2000,0,0,19,0,0,0,0,0,10,0
482870,1,1,2000,0,0,0,0,0,0,0,0,0,0
482871,1,1,2000,0,0,0,0,0,0,0,0,0,0
482871,2,1,2000,0,0,0,0,0,0,0,0,0,0
482872,1,1,2000,11,11,11,11,11,11,11,11,11,11
482873,1,1,2000,19,19,19,19,19,19,19,19,19,19
482873,2,1,2000,0,0,0,0,0,0,0,0,0,0
482874,1,1,2000,20,15,12,11,10,26,0,13,21,11
482875,1,1,2000,0,0,0,0,0,0,3,13,0,0
482875,2,1,2000,0,0,0,0,0,0,0,0,0,0
482875,3,1,2000,0,0,0,0,0,0,0,0,0,0
482876,1,1,2000,0,0,8,0,0,0,0,6,0,16
482877,1,1,2000,0,0,0,0,0,10,0,0,18,0
482877,2,1,2000,0,0,0,0,0,0,0,0,0,0
482877,3,1,2000,0,0,0,0,0,0,19,0,0,0
482877,4,1,2000,0,0,0,9,0,0,18,0,0,0
482878,1,1,2000,32,32,32,32,32,32,32,32,32,32
482879,1,1,2000,0,0,0,0,0,0,0,0,0,0
482879,2,1,2000,0,0,0,0,0,0,0,0,0,0
482880,1,1,2000,0,0,0,0,0,0,0,0,0,0
482880,2,1,2000,0,0,0,0,0,17,0,0,0,0
482881,1,1,2000,0,0,0,0,0,0,0,0,0,13
482881,2,1,2000,0,0,9,0,0,0,0,0,0,0
482881,3,1,2000,0,0,0,0,0,0,0,0,0,0
482882,1,1,2000,20,22,25,13,5,7,27,0,12,9
482883,1,1,2000,0,0,0,0,0,0,0,0,0,20
482883,2,1,2000,9,2,17,15,11,9,14,14,16,10
482883,3,1,2000,0,0,0,0,0,0,0,0,0,0
482884,1,1,2000,13,8,10,13,10,10,14,17,16,9
482885,1,1,2000,0,0,16,0,0,0,0,0,0,5
482885,2,1,2000,0,16,0,0,0,17,0,0,0,0
482886,0,1,2000,0,0,0,0,15,0,0,0,0,0
482886,1,1,2000,0,0,0,0,0,0,0,0,0,0
482887,1,1,2000,23,0,10,12,13,0,0,0,2,0
482888,1,1,2000,18,0,16,0,0,0,12,0,0,25
482889,1,1,2000,16,0,5,0,9,19,14,16,24,11
482890,1,1,2000,0,0,0,0,0,0,0,0,0,0
482890,2,1,2000,0,0,0,0,0,0,0,0,0,0
482891,1,1,2000,0,0,0,0,32,0,0,0,0,0
482892,1,1,2000,0,0,0,0,19,6,19,0,29,0
482893,1,1,2000,14,12,5,21,9,17,19,5,0,5
482893,2,1,2000,20,0,16,0,24,17,21,0,28,17
482894,1,1,2000,0,0,14,0,0,0,31,0,0,9
482895,0,1,2000,0,0,0,0,0,0,0,0,0,0
482895,1,1,2000,0,0,0,0,0,0,0,0,8,0