ST_CASE,VEH_NO,PER_NO,YEAR,P1,P2,P3,P4,P5,P6,P7,P8,P9,P10
482896,1,1,2000,0,8,17,0,10,0,5,0,9,0
482896,2,1,2000,0,0,0,0,0,0,12,23,17,0
482897,1,1,2000,0,0,0,0,0,0,0,0,0,0
482897,2,1,2000,0,0,0,0,0,0,0,0,0,0
482898,1,1,2000,0,0,9,0,22,0,14,0,31,29
482899,1,1,2000,28,0,12,11,0,26,0,0,0,17
482900,1,1,2000,22,22,22,22,22,22,22,22,22,22
482901,1,1,2000,0,0,0,0,0,0,0,0,0,0
482902,1,1,2000,0,0,0,0,0,16,0,0,0,0
482903,1,1,2000,0,0,0,0,0,0,0,0,0,0
482904,1,1,2000,0,11,0,15,0,21,11,4,16,14
482904,2,1,2000,0,0,0,0,0,0,0,0,0,0
482904,3,1,2000,9,0,12,0,0,0,0,0,0,0
482905,0,1,2000,0,0,0,8,0,10,0,0,14,0
482905,1,1,2000,0,0,0,0,0,0,0,0,0,0
482906,1,1,2000,0,0,0,0,0,0,0,0,0,0
482906,2,1,2000,0,0,0,0,0,0,16,16,0,0
482906,3,1,2000,0,0,0,0,0,0,0,0,0,0
482907,1,1,2000,0,0,0,0,0,0,4,0,0,0
482907,2,1,2000,0,0,0,0,0,0,0,0,0,0
482908,1,1,2000,0,0,0,0,0,0,0,0,0,0
482909,1,1,2000,7,20,17,11,6,12,12,15,13,36
482910,1,1,2000,0,0,0,0,0,0,0,0,0,0
482910,2,1,2000,16,0,0,0,0,0,11,0,0,0
482911,1,1,2000,0,0,0,0,11,0,0,0,0,0
482911,2,1,2000,0,0,0,0,0,0,0,0,0,0
482912,1,1,2000,0,0,0,0,0,0,0,0,0,0
482912,2,1,2000,0,16,0,0,0,0,13,0,24,13
482913,1,1,2000,21,23,19,14,21,19,0,40,11,16
482914,0,1,2000,24,38,0,48,24,0,15,12,25,17
482914,0,2,2000,0,9,27,22,25,15,10,0,22,15
482914,1,1,2000,4,22,0,10,6,16,0,8,27,8
482915,1,1,2000,0,0,0,0,0,0,0,0,0,0
482915,2,1,2000,0,0,0,0,0,0,0,0,0,0
482916,1,1,2000,17,15,20,26,25,18,19,10,9,17
482916,2,1,2000,4,21,9,10,0,5,26,12,0,12
482917,1,1,2000,15,10,7,5,0,19,15,4,28,9
482918,1,1,2000,0,0,0,0,3,14,0,0,0,0
482918,2,1,2000,0,0,0,0,0,0,0,14,0,0
482919,1,1,2000,16,44,24,17,14,21,30,25,16,26
482920,1,1,2000,14,0,0,0,0,0,0,0,0,0
482920,2,1,2000,6,0,0,0,12,0,0,0,0,0
482921,1,1,2000,28,28,0,0,0,13,0,0,0,0
482921,2,1,2000,7,7,9,20,0,19,18,12,17,23
482922,1,1,2000,26,0,0,0,0,0,0,10,8,17
482923,1,1,2000,14,0,0,0,0,22,10,0,0,0
482923,2,1,2000,11,13,14,5,10,15,21,21,7,7
482924,1,1,2000,0,0,0,0,0,0,0,0,0,0
482924,2,1,2000,0,0,0,0,0,0,0,0,0,0
482925,1,1,2000,0,0,0,0,0,0,0,0,0,0
482925,2,1,2000,9,0,17,11,17,30,13,0,24,3
482926,1,1,2000,0,0,0,0,0,0,0,0,0,0
482926,2,1,2000,3,0,0,14,18,17,0,25,0,15
482927,1,1,2000,0,0,0,0,0,0,0,0,0,0
482927,2,1,2000,35,0,0,0,0,0,0,0,0,0
482928,0,1,2000,0,0,0,0,0,25,0,0,0,0
482928,1,1,2000,0,0,0,0,0,0,0,0,0,0
482929,1,1,2000,0,0,23,9,15,15,0,0,12,3
482929,2,1,2000,0,0,0,0,0,0,0,0,0,0
482930,1,1,2000,0,14,13,0,0,0,0,0,15,0
482931,1,1,2000,0,28,0,0,13,35,0,0,0,0
482932,0,1,2000,0,0,0,0,0,0,0,0,0,0
482932,1,1,2000,0,0,0,0,0,0,0,0,0,0
482933,1,1,2000,0,0,0,0,0,0,0,0,0,0
482934,1,1,2000,0,7,0,0,0,0,0,0,0,0
482935,1,1,2000,37,37,37,37,37,37,37,37,37,37
482935,2,1,2000,0,0,0,0,0,0,0,0,0,0
482936,1,1,2000,28,0,17,22,0,18,9,14,5,8
482937,0,1,2000,0,0,19,0,0,0,0,0,10,0
482937,1,1,2000,0,0,0,0,0,0,0,23,0,0
482937,2,1,2000,0,0,0,0,0,0,0,0,0,14
482938,1,1,2000,15,20,19,0,8,10,20,12,4,12
482939,1,1,2000,11,27,12,11,5,5,8,12,6,16
482939,2,1,2000,0,0,0,0,0,0,0,0,0,0
482940,1,1,2000,0,0,0,0,0,0,0,0,0,0
482940,2,1,2000,13,14,0,11,0,0,0,0,0,0
482940,3,1,2000,0,0,0,0,0,0,0,0,0,0
482941,0,1,2000,17,17,17,17,17,17,17,17,17,17
482941,1,1,2000,0,0,0,0,0,0,0,0,0,0
482942,1,1,2000,0,0,9,0,0,0,0,0,0,10
482943,0,1,2000,0,0,0,0,0,0,0,0,0,0
482943,1,1,2000,0,0,0,0,0,0,0,0,0,0
482944,1,1,2000,0,0,0,0,0,0,0,0,0,0
482944,2,1,2000,0,0,0,0,0,0,0,0,0,0
482945,1,1,2000,0,0,0,0,0,0,0,0,0,0
482945,2,1,2000,0,0,0,0,0,0,0,0,0,0
482946,1,1,2000,0,0,0,0,0,0,0,0,0,0
482947,1,1,2000,0,0,0,0,0,0,0,0,0,0
482947,2,1,2000,0,0,0,0,0,0,0,0,0,0
482948,1,1,2000,0,0,0,0,0,12,0,0,0,0
482948,2,1,2000,0,0,0,0,0,0,0,0,0,0
482949,1,1,2000,8,19,18,15,32,0,19,28,19,19
482950,1,1,2000,0,0,0,0,16,22,0,0,0,0
482951,1,1,2000,29,14,0,0,0,18,17,14,0,6
482952,1,1,2000,9,9,11,11,21,15,9,15,6,23
482953,1,1,2000,18,18,18,18,18,18,18,18,18,18
482954,1,1,2000,9,23,23,8,12,0,16,12,6,9
482954,2,1,2000,0,0,0,0,0,0,0,0,0,0
482955,1,1,2000,19,26,18,25,17,22,14,20,18,24
482956,1,1,2000,19,12,13,0,21,8,0,22,14,0
482956,2,1,2000,16,0,14,0,0,0,19,0,0,0
482957,1,1,2000,0,0,0,0,6,0,0,0,0,0
482957,2,1,2000,0,0,0,0,0,0,0,0,0,9
482957,3,1,2000,0,0,0,0,0,0,0,0,0,0
482958,1,1,2000,18,11,11,8,11,5,0,21,7,0
482958,2,1,2000,0,35,15,19,15,33,19,2,0,0
482959,1,1,2000,5,10,7,26,4,12,13,15,3,12
482960,1,1,2000,0,14,10,0,0,0,14,0,0,0
482960,2,1,2000,0,0,0,0,0,0,16,0,0,9
482960,3,1,2000,0,33,0,13,22,25,0,0,4,0
482961,1,1,2000,19,19,19,19,19,19,19,19,19,19
482962,1,1,2000,0,0,0,0,0,0,0,0,0,0
482962,2,1,2000,0,0,0,0,0,0,0,0,0,0
482963,1,1,2000,0,9,0,10,0,0,4,0,0,0
482964,1,1,2000,17,11,0,0,19,14,25,11,0,0
482965,1,1,2000,13,39,25,16,21,0,0,0,0,0
482966,1,1,2000,5,9,15,21,17,13,14,19,8,15
482967,1,1,2000,24,20,17,23,18,21,23,11,18,20
482968,1,1,2000,0,0,0,0,0,0,0,0,0,0
482968,2,1,2000,0,0,0,0,0,0,0,0,0,0
482969,1,1,2000,0,12,0,0,10,8,9,0,0,0
482969,2,1,2000,0,0,0,0,0,0,0,0,0,0
482970,1,1,2000,19,19,19,19,19,19,19,19,19,19
482971,1,1,2000,21,0,0,0,0,0,7,0,0,0
482972,1,1,2000,4,25,0,16,7,0,12,19,36,16
482973,1,1,2000,0,0,19,7,17,0,0,19,12,0
482974,1,1,2000,15,22,14,16,0,10,22,6,23,5
482974,2,1,2000,0,0,0,0,0,0,0,0,0,0
482975,1,1,2000,0,0,0,11,11,0,0,0,0,0
482975,2,1,2000,0,0,0,0,0,11,0,0,0,0
482976,1,1,2000,0,0,0,0,0,0,0,0,0,0
482976,2,1,2000,0,0,0,0,0,0,0,0,0,15
482977,1,1,2000,6,7,8,9,12,6,11,15,8,7
482977,2,1,2000,0,0,0,0,0,0,0,0,0,0
482978,1,1,2000,15,7,16,0,12,23,10,11,9,7
482979,1,1,2000,9,9,9,9,9,9,9,9,9,9
482980,1,1,2000,21,0,0,0,13,0,0,0,20,0
482981,1,1,2000,0,0,14,0,0,0,0,0,0,0
482982,1,1,2000,0,0,0,0,0,0,0,0,0,0
482982,2,1,2000,0,0,9,0,0,0,0,0,12,0
482983,0,1,2000,0,0,11,0,0,0,0,0,0,0
482983,1,1,2000,0,0,2,0,0,0,0,0,0,0
482984,1,1,2000,0,17,12,5,0,0,0,0,20,0
482985,1,1,2000,0,0,0,0,0,0,0,0,0,0
482986,1,1,2000,0,0,0,10,0,6,0,0,0,31
482987,1,1,2000,0,0,0,0,0,0,0,0,0,0
482987,2,1,2000,0,0,0,0,0,0,0,0,0,15
482988,1,1,2000,0,0,0,0,0,0,0,3,0,0
482988,2,1,2000,0,0,0,0,0,0,0,0,0,0
482989,1,1,2000,24,11,3,16,0,14,0,10,6,17
482990,0,1,2000,12,0,0,22,26,23,18,0,9,7
482990,0,2,2000,18,18,18,18,18,18,18,18,18,18
482990,1,1,2000,0,21,12,15,0,0,14,0,12,0
482991,1,1,2000,0,0,0,0,0,0,0,0,0,0
482991,2,1,2000,0,0,0,0,0,0,0,0,0,0
482991,3,1,2000,0,0,0,0,0,0,0,0,0,0
482991,4,1,2000,0,0,0,0,0,0,0,0,8,0
482992,1,1,2000,0,0,0,0,0,0,0,0,0,0
482992,2,1,2000,0,0,0,0,0,0,0,0,0,0
482993,1,1,2000,4,0,0,12,0,0,19,19,0,0
482993,2,1,2000,0,0,0,0,0,12,0,0,0,0
482994,1,1,2000,0,21,0,0,0,0,0,0,0,0
482994,2,1,2000,0,0,10,0,0,0,0,13,11,0
482995,1,1,2000,0,0,0,0,0,0,0,0,0,0
482995,2,1,2000,0,0,0,0,0,0,0,0,0,0
482996,1,1,2000,0,0,0,0,0,0,0,0,0,0
482996,2,1,2000,0,0,0,0,0,0,0,0,0,0
482997,1,1,2000,0,0,0,0,0,0,0,0,0,0
482997,2,1,2000,0,0,0,0,0,0,0,6,0,0
482998,0,1,2000,0,0,0,0,0,0,0,0,13,0
482998,1,1,2000,0,0,0,0,0,0,0,0,0,0
482999,1,1,2000,0,0,0,0,0,0,0,0,0,0
482999,2,1,2000,0,0,0,0,0,0,0,0,0,0
483000,1,1,2000,0,0,22,0,0,5,11,15,0,0
483001,0,1,2000,0,0,0,0,11,0,0,0,0,0
483001,1,1,2000,0,0,0,0,18,0,0,0,10,0
483002,1,1,2000,0,0,0,0,0,0,0,0,0,0
483002,2,1,2000,0,0,0,0,0,0,0,0,0,0
483003,1,1,2000,0,0,4,14,4,0,16,0,0,0
483003,2,1,2000,14,33,17,0,7,10,13,31,11,12
483004,1,1,2000,15,15,15,15,15,15,15,15,15,15
483004,2,1,2000,6,10,7,5,4,0,0,13,0,6
483005,1,1,2000,34,34,34,34,34,34,34,34,34,34
483006,1,1,2000,0,15,0,0,10,0,0,0,8,0
483006,2,1,2000,0,0,0,0,0,0,0,8,0,0
483007,1,1,2000,17,6,33,20,22,0,17,8,13,0
483008,0,1,2000,0,0,39,0,30,27,0,13,0,0
483008,1,1,2000,0,0,0,0,0,0,0,0,0,0
483009,1,1,2000,0,0,0,10,12,0,0,0,0,0
483010,1,1,2000,15,26,0,0,0,0,0,13,0,0
483010,2,1,2000,0,0,0,0,0,0,0,0,0,9
483010,3,1,2000,0,0,0,0,0,0,0,0,0,0
483011,1,1,2000,0,0,0,0,0,0,0,0,0,0
483011,2,1,2000,0,0,0,0,0,0,0,0,0,0
483012,1,1,2000,0,0,0,0,5,0,0,0,0,0
483012,2,1,2000,0,0,0,0,0,0,0,0,0,0
483013,0,1,2000,0,0,0,0,0,0,0,0,32,0
483013,1,1,2000,0,0,0,0,0,0,0,0,0,0
483014,1,1,2000,0,0,0,0,0,0,0,0,0,0
483015,1,1,2000,0,0,0,0,0,0,0,0,0,0
483015,2,1,2000,0,0,0,0,0,0,0,0,0,0
483015,3,1,2000,0,0,0,0,0,0,0,0,0,0
483015,4,1,2000,0,0,0,0,0,0,0,0,0,0
483015,5,1,2000,0,0,0,0,0,0,0,0,0,0
483016,1,1,2000,0,5,0,0,0,0,0,0,0,0
483016,2,1,2000,0,0,0,0,0,0,0,3,0,0
483016,3,1,2000,0,0,0,0,0,0,0,0,0,0
483016,4,1,2000,0,0,0,0,0,0,0,0,0,0
483016,5,1,2000,0,9,0,0,0,0,0,0,0,0
483016,6,1,2000,27,0,0,0,0,0,0,0,25,0
483017,1,1,2000,16,0,11,19,36,0,11,16,12,5
483017,2,1,2000,15,13,10,19,11,15,19,12,9,18
483018,1,1,2000,4,17,26,19,14,34,22,17,14,22
483019,1,1,2000,0,0,0,0,0,0,0,0,13,0
483020,0,1,2000,20,21,7,25,19,15,32,0,12,30
483020,1,1,2000,0,0,0,0,0,0,0,0,0,0
483021,1,1,2000,18,22,24,5,34,31,12,17,16,22
483022,1,1,2000,0,0,0,0,0,0,0,0,0,0
483022,2,1,2000,0,0,0,0,0,0,0,0,0,0
483023,1,1,2000,0,0,0,15,0,0,0,0,0,37
483023,2,1,2000,0,0,0,0,0,0,0,0,0,0
483024,1,1,2000,0,11,0,14,0,0,15,0,0,0
483024,2,1,2000,0,0,0,0,0,0,0,0,0,0
483025,1,1,2000,0,0,16,12,0,4,0,27,0,0
483026,1,1,2000,22,22,22,22,22,22,22,22,22,22
483026,2,1,2000,0,12,0,0,0,0,0,0,0,0
483027,1,1,2000,0,0,0,0,0,0,14,0,0,0
483028,1,1,2000,0,0,0,0,0,0,0,0,0,0
483028,2,1,2000,0,0,0,0,0,0,0,0,0,0
483029,1,1,2000,10,0,0,22,10,0,0,20,23,0
483029,2,1,2000,0,0,0,0,0,0,0,0,0,0
483030,1,1,2000,0,0,0,0,0,0,0,0,0,0
483030,2,1,2000,7,0,0,0,0,0,0,0,0,0
483031,1,1,2000,0,17,0,0,0,0,0,24,0,0
483031,2,1,2000,0,0,0,22,10,0,0,0,0,6
483031,3,1,2000,0,0,0,0,0,0,0,0,0,0
483032,1,1,2000,20,30,19,13,11,5,0,17,25,28
483033,1,1,2000,0,0,13,16,11,0,0,0,0,0
483033,2,1,2000,0,0,0,0,0,0,0,0,0,0
483034,1,1,2000,0,6,5,0,0,0,0,0,0,0
483035,1,1,2000,0,9,18,6,27,32,16,19,11,26
483035,2,1,2000,0,0,0,0,25,0,9,14,0,0
483036,1,1,2000,7,0,0,0,0,0,8,15,0,0
483036,2,1,2000,0,0,0,0,17,0,17,0,0,0
483037,0,1,2000,13,0,0,27,26,23,0,4,0,13
483037,0,2,2000,26,0,31,0,0,23,0,12,19,0
483037,0,3,2000,22,12,6,0,23,20,18,3,0,15
483037,0,4,2000,5,28,16,0,12,12,0,0,12,20
483037,0,5,2000,16,21,0,0,5,0,5,0,0,0
483037,1,1,2000,4,4,4,4,4,4,4,4,4,4
483038,1,1,2000,0,0,16,24,0,0,0,0,11,13
483038,2,1,2000,0,0,0,0,0,0,0,23,0,0
483039,0,1,2000,0,0,0,0,0,27,9,0,0,29
483039,1,1,2000,0,0,0,0,3,0,0,0,0,0
483040,1,1,2000,0,16,8,26,15,28,6,12,22,0
483041,1,1,2000,14,10,12,23,28,17,15,14,10,18
483041,2,1,2000,0,17,13,14,0,14,0,0,8,0
483042,1,1,2000,0,0,0,0,0,0,0,0,0,0
483043,0,1,2000,0,0,0,12,36,0,21,0,59,0
483043,1,1,2000,0,0,0,0,7,0,0,0,0,4
483044,1,1,2000,0,0,0,0,0,0,0,0,0,0
483044,2,1,2000,0,26,0,0,0,0,0,0,0,0
483045,0,1,2000,12,0,7,22,9,0,0,0,0,20
483045,0,2,2000,0,11,0,9,0,0,2,0,0,0
483045,1,1,2000,0,13,0,0,0,0,8,0,0,0
483046,1,1,2000,0,0,14,9,0,0,11,0,0,7
483047,1,1,2000,0,0,0,0,0,0,0,25,0,0
483047,2,1,2000,4,0,13,15,17,5,17,0,12,17
483048,1,1,2000,8,21,21,0,18,0,17,27,26,20
483048,2,1,2000,9,16,25,28,19,8,17,0,18,8
483049,1,1,2000,11,19,15,14,9,7,4,16,15,17
483050,1,1,2000,14,9,26,0,30,0,0,28,7,17
483051,1,1,2000,0,4,5,31,0,21,0,17,0,0
483052,1,1,2000,0,0,0,20,0,0,0,0,0,0
483053,1,1,2000,17,0,0,0,0,19,0,0,22,21
483054,0,1,2000,0,0,0,0,0,0,0,0,0,0
483054,1,1,2000,0,0,3,0,0,0,0,7,0,0
483055,0,1,2000,26,48,0,15,0,0,0,0,29,0
483055,1,1,2000,10,0,0,9,0,0,0,0,26,0
483056,1,1,2000,0,0,0,0,0,0,0,0,0,0
483056,2,1,2000,0,0,0,0,0,0,0,0,0,18
483057,1,1,2000,0,0,0,0,0,8,0,0,0,0
483058,0,1,2000,0,0,0,0,0,0,0,0,0,0
483058,1,1,2000,0,0,0,0,0,0,0,0,0,0
483059,1,1,2000,0,0,0,0,0,0,0,0,0,0
483060,1,1,2000,20,20,20,20,20,20,20,20,20,20
483061,1,1,2000,0,0,0,0,0,0,0,0,0,0
483061,2,1,2000,0,0,0,0,25,27,27,0,0,0
483062,0,1,2000,0,0,22,0,0,0,0,0,31,16
483062,1,1,2000,0,0,0,0,0,0,0,7,0,0
483063,1,1,2000,0,0,10,8,9,0,14,11,19,0
483063,2,1,2000,0,5,8,7,18,9,12,0,7,18
483064,1,1,2000,32,0,24,41,0,0,36,22,0,16
483065,0,1,2000,15,15,5,18,19,23,10,18,13,20
483065,1,1,2000,0,0,0,0,0,0,0,0,0,0
483066,1,1,2000,0,0,20,0,0,17,0,0,0,6
483066,2,1,2000,0,0,0,14,0,0,0,0,9,0
483067,1,1,2000,3,8,0,16,0,0,30,26,0,29
483068,1,1,2000,0,0,0,0,0,0,0,0,3,0
483068,2,1,2000,0,0,0,0,0,0,0,0,0,0
483069,0,1,2000,0,0,0,0,0,0,0,0,0,0
483069,1,1,2000,0,0,0,0,0,4,0,0,0,0
483070,1,1,2000,27,27,27,27,27,27,27,27,27,27
483071,1,1,2000,8,8,8,8,8,8,8,8,8,8
483071,2,1,2000,0,0,0,0,0,0,0,0,0,0
483071,3,1,2000,0,0,0,0,0,0,0,0,0,0
483072,1,1,2000,0,0,0,0,0,0,2,0,0,0
483072,2,1,2000,14,14,14,14,14,14,14,14,14,14
483073,1,1,2000,23,26,8,9,26,17,17,10,5,23
483074,1,1,2000,21,21,21,21,21,21,21,21,21,21
483075,1,1,2000,0,0,0,0,0,0,0,0,0,0
483075,2,1,2000,24,0,23,15,0,0,18,16,12,0
483076,1,1,2000,0,0,0,0,27,0,13,0,0,0
483076,2,1,2000,6,0,0,0,0,0,0,0,0,0
483077,1,1,2000,6,0,0,0,0,0,0,0,0,0
483078,0,1,2000,33,33,33,33,33,33,33,33,33,33
483078,1,1,2000,0,0,20,24,16,35,0,0,5,0
483079,1,1,2000,22,22,22,22,22,22,22,22,22,22
483080,1,1,2000,0,0,0,0,0,0,0,0,0,0
483081,1,1,2000,0,0,0,0,0,0,0,0,0,0
483081,2,1,2000,16,9,9,14,16,24,0,20,0,25
483082,1,1,2000,0,0,0,0,0,0,0,0,0,0
483082,2,1,2000,0,14,29,0,12,5,14,0,0,20
483083,1,1,2000,10,12,8,14,4,13,17,10,0,14
483083,2,1,2000,10,16,24,9,20,0,22,15,15,0
483084,1,1,2000,0,0,0,0,0,0,0,0,0,0
483084,2,1,2000,0,0,0,0,0,0,0,0,0,0
483085,0,1,2000,0,7,0,16,30,0,0,0,25,29
483085,1,1,2000,0,8,0,0,0,0,11,0,0,20
483086,1,1,2000,0,0,0,0,0,0,0,0,0,0
483086,2,1,2000,0,0,0,15,0,0,0,0,0,0
483087,1,1,2000,13,19,24,8,0,19,10,15,20,17
483088,1,1,2000,0,0,0,0,0,0,0,0,0,0
483089,0,1,2000,0,0,0,0,0,0,0,0,0,0
483089,1,1,2000,0,0,0,0,0,0,0,0,0,0
483090,1,1,2000,0,0,9,8,0,0,10,9,0,0
483091,1,1,2000,0,0,0,13,0,0,0,0,0,0
483091,2,1,2000,0,0,0,0,0,0,0,10,0,0
483092,1,1,2000,29,29,29,29,29,29,29,29,29,29
483093,1,1,2000,37,37,37,37,37,37,37,37,37,37
483093,2,1,2000,0,0,0,0,0,0,0,0,0,0
483093,3,1,2000,24,0,9,17,0,0,0,0,0,0
483094,1,1,2000,0,0,0,0,0,0,0,0,0,0
483094,2,1,2000,0,0,0,0,0,0,0,0,0,0
483095,1,1,2000,26,26,26,26,26,26,26,26,26,26
483096,1,1,2000,0,0,0,0,0,0,0,0,0,0
483096,2,1,2000,0,0,0,0,0,0,0,0,0,0
483097,0,1,2000,31,24,0,25,10,17,20,11,0,0
483097,1,1,2000,0,0,0,0,0,0,0,0,0,18
483098,1,1,2000,9,15,16,26,15,18,20,15,9,3
483099,1,1,2000,13,13,13,13,13,13,13,13,13,13
483099,2,1,2000,0,0,0,0,0,0,0,0,26,0
483100,1,1,2000,19,16,24,0,21,22,0,0,21,9
483101,1,1,2000,0,0,16,22,0,23,21,22,14,13
483101,2,1,2000,13,0,0,0,14,12,0,15,0,13
483102,1,1,2000,15,15,15,15,15,15,15,15,15,15
483103,1,1,2000,7,7,7,7,7,7,7,7,7,7
483104,1,1,2000,3,3,3,3,3,3,3,3,3,3
483105,1,1,2000,6,10,21,10,0,13,11,11,8,0
483106,0,1,2000,31,31,31,31,31,31,31,31,31,31
483106,1,1,2000,11,17,13,2,8,0,17,8,21,25
483107,0,1,2000,17,0,11,28,26,0,0,0,35,33
483107,1,1,2000,6,8,7,20,4,27,16,11,19,7
483108,1,1,2000,0,0,0,0,0,0,0,0,0,0
483108,2,1,2000,0,0,0,0,0,0,0,0,0,0
483108,3,1,2000,0,0,0,0,0,0,0,0,0,0
483109,1,1,2000,0,0,0,0,0,0,0,0,0,0
483109,2,1,2000,0,0,0,0,0,0,0,0,0,0
483110,1,1,2000,0,0,0,0,0,0,21,0,0,0
483111,1,1,2000,0,0,0,0,0,0,0,16,0,0
483111,2,1,2000,27,11,15,17,12,19,10,18,27,35
483111,3,1,2000,0,0,0,0,0,0,0,0,0,0
483112,1,1,2000,4,4,4,4,4,4,4,4,4,4
483113,0,1,2000,28,28,28,28,28,28,28,28,28,28
483113,1,1,2000,19,13,0,12,26,0,0,0,0,0
483114,1,1,2000,0,0,0,0,0,0,0,0,0,0
483114,2,1,2000,0,0,0,0,0,0,0,0,0,0
483115,1,1,2000,0,0,0,0,0,0,0,0,0,0
483115,2,1,2000,0,0,0,0,0,0,0,0,0,0
483116,1,1,2000,4,9,5,2,0,4,0,0,0,0
483117,1,1,2000,0,0,0,0,0,0,0,0,0,10
483117,2,1,2000,0,0,0,0,0,0,0,0,0,0
483118,1,1,2000,7,15,22,7,23,6,28,17,26,0
483118,2,1,2000,6,9,17,22,5,12,10,16,32,6
483119,1,1,2000,0,0,0,0,0,0,0,0,0,0
483120,1,1,2000,0,0,0,0,0,0,0,0,0,0
483121,1,1,2000,0,0,0,0,0,0,0,0,0,4
483121,2,1,2000,0,0,0,0,0,0,0,0,0,0
483122,1,1,2000,0,0,0,0,0,0,0,0,0,0
483122,2,1,2000,0,0,0,7,0,0,0,0,0,0
483123,1,1,2000,0,0,0,0,0,0,0,0,0,0
483123,2,1,2000,21,21,21,21,21,21,21,21,21,21
483124,1,1,2000,22,22,22,22,22,22,22,22,22,22
483125,1,1,2000,0,0,21,0,0,0,0,0,0,0
483126,1,1,2000,9,9,9,9,9,9,9,9,9,9
483127,1,1,2000,0,0,0,0,0,0,0,0,0,0
483128,1,1,2000,17,7,19,15,9,6,14,21,14,4
483129,1,1,2000,0,16,0,0,0,0,0,0,0,0
483129,2,1,2000,0,19,0,0,0,0,0,0,0,0
483130,1,1,2000,0,12,0,15,20,0,0,21,15,9
483131,1,1,2000,0,0,0,0,0,0,0,0,0,0
483131,2,1,2000,0,0,0,0,0,0,0,0,0,0
483132,1,1,2000,25,0,18,0,21,25,18,33,0,10
483132,2,1,2000,9,10,0,6,0,7,10,0,15,0
483133,1,1,2000,0,0,8,0,0,0,0,11,0,0
483133,2,1,2000,0,0,6,0,0,0,0,0,5,0
483134,1,1,2000,0,0,8,0,0,0,0,0,0,0
483134,2,1,2000,0,0,0,30,0,0,0,0,0,0
483135,1,1,2000,10,17,0,11,21,14,17,8,19,26
483136,1,1,2000,0,0,0,0,0,0,0,0,0,0
483136,2,1,2000,0,0,0,0,0,0,0,0,0,0
483136,3,1,2000,0,0,13,0,0,0,0,0,0,4
483137,0,1,2000,0,0,0,0,0,0,0,0,0,0
483137,1,1,2000,0,0,0,0,0,0,0,0,0,0
483138,1,1,2000,0,0,8,0,0,12,28,0,7,27
483139,1,1,2000,11,34,21,0,0,0,0,0,0,27
483139,2,1,2000,0,30,0,21,0,0,0,0,0,0
483140,1,1,2000,0,15,0,0,15,0,0,0,0,0
483141,1,1,2000,17,21,18,22,31,0,12,20,0,9
483141,2,1,2000,14,13,18,24,9,7,14,10,13,14
483142,1,1,2000,0,0,0,0,23,0,0,0,18,0
483142,2,1,2000,0,0,0,0,0,0,0,7,0,9
483143,1,1,2000,9,9,9,9,9,9,9,9,9,9
483143,2,1,2000,0,0,0,0,0,0,0,0,0,0
483144,1,1,2000,0,0,0,0,0,12,0,0,0,0
483144,2,1,2000,0,0,0,0,0,0,0,0,11,0
483145,1,1,2000,8,30,24,21,16,16,18,15,9,22
483146,0,1,2000,0,22,0,0,0,0,16,15,0,19
483146,1,1,2000,0,0,8,0,8,0,0,0,0,0
483147,1,1,2000,17,0,14,0,14,16,0,19,23,0
483149,1,1,2000,24,24,24,24,24,24,24,24,24,24
483150,1,1,2000,0,0,0,0,0,0,0,0,0,0
483150,2,1,2000,23,23,23,23,23,23,23,23,23,23
483151,1,1,2000,16,16,16,16,16,16,16,16,16,16
483151,2,1,2000,0,0,0,0,0,0,0,0,0,19
483153,1,1,2000,0,0,0,24,0,0,0,0,0,9
483154,1,1,2000,11,24,31,0,22,21,0,0,7,0
483155,1,1,2000,8,8,8,8,8,8,8,8,8,8
483156,1,1,2000,0,0,0,17,0,0,0,0,0,0
483156,2,1,2000,0,0,0,0,0,0,0,0,0,0
483157,0,1,2000,0,17,8,0,7,26,14,22,0,0
483157,1,1,2000,0,0,26,0,0,0,0,0,0,0
483157,2,1,2000,0,18,19,0,0,0,11,0,15,21
483158,1,1,2000,22,28,36,21,16,8,31,0,31,14
483159,1,1,2000,0,11,0,0,0,0,0,0,0,0
483159,2,1,2000,0,0,0,0,0,0,0,0,0,0
483160,1,1,2000,0,0,18,0,0,27,23,0,0,10
483160,2,1,2000,0,13,0,17,11,25,17,0,0,17
483161,1,1,2000,1,1,1,1,1,1,1,1,1,1
483162,1,1,2000,0,0,11,0,0,0,0,0,0,0
483163,1,1,2000,12,5,8,13,7,12,14,10,19,20
483164,1,1,2000,19,19,19,19,19,19,19,19,19,19
483165,1,1,2000,0,0,0,0,0,0,0,0,0,0
483165,2,1,2000,0,0,0,0,0,0,0,0,0,0
483166,1,1,2000,31,31,31,31,31,31,31,31,31,31
483167,0,1,2000,0,14,0,7,0,0,0,0,33,0