ST_CASE,VEH_NO,PER_NO,YEAR,P1,P2,P3,P4,P5,P6,P7,P8,P9,P10
483167,1,1,2000,4,4,4,4,4,4,4,4,4,4
483168,0,1,2000,0,0,0,0,12,0,0,0,0,0
483168,1,1,2000,0,0,0,0,0,0,0,0,0,0
483169,1,1,2000,0,25,21,0,0,15,35,0,0,0
483170,1,1,2000,0,0,0,0,0,0,0,0,0,0
483171,1,1,2000,31,31,31,31,31,31,31,31,31,31
483171,2,1,2000,0,0,0,0,0,0,0,0,0,0
483172,1,1,2000,0,0,0,0,0,0,0,0,0,0
483172,2,1,2000,0,0,0,0,0,0,0,0,0,0
483172,3,1,2000,0,0,0,0,0,0,0,0,0,0
483172,4,1,2000,11,11,0,0,0,0,0,0,0,0
483173,0,1,2000,26,11,19,6,7,0,13,19,20,16
483173,1,1,2000,0,0,0,31,0,0,0,0,0,10
483174,1,1,2000,0,0,0,0,0,0,0,0,0,0
483174,2,1,2000,0,0,0,0,0,0,0,0,0,0
483175,1,1,2000,0,0,0,0,0,0,0,0,0,0
483175,2,1,2000,8,28,0,13,8,0,0,22,0,18
483176,1,1,2000,0,0,0,0,0,0,0,0,12,0
483176,2,1,2000,0,0,0,0,0,0,0,0,0,0
483177,1,1,2000,0,0,0,0,0,9,8,0,0,0
483177,2,1,2000,0,0,13,0,0,0,22,0,0,10
483178,1,1,2000,0,0,0,0,0,0,0,0,0,0
483178,2,1,2000,0,0,0,0,10,0,16,0,0,5
483179,1,1,2000,0,0,0,12,34,0,0,0,0,0
483179,2,1,2000,0,0,19,0,13,0,0,0,41,0
483180,1,1,2000,0,0,0,0,0,0,0,0,23,0
483180,2,1,2000,0,0,0,0,0,0,0,0,0,0
483181,1,1,2000,0,0,0,0,0,0,0,0,0,0
483181,2,1,2000,0,0,0,0,0,0,0,0,0,0
483181,3,1,2000,0,0,0,0,0,0,0,0,0,0
483182,0,1,2000,0,17,0,0,0,31,0,24,28,0
483182,1,1,2000,0,0,0,7,0,14,0,10,0,8
483183,1,1,2000,17,17,17,17,17,17,17,17,17,17
483184,1,1,2000,0,0,0,0,0,0,0,0,0,0
483184,2,1,2000,0,17,13,0,0,0,0,0,0,10
483185,1,1,2000,17,17,17,17,17,17,17,17,17,17
483185,2,1,2000,16,0,25,0,0,0,0,0,0,17
483186,1,1,2000,5,5,5,5,5,5,5,5,5,5
483186,2,1,2000,0,0,0,0,0,0,0,0,0,0
483187,0,1,2000,12,6,9,8,0,0,9,15,15,13
483187,1,1,2000,13,0,0,0,0,0,11,12,0,0
483188,1,1,2000,0,0,0,0,0,0,0,0,0,0
483188,2,1,2000,0,0,0,12,0,0,0,0,0,0
483190,0,1,2000,0,0,5,0,0,0,0,0,0,0
483190,1,1,2000,0,0,0,0,0,0,0,0,0,0
483191,1,1,2000,0,0,0,0,0,0,0,0,0,0
483191,2,1,2000,0,0,0,0,0,12,0,0,0,0
483192,1,1,2000,17,17,17,17,17,17,17,17,17,17
483192,2,1,2000,14,14,14,0,0,3,0,0,0,0
483193,1,1,2000,20,15,9,18,15,19,24,14,11,4
483194,1,1,2000,22,0,0,0,0,0,0,0,3,12
483194,2,1,2000,0,0,0,0,0,0,15,3,0,0
483195,1,1,2000,0,0,0,0,0,0,0,4,0,0
483195,2,1,2000,0,0,0,0,0,0,0,0,0,0
483196,1,1,2000,0,0,0,0,0,0,0,0,0,13
483197,1,1,2000,0,0,0,0,0,0,0,0,0,0
483197,2,1,2000,0,0,0,0,11,0,0,0,0,0
483198,1,1,2000,31,31,31,31,31,31,31,31,31,31
483198,2,1,2000,0,0,0,0,0,0,0,0,0,0
483200,0,1,2000,14,20,20,18,4,10,28,34,18,0
483200,1,1,2000,49,0,16,0,0,20,0,0,0,0
483201,1,1,2000,14,14,14,14,14,14,14,14,14,14
483202,1,1,2000,0,0,0,0,0,0,0,0,0,0
483202,2,1,2000,0,0,13,9,0,20,0,0,0,24
483202,3,1,2000,23,0,0,0,0,0,0,0,0,0
483202,4,1,2000,0,0,0,0,0,0,0,0,0,0
483203,0,1,2000,0,0,0,23,0,0,15,23,0,0
483203,1,1,2000,0,0,0,0,0,0,0,0,0,0
483205,0,1,2000,0,0,0,0,0,0,0,0,25,0
483205,0,2,2000,0,12,0,4,0,0,0,0,13,8
483205,1,1,2000,0,0,0,5,0,0,0,8,0,0
483206,1,1,2000,0,0,0,0,0,0,0,0,0,10
483206,2,1,2000,0,0,0,0,0,0,0,0,0,0
483207,1,1,2000,0,0,0,0,0,0,0,0,0,0
483208,0,1,2000,0,7,40,9,23,23,0,0,27,21
483208,1,1,2000,15,15,15,15,15,15,15,15,15,15
483209,1,1,2000,14,14,14,14,14,14,14,14,14,14
483209,2,1,2000,0,0,0,0,0,0,0,0,0,0
483210,1,1,2000,0,0,0,0,7,0,0,0,0,0
483211,1,1,2000,0,0,11,0,0,0,10,0,0,0
483211,2,1,2000,0,18,0,0,0,0,0,0,0,0
483212,1,1,2000,13,13,21,0,4,20,12,20,8,21
483213,1,1,2000,4,21,12,14,22,0,17,15,16,12
483215,1,1,2000,9,9,9,9,9,9,9,9,9,9
483216,1,1,2000,26,26,26,26,26,26,26,26,26,26
483217,1,1,2000,0,35,0,26,25,18,16,0,26,9
483218,1,1,2000,0,0,0,0,0,0,0,0,0,0
483218,2,1,2000,0,0,0,0,24,0,11,0,0,17
483218,3,1,2000,0,0,0,0,0,0,0,0,0,0
483219,1,1,2000,0,0,0,0,0,0,0,0,0,8
483220,1,1,2000,9,0,0,13,0,0,0,0,10,0
483220,2,1,2000,0,13,0,0,0,0,0,0,0,0
483221,1,1,2000,25,25,25,25,25,25,25,25,25,25
483222,1,1,2000,0,13,0,0,0,0,0,0,0,0
483222,2,1,2000,0,0,0,11,0,0,0,0,0,0
483223,1,1,2000,25,25,25,25,25,25,25,25,25,25
483224,1,1,2000,0,0,0,0,0,0,0,0,0,0
483224,2,1,2000,0,0,0,0,0,0,0,0,0,0
483224,3,1,2000,0,21,0,0,0,11,0,21,0,0
483225,1,1,2000,0,0,0,0,0,0,0,0,0,0
483226,1,1,2000,0,0,0,0,0,0,0,0,0,0
483226,2,1,2000,5,5,5,5,5,5,5,5,5,5
483226,3,1,2000,22,22,22,22,22,22,22,22,22,22
483227,1,1,2000,27,27,27,27,27,27,27,27,27,27
483227,2,1,2000,0,0,0,0,3,21,0,0,20,0
483228,1,1,2000,18,18,18,18,18,18,18,18,18,18
483229,0,1,2000,25,23,9,48,7,32,18,18,15,17
483229,0,2,2000,24,24,24,24,24,24,24,24,24,24
483229,1,1,2000,2,2,2,2,2,2,2,2,2,2
483230,1,1,2000,0,0,0,29,0,0,0,0,0,0
483230,2,1,2000,15,0,0,0,0,0,0,0,0,0
483231,1,1,2000,0,0,0,0,0,0,0,0,0,0
483231,2,1,2000,0,0,0,0,0,0,0,0,0,0
483231,3,1,2000,0,0,0,0,0,0,0,0,0,0
483232,1,1,2000,0,0,0,7,0,23,16,0,0,0
483232,2,1,2000,23,17,49,13,14,0,15,24,18,19
483232,3,1,2000,0,0,0,0,0,0,0,0,0,0
483233,1,1,2000,0,0,0,0,0,0,0,0,0,0
483233,2,1,2000,0,0,0,0,0,0,0,0,0,0
483234,1,1,2000,21,21,21,21,21,21,21,21,21,21
483234,2,1,2000,0,0,0,0,0,0,0,0,0,0
483235,1,1,2000,0,0,0,0,0,0,0,0,0,0
483236,0,1,2000,0,0,0,0,0,0,0,0,0,0
483236,1,1,2000,19,15,18,0,0,0,0,0,0,0
483237,1,1,2000,0,0,0,0,0,0,0,0,0,0
483237,2,1,2000,6,6,6,6,6,6,6,6,6,6
483238,0,1,2000,0,0,32,10,0,0,0,0,0,0
483238,1,1,2000,0,0,0,0,0,0,0,0,0,0
483239,0,1,2000,0,25,25,0,34,29,11,0,22,28
483239,1,1,2000,13,0,0,12,0,0,0,16,0,15
483240,0,1,2000,14,25,0,27,0,26,11,0,15,0
483240,1,1,2000,0,0,0,0,0,0,0,0,0,0
483241,1,1,2000,0,0,0,0,0,0,0,0,0,0
483241,2,1,2000,0,0,0,0,0,0,0,0,0,0
483242,1,1,2000,0,0,0,0,0,0,0,0,0,0
483243,1,1,2000,9,9,9,9,9,9,9,9,9,9
483244,1,1,2000,21,0,0,0,9,0,0,9,25,0
483245,1,1,2000,24,24,24,24,24,24,24,24,24,24
483246,1,1,2000,21,16,22,0,30,11,8,0,24,0
483247,1,1,2000,0,0,0,11,0,0,0,4,0,0
483248,1,1,2000,0,0,0,0,0,0,0,0,0,0
483249,1,1,2000,0,0,0,0,0,0,0,0,15,0
483249,2,1,2000,0,0,0,0,0,0,0,0,0,0
483250,1,1,2000,21,21,21,21,21,21,21,21,21,21
483251,1,1,2000,15,15,15,15,15,15,15,15,15,15
483251,2,1,2000,10,0,0,32,14,6,11,13,31,7
483252,1,1,2000,11,6,0,5,9,0,12,13,10,0
483253,0,1,2000,0,0,0,0,0,0,0,0,0,0
483253,1,1,2000,0,0,0,0,0,0,0,0,0,0
483254,1,1,2000,11,11,11,11,11,11,11,11,11,11
483254,2,1,2000,0,0,0,0,0,26,8,8,2,14
483255,1,1,2000,0,15,10,0,13,0,10,11,3,0
483256,0,1,2000,0,0,12,30,0,3,0,0,13,0
483256,1,1,2000,0,0,0,6,0,22,6,0,9,7
483257,0,1,2000,24,24,24,24,24,24,24,24,24,24
483257,1,1,2000,5,19,0,0,6,12,9,0,8,30
483258,1,1,2000,0,0,0,0,0,0,0,0,7,0
483258,2,1,2000,8,0,0,0,0,12,0,0,0,0
483259,0,1,2000,13,13,13,13,13,13,13,13,13,13
483259,1,1,2000,5,0,0,0,0,0,0,0,16,0
483260,0,1,2000,30,30,30,30,30,30,30,30,30,30
483260,1,1,2000,0,0,0,12,0,0,20,0,0,0
483261,1,1,2000,0,0,0,0,25,0,0,12,0,20
483261,2,1,2000,2,2,2,2,2,2,2,2,2,2
483262,1,1,2000,13,28,30,30,29,22,0,12,21,23
483263,0,1,2000,0,0,3,20,7,0,31,0,0,0
483263,1,1,2000,0,0,0,0,0,0,0,0,0,0
483264,1,1,2000,0,0,0,13,9,0,0,6,12,0
483265,0,1,2000,0,0,0,0,0,0,0,0,7,0
483265,1,1,2000,0,13,0,0,15,0,21,0,0,27
483266,0,1,2000,0,0,0,0,0,0,0,0,0,0
483266,1,1,2000,0,21,24,32,9,28,31,0,0,13
483267,0,1,2000,5,0,0,0,0,0,0,0,0,0
483267,1,1,2000,0,19,0,0,23,0,0,0,0,0
483268,1,1,2000,0,0,0,0,0,0,0,0,0,0
483268,2,1,2000,11,0,0,0,0,0,0,0,0,0
483268,3,1,2000,0,0,0,0,0,13,0,0,0,0
483268,4,1,2000,11,0,0,30,0,0,0,0,9,14
490001,0,1,2000,0,0,0,0,0,0,0,0,0,0
490001,1,1,2000,0,0,0,0,0,0,0,0,0,0
490002,1,1,2000,0,0,0,0,0,0,0,0,0,0
490002,2,1,2000,1,1,1,1,1,1,1,1,1,1
490003,1,1,2000,0,0,0,0,0,0,0,0,0,0
490003,2,1,2000,0,0,0,0,0,0,9,0,0,0
490004,1,1,2000,20,20,20,20,20,20,20,20,20,20
490005,1,1,2000,0,0,0,0,0,0,0,0,0,0
490006,0,1,2000,0,0,0,0,0,0,0,0,0,0
490006,1,1,2000,0,0,0,0,0,0,0,0,0,0
490007,1,1,2000,14,0,0,0,0,0,22,5,0,0
490007,2,1,2000,0,0,0,0,0,0,0,0,0,0
490008,1,1,2000,3,3,3,3,3,3,3,3,3,3
490008,2,1,2000,0,0,0,0,0,0,0,0,0,0
490009,0,1,2000,0,0,0,0,0,0,0,0,0,0
490009,1,1,2000,0,0,0,0,0,0,0,0,0,0
490009,2,1,2000,0,0,0,0,0,0,0,0,0,0
490010,1,1,2000,0,0,0,0,0,0,0,0,0,0
490010,2,1,2000,0,0,0,0,0,0,0,0,0,0
490010,3,1,2000,0,0,0,0,0,0,0,0,0,0
490011,1,1,2000,0,0,0,0,0,0,0,0,0,0
490011,2,1,2000,0,0,0,0,0,0,0,0,0,0
490012,1,1,2000,0,0,0,0,0,0,0,0,0,0
490012,2,1,2000,0,0,0,0,0,0,0,0,0,0
490013,1,1,2000,7,7,7,7,7,7,7,7,7,7
490013,2,1,2000,0,0,0,0,0,0,0,0,0,0
490013,3,1,2000,0,0,0,0,0,0,0,0,0,0
490014,1,1,2000,36,36,36,36,36,36,36,36,36,36
490014,2,1,2000,2,2,2,2,2,2,2,2,2,2
490015,1,1,2000,0,0,0,0,0,0,0,0,0,0
490015,2,1,2000,0,0,0,0,0,0,0,0,0,0
490016,1,1,2000,0,0,0,0,0,0,0,0,0,0
490016,2,1,2000,0,0,0,0,0,0,0,0,0,0
490017,1,1,2000,0,0,0,0,0,0,0,0,0,0
490017,2,1,2000,0,0,0,0,0,0,0,0,0,0
490017,3,1,2000,0,0,0,0,0,6,0,0,0,0
490018,1,1,2000,0,0,0,0,0,0,0,0,0,0
490018,2,1,2000,0,0,0,0,0,0,0,0,0,0
490019,1,1,2000,0,0,0,0,0,0,0,0,0,0
490020,1,1,2000,0,0,0,0,0,0,0,0,0,0
490020,2,1,2000,0,0,0,0,0,0,0,0,0,0
490021,1,1,2000,0,0,0,0,0,0,0,0,0,0
490021,2,1,2000,0,0,0,0,0,0,0,0,0,0
490022,1,1,2000,0,0,0,0,0,0,0,0,0,0
490023,0,1,2000,0,0,0,0,0,0,0,0,0,0
490023,1,1,2000,0,0,0,0,0,0,0,0,0,0
490024,1,1,2000,0,0,0,0,0,0,0,0,0,0
490025,1,1,2000,0,0,0,0,0,0,0,0,0,0
490025,2,1,2000,0,0,0,0,0,0,0,0,0,0
490026,1,1,2000,0,0,0,0,0,0,0,0,0,0
490026,2,1,2000,0,0,0,0,0,0,0,0,0,0
490027,1,1,2000,0,0,0,0,0,0,0,0,0,0
490027,2,1,2000,0,0,0,0,0,0,0,0,0,0
490028,1,1,2000,17,17,17,17,17,17,17,17,17,17
490029,1,1,2000,0,0,0,0,0,0,0,0,0,0
490029,2,1,2000,0,0,0,0,0,0,0,0,0,0
490030,1,1,2000,0,0,0,0,0,0,0,0,0,0
490030,2,1,2000,0,0,0,0,0,0,0,0,0,0
490031,1,1,2000,13,13,13,13,13,13,13,13,13,13
490032,1,1,2000,0,0,0,0,0,0,0,0,0,0
490033,1,1,2000,0,0,0,0,0,10,0,0,0,0
490033,2,1,2000,0,0,0,0,0,0,0,0,0,0
490034,1,1,2000,0,0,0,0,0,0,0,0,0,11
490034,2,1,2000,0,0,0,0,0,0,0,0,0,0
490035,1,1,2000,30,16,0,0,0,0,0,0,18,0
490036,1,1,2000,22,22,22,22,22,22,22,22,22,22
490036,2,1,2000,0,0,0,0,0,0,0,0,0,0
490036,3,1,2000,0,0,0,0,0,0,0,0,0,0
490036,4,1,2000,0,0,0,0,0,0,0,0,0,0
490037,0,1,2000,13,13,13,13,13,13,13,13,13,13
490037,1,1,2000,0,0,0,0,0,0,0,0,0,0
490038,0,1,2000,0,0,0,0,0,0,0,0,0,0
490038,0,2,2000,0,0,0,0,0,0,0,0,0,0
490038,1,1,2000,0,0,0,0,0,0,0,0,0,0
490039,1,1,2000,0,0,0,0,0,0,0,0,0,0
490039,2,1,2000,0,0,0,0,0,0,0,0,0,0
490040,1,1,2000,0,0,0,0,0,0,0,0,0,0
490040,2,1,2000,0,0,0,0,0,0,0,0,0,0
490041,0,1,2000,0,0,0,0,0,0,0,0,0,0
490041,1,1,2000,0,0,0,0,0,0,0,0,0,0
490042,1,1,2000,0,0,0,0,0,0,0,0,0,0
490042,2,1,2000,0,0,0,0,0,0,0,0,0,0
490043,1,1,2000,0,0,0,0,7,0,0,0,10,0
490044,1,1,2000,28,28,28,28,28,28,28,28,28,28
490045,1,1,2000,21,21,21,21,21,21,21,21,21,21
490046,1,1,2000,0,0,0,0,0,0,0,0,0,0
490046,2,1,2000,0,0,0,0,0,0,0,0,0,0
490047,1,1,2000,0,0,0,0,0,0,0,0,0,0
490047,2,1,2000,0,0,0,0,0,0,0,0,0,0
490048,1,1,2000,0,0,0,0,0,0,0,0,0,0
490049,0,1,2000,0,0,0,0,0,0,0,0,0,0
490049,1,1,2000,0,0,0,0,0,0,0,9,0,0
490050,1,1,2000,11,11,11,11,11,11,11,11,11,11
490051,1,1,2000,13,13,13,13,13,13,13,13,13,13
490052,1,1,2000,0,6,0,0,0,0,0,0,0,0
490053,1,1,2000,0,0,0,0,0,0,0,0,0,9
490053,2,1,2000,0,0,0,0,0,0,0,0,0,0
490054,1,1,2000,0,23,6,0,12,0,0,0,0,0
490055,1,1,2000,0,0,0,0,0,7,0,0,11,0
490056,1,1,2000,0,0,0,0,0,0,0,0,7,0
490057,1,1,2000,0,0,0,0,0,0,0,0,0,0
490057,2,1,2000,0,0,0,0,0,0,0,0,0,0
490058,1,1,2000,0,20,0,10,0,0,0,0,11,0
490058,2,1,2000,0,0,0,0,0,0,0,0,0,0
490059,1,1,2000,0,0,0,0,0,0,0,0,0,0
490059,2,1,2000,0,0,0,0,0,0,0,0,0,0
490059,3,1,2000,0,0,0,0,0,0,0,0,0,0
490059,4,1,2000,0,0,0,0,0,0,0,0,0,0
490060,1,1,2000,0,0,0,0,0,0,0,0,0,0
490060,2,1,2000,0,0,0,0,0,0,8,0,0,0
490061,1,1,2000,0,0,0,0,0,0,0,0,0,0
490061,2,1,2000,0,0,0,0,0,0,0,0,0,0
490062,1,1,2000,0,0,0,0,0,0,0,0,0,0
490062,2,1,2000,0,0,0,0,0,0,0,0,0,0
490063,1,1,2000,5,5,5,5,5,5,5,5,5,5
490064,0,1,2000,30,30,30,30,30,30,30,30,30,30
490064,1,1,2000,0,0,0,0,0,0,0,0,0,0
490065,1,1,2000,0,0,0,0,0,0,0,0,0,0
490065,2,1,2000,0,0,0,0,0,0,0,0,0,0
490065,3,1,2000,0,0,0,0,0,0,0,0,0,0
490066,1,1,2000,0,0,0,0,0,0,0,0,0,0
490067,0,1,2000,0,0,0,0,0,0,0,0,0,0
490067,1,1,2000,0,0,0,0,0,0,0,0,0,0
490068,1,1,2000,8,8,8,8,8,8,8,8,8,8
490068,2,1,2000,0,0,0,0,0,0,0,0,0,0
490069,1,1,2000,0,0,0,0,0,0,0,0,0,0
490070,1,1,2000,0,0,0,0,0,0,0,0,0,19
490071,1,1,2000,0,0,0,0,0,0,0,0,0,0
490072,1,1,2000,12,12,12,12,12,12,12,12,12,12
490073,1,1,2000,0,0,0,0,0,0,0,0,0,0
490073,2,1,2000,0,0,0,0,0,0,0,0,0,0
490074,1,1,2000,9,0,0,0,0,0,11,0,19,0
490074,2,1,2000,0,0,0,0,19,0,0,0,21,15
490075,1,1,2000,31,0,15,19,23,15,21,0,0,0
490076,1,1,2000,0,0,0,0,0,0,0,0,0,0
490077,0,1,2000,29,36,25,0,0,21,0,0,0,5
490077,1,1,2000,0,0,0,0,0,0,0,0,0,0
490078,1,1,2000,0,0,0,19,0,0,0,0,0,0
490079,1,1,2000,0,0,0,8,0,0,0,0,0,0
490079,2,1,2000,0,0,0,0,0,0,0,0,0,0
490080,1,1,2000,0,0,0,0,14,0,0,0,0,0
490080,2,1,2000,0,0,0,0,0,0,0,0,0,0
490081,1,1,2000,0,0,0,0,0,0,0,0,0,0
490081,2,1,2000,0,0,0,0,0,0,0,0,0,0
490082,1,1,2000,11,11,11,11,11,11,11,11,11,11
490083,1,1,2000,0,0,0,0,0,0,0,0,0,0
490084,1,1,2000,1,1,1,1,1,1,1,1,1,1
490086,1,1,2000,0,0,0,0,0,10,0,26,0,0
490087,1,1,2000,5,5,5,5,5,5,5,5,5,5
490088,1,1,2000,26,26,26,26,26,26,26,26,26,26
490088,2,1,2000,0,0,0,0,0,0,0,0,0,0
490089,1,1,2000,0,0,0,0,0,0,0,0,0,0
490090,0,1,2000,0,0,0,0,0,0,0,0,0,0
490090,1,1,2000,0,0,0,10,0,0,0,0,0,0
490091,1,1,2000,0,0,0,0,0,0,0,0,0,0
490091,2,1,2000,0,0,0,0,0,0,0,0,0,0
490092,0,1,2000,0,0,0,0,0,0,0,0,0,0
490092,1,1,2000,0,0,0,0,0,0,0,0,0,0
490093,1,1,2000,22,22,22,22,22,22,22,22,22,22
490094,1,1,2000,18,18,18,18,18,18,18,18,18,18
490095,1,1,2000,0,0,0,0,0,0,0,0,0,0
490095,2,1,2000,0,0,0,0,0,0,0,0,0,0
490096,1,1,2000,23,23,23,23,23,23,23,23,23,23
490097,1,1,2000,0,0,0,0,0,0,0,13,0,0
490098,1,1,2000,0,0,23,0,0,0,0,0,0,5
490099,1,1,2000,11,17,0,19,0,0,0,12,0,0
490100,1,1,2000,0,0,0,0,0,0,0,0,0,0
490101,1,1,2000,0,0,0,0,0,0,0,0,0,0
490102,1,1,2000,0,0,0,0,0,0,0,0,0,0
490102,2,1,2000,0,0,0,0,0,0,14,0,0,0
490103,1,1,2000,14,14,14,14,14,14,14,14,14,14
490103,2,1,2000,0,0,0,0,0,0,0,0,0,0
490104,1,1,2000,0,0,0,0,0,0,0,0,0,0
490105,1,1,2000,0,0,0,0,0,0,0,0,0,0
490106,1,1,2000,0,0,0,0,0,0,0,0,0,0
490106,2,1,2000,0,0,0,0,2,0,0,0,0,0
490106,3,1,2000,0,0,0,0,0,0,0,0,0,0
490106,4,1,2000,0,0,0,0,0,0,0,0,0,0
490107,1,1,2000,0,0,0,0,0,0,0,0,0,0
490108,0,1,2000,25,0,0,0,26,0,12,0,0,13
490108,1,1,2000,0,0,0,0,0,0,0,0,0,0
490109,1,1,2000,0,15,0,0,0,0,0,0,0,0
490109,2,1,2000,0,0,0,0,0,0,0,0,0,0
490110,1,1,2000,0,0,0,0,0,0,0,0,0,0
490110,2,1,2000,0,0,0,0,0,0,0,0,0,0
490111,0,1,2000,0,0,12,0,26,0,0,0,0,0
490111,0,2,2000,0,0,0,0,0,0,0,0,0,0
490111,0,3,2000,0,0,0,0,0,0,0,0,0,0
490111,1,1,2000,0,0,0,0,0,0,0,0,0,0
490112,1,1,2000,0,0,0,0,0,0,0,0,2,0
490112,2,1,2000,0,0,0,0,0,0,0,0,0,0
490113,1,1,2000,0,0,13,0,0,0,0,0,0,0
490113,2,1,2000,12,12,12,12,12,12,12,12,12,12
490114,1,1,2000,0,0,0,0,0,0,0,0,0,0
490115,1,1,2000,29,29,29,29,29,29,29,29,29,29
490116,1,1,2000,6,6,6,6,6,6,6,6,6,6
490116,2,1,2000,0,0,0,0,0,0,0,0,0,0
490117,1,1,2000,0,0,0,0,0,0,0,0,0,0
490117,2,1,2000,0,0,0,0,0,0,0,0,0,0
490118,1,1,2000,0,0,0,0,0,0,0,0,0,0
490120,1,1,2000,24,24,24,24,24,24,24,24,24,24
490121,1,1,2000,7,0,0,0,0,0,0,0,0,0
490122,1,1,2000,0,0,0,0,0,0,0,0,0,0
490122,2,1,2000,0,0,0,0,0,0,0,0,0,0
490123,0,1,2000,0,0,0,0,0,0,0,0,0,0
490123,1,1,2000,0,0,0,0,0,0,0,0,0,0
490124,1,1,2000,0,0,0,0,0,0,0,0,0,0
490124,2,1,2000,0,0,0,0,0,0,0,0,0,0
490125,1,1,2000,0,0,0,0,0,0,0,0,0,0
490125,2,1,2000,0,0,0,0,0,0,0,0,0,0
490125,3,1,2000,0,0,0,23,0,0,0,0,0,19
490126,0,1,2000,0,0,0,0,0,0,0,0,0,0
490126,1,1,2000,0,0,0,0,0,0,0,0,0,0
490127,1,1,2000,9,9,9,9,9,9,9,9,9,9
490128,1,1,2000,0,0,0,0,0,0,0,0,0,0
490129,1,1,2000,0,0,0,0,0,0,0,0,0,0
490129,2,1,2000,0,0,0,0,0,0,0,0,0,0
490130,1,1,2000,0,0,0,0,0,0,0,0,0,0
490130,2,1,2000,0,0,0,0,0,0,0,0,0,0
490131,1,1,2000,0,0,0,0,0,0,0,0,0,0
490132,1,1,2000,0,0,0,0,0,0,0,0,0,0
490133,1,1,2000,0,0,0,0,0,0,0,0,0,0
490134,1,1,2000,0,0,0,0,0,0,0,0,0,0
490134,2,1,2000,0,0,0,0,0,0,0,0,0,0
490135,1,1,2000,17,17,17,17,17,17,17,17,17,17
490136,1,1,2000,16,16,16,16,16,16,16,16,16,16
490137,1,1,2000,20,20,20,20,20,20,20,20,20,20
490138,1,1,2000,0,0,0,0,0,0,0,0,0,0
490139,0,1,2000,0,0,0,0,0,0,0,0,0,0
490139,1,1,2000,0,0,0,0,0,0,0,0,0,0
490140,1,1,2000,5,5,0,0,0,0,0,0,0,0
490140,2,1,2000,0,0,0,0,0,15,0,0,0,0
490140,3,1,2000,0,0,0,0,0,0,0,0,0,0
490141,1,1,2000,0,0,0,0,0,0,0,0,0,0
490141,2,1,2000,0,0,0,0,0,0,0,0,0,0
490142,1,1,2000,0,0,0,0,0,0,0,0,0,0
490142,2,1,2000,0,0,0,0,0,0,0,0,0,0
490143,1,1,2000,10,10,10,10,10,10,10,10,10,10
490144,1,1,2000,0,0,0,0,0,0,0,0,0,0
490145,1,1,2000,0,0,0,0,0,0,0,0,0,0
490145,2,1,2000,0,0,0,0,0,0,0,0,0,0
490146,1,1,2000,0,0,0,36,0,9,0,0,6,28
490147,1,1,2000,0,0,0,0,0,0,0,0,0,0
490148,1,1,2000,0,0,0,0,0,0,0,0,3,0
490149,0,1,2000,0,0,0,0,0,0,0,0,0,0
490149,1,1,2000,0,0,0,0,0,0,0,0,0,0
490150,0,1,2000,0,0,0,0,0,0,0,0,0,0
490150,1,1,2000,0,0,0,0,0,0,0,0,0,0
490151,1,1,2000,0,0,0,0,0,0,0,0,0,0
490151,2,1,2000,0,0,0,0,0,0,13,0,0,0
490152,1,1,2000,0,0,0,0,0,0,0,0,0,0
490152,2,1,2000,0,0,0,0,0,0,0,0,0,0
490153,1,1,2000,0,0,0,0,0,0,0,0,0,0
490153,2,1,2000,0,0,0,0,0,0,0,0,0,0
490154,1,1,2000,0,0,0,0,0,0,0,0,0,0
490154,2,1,2000,0,0,0,0,0,0,0,0,0,0
490155,0,1,2000,0,0,0,0,0,0,0,0,0,0
490155,0,2,2000,0,22,0,0,0,0,0,0,0,0
490155,1,1,2000,0,0,0,0,0,0,0,0,0,13
490156,1,1,2000,12,12,12,12,12,12,12,12,12,12
490156,2,1,2000,0,0,0,0,0,0,0,0,0,0
490157,0,1,2000,0,0,0,0,0,0,0,0,6,0
490157,1,1,2000,0,0,0,0,0,0,0,0,0,0
490158,1,1,2000,18,18,18,18,18,18,18,18,18,18
490159,0,1,2000,0,0,0,0,0,0,0,0,0,0
490159,1,1,2000,0,0,0,0,0,0,0,0,0,0
490160,1,1,2000,0,0,0,0,0,0,26,0,0,0
490160,2,1,2000,0,0,0,0,0,0,0,0,0,0
490160,3,1,2000,0,0,0,0,0,0,0,0,0,0
490161,1,1,2000,0,0,0,0,0,0,0,0,0,0
490162,1,1,2000,0,0,0,0,0,0,0,0,0,0
490162,2,1,2000,0,0,0,0,0,0,0,0,0,0
490162,3,1,2000,0,0,0,0,0,0,0,0,0,0
490163,1,1,2000,15,15,15,15,15,15,15,15,15,15
490163,2,1,2000,0,0,0,0,0,0,0,0,0,0
490164,1,1,2000,0,0,0,0,0,0,0,0,0,0
490165,1,1,2000,16,16,16,16,16,16,16,16,16,16
490166,1,1,2000,0,0,0,27,0,0,0,0,0,0
490167,1,1,2000,0,0,0,22,0,0,0,0,0,0
490168,1,1,2000,0,0,0,0,0,0,0,0,0,0
490168,2,1,2000,0,0,0,0,0,0,0,21,0,0
490169,1,1,2000,0,0,0,0,0,0,0,0,0,0
490170,1,1,2000,13,13,13,13,13,13,13,13,13,13
490171,0,1,2000,21,21,21,21,21,21,21,21,21,21
490171,1,1,2000,0,0,0,0,0,0,0,0,0,0
490172,1,1,2000,0,0,0,0,0,0,0,0,0,0
490172,2,1,2000,10,0,0,0,0,0,0,0,0,0