ST_CASE,VEH_NO,PER_NO,YEAR,P1,P2,P3,P4,P5,P6,P7,P8,P9,P10
490173,1,1,2000,0,0,0,0,0,0,0,0,0,0
490173,2,1,2000,0,0,0,0,0,0,0,0,0,0
490174,1,1,2000,0,0,0,0,0,0,0,0,0,0
490174,2,1,2000,0,0,0,0,0,0,0,0,0,0
490174,3,1,2000,0,0,0,0,0,0,0,0,0,0
490174,4,1,2000,0,0,0,0,0,0,0,0,0,0
490175,1,1,2000,0,0,0,0,0,0,0,0,0,0
490176,1,1,2000,18,18,18,18,18,18,18,18,18,18
490177,1,1,2000,0,0,0,0,0,0,0,0,0,0
490177,2,1,2000,0,0,0,0,0,0,0,0,0,0
490178,1,1,2000,0,0,0,0,0,0,0,0,0,0
490179,1,1,2000,0,0,0,0,0,0,0,0,0,0
490180,1,1,2000,0,0,9,0,0,0,0,0,0,0
490181,1,1,2000,18,18,18,18,18,18,18,18,18,18
490182,1,1,2000,12,12,12,12,12,12,12,12,12,12
490182,2,1,2000,0,0,0,0,0,0,0,0,0,0
490183,1,1,2000,0,0,0,0,0,0,0,0,0,0
490184,1,1,2000,0,0,0,0,0,0,0,0,0,0
490184,2,1,2000,8,8,8,8,8,8,8,8,8,8
490185,1,1,2000,0,0,0,0,0,0,0,0,0,0
490185,2,1,2000,0,0,0,0,0,0,0,0,0,0
490186,1,1,2000,9,9,9,9,9,9,9,9,9,9
490186,2,1,2000,4,4,4,4,4,4,4,4,4,4
490187,1,1,2000,22,22,22,22,22,22,22,22,22,22
490188,1,1,2000,22,22,22,22,22,22,22,22,22,22
490189,1,1,2000,0,0,0,0,0,0,0,0,0,0
490190,1,1,2000,0,0,0,0,0,0,0,0,0,0
490190,2,1,2000,0,0,0,0,0,0,0,0,0,0
490191,1,1,2000,5,5,5,5,5,5,5,5,5,5
490191,2,1,2000,0,0,0,0,0,0,0,0,0,0
490192,1,1,2000,0,0,0,0,0,0,0,0,0,0
490192,2,1,2000,0,0,0,0,0,0,0,0,0,0
490193,1,1,2000,0,0,0,0,0,0,0,0,0,0
490194,1,1,2000,0,0,0,28,0,0,0,0,13,0
490195,1,1,2000,22,22,22,22,22,22,22,22,22,22
490197,1,1,2000,0,0,0,0,0,0,0,0,0,0
490198,1,1,2000,0,0,0,14,0,0,0,0,0,0
490199,1,1,2000,0,0,0,0,0,0,0,0,0,0
490200,1,1,2000,0,0,0,0,0,0,0,0,0,0
490201,1,1,2000,0,0,0,0,0,0,0,21,10,0
490202,1,1,2000,0,0,0,0,0,0,0,0,0,0
490203,1,1,2000,0,0,4,0,17,0,0,0,0,0
490204,0,1,2000,0,0,0,0,0,0,0,0,0,0
490204,0,2,2000,0,0,0,0,0,0,0,0,0,0
490204,1,1,2000,0,0,0,0,0,0,0,0,0,0
490205,1,1,2000,0,0,17,14,0,0,0,17,0,0
490206,1,1,2000,0,0,0,0,11,0,0,0,0,0
490206,2,1,2000,0,0,0,0,0,0,0,0,17,0
490207,1,1,2000,0,0,0,0,0,0,0,0,0,0
490208,1,1,2000,0,0,0,0,0,0,0,0,0,0
490209,1,1,2000,0,0,0,0,0,0,0,0,0,0
490209,2,1,2000,0,0,0,0,0,0,0,0,0,0
490209,3,1,2000,0,0,0,0,0,0,0,0,0,0
490210,1,1,2000,0,0,0,0,0,0,0,0,0,0
490211,1,1,2000,0,0,0,0,7,20,0,0,0,15
490211,2,1,2000,0,0,0,0,0,0,0,0,0,0
490212,1,1,2000,0,0,33,27,6,16,19,0,20,13
490213,1,1,2000,0,0,0,0,0,0,0,0,0,0
490214,1,1,2000,17,17,17,17,17,17,17,17,17,17
490215,1,1,2000,0,0,0,0,0,0,0,0,0,0
490216,0,1,2000,0,0,0,0,0,0,0,0,0,0
490216,1,1,2000,0,0,0,0,0,0,0,0,0,0
490217,1,1,2000,0,0,0,0,0,0,0,0,0,0
490218,1,1,2000,1,1,1,1,1,1,1,1,1,1
490219,1,1,2000,0,0,19,0,0,0,0,0,0,0
490219,2,1,2000,0,0,0,0,0,0,0,15,0,0
490220,1,1,2000,10,10,10,10,10,10,10,10,10,10
490221,1,1,2000,0,0,0,0,0,0,0,0,13,0
490221,2,1,2000,0,0,0,0,0,0,0,0,0,0
490222,1,1,2000,0,7,21,0,0,0,0,0,0,14
490223,1,1,2000,0,0,0,0,0,0,0,0,0,0
490223,2,1,2000,0,0,0,0,0,0,0,0,0,0
490224,1,1,2000,33,33,33,33,33,33,33,33,33,33
490225,1,1,2000,18,0,0,0,0,16,0,0,10,0
490225,2,1,2000,0,0,0,0,0,0,0,0,0,0
490226,1,1,2000,0,0,0,0,0,0,0,0,0,0
490227,1,1,2000,0,0,0,0,0,0,0,0,0,0
490227,2,1,2000,0,9,0,0,0,0,0,0,0,0
490228,0,1,2000,0,0,0,21,0,7,0,0,12,0
490228,1,1,2000,0,0,0,0,0,0,0,0,0,0
490229,1,1,2000,0,0,0,0,0,0,0,0,0,0
490230,1,1,2000,0,0,0,0,0,0,0,0,0,0
490231,1,1,2000,0,13,0,0,0,0,0,0,0,0
490232,1,1,2000,10,10,10,10,10,10,10,10,10,10
490233,1,1,2000,0,0,0,0,0,0,0,0,0,0
490234,1,1,2000,0,0,0,0,0,0,0,0,0,34
490234,2,1,2000,0,0,0,0,0,0,0,0,0,0
490235,0,1,2000,0,0,0,0,0,0,0,0,0,0
490235,0,2,2000,0,0,0,0,0,0,0,0,0,0
490235,1,1,2000,0,0,0,0,0,0,0,0,0,0
490236,1,1,2000,0,0,0,0,0,0,0,0,0,0
490237,0,1,2000,31,0,22,0,0,0,0,0,0,0
490237,1,1,2000,4,4,4,4,4,4,4,4,4,4
490238,0,1,2000,0,27,0,0,14,0,0,0,0,0
490238,1,1,2000,0,0,0,0,0,0,0,0,0,0
490239,1,1,2000,0,0,0,0,0,0,0,0,0,0
490240,1,1,2000,0,0,0,0,0,0,0,0,0,0
490240,2,1,2000,0,0,0,0,0,0,0,14,0,0
490241,1,1,2000,0,0,0,0,0,0,0,0,0,0
490242,1,1,2000,0,0,0,0,0,0,0,0,0,0
490243,1,1,2000,0,0,0,0,0,0,0,0,0,0
490244,1,1,2000,0,0,0,0,0,0,0,0,0,0
490245,1,1,2000,9,9,9,9,9,9,9,9,9,9
490246,1,1,2000,8,8,8,8,8,8,8,8,8,8
490247,1,1,2000,0,0,0,0,0,0,0,0,0,0
490248,1,1,2000,0,0,0,0,0,0,0,0,0,0
490249,0,1,2000,0,0,0,0,0,0,0,0,0,0
490249,0,2,2000,0,0,0,0,0,0,0,0,0,0
490249,1,1,2000,0,0,0,0,0,0,0,0,0,0
490250,1,1,2000,0,0,0,0,0,0,0,0,0,0
490251,1,1,2000,0,0,0,0,0,0,0,0,0,0
490252,1,1,2000,0,0,0,0,0,0,10,0,0,0
490253,1,1,2000,0,12,0,0,0,0,0,0,0,0
490254,1,1,2000,0,0,0,0,0,0,0,0,0,0
490255,1,1,2000,0,0,0,0,0,0,0,0,0,0
490256,0,1,2000,0,0,0,28,18,0,33,0,0,0
490256,1,1,2000,0,0,5,0,0,0,17,0,0,0
490257,1,1,2000,0,0,0,0,0,0,0,0,0,0
490258,1,1,2000,0,0,0,0,0,0,0,0,0,0
490260,1,1,2000,3,3,3,3,3,3,3,3,3,3
490261,1,1,2000,9,0,22,14,13,13,0,15,0,6
490262,1,1,2000,0,0,0,0,0,0,0,0,0,0
490263,1,1,2000,0,0,0,0,0,0,0,0,0,0
490264,0,1,2000,0,0,0,0,0,0,0,0,0,0
490264,1,1,2000,0,0,0,0,0,0,0,0,0,0
490265,1,1,2000,0,7,0,0,0,0,0,0,0,0
490265,2,1,2000,0,0,0,0,0,0,0,0,0,0
490266,1,1,2000,0,0,0,0,0,0,0,0,0,0
490267,1,1,2000,0,0,0,0,0,0,0,0,0,0
490268,1,1,2000,18,18,18,18,18,18,18,18,18,18
490268,2,1,2000,0,0,0,0,0,0,0,0,0,0
490269,1,1,2000,0,0,0,0,0,0,0,0,0,0
490270,0,1,2000,22,22,22,22,22,22,22,22,22,22
490270,1,1,2000,0,0,0,0,0,0,0,0,0,0
490271,1,1,2000,0,0,0,0,0,0,0,0,0,0
490272,1,1,2000,0,0,0,0,0,0,0,0,0,0
490273,1,1,2000,0,0,0,0,0,0,0,0,0,0
490273,2,1,2000,0,0,0,0,0,0,0,0,0,0
490274,1,1,2000,0,0,0,0,0,0,0,0,0,0
490274,2,1,2000,0,0,0,0,0,0,0,0,0,0
490274,3,1,2000,4,0,0,0,0,0,0,0,0,0
490275,1,1,2000,0,0,0,0,0,0,0,0,0,0
490275,2,1,2000,0,0,0,0,0,0,0,0,0,0
490276,1,1,2000,0,0,0,0,0,0,0,0,0,0
490276,2,1,2000,0,0,0,0,0,0,0,0,0,0
490277,1,1,2000,0,0,0,0,0,0,0,0,0,0
490277,2,1,2000,0,0,0,0,0,0,15,0,0,0
490278,1,1,2000,19,19,19,19,19,19,19,19,19,19
490278,2,1,2000,0,0,0,0,0,0,0,0,0,0
490279,1,1,2000,27,27,27,27,27,27,27,27,27,27
490280,1,1,2000,0,0,0,0,0,0,0,0,0,0
490280,2,1,2000,0,0,0,0,0,0,0,11,0,8
490281,0,1,2000,0,0,0,35,0,0,0,0,0,0
490281,0,2,2000,0,0,0,0,0,0,0,0,0,0
490281,1,1,2000,0,0,0,0,0,0,0,0,0,0
490282,1,1,2000,0,0,0,0,0,0,0,0,0,0
490283,1,1,2000,0,0,0,0,0,0,0,0,0,0
490283,2,1,2000,0,0,0,0,0,0,0,0,0,0
490284,0,1,2000,14,0,0,0,0,0,0,0,26,0
490284,1,1,2000,14,14,14,14,14,14,14,14,14,14
490285,1,1,2000,0,0,0,0,0,0,0,0,0,0
490285,2,1,2000,16,0,0,0,0,0,0,0,0,0
490286,1,1,2000,9,9,9,9,9,9,9,9,9,9
490286,2,1,2000,0,0,15,0,0,0,0,0,0,0
490287,1,1,2000,0,0,0,0,0,0,0,0,0,0
490287,2,1,2000,0,0,0,0,0,0,0,0,0,0
490288,1,1,2000,0,0,0,0,0,0,0,0,0,0
490288,2,1,2000,0,0,0,0,0,0,0,0,0,0
490289,1,1,2000,9,9,9,9,9,9,9,9,9,9
490289,2,1,2000,6,6,6,6,6,6,6,6,6,6
490291,1,1,2000,15,34,0,0,0,0,17,0,13,0
490292,1,1,2000,0,0,0,0,0,0,0,0,0,0
490292,2,1,2000,0,0,0,0,0,0,0,0,0,0
490293,1,1,2000,14,14,14,14,14,14,14,14,14,14
490293,2,1,2000,0,0,0,4,6,0,0,0,8,0
490294,1,1,2000,0,0,0,0,12,0,0,0,0,15
490294,2,1,2000,0,0,0,0,0,0,0,0,0,0
490295,1,1,2000,0,0,0,0,0,0,0,0,0,0
490296,1,1,2000,0,0,0,0,0,0,0,0,0,0
490296,2,1,2000,0,0,0,0,0,0,0,0,0,0
490297,1,1,2000,6,25,13,6,2,22,13,23,16,18
490297,2,1,2000,0,0,0,0,0,0,0,0,0,0
490298,0,1,2000,0,0,0,0,0,0,19,0,0,14
490298,1,1,2000,11,20,0,0,0,0,0,0,0,0
490299,1,1,2000,18,18,18,18,18,18,18,18,18,18
490300,0,1,2000,0,0,0,0,0,0,0,0,0,0
490300,1,1,2000,0,0,0,0,0,0,0,0,0,0
490301,1,1,2000,19,19,19,19,19,19,19,19,19,19
490303,1,1,2000,14,14,14,14,14,14,14,14,14,14
490304,1,1,2000,19,19,19,19,19,19,19,19,19,19
490304,2,1,2000,24,17,0,0,0,0,14,0,0,0
490306,1,1,2000,0,5,0,0,12,0,0,0,0,0
490307,1,1,2000,0,0,0,0,0,0,0,0,0,0
490307,2,1,2000,0,0,0,0,0,0,0,0,0,0
490308,1,1,2000,0,0,0,0,0,0,0,0,0,0
490308,2,1,2000,0,0,0,0,0,0,0,0,0,0
490309,1,1,2000,0,0,0,0,0,0,0,13,0,0
490309,2,1,2000,12,0,0,0,0,0,0,0,0,0
490310,1,1,2000,0,0,0,0,0,0,0,0,0,0
490311,1,1,2000,0,0,0,0,0,0,0,0,0,0
490311,2,1,2000,0,0,0,0,0,0,0,0,0,0
490312,1,1,2000,0,12,0,0,0,0,0,5,8,0
490312,2,1,2000,0,0,0,0,0,0,0,0,0,0
490313,1,1,2000,16,16,16,16,16,16,16,16,16,16
490313,2,1,2000,0,0,0,0,0,0,0,0,0,0
490314,1,1,2000,0,0,0,0,0,0,0,0,0,0
490314,2,1,2000,0,0,0,0,0,0,0,0,0,0
490315,1,1,2000,21,14,0,0,0,0,0,0,0,0
490316,1,1,2000,0,0,0,0,0,0,0,0,0,0
490316,2,1,2000,0,0,0,0,0,0,0,0,0,0
490316,3,1,2000,0,0,0,0,0,0,0,0,0,0
490316,4,1,2000,0,0,0,0,0,0,0,0,0,0
490317,1,1,2000,0,0,0,0,0,0,0,0,0,0
490317,2,1,2000,0,0,0,0,0,0,0,0,0,0
490318,1,1,2000,0,0,0,0,0,0,0,0,0,0
490318,2,1,2000,0,0,0,0,0,20,0,0,0,0
490319,1,1,2000,0,0,0,0,0,0,0,0,0,0
490319,2,1,2000,0,0,0,0,0,0,0,0,0,0
490320,0,1,2000,14,14,14,14,14,14,14,14,14,14
490320,1,1,2000,0,0,9,0,0,0,0,0,0,0
490321,1,1,2000,19,19,19,19,19,19,19,19,19,19
490322,1,1,2000,0,0,0,0,0,0,0,0,0,0
490323,1,1,2000,14,14,14,14,14,14,14,14,14,14
490323,2,1,2000,0,0,0,0,0,0,0,0,0,0
490324,1,1,2000,14,14,14,14,14,14,14,14,14,14
490325,1,1,2000,0,0,0,0,0,0,0,0,0,0
490325,2,1,2000,0,0,0,0,0,0,0,0,0,0
500001,1,1,2000,14,14,14,14,14,14,14,14,14,14
500002,1,1,2000,0,0,0,0,0,0,0,0,0,0
500003,1,1,2000,0,0,0,0,0,0,0,0,0,0
500003,2,1,2000,0,0,0,0,0,0,0,0,0,0
500004,1,1,2000,16,16,16,16,16,16,16,16,16,16
500005,1,1,2000,0,0,0,0,0,0,0,0,0,0
500005,2,1,2000,0,0,0,0,0,0,0,0,0,0
500006,1,1,2000,0,0,0,0,0,0,0,0,0,0
500006,2,1,2000,0,0,0,0,0,0,0,0,0,0
500007,1,1,2000,15,15,15,15,15,15,15,15,15,15
500008,1,1,2000,0,0,0,0,0,0,0,0,0,0
500009,1,1,2000,0,0,0,0,0,0,0,0,0,0
500009,2,1,2000,0,0,0,0,0,0,0,0,0,0
500010,1,1,2000,23,23,23,23,23,23,23,23,23,23
500011,1,1,2000,0,0,0,0,0,0,0,0,0,0
500011,2,1,2000,0,0,0,0,0,0,0,0,0,0
500011,3,1,2000,0,0,0,0,0,0,0,0,0,0
500012,1,1,2000,0,0,0,0,0,0,0,0,0,0
500013,0,1,2000,0,0,0,0,0,0,0,0,0,0
500013,1,1,2000,0,0,0,0,0,0,0,0,0,0
500014,1,1,2000,0,14,0,0,0,0,0,0,0,0
500015,1,1,2000,12,12,12,12,12,12,12,12,12,12
500017,1,1,2000,0,0,0,0,0,0,0,0,0,0
500018,0,1,2000,0,0,0,0,0,4,0,0,0,0
500018,1,1,2000,0,0,0,0,0,0,0,0,0,0
500019,1,1,2000,0,0,0,0,0,0,0,0,0,0
500019,2,1,2000,0,0,0,0,11,0,0,0,0,0
500020,0,1,2000,26,26,26,26,26,26,26,26,26,26
500020,1,1,2000,0,0,0,0,0,0,0,0,0,0
500021,1,1,2000,15,15,15,15,15,15,15,15,15,15
500022,1,1,2000,17,10,0,0,9,0,0,0,0,0
500023,1,1,2000,16,16,16,16,16,16,16,16,16,16
500024,1,1,2000,0,0,0,0,0,0,0,0,0,0
500025,1,1,2000,18,18,18,18,18,18,18,18,18,18
500026,1,1,2000,0,0,0,0,0,0,0,0,0,0
500026,2,1,2000,0,0,0,0,0,0,0,0,0,0
500027,1,1,2000,0,0,0,0,0,0,0,0,0,0
500027,2,1,2000,0,0,0,0,0,0,0,0,0,0
500028,1,1,2000,12,12,12,12,12,12,12,12,12,12
500029,1,1,2000,0,0,6,0,0,0,0,0,0,0
500030,1,1,2000,0,0,0,0,0,0,0,0,0,0
500031,1,1,2000,0,0,0,0,0,0,0,0,0,0
500031,2,1,2000,0,0,0,0,0,0,0,0,0,0
500032,1,1,2000,0,0,0,0,0,0,0,0,0,0
500033,1,1,2000,17,17,17,17,17,17,17,17,17,17
500034,1,1,2000,0,0,0,0,0,0,0,0,0,0
500035,1,1,2000,11,11,11,11,11,11,11,11,11,11
500036,0,1,2000,0,0,0,20,0,0,0,0,0,0
500036,1,1,2000,0,0,0,0,0,0,0,0,0,0
500037,1,1,2000,0,0,0,0,0,0,0,0,0,0
500038,1,1,2000,0,0,0,0,0,0,0,0,0,0
500039,1,1,2000,9,9,9,9,9,9,9,9,9,9
500039,2,1,2000,0,0,0,0,0,0,0,0,0,0
500040,1,1,2000,19,19,19,19,19,19,19,19,19,19
500041,1,1,2000,26,26,26,26,26,26,26,26,26,26
500042,1,1,2000,23,23,23,23,23,23,23,23,23,23
500043,1,1,2000,0,0,0,0,0,0,0,0,0,0
500044,1,1,2000,18,18,18,18,18,18,18,18,18,18
500045,1,1,2000,0,0,0,0,0,0,7,0,0,0
500046,1,1,2000,0,0,0,0,0,0,0,0,0,0
500047,1,1,2000,0,0,0,0,0,0,0,0,0,0
500048,1,1,2000,26,26,26,26,26,26,26,26,26,26
500049,1,1,2000,0,0,0,0,0,0,0,0,0,0
500049,2,1,2000,0,0,0,0,0,0,0,0,0,0
500050,0,1,2000,13,13,13,13,13,13,13,13,13,13
500050,1,1,2000,0,0,0,0,0,0,0,0,0,0
500051,1,1,2000,0,0,0,0,0,0,0,0,0,0
500051,2,1,2000,0,0,0,0,0,0,0,0,0,0
500052,1,1,2000,0,12,11,32,20,0,28,16,21,0
500053,1,1,2000,0,0,0,0,0,0,0,0,0,0
500054,1,1,2000,0,0,0,0,0,0,0,0,0,0
500055,1,1,2000,28,28,28,28,28,28,28,28,28,28
500056,1,1,2000,0,0,0,0,0,0,0,0,0,0
500057,1,1,2000,7,7,7,7,7,7,7,7,7,7
500058,1,1,2000,0,0,0,0,0,0,0,0,0,0
500059,1,1,2000,0,0,0,0,0,0,0,0,0,0
500060,1,1,2000,34,34,34,34,34,34,34,34,34,34
500060,2,1,2000,0,0,0,0,0,0,0,0,0,0
500061,0,1,2000,0,0,0,0,0,0,0,0,0,0
500061,1,1,2000,0,0,0,0,0,0,0,0,0,0
500063,1,1,2000,23,23,23,23,23,23,23,23,23,23
500064,0,1,2000,0,0,0,0,0,13,0,0,0,0
500064,2,1,2000,0,0,0,0,0,0,0,0,0,0
500065,1,1,2000,0,0,0,0,0,0,9,0,0,0
500065,2,1,2000,0,0,0,0,0,0,0,0,0,0
500066,1,1,2000,16,16,16,16,16,16,16,16,16,16
500067,1,1,2000,15,15,15,15,15,15,15,15,15,15
500068,1,1,2000,0,0,0,0,0,0,0,0,0,0
500068,2,1,2000,0,0,0,0,0,0,0,0,0,0
500069,1,1,2000,21,21,21,21,21,21,21,21,21,21
500069,2,1,2000,0,0,0,0,0,0,0,0,0,0
500070,1,1,2000,0,0,0,0,0,0,0,0,0,0
500070,2,1,2000,0,0,0,0,0,0,0,0,0,0
500071,1,1,2000,1,1,1,1,1,1,1,1,1,1
500071,2,1,2000,0,0,0,0,0,0,0,0,0,0
500072,1,1,2000,19,19,19,19,19,19,19,19,19,19
500073,1,1,2000,11,11,11,11,11,11,11,11,11,11
500074,1,1,2000,0,0,0,0,0,0,0,0,0,0
500075,1,1,2000,6,6,6,6,6,6,6,6,6,6
510001,0,1,2000,0,0,0,0,0,0,0,0,0,0
510001,1,1,2000,0,0,10,0,0,10,0,0,3,0
510002,1,1,2000,14,23,9,26,8,34,18,12,19,20
510003,1,1,2000,16,16,16,16,16,16,16,16,16,16
510004,1,1,2000,0,0,0,0,0,0,0,0,0,0
510005,1,1,2000,0,0,0,0,0,0,0,0,0,0
510005,2,1,2000,0,0,0,0,0,0,0,0,0,0
510005,3,1,2000,0,0,0,0,12,0,0,0,0,8
510006,1,1,2000,0,0,0,0,0,0,0,0,0,0
510006,2,1,2000,10,0,0,0,0,0,12,0,0,6
510007,1,1,2000,0,0,0,0,0,0,0,0,0,0
510007,2,1,2000,0,0,0,0,0,0,0,0,0,0
510008,1,1,2000,0,0,0,0,0,0,0,0,0,0
510009,1,2,2000,15,0,0,0,0,30,0,0,7,28
510010,1,1,2000,0,0,0,0,0,0,0,0,0,0
510010,2,1,2000,0,0,0,0,0,0,0,0,0,0
510011,1,1,2000,0,0,0,0,0,0,0,0,0,0
510011,2,1,2000,13,13,13,13,13,13,13,13,13,13
510012,1,1,2000,0,0,0,0,0,0,0,0,0,0
510013,1,1,2000,0,0,0,0,0,0,0,0,0,0
510013,2,1,2000,0,0,0,0,0,0,3,0,0,0
510013,3,1,2000,0,0,0,0,0,0,0,0,0,0
510014,1,1,2000,0,0,0,0,0,0,0,0,0,0
510015,1,1,2000,0,0,0,0,0,0,0,0,0,0
510016,1,1,2000,16,16,16,16,16,16,16,16,16,16
510016,2,1,2000,0,0,0,0,0,0,0,0,0,0
510017,1,1,2000,0,0,0,0,0,0,0,0,0,0
510018,1,1,2000,19,13,18,12,1,26,13,17,6,14
510018,2,1,2000,0,0,0,0,0,0,0,0,0,0
510019,1,1,2000,22,22,22,22,22,22,22,22,22,22
510020,1,1,2000,10,12,22,10,8,14,10,15,25,21
510021,1,1,2000,0,0,0,0,0,0,0,0,0,0
510022,1,1,2000,0,0,0,0,0,0,0,0,0,0
510023,1,1,2000,0,0,0,0,0,0,0,0,0,0
510024,1,1,2000,0,0,0,0,0,0,0,0,0,0
510024,2,1,2000,0,0,0,0,0,0,0,0,0,0
510025,1,1,2000,15,18,24,18,16,5,28,28,25,24
510026,1,1,2000,0,0,0,0,0,0,0,0,0,0
510027,1,1,2000,20,26,7,11,7,0,12,0,6,12
510028,0,1,2000,0,0,0,0,0,0,0,0,0,0
510028,1,1,2000,0,10,0,0,0,0,0,0,0,0
510028,2,1,2000,0,0,0,0,0,0,0,0,0,0
510029,1,1,2000,0,0,0,0,0,0,0,0,0,0
510030,1,1,2000,8,8,8,8,8,8,8,8,8,8
510031,1,1,2000,3,0,0,14,0,0,21,11,0,0
510031,2,1,2000,0,0,0,0,0,0,0,0,0,0
510032,1,1,2000,0,0,0,0,0,0,13,0,0,0
510032,2,1,2000,0,0,0,0,0,0,0,0,0,0
510033,0,1,2000,0,0,0,0,0,0,0,0,0,0
510033,1,1,2000,20,16,14,0,15,0,16,0,0,0
510034,1,1,2000,17,17,17,17,17,17,17,17,17,17
510035,1,1,2000,0,0,0,0,0,0,0,0,0,0
510035,2,1,2000,0,0,0,0,0,0,0,0,0,0
510036,1,1,2000,0,0,0,0,0,0,0,0,0,0
510036,2,1,2000,16,11,0,0,0,0,0,0,0,0
510037,1,1,2000,0,0,0,0,0,0,0,0,0,0
510038,1,1,2000,0,0,0,0,0,0,0,0,0,0
510039,1,1,2000,0,0,0,0,0,0,0,0,0,0
510039,2,1,2000,0,0,0,0,0,0,0,0,0,0
510039,3,1,2000,0,0,0,0,0,0,0,4,0,0
510039,4,1,2000,0,0,0,0,0,0,0,0,0,0
510039,5,1,2000,0,0,0,0,0,0,11,0,0,0
510040,1,1,2000,0,0,0,0,0,0,0,0,0,0
510040,2,1,2000,0,0,0,0,0,0,0,0,0,0
510041,1,1,2000,0,0,0,0,0,0,0,0,0,0
510041,2,1,2000,12,0,0,0,0,0,0,0,0,0
510042,1,1,2000,0,0,0,0,0,0,0,0,0,0
510042,2,1,2000,0,0,0,0,0,0,0,0,0,0
510043,1,1,2000,10,0,0,9,0,0,27,0,0,6
510044,1,1,2000,10,10,10,10,10,10,10,10,10,10
510045,1,1,2000,0,0,0,0,0,0,0,0,0,0
510046,0,1,2000,27,27,27,27,27,27,27,27,27,27
510046,1,1,2000,12,0,0,0,26,0,0,0,17,16
510047,1,1,2000,0,0,0,0,0,0,0,0,0,0
510048,1,1,2000,3,3,3,3,3,3,3,3,3,3
510048,2,1,2000,0,0,0,0,0,0,0,0,0,0
510049,1,1,2000,0,0,0,0,0,0,0,0,0,0
510049,2,1,2000,0,0,0,0,0,0,0,0,0,0
510050,1,1,2000,39,39,39,39,39,39,39,39,39,39
510051,1,1,2000,0,0,0,0,0,0,0,0,0,0
510051,2,1,2000,0,0,0,0,0,0,0,0,0,0
510052,1,1,2000,0,0,0,0,0,0,0,0,0,0
510052,2,1,2000,0,0,0,0,0,0,0,20,0,0
510053,0,1,2000,20,22,11,11,10,38,7,24,12,13
510053,1,1,2000,0,0,0,0,0,16,0,0,0,0
510054,1,1,2000,0,0,0,0,0,0,0,0,0,0
510054,2,1,2000,0,0,0,0,0,0,0,0,0,0
510055,1,1,2000,0,0,0,0,0,0,0,36,0,0
510055,2,1,2000,0,0,0,0,0,0,0,0,0,0
510056,1,1,2000,16,16,16,16,16,16,16,16,16,16
510056,2,1,2000,0,0,0,0,0,0,0,0,0,0
510057,1,1,2000,0,0,0,0,0,0,0,0,0,0
510057,2,1,2000,0,0,0,0,0,0,0,0,0,0
510057,3,1,2000,0,0,0,0,0,0,0,0,0,0
510057,4,1,2000,0,0,0,0,0,0,0,0,0,0
510057,5,1,2000,0,0,0,0,0,0,0,0,0,0
510058,1,1,2000,11,0,0,0,0,0,0,0,0,0
510058,2,1,2000,0,0,0,0,0,0,0,0,0,0
510059,1,1,2000,22,22,22,22,22,22,22,22,22,22
510059,2,1,2000,0,21,0,0,0,0,5,0,0,0
510060,1,1,2000,23,23,23,23,23,23,23,23,23,23
510061,0,1,2000,22,22,22,22,22,22,22,22,22,22
510061,1,1,2000,0,0,5,0,0,0,21,0,0,6
510062,1,1,2000,35,35,35,35,35,35,35,35,35,35
510063,1,1,2000,0,0,0,0,0,0,0,0,0,0
510063,2,1,2000,0,0,0,0,0,0,0,0,0,0
510064,1,1,2000,0,0,0,0,0,0,0,0,0,0
510065,1,1,2000,0,0,0,0,0,0,0,0,0,0
510066,1,1,2000,22,4,0,6,15,10,14,11,14,3
510066,2,1,2000,0,0,0,0,0,0,0,0,0,0
510067,0,1,2000,0,0,0,0,0,0,0,0,0,0
510067,1,1,2000,0,0,0,0,0,0,0,6,0,0
510068,1,1,2000,14,0,0,0,0,0,0,0,0,0
510069,1,1,2000,0,0,0,0,0,0,0,0,0,0
510069,2,1,2000,0,0,0,0,0,0,0,0,0,0
510070,1,1,2000,0,0,0,0,0,0,0,0,0,0
510070,2,1,2000,0,0,0,0,0,0,0,0,0,0
510071,1,1,2000,0,0,0,0,0,0,0,0,0,0
510072,1,1,2000,0,0,0,0,5,0,0,0,0,0
510072,2,1,2000,0,0,0,0,0,0,0,0,0,0
510073,1,1,2000,0,0,0,0,0,0,0,0,0,0
510073,2,1,2000,0,0,0,0,0,0,0,0,0,0
510074,1,1,2000,18,18,18,18,18,18,18,18,18,18
510075,1,1,2000,0,0,0,0,0,0,0,0,0,0
510075,2,1,2000,0,0,0,0,0,0,0,0,0,0
510076,1,1,2000,7,7,7,7,7,7,7,7,7,7
510077,1,1,2000,0,0,0,0,0,0,0,0,0,0
510078,0,1,2000,20,20,20,20,20,20,20,20,20,20
510078,1,1,2000,9,16,20,11,13,4,14,14,13,8
510079,1,1,2000,7,7,7,7,7,7,7,7,7,7
510080,1,1,2000,0,0,0,0,0,0,0,0,0,0
510081,0,1,2000,0,0,0,0,0,0,0,0,0,0
510081,1,1,2000,0,0,0,13,0,0,0,0,4,0
510082,1,1,2000,0,0,0,0,0,0,0,0,0,0
510082,2,1,2000,0,0,0,0,0,0,0,0,0,0
510083,1,1,2000,0,0,0,0,0,0,0,0,0,0
510083,2,1,2000,0,0,0,0,0,0,0,0,0,0
510083,3,1,2000,15,7,2,19,27,8,0,0,8,10
510084,1,1,2000,0,0,0,0,7,0,0,0,0,13