ST_CASE,VEH_NO,PER_NO,YEAR,P1,P2,P3,P4,P5,P6,P7,P8,P9,P10
510085,1,1,2000,0,0,6,0,0,0,0,0,0,0
510085,2,1,2000,0,0,0,0,0,0,0,0,0,0
510086,1,1,2000,28,28,28,28,28,28,28,28,28,28
510087,0,1,2000,3,3,3,3,3,3,3,3,3,3
510087,1,1,2000,0,0,0,0,0,0,0,13,0,0
510088,1,1,2000,0,0,0,0,0,0,0,0,0,0
510089,0,1,2000,19,19,19,19,19,19,19,19,19,19
510089,1,1,2000,0,0,0,0,0,15,0,0,0,0
510090,1,1,2000,18,18,12,0,20,0,14,17,33,2
510091,1,1,2000,9,9,9,9,9,9,9,9,9,9
510092,1,1,2000,19,23,16,10,0,20,21,10,17,22
510092,2,1,2000,0,0,0,0,0,0,0,0,0,0
510093,1,1,2000,5,5,5,5,5,5,5,5,5,5
510093,2,1,2000,0,0,0,0,0,0,0,0,0,10
510094,1,1,2000,0,0,0,0,0,0,0,0,0,0
510095,1,1,2000,12,26,14,22,20,21,8,28,18,13
510096,1,1,2000,7,21,24,15,12,6,0,29,13,10
510097,1,1,2000,17,17,17,17,17,17,17,17,17,17
510097,2,1,2000,0,0,0,0,0,0,0,0,0,0
510098,1,1,2000,37,18,18,0,17,0,19,15,8,25
510099,0,1,2000,0,24,0,0,0,0,25,0,0,0
510099,1,1,2000,0,0,0,0,0,0,0,0,0,0
510100,1,1,2000,0,0,0,0,0,0,0,0,0,0
510101,1,1,2000,0,0,0,0,0,0,0,0,0,0
510101,2,1,2000,6,6,6,6,6,6,6,6,6,6
510102,1,1,2000,0,0,14,0,14,0,0,20,0,0
510102,2,1,2000,0,0,0,0,0,0,0,0,0,0
510103,1,1,2000,0,0,0,0,0,0,0,0,0,0
510104,1,1,2000,0,0,0,0,0,0,0,0,0,0
510105,1,1,2000,0,0,0,0,0,0,0,0,0,0
510106,1,1,2000,0,0,0,0,0,0,0,0,0,0
510106,2,1,2000,10,10,10,10,10,10,10,10,10,10
510107,1,1,2000,0,0,0,0,0,0,0,0,0,0
510107,2,1,2000,0,0,0,0,0,0,0,0,0,0
510108,1,1,2000,0,0,0,0,0,0,0,0,0,0
510109,1,1,2000,0,0,0,0,0,0,0,0,0,0
510109,2,1,2000,0,0,0,0,0,0,0,0,0,0
510110,0,1,2000,0,0,0,8,0,0,0,0,0,0
510110,1,1,2000,22,15,9,0,25,10,0,22,6,17
510111,1,1,2000,0,0,0,0,0,0,0,0,0,0
510112,1,1,2000,28,15,18,11,13,7,12,15,18,17
510113,1,1,2000,9,0,0,0,0,0,0,0,0,0
510113,2,1,2000,0,0,0,0,0,0,0,0,0,0
510114,1,1,2000,0,0,0,0,0,0,0,0,0,0
510114,2,1,2000,0,0,0,0,0,0,0,0,0,0
510115,1,1,2000,0,0,0,0,0,0,0,0,0,0
510115,2,1,2000,0,0,0,0,0,0,0,0,0,0
510116,1,1,2000,0,0,0,0,0,17,0,0,0,0
510116,2,1,2000,0,0,0,0,0,0,0,0,0,0
510117,1,1,2000,43,43,43,43,43,43,43,43,43,43
510117,2,1,2000,0,0,0,0,0,5,0,10,3,0
510118,1,1,2000,0,0,0,0,0,0,0,0,0,0
510118,2,1,2000,0,0,0,0,0,0,0,0,0,0
510119,1,1,2000,0,18,21,14,19,18,0,16,0,32
510119,2,1,2000,0,0,0,0,0,0,0,0,0,0
510120,0,1,2000,0,0,0,0,0,0,0,0,0,0
510120,1,1,2000,0,0,0,0,0,0,0,0,0,0
510121,0,1,2000,0,0,0,0,0,0,0,0,0,0
510121,1,1,2000,0,0,0,0,0,0,0,0,0,0
510122,1,1,2000,25,0,0,0,0,0,0,0,0,0
510123,1,1,2000,0,0,0,0,0,0,0,0,0,0
510124,1,1,2000,0,0,0,0,0,0,0,0,0,0
510124,2,1,2000,0,0,0,0,0,0,0,0,0,0
510125,1,1,2000,0,0,0,0,0,0,0,0,0,0
510125,2,1,2000,0,0,0,0,0,0,0,0,0,0
510126,1,1,2000,0,0,0,0,0,0,0,0,0,0
510126,2,1,2000,0,0,0,0,0,0,0,0,0,0
510127,1,1,2000,0,0,0,0,0,0,0,0,0,0
510128,1,1,2000,0,0,0,0,0,0,0,0,0,0
510128,2,1,2000,0,0,0,0,0,0,0,0,0,0
510129,1,1,2000,0,0,0,0,0,0,0,0,0,0
510130,1,1,2000,0,0,0,0,0,0,0,0,0,0
510131,1,1,2000,0,0,0,0,0,0,0,0,0,0
510132,1,1,2000,16,11,9,10,16,31,23,20,17,18
510133,1,1,2000,0,0,0,0,0,0,0,0,0,0
510133,2,1,2000,0,0,14,0,0,0,0,0,0,0
510134,1,1,2000,0,12,17,25,11,22,17,2,27,48
510135,0,1,2000,0,0,0,0,0,0,0,0,0,0
510135,1,1,2000,0,0,0,0,0,0,0,0,0,0
510136,1,1,2000,0,0,0,0,0,0,0,0,0,0
510137,1,1,2000,0,0,0,0,0,6,0,0,9,0
510137,2,1,2000,0,2,0,0,0,0,0,0,0,0
510137,3,1,2000,0,0,0,0,0,0,0,0,0,0
510137,4,1,2000,0,0,0,0,0,0,0,0,0,0
510138,0,1,2000,0,0,0,0,0,0,0,0,0,0
510138,1,1,2000,0,0,0,0,0,0,0,0,0,0
510139,1,1,2000,0,0,0,0,0,0,11,0,0,0
510139,2,1,2000,13,0,0,0,0,0,0,0,0,0
510140,1,1,2000,0,0,0,0,0,0,0,0,0,0
510141,0,1,2000,0,0,0,0,0,0,0,0,0,0
510141,1,1,2000,0,0,0,0,0,0,0,0,0,0
510142,1,1,2000,0,0,0,0,0,0,0,0,0,0
510142,2,1,2000,0,0,0,0,14,0,0,0,0,0
510142,3,1,2000,0,0,0,0,0,16,0,0,0,8
510143,1,1,2000,0,0,0,0,0,0,0,0,0,0
510144,1,1,2000,0,0,0,0,0,0,0,0,0,0
510144,2,1,2000,20,0,0,7,7,0,0,0,0,0
510145,1,1,2000,0,0,5,0,0,0,0,0,0,0
510145,2,1,2000,0,0,0,0,0,0,0,0,0,0
510146,1,1,2000,18,16,8,16,37,24,15,11,12,21
510147,1,1,2000,0,0,0,0,0,0,0,10,0,0
510147,2,1,2000,0,0,0,0,0,0,0,0,0,0
510148,1,1,2000,0,0,0,0,0,0,0,0,0,0
510148,2,1,2000,0,0,0,0,0,0,0,0,0,0
510149,1,1,2000,0,0,0,0,0,0,0,0,0,0
510149,2,1,2000,0,0,0,0,0,0,0,0,0,0
510150,0,1,2000,6,6,6,6,6,6,6,6,6,6
510150,1,1,2000,0,0,0,0,0,0,0,18,0,0
510151,1,1,2000,0,9,14,0,8,0,7,0,11,8
510152,1,1,2000,15,15,15,15,15,15,15,15,15,15
510153,1,1,2000,0,0,0,0,0,0,0,0,0,0
510153,2,1,2000,0,0,0,0,0,0,0,0,0,0
510154,1,1,2000,0,0,0,0,0,0,0,0,0,0
510154,2,1,2000,0,0,0,0,0,0,0,0,0,0
510155,1,1,2000,0,0,0,0,0,0,0,0,0,0
510156,1,1,2000,29,29,29,29,29,29,29,29,29,29
510156,2,1,2000,0,0,0,0,0,0,0,0,0,0
510157,0,1,2000,0,0,0,0,0,0,0,0,0,0
510157,1,1,2000,0,0,0,0,0,0,0,0,0,0
510158,1,1,2000,0,0,0,0,0,0,0,0,0,0
510159,0,1,2000,33,33,33,33,33,33,33,33,33,33
510159,1,1,2000,0,0,0,0,0,0,0,0,0,0
510160,1,1,2000,13,13,13,13,13,13,13,13,13,13
510161,1,1,2000,29,9,29,28,14,8,28,19,26,29
510162,1,1,2000,0,0,0,0,0,0,0,0,0,0
510162,2,1,2000,0,0,0,0,0,0,0,0,0,0
510163,1,1,2000,10,10,10,10,10,10,10,10,10,10
510163,2,1,2000,0,0,0,0,0,0,0,0,0,0
510163,3,1,2000,0,0,0,0,0,0,0,0,0,0
510164,1,1,2000,0,0,0,0,0,0,0,0,0,0
510165,1,1,2000,8,24,16,19,7,7,11,35,10,26
510166,1,1,2000,0,0,0,0,0,0,0,0,0,0
510166,2,1,2000,0,0,0,0,0,0,0,0,0,0
510167,1,1,2000,0,0,0,0,0,0,15,0,0,0
510168,1,1,2000,0,0,0,0,0,0,0,0,0,0
510168,2,1,2000,0,0,0,0,0,0,0,0,0,0
510169,1,1,2000,0,11,33,0,0,26,0,0,0,8
510170,1,1,2000,0,0,0,0,0,0,0,0,0,0
510171,1,1,2000,16,16,16,16,16,16,16,16,16,16
510172,1,1,2000,7,0,0,0,0,0,7,11,0,18
510173,1,1,2000,18,18,18,18,18,18,18,18,18,18
510174,1,1,2000,0,0,0,0,0,0,0,0,0,0
510175,1,1,2000,15,15,15,15,15,15,15,15,15,15
510176,1,1,2000,8,8,8,8,8,8,8,8,8,8
510177,1,1,2000,0,0,0,0,0,0,0,0,0,0
510177,2,1,2000,13,0,0,11,0,0,0,0,0,0
510178,0,1,2000,0,0,0,0,0,0,0,0,0,0
510178,1,1,2000,0,0,0,0,0,0,0,0,0,0
510179,1,1,2000,0,0,0,0,0,14,0,0,0,0
510179,2,1,2000,0,0,0,0,0,0,0,0,0,0
510179,3,1,2000,0,0,0,0,0,0,0,0,0,0
510180,1,1,2000,0,0,0,0,0,0,0,0,0,0
510180,2,1,2000,0,38,14,13,5,8,18,13,5,8
510181,1,1,2000,0,0,7,12,0,12,0,0,0,0
510182,0,1,2000,4,4,4,4,4,4,4,4,4,4
510182,1,1,2000,0,0,0,15,28,26,6,8,30,0
510183,1,1,2000,0,0,0,0,0,0,6,0,0,0
510183,2,1,2000,0,0,0,0,0,0,0,0,0,0
510184,1,1,2000,0,0,0,0,0,0,0,0,0,0
510184,2,1,2000,0,0,0,0,0,0,0,0,0,0
510185,1,1,2000,9,24,23,11,14,18,29,48,45,8
510186,1,1,2000,0,13,0,12,0,20,0,0,0,0
510187,1,1,2000,29,29,29,29,29,29,29,29,29,29
510187,2,1,2000,0,0,0,0,0,0,0,0,0,0
510188,1,1,2000,11,6,21,12,16,16,28,29,0,23
510189,1,1,2000,0,0,0,0,0,0,0,0,0,0
510189,2,1,2000,0,0,0,0,0,0,0,0,0,0
510190,1,1,2000,0,0,0,0,0,0,0,0,0,0
510191,1,1,2000,36,20,17,22,34,19,19,13,0,11
510192,0,1,2000,23,23,23,23,23,23,23,23,23,23
510192,1,1,2000,0,0,0,26,0,17,0,23,0,0
510193,0,1,2000,12,0,14,0,39,0,0,25,0,0
510193,1,1,2000,0,0,0,0,0,0,0,0,0,0
510193,2,1,2000,0,0,0,0,0,0,0,25,0,0
510193,3,1,2000,0,0,0,0,0,0,0,0,0,0
510193,4,1,2000,0,0,0,0,0,0,0,13,0,0
510194,1,1,2000,0,0,0,0,0,0,0,0,0,0
510194,2,1,2000,0,0,0,0,0,0,0,0,0,0
510195,1,1,2000,0,13,0,0,0,0,0,0,0,0
510196,1,1,2000,24,0,6,0,15,9,8,17,0,0
510197,1,1,2000,0,0,0,0,0,0,0,0,0,0
510197,2,1,2000,0,0,0,0,0,0,0,0,0,0
510198,1,1,2000,0,0,19,0,0,0,0,4,0,0
510199,1,1,2000,0,0,0,0,0,0,0,0,0,0
510200,1,1,2000,0,0,0,15,0,0,18,0,0,0
510201,1,1,2000,0,0,0,0,0,0,0,0,0,0
510201,2,1,2000,0,0,0,0,0,0,0,0,0,0
510201,3,1,2000,0,0,0,0,0,0,0,0,0,0
510201,4,1,2000,0,0,0,0,0,0,0,0,0,0
510202,1,1,2000,24,24,24,24,24,24,24,24,24,24
510203,1,1,2000,0,0,0,0,0,0,0,0,0,0
510203,2,1,2000,0,0,0,0,0,0,0,0,0,0
510204,1,1,2000,1,1,1,1,1,1,1,1,1,1
510205,0,1,2000,18,0,0,18,0,0,0,0,0,0
510205,0,2,2000,4,0,0,0,0,0,0,3,0,0
510205,0,3,2000,7,0,0,0,0,0,0,19,0,0
510205,1,1,2000,14,0,0,0,0,0,3,0,0,0
510205,2,1,2000,0,0,0,0,0,0,0,0,0,0
510205,3,1,2000,0,25,8,0,5,0,0,0,0,21
510206,1,1,2000,0,0,0,0,0,0,0,5,0,0
510206,2,1,2000,7,7,7,7,7,7,7,7,7,7
510207,1,1,2000,0,0,0,0,0,0,0,0,0,0
510207,2,1,2000,0,0,0,0,0,0,0,0,0,0
510208,1,1,2000,0,0,0,0,0,0,0,0,0,0
510208,2,1,2000,0,0,0,0,0,0,0,0,0,0
510209,1,1,2000,0,0,0,0,0,0,0,0,0,0
510209,2,1,2000,0,0,0,0,0,0,0,0,0,0
510210,1,1,2000,0,0,0,0,0,0,0,0,0,0
510210,2,1,2000,0,0,0,0,0,0,0,0,0,0
510211,1,1,2000,0,0,0,0,0,0,0,0,0,0
510212,1,1,2000,16,16,16,16,16,16,16,16,16,16
510213,1,1,2000,17,11,12,17,10,14,20,10,10,17
510214,1,1,2000,0,0,0,0,0,0,0,0,0,0
510214,2,1,2000,0,0,0,0,0,0,0,0,0,0
510214,3,1,2000,0,0,0,0,0,0,0,0,0,0
510214,4,1,2000,0,0,0,0,9,0,0,0,0,0
510215,0,1,2000,0,0,0,0,0,0,0,0,0,0
510215,1,1,2000,15,9,18,13,31,31,25,14,35,6
510216,1,1,2000,0,0,0,0,0,0,0,0,0,0
510216,2,1,2000,0,0,0,0,0,0,0,0,0,0
510217,1,1,2000,28,28,28,28,28,28,28,28,28,28
510218,1,1,2000,0,0,0,0,0,0,0,0,0,0
510218,2,1,2000,0,0,0,0,0,0,0,0,0,0
510218,3,1,2000,0,0,0,0,0,0,0,0,0,0
510219,1,1,2000,33,33,33,33,33,33,33,33,33,33
510220,0,1,2000,0,0,0,0,0,0,0,0,0,0
510220,1,1,2000,0,0,0,0,0,0,0,0,0,0
510221,1,1,2000,13,13,13,13,13,13,13,13,13,13
510221,2,1,2000,0,0,0,0,0,0,0,0,0,0
510222,0,1,2000,28,28,28,28,28,28,28,28,28,28
510222,1,1,2000,0,0,27,0,11,0,0,0,17,21
510223,1,1,2000,0,0,0,0,0,5,0,0,32,0
510223,2,1,2000,21,21,15,0,13,30,20,8,0,3
510224,1,1,2000,0,0,0,0,0,0,0,0,0,0
510225,1,1,2000,6,6,6,6,6,6,6,6,6,6
510226,1,1,2000,0,0,0,0,0,0,0,0,0,0
510226,2,1,2000,0,0,0,0,0,0,0,0,0,0
510227,1,1,2000,0,0,0,0,0,0,0,0,0,0
510227,2,1,2000,0,0,0,0,0,0,0,0,0,0
510228,1,1,2000,0,0,0,0,0,0,0,0,0,0
510229,1,1,2000,0,0,0,0,0,0,0,0,0,0
510229,2,1,2000,0,0,0,0,0,0,0,0,0,0
510230,1,1,2000,24,27,9,14,12,38,8,18,23,20
510231,1,1,2000,0,0,0,0,0,0,0,0,0,0
510231,2,1,2000,0,0,0,0,0,0,0,0,0,0
510231,3,1,2000,0,0,0,0,0,0,0,0,0,0
510232,1,1,2000,0,0,0,0,0,0,0,0,0,0
510233,1,1,2000,0,0,0,0,0,0,0,0,0,0
510234,1,1,2000,0,0,0,0,0,0,0,0,7,0
510234,2,1,2000,0,0,0,0,0,0,0,0,0,0
510235,1,1,2000,15,15,15,15,15,15,15,15,15,15
510236,1,1,2000,0,0,0,0,17,0,0,0,0,0
510237,1,1,2000,0,0,0,0,0,0,0,0,0,0
510238,1,1,2000,0,0,0,0,0,0,0,0,0,0
510239,1,1,2000,5,5,5,5,5,5,5,5,5,5
510240,0,1,2000,24,11,0,0,0,0,17,0,0,26
510240,1,1,2000,0,0,0,0,0,0,0,0,0,0
510241,1,1,2000,0,0,0,0,0,0,0,0,0,0
510241,2,1,2000,0,0,0,0,0,0,0,0,0,0
510241,3,1,2000,0,0,0,0,0,0,0,0,0,0
510241,4,1,2000,0,0,0,0,0,0,0,0,0,0
510242,1,1,2000,15,29,13,27,13,5,23,13,20,0
510243,1,1,2000,0,0,0,0,10,20,0,0,0,0
510243,2,1,2000,0,0,0,0,0,0,0,0,0,0
510244,1,1,2000,0,9,0,0,0,0,0,0,15,0
510244,2,1,2000,0,0,0,0,0,0,0,0,0,0
510245,1,1,2000,0,0,0,0,0,0,0,0,0,0
510246,1,1,2000,0,0,0,0,0,0,0,0,0,0
510247,1,1,2000,0,0,0,0,0,0,0,0,0,0
510247,2,1,2000,0,0,9,0,0,9,0,0,0,0
510248,1,1,2000,17,19,28,20,13,13,24,8,19,17
510249,1,1,2000,0,0,0,0,0,0,0,0,0,0
510249,2,1,2000,0,0,0,0,0,0,0,0,0,0
510249,3,1,2000,0,0,0,0,0,0,0,0,0,9
510250,1,1,2000,6,6,6,6,6,6,6,6,6,6
510251,0,1,2000,0,0,0,0,0,0,0,0,0,0
510251,1,1,2000,0,0,0,0,0,0,0,0,0,0
510252,0,1,2000,11,11,11,11,11,11,11,11,11,11
510252,1,1,2000,0,0,0,0,0,0,0,0,0,0
510253,1,1,2000,0,22,0,18,10,0,0,0,19,0
510254,1,1,2000,0,0,0,0,0,0,0,0,0,0
510254,2,1,2000,0,0,0,0,0,0,0,0,0,0
510255,1,1,2000,0,0,0,0,0,0,0,0,0,0
510255,2,1,2000,0,0,0,0,0,0,0,0,0,0
510255,3,1,2000,0,0,0,0,0,0,0,0,0,0
510256,0,1,2000,31,23,23,19,14,44,22,23,18,28
510256,1,1,2000,0,0,0,6,0,0,0,0,0,0
510257,1,1,2000,0,0,0,0,0,0,0,0,0,0
510258,1,1,2000,0,0,0,0,0,0,0,0,0,0
510258,2,1,2000,0,0,0,0,0,0,0,0,0,0
510259,1,1,2000,0,0,0,0,0,0,0,0,0,0
510259,2,1,2000,0,9,0,6,0,0,0,0,0,0
510260,1,1,2000,2,2,2,2,2,2,2,2,2,2
510262,1,1,2000,0,0,0,0,0,0,0,0,0,0
510262,2,1,2000,0,0,0,0,0,0,0,0,0,0
510263,1,1,2000,0,0,0,0,0,0,0,0,0,0
510263,2,1,2000,0,0,0,0,0,0,0,0,0,0
510264,1,1,2000,26,26,26,26,26,26,26,26,26,26
510265,1,1,2000,0,0,0,0,0,0,0,0,0,0
510265,2,1,2000,0,0,0,0,0,0,0,0,0,0
510265,3,1,2000,0,0,0,0,0,0,0,0,0,0
510266,1,1,2000,0,0,0,0,0,0,0,0,0,0
510267,1,1,2000,6,6,6,6,6,6,6,6,6,6
510268,1,1,2000,19,35,21,13,21,13,14,16,17,22
510269,0,1,2000,11,11,11,11,11,11,11,11,11,11
510269,1,1,2000,0,0,0,0,0,0,0,0,0,0
510270,1,1,2000,0,0,0,0,0,0,0,0,0,0
510270,2,1,2000,14,7,0,0,8,0,7,0,0,0
510271,1,1,2000,20,20,20,20,20,20,20,20,20,20
510272,1,1,2000,0,0,0,0,0,0,0,0,0,0
510272,2,1,2000,0,0,0,0,0,0,0,0,0,0
510273,1,1,2000,0,0,0,0,0,0,0,0,0,0
510273,2,1,2000,0,0,0,0,0,0,0,0,0,0
510273,3,1,2000,0,0,0,0,0,0,0,0,0,0
510274,1,1,2000,0,0,0,0,0,0,0,0,0,0
510275,1,1,2000,15,0,0,0,0,0,0,0,0,0
510276,1,1,2000,0,0,0,0,0,0,0,0,0,8
510277,1,1,2000,8,8,8,8,8,8,8,8,8,8
510277,2,1,2000,10,0,25,0,8,0,0,0,14,17
510278,1,1,2000,16,16,16,16,16,16,16,16,16,16
510279,1,1,2000,0,0,0,0,0,0,0,0,0,0
510279,2,1,2000,0,0,0,0,0,0,0,0,0,0
510279,3,1,2000,0,0,0,0,0,0,0,0,0,0
510280,1,1,2000,0,0,0,0,0,0,0,0,0,0
510280,2,1,2000,0,0,0,0,0,0,0,0,0,0
510281,0,1,2000,24,16,6,52,19,14,6,10,28,15
510281,1,1,2000,0,0,0,0,0,0,0,0,0,0
510282,1,1,2000,0,0,0,0,0,0,0,0,0,0
510282,2,1,2000,0,0,0,0,0,0,0,0,0,0
510283,1,1,2000,5,10,5,17,18,20,17,19,8,12
510284,1,1,2000,0,0,0,0,0,0,0,0,0,0
510285,1,1,2000,18,18,18,18,18,18,18,18,18,18
510286,1,1,2000,0,0,0,0,0,0,0,0,0,0
510287,1,1,2000,0,0,5,0,0,0,0,0,0,0
510287,2,1,2000,0,0,0,0,0,0,0,0,0,0
510288,1,1,2000,0,0,0,0,0,0,0,0,0,0
510288,2,1,2000,0,0,0,0,0,0,0,0,0,0
510289,1,1,2000,0,0,0,0,0,0,0,0,0,0
510290,1,1,2000,9,17,22,24,34,9,11,22,28,11
510291,1,1,2000,0,0,0,0,0,0,0,0,0,0
510291,2,1,2000,0,0,0,0,0,0,0,0,0,0
510292,1,1,2000,0,0,0,0,0,0,0,0,0,0
510293,0,1,2000,0,0,0,0,0,0,0,0,0,0
510293,1,1,2000,0,0,0,0,11,0,12,0,0,0
510294,1,1,2000,0,0,0,0,0,0,0,0,0,0
510295,1,1,2000,0,0,0,0,0,0,0,0,0,0
510295,2,1,2000,0,0,0,0,0,0,0,0,0,0
510295,3,1,2000,0,0,0,0,0,0,0,0,0,0
510296,1,1,2000,14,15,17,9,19,9,26,25,20,20
510296,2,1,2000,0,0,0,0,0,0,0,0,0,0
510297,1,1,2000,0,0,0,0,0,0,0,0,0,0
510298,1,1,2000,12,21,7,0,21,11,3,17,12,22
510299,1,1,2000,0,0,0,0,0,0,0,0,0,0
510299,2,1,2000,0,0,0,0,0,0,0,0,0,0
510300,1,1,2000,0,0,0,0,0,0,0,0,0,0
510300,2,1,2000,0,0,0,0,0,0,0,0,0,0
510301,1,1,2000,0,0,0,0,0,0,0,0,0,0
510301,2,1,2000,0,0,0,0,0,0,0,0,0,0
510302,0,1,2000,0,0,0,0,0,0,0,0,0,0
510302,1,1,2000,0,0,0,0,0,0,0,0,0,0
510303,1,1,2000,16,24,12,13,11,27,20,5,20,6
510304,1,1,2000,0,0,0,0,0,0,0,0,0,0
510305,1,1,2000,20,14,27,21,0,18,0,24,20,6
510306,1,1,2000,0,0,0,0,0,0,0,0,0,0
510307,1,1,2000,0,0,0,0,0,0,0,0,0,0
510307,2,1,2000,0,0,0,0,4,0,0,0,0,0
510308,1,1,2000,0,18,3,15,28,17,39,23,19,20
510309,1,1,2000,0,0,0,0,0,0,0,0,0,0
510310,1,1,2000,0,0,0,0,0,0,0,0,0,0
510310,2,1,2000,0,0,0,0,0,0,0,0,0,0
510311,1,1,2000,0,0,0,0,0,0,0,0,0,0
510312,1,1,2000,14,19,22,17,10,23,16,19,14,30
510313,1,1,2000,13,13,13,13,13,13,13,13,13,13
510314,1,1,2000,19,19,19,19,19,19,19,19,19,19
510314,2,1,2000,0,0,0,0,0,0,0,0,0,0
510315,1,1,2000,0,0,0,23,0,16,0,0,0,19
510316,1,1,2000,0,0,0,0,0,0,0,0,16,0
510317,1,1,2000,0,0,0,0,0,0,0,0,0,0
510318,1,1,2000,20,20,20,20,20,20,20,20,20,20
510319,1,1,2000,0,0,0,0,0,0,0,0,0,0
510320,1,1,2000,19,0,3,0,0,0,13,0,9,0
510321,1,1,2000,12,17,15,11,0,22,7,11,19,6
510322,1,1,2000,6,0,0,0,0,0,0,0,0,19
510323,1,1,2000,12,21,0,30,17,10,22,14,23,32
510324,1,1,2000,0,0,0,0,0,0,0,0,0,0
510325,1,1,2000,4,4,4,4,4,4,4,4,4,4
510326,1,1,2000,0,0,0,0,0,0,0,0,0,0
510326,2,1,2000,0,0,0,15,0,0,0,0,0,0
510327,1,1,2000,12,9,13,0,9,16,8,15,9,18
510328,1,1,2000,0,0,0,0,0,0,0,0,0,0
510329,1,1,2000,0,0,0,0,0,0,0,0,0,0
510330,1,1,2000,0,0,0,0,0,0,0,0,0,0
510331,1,1,2000,0,0,0,0,0,0,0,0,0,0
510332,1,1,2000,0,0,0,0,0,0,0,0,0,0
510333,1,1,2000,0,0,0,0,0,0,0,0,0,0
510333,2,1,2000,0,0,0,0,0,0,0,0,0,2
510334,1,1,2000,0,0,0,0,0,0,0,0,0,0
510335,1,1,2000,33,33,33,33,33,33,33,33,33,33
510336,1,1,2000,0,0,0,0,0,0,0,0,0,0
510337,1,1,2000,0,0,0,0,0,0,0,0,0,0
510338,1,1,2000,0,0,0,0,0,0,0,0,0,0
510338,2,1,2000,15,0,0,0,0,0,0,0,0,0
510338,3,1,2000,0,0,0,0,0,0,0,0,0,0
510339,1,1,2000,0,0,0,0,0,0,0,0,0,0
510340,1,1,2000,0,0,0,0,0,0,0,0,0,0
510340,2,1,2000,7,15,8,35,0,20,30,15,27,18
510341,0,1,2000,0,0,0,0,0,0,0,0,0,0
510341,1,1,2000,0,0,0,0,0,0,0,0,0,0
510342,1,1,2000,7,10,15,23,15,22,15,15,6,22
510343,1,1,2000,0,0,0,0,0,0,0,0,0,0
510344,1,1,2000,0,0,0,0,0,0,0,0,7,0
510345,1,1,2000,0,0,0,0,0,0,0,0,0,0
510345,2,1,2000,0,0,0,0,0,0,0,0,0,0
510346,1,1,2000,0,0,0,0,0,0,0,0,0,0
510346,2,1,2000,0,0,0,0,0,0,0,0,0,0
510347,1,1,2000,0,0,0,0,0,0,0,0,0,0
510348,1,1,2000,0,0,0,0,0,0,0,0,0,0
510349,1,1,2000,27,27,27,27,27,27,27,27,27,27
510350,1,1,2000,0,0,0,0,0,0,0,0,0,0
510351,1,1,2000,14,0,0,8,8,0,0,0,0,17
510352,0,1,2000,0,0,0,0,0,0,0,0,0,0
510352,1,1,2000,0,0,0,0,0,0,46,0,0,0
510353,0,1,2000,24,24,24,24,24,24,24,24,24,24
510353,1,1,2000,17,0,10,22,0,19,0,0,0,29
510354,1,1,2000,0,0,0,0,0,0,0,0,0,0
510355,0,1,2000,0,0,0,0,0,0,0,0,0,0
510355,1,1,2000,0,0,0,0,0,0,0,0,0,0
510356,1,1,2000,0,0,0,0,0,0,0,0,0,0
510357,1,1,2000,0,0,0,0,0,0,0,0,0,0
510358,1,1,2000,0,0,0,0,0,0,0,0,0,0
510359,1,1,2000,0,0,0,18,0,0,0,0,0,0
510359,2,1,2000,0,0,0,0,0,0,0,0,0,0
510360,0,1,2000,0,0,0,0,0,0,0,0,0,0
510360,1,1,2000,4,0,18,0,7,0,0,0,0,0
510361,1,1,2000,0,0,0,0,0,0,0,0,0,0
510361,2,1,2000,0,0,0,0,0,0,0,19,0,0
510362,1,1,2000,0,0,0,0,9,0,0,0,0,8
510362,2,1,2000,0,0,0,0,0,0,0,0,0,0
510363,1,1,2000,0,0,0,0,0,0,0,0,0,0
510364,1,1,2000,22,22,22,22,22,22,22,22,22,22
510364,2,1,2000,0,0,0,0,0,0,0,0,0,0
510365,1,1,2000,22,22,22,22,22,22,22,22,22,22
510365,2,1,2000,0,0,0,0,0,0,0,0,0,0
510366,0,1,2000,0,0,0,10,0,0,13,0,0,0
510366,1,1,2000,0,17,0,0,0,0,0,0,0,20
510367,0,1,2000,35,35,35,35,35,35,35,35,35,35
510367,1,1,2000,0,15,0,0,0,0,0,0,0,7
510368,1,1,2000,0,0,0,0,0,0,0,0,0,0
510368,2,1,2000,0,0,0,0,0,0,0,0,0,0
510369,1,1,2000,13,4,16,8,31,16,10,4,15,4
510369,2,1,2000,0,0,0,0,0,0,0,0,0,0
510370,1,1,2000,0,0,0,0,0,0,0,0,0,0
510370,2,1,2000,0,0,0,0,0,0,0,0,0,0
510371,1,1,2000,26,2,19,17,13,20,24,14,20,26
510372,1,1,2000,0,0,0,0,0,0,0,0,0,0
510373,0,1,2000,0,0,0,0,0,0,0,0,0,0
510373,1,1,2000,0,0,0,0,0,0,0,0,0,0
510375,0,1,2000,42,42,42,42,42,42,42,42,42,42
510375,1,1,2000,0,18,0,0,23,0,0,0,0,13
510376,0,1,2000,0,0,0,0,0,0,0,0,0,0
510376,1,1,2000,22,14,20,7,14,19,18,9,7,2
510377,1,1,2000,0,0,0,0,0,0,0,0,0,0
510377,2,1,2000,0,0,0,0,0,0,0,0,0,9
510378,0,1,2000,28,35,0,20,19,17,0,0,0,0
510378,1,1,2000,0,0,4,0,0,4,0,0,0,0