ST_CASE,VEH_NO,PER_NO,YEAR,P1,P2,P3,P4,P5,P6,P7,P8,P9,P10
510378,2,1,2000,0,0,0,0,0,0,0,0,0,0
510379,1,1,2000,0,0,0,0,0,0,0,0,0,0
510379,2,1,2000,0,0,0,0,0,0,0,21,0,0
510380,1,1,2000,0,0,0,0,0,0,0,0,0,0
510381,1,1,2000,0,0,0,0,0,0,0,0,0,0
510381,2,1,2000,0,0,0,0,0,0,0,0,0,0
510382,1,1,2000,16,0,8,2,32,11,26,14,5,10
510383,0,1,2000,0,0,0,0,0,0,0,0,0,0
510383,1,1,2000,19,0,0,0,0,0,0,12,0,0
510384,1,1,2000,14,14,14,14,14,14,14,14,14,14
510385,1,1,2000,0,0,0,0,0,0,0,0,0,0
510385,2,1,2000,0,0,0,0,0,0,0,0,0,0
510386,1,1,2000,0,0,0,0,0,0,0,0,0,0
510386,2,1,2000,0,0,0,0,0,0,0,0,0,0
510387,1,1,2000,0,0,0,0,0,0,0,0,0,0
510387,2,1,2000,0,0,0,0,0,0,0,0,0,0
510387,3,1,2000,0,0,0,0,0,0,0,0,0,0
510387,4,1,2000,0,0,0,0,0,0,0,0,0,0
510388,0,1,2000,0,0,0,0,0,0,0,0,0,0
510388,1,1,2000,0,0,7,24,0,0,0,0,0,0
510389,1,1,2000,0,0,0,0,0,0,0,0,0,0
510389,2,1,2000,0,0,8,0,0,0,0,0,0,0
510390,1,1,2000,0,0,0,0,0,0,0,0,0,0
510391,1,1,2000,0,0,0,0,0,0,0,0,0,0
510391,2,1,2000,0,0,0,0,0,0,0,0,0,0
510392,0,1,2000,19,19,19,19,19,19,19,19,19,19
510392,1,1,2000,0,0,0,0,0,0,0,0,0,0
510393,1,1,2000,0,0,0,0,0,0,0,0,0,0
510393,2,1,2000,0,0,0,0,0,0,0,0,0,0
510394,1,1,2000,0,0,0,0,0,0,0,0,0,0
510394,2,1,2000,0,11,0,0,0,0,7,0,0,0
510395,0,1,2000,10,10,10,10,10,10,10,10,10,10
510395,1,1,2000,0,0,0,0,5,19,0,0,0,5
510396,1,1,2000,0,0,12,14,11,8,12,13,18,16
510397,0,1,2000,2,2,2,2,2,2,2,2,2,2
510397,1,1,2000,13,18,28,0,0,19,0,14,35,0
510398,1,1,2000,14,0,0,0,0,14,15,12,0,0
510399,1,1,2000,0,0,0,0,0,0,0,0,0,0
510399,2,1,2000,0,0,0,0,0,0,0,0,0,0
510399,3,1,2000,0,0,0,0,0,0,0,0,0,0
510400,1,1,2000,0,0,0,0,0,0,0,0,0,0
510401,1,1,2000,0,0,0,0,0,0,0,0,0,0
510401,2,1,2000,0,0,0,0,0,0,0,0,0,0
510402,1,1,2000,0,0,0,0,0,0,0,0,0,0
510402,2,1,2000,0,0,0,0,0,0,0,0,0,0
510403,1,1,2000,22,22,22,22,22,22,22,22,22,22
510404,1,1,2000,26,11,26,20,32,25,31,14,16,25
510405,1,1,2000,0,0,0,0,0,0,0,0,0,0
510405,2,1,2000,0,0,0,0,0,0,0,0,0,0
510406,1,1,2000,0,0,0,0,0,0,0,0,0,0
510407,1,1,2000,0,0,0,0,0,0,0,0,0,0
510408,1,1,2000,5,3,0,10,20,14,6,12,19,29
510409,1,1,2000,11,0,0,0,0,0,0,0,0,0
510410,1,1,2000,0,0,0,0,0,0,0,0,0,0
510410,2,1,2000,0,0,0,0,0,0,0,0,0,0
510411,1,1,2000,0,0,0,0,0,0,0,0,0,0
510411,2,1,2000,0,0,0,0,0,0,0,0,0,0
510412,1,1,2000,0,0,0,0,0,0,0,0,0,0
510412,2,1,2000,0,0,25,0,0,16,0,0,0,0
510412,3,1,2000,0,0,0,0,0,0,0,0,0,0
510413,1,1,2000,25,25,25,25,25,25,25,25,25,25
510413,2,1,2000,0,0,0,0,0,0,0,0,0,0
510414,1,1,2000,44,44,44,44,44,44,44,44,44,44
510415,1,1,2000,13,17,17,0,14,9,6,18,8,10
510415,2,1,2000,0,0,0,0,0,0,0,0,0,0
510416,1,1,2000,4,11,4,16,12,22,15,17,21,16
510417,1,1,2000,16,12,0,15,21,0,0,0,0,16
510418,1,1,2000,34,34,34,34,34,34,34,34,34,34
510418,2,1,2000,0,21,0,0,0,0,0,0,0,21
510419,1,1,2000,0,0,0,0,0,0,0,0,0,0
510419,2,1,2000,0,0,0,0,0,0,0,0,0,0
510420,1,1,2000,0,0,0,0,0,0,0,0,0,0
510421,1,1,2000,12,12,12,12,12,12,12,12,12,12
510422,1,1,2000,22,7,23,9,13,11,16,16,10,28
510423,1,1,2000,23,23,23,23,23,23,23,23,23,23
510424,1,1,2000,24,27,23,23,13,7,30,9,21,17
510424,2,1,2000,0,0,0,0,0,0,0,0,0,0
510425,1,1,2000,0,0,0,0,0,0,0,0,0,0
510425,2,1,2000,0,0,0,0,0,0,0,0,0,0
510426,0,1,2000,0,0,0,0,0,0,0,0,0,0
510426,1,1,2000,0,0,0,0,0,5,16,0,0,0
510427,1,1,2000,0,0,0,0,0,0,0,0,0,0
510427,2,1,2000,0,0,0,0,0,0,0,0,0,0
510428,1,1,2000,6,22,21,20,0,25,9,7,12,12
510429,1,1,2000,0,0,0,0,0,0,0,0,0,0
510430,1,1,2000,0,0,0,0,0,0,0,0,0,0
510431,1,1,2000,0,0,0,0,0,0,0,0,0,0
510431,2,1,2000,0,0,0,0,0,0,0,0,0,0
510432,1,1,2000,0,0,0,0,0,0,0,0,0,0
510432,2,1,2000,0,0,0,0,0,0,0,0,0,0
510433,1,1,2000,11,11,11,11,11,11,11,11,11,11
510434,1,1,2000,0,0,0,0,5,0,0,0,0,0
510435,1,1,2000,0,0,0,0,0,0,0,22,15,0
510436,1,1,2000,11,7,15,5,13,9,27,15,25,10
510437,1,1,2000,0,0,0,0,0,0,0,0,0,0
510438,1,1,2000,13,13,13,13,13,13,13,13,13,13
510439,1,1,2000,18,18,18,18,18,18,18,18,18,18
510440,1,1,2000,0,0,0,0,0,0,29,0,0,0
510440,2,1,2000,0,0,0,0,0,0,0,0,0,0
510441,1,1,2000,0,0,0,0,0,0,0,0,0,0
510441,2,1,2000,0,0,0,0,0,0,0,0,0,0
510442,1,1,2000,0,0,0,13,0,18,0,0,17,18
510442,2,1,2000,0,0,0,0,0,0,0,0,0,0
510443,1,1,2000,0,0,0,0,0,0,0,0,0,0
510443,2,1,2000,0,0,0,0,0,0,0,0,0,0
510444,1,1,2000,0,0,0,0,0,0,0,0,0,0
510445,1,1,2000,25,25,25,25,25,25,25,25,25,25
510445,2,1,2000,25,13,0,15,0,19,0,9,0,0
510445,3,1,2000,0,0,0,0,0,0,0,0,0,0
510445,4,1,2000,0,0,0,0,0,0,0,0,0,0
510445,5,1,2000,0,12,0,0,0,0,0,0,0,0
510446,1,1,2000,9,4,0,0,0,25,0,0,10,33
510446,2,1,2000,0,0,0,0,0,0,0,0,0,0
510447,1,1,2000,20,20,20,20,20,20,20,20,20,20
510448,1,1,2000,0,0,0,0,0,0,0,0,0,0
510448,2,1,2000,12,9,22,15,15,3,15,14,18,15
510449,1,1,2000,0,0,0,0,0,0,0,7,0,0
510450,1,1,2000,0,0,0,0,0,0,0,0,0,0
510450,2,1,2000,0,0,0,0,0,0,0,0,14,0
510451,1,1,2000,0,0,0,0,0,40,0,0,0,0
510451,2,1,2000,0,0,0,0,0,0,0,0,0,0
510452,1,1,2000,0,0,0,0,0,0,0,0,0,0
510453,1,1,2000,22,43,19,0,19,0,0,0,0,12
510454,1,1,2000,0,0,0,0,0,0,0,0,0,0
510454,2,1,2000,0,0,9,11,0,0,0,0,0,0
510454,3,1,2000,0,0,0,0,0,0,0,0,0,0
510455,1,1,2000,12,19,11,15,2,15,18,13,18,11
510456,1,1,2000,30,7,18,29,18,0,9,8,4,3
510457,1,1,2000,0,0,0,0,0,0,0,0,0,0
510457,2,1,2000,0,0,0,0,0,0,0,0,0,0
510457,3,1,2000,0,0,0,0,0,0,0,0,11,0
510458,1,1,2000,0,0,0,0,0,0,0,0,0,0
510459,1,1,2000,0,0,0,0,0,0,0,0,0,0
510460,0,1,2000,0,0,0,0,0,0,0,0,0,0
510460,1,1,2000,0,0,0,0,0,0,0,0,0,0
510461,1,1,2000,0,0,0,0,0,0,0,0,0,0
510462,1,1,2000,11,25,21,29,19,33,15,15,22,28
510463,1,1,2000,0,0,0,0,0,0,0,0,0,0
510463,2,1,2000,0,0,0,0,0,0,0,0,0,0
510463,3,1,2000,0,0,0,0,0,0,0,0,0,0
510464,1,1,2000,0,0,0,0,0,0,0,0,0,0
510464,2,1,2000,0,0,0,0,0,0,0,0,0,0
510464,3,1,2000,0,0,0,0,0,0,0,0,0,0
510464,4,1,2000,0,0,0,0,17,0,4,0,0,0
510465,1,1,2000,0,15,0,0,0,0,0,25,0,0
510466,1,1,2000,16,21,11,19,13,37,29,7,26,35
510467,0,1,2000,0,0,0,0,0,0,0,0,0,0
510467,1,1,2000,0,0,0,14,0,0,0,0,0,0
510468,1,1,2000,0,0,0,0,0,0,0,0,0,0
510469,1,1,2000,0,0,0,0,0,0,0,0,0,0
510470,1,1,2000,0,0,0,0,0,0,0,0,0,0
510470,2,1,2000,0,0,0,0,0,0,0,0,0,0
510471,1,1,2000,0,0,0,0,0,0,0,0,0,0
510471,2,1,2000,0,0,0,0,20,0,0,0,13,0
510472,1,1,2000,0,0,0,0,0,0,0,0,0,0
510473,0,1,2000,5,5,5,5,5,5,5,5,5,5
510473,1,1,2000,19,19,8,18,6,0,17,6,11,9
510474,0,1,2000,0,0,0,0,0,0,0,0,0,0
510474,1,1,2000,16,0,34,21,14,13,28,24,8,32
510475,1,1,2000,0,0,28,0,0,0,0,0,0,0
510475,2,1,2000,11,12,0,0,0,0,0,8,0,0
510476,1,1,2000,0,0,0,0,0,0,0,0,0,0
510476,2,1,2000,0,0,0,0,0,0,0,0,0,0
510477,1,1,2000,0,0,0,0,0,0,0,0,0,0
510477,2,1,2000,0,0,0,0,0,0,0,0,0,0
510478,1,1,2000,18,12,0,0,0,7,18,15,5,0
510478,2,1,2000,27,27,27,27,27,27,27,27,27,27
510479,1,1,2000,2,2,2,2,2,2,2,2,2,2
510480,1,1,2000,0,0,0,0,0,0,0,0,0,0
510481,1,1,2000,23,23,23,23,23,23,23,23,23,23
510482,1,1,2000,25,12,28,14,25,39,6,19,17,28
510482,2,1,2000,4,23,0,0,0,0,0,0,0,0
510482,3,1,2000,0,0,0,0,0,0,0,0,0,0
510483,1,1,2000,0,0,0,0,0,0,0,0,0,0
510484,1,1,2000,0,0,0,0,0,0,0,0,0,0
510484,2,1,2000,0,0,0,0,0,0,0,0,0,0
510485,1,1,2000,15,13,19,22,3,20,17,0,18,16
510485,2,1,2000,12,0,0,0,0,0,0,0,0,0
510486,1,1,2000,0,0,0,0,0,0,0,0,0,0
510486,2,1,2000,0,0,0,0,0,0,0,0,0,0
510487,1,1,2000,0,0,0,0,0,0,0,0,0,0
510487,2,1,2000,0,0,0,0,0,0,0,0,0,0
510488,1,1,2000,0,0,0,0,0,0,0,0,0,0
510488,2,1,2000,0,0,0,0,0,0,0,0,0,0
510489,1,1,2000,0,0,0,0,0,0,0,0,0,0
510490,1,1,2000,3,3,3,3,3,3,3,3,3,3
510490,2,1,2000,0,0,0,0,0,0,0,0,0,0
510491,1,1,2000,0,0,0,0,0,0,0,0,0,0
510491,2,1,2000,0,0,0,0,0,0,0,0,0,0
510492,1,1,2000,0,18,0,8,8,0,0,0,0,0
510493,1,1,2000,0,0,0,0,0,0,0,0,0,0
510494,1,1,2000,0,0,0,0,0,0,0,0,0,0
510494,2,1,2000,0,0,0,0,0,0,0,0,0,0
510495,1,1,2000,0,0,0,0,0,0,0,0,0,0
510495,2,1,2000,0,0,0,0,0,0,0,0,0,6
510496,1,1,2000,0,0,0,0,0,0,0,0,0,0
510497,1,1,2000,0,0,0,0,0,0,0,0,0,0
510497,2,1,2000,0,0,0,0,0,13,0,0,0,0
510498,1,1,2000,10,20,14,28,8,33,14,12,34,10
510498,2,1,2000,0,4,10,23,12,43,30,32,21,28
510499,0,1,2000,0,0,0,0,0,0,0,0,0,0
510499,1,1,2000,0,0,0,0,0,0,17,0,0,0
510500,1,1,2000,0,0,0,0,0,0,0,0,0,0
510500,2,1,2000,0,0,0,0,0,0,0,0,0,0
510501,1,1,2000,0,0,0,0,0,0,0,0,0,0
510502,1,1,2000,0,0,0,0,0,0,0,0,0,0
510503,1,1,2000,0,0,0,0,0,0,0,0,0,0
510503,2,1,2000,0,0,0,0,0,0,0,0,0,0
510504,1,1,2000,0,0,0,0,0,5,0,0,0,0
510505,1,1,2000,0,0,0,0,0,0,0,0,0,0
510505,2,1,2000,0,0,0,0,0,0,0,0,0,0
510506,1,1,2000,0,0,0,0,0,0,0,0,0,0
510506,2,1,2000,0,18,24,0,0,17,31,9,16,13
510507,1,1,2000,0,0,0,0,0,0,0,0,0,0
510507,2,1,2000,0,0,0,0,5,0,0,0,0,0
510508,1,1,2000,0,0,0,0,0,0,0,0,0,0
510509,1,1,2000,0,0,0,0,0,0,0,0,0,0
510510,1,1,2000,0,0,0,0,0,0,0,0,0,0
510510,2,1,2000,0,0,0,0,0,0,0,0,0,0
510511,1,1,2000,0,0,0,0,0,0,0,0,0,0
510512,1,1,2000,0,0,0,0,0,0,0,0,0,0
510513,1,1,2000,0,0,20,0,0,0,0,0,0,0
510513,2,1,2000,0,0,0,0,0,0,0,0,0,0
510513,3,1,2000,0,0,0,0,21,0,0,0,0,0
510514,1,1,2000,0,0,0,0,0,0,0,0,0,0
510514,2,1,2000,0,0,0,0,0,0,0,0,0,0
510514,3,1,2000,20,0,0,0,0,0,0,0,0,0
510515,1,1,2000,0,0,0,0,0,0,0,0,0,0
510515,2,1,2000,0,0,0,0,0,0,0,0,0,0
510516,1,1,2000,9,9,9,9,9,9,9,9,9,9
510517,1,1,2000,0,0,0,0,0,0,0,0,0,0
510518,1,1,2000,0,0,0,0,0,0,0,0,0,0
510519,1,1,2000,0,0,0,0,0,0,0,0,0,0
510520,1,1,2000,0,0,0,0,0,0,0,0,0,0
510520,2,1,2000,0,0,0,0,0,22,0,0,0,0
510520,3,1,2000,0,0,0,0,0,0,0,0,0,0
510521,0,1,2000,0,0,0,0,0,0,0,0,0,0
510521,1,1,2000,0,0,0,0,0,0,0,0,0,0
510522,1,1,2000,5,20,13,17,22,3,9,18,7,19
510523,1,1,2000,0,0,0,0,0,0,0,0,0,0
510524,1,1,2000,0,0,0,0,0,0,0,0,0,0
510524,2,1,2000,0,0,0,0,0,0,0,0,0,0
510525,1,1,2000,0,0,0,0,0,0,0,0,12,0
510525,2,1,2000,0,0,0,0,0,0,0,0,0,0
510525,3,1,2000,0,0,0,0,0,0,0,0,0,0
510526,1,1,2000,0,0,0,0,0,0,0,0,0,0
510526,2,1,2000,0,0,0,0,4,0,0,0,0,0
510527,1,1,2000,22,22,22,22,22,22,22,22,22,22
510528,1,1,2000,0,0,0,0,0,0,0,0,0,0
510529,0,1,2000,0,0,0,0,0,0,0,0,0,0
510529,1,1,2000,0,0,0,0,0,0,0,0,0,0
510530,1,1,2000,0,0,0,0,0,0,0,0,0,0
510530,2,1,2000,0,0,0,0,0,0,0,0,0,0
510531,1,1,2000,0,0,0,0,0,0,0,0,0,0
510531,2,1,2000,0,0,0,0,0,0,0,0,0,0
510531,3,1,2000,0,0,0,0,0,0,0,0,0,0
510531,4,1,2000,0,0,0,0,0,0,0,0,0,0
510531,5,1,2000,0,0,0,0,0,0,0,0,0,0
510532,1,1,2000,0,0,0,0,0,0,0,3,0,3
510532,2,1,2000,0,0,0,0,2,0,0,0,0,0
510532,3,1,2000,0,0,0,0,0,0,0,0,0,0
510533,1,1,2000,23,8,15,27,3,16,4,0,14,22
510534,1,1,2000,26,26,26,26,26,26,26,26,26,26
510534,2,1,2000,0,0,0,0,0,0,0,0,0,0
510534,3,1,2000,0,7,0,0,0,0,0,0,0,0
510535,1,1,2000,0,0,0,0,0,0,0,0,0,0
510535,2,1,2000,0,0,0,30,0,0,0,0,0,0
510535,3,1,2000,0,12,0,0,0,0,0,0,0,0
510535,4,1,2000,0,0,0,0,0,0,0,0,0,0
510536,1,1,2000,0,0,0,0,0,0,0,0,0,0
510536,2,1,2000,0,0,0,0,0,0,0,0,0,0
510537,1,1,2000,22,22,22,22,22,22,22,22,22,22
510538,1,1,2000,5,18,8,8,23,25,6,14,11,10
510538,2,1,2000,0,0,0,0,0,0,0,0,0,0
510539,1,1,2000,9,13,23,22,14,7,12,10,6,14
510540,1,1,2000,0,0,0,0,0,0,0,0,0,0
510540,2,1,2000,0,0,0,0,0,0,0,0,0,0
510540,3,1,2000,0,0,0,0,0,0,0,0,0,0
510540,4,1,2000,0,0,0,0,0,0,0,0,0,0
510540,5,1,2000,0,0,0,0,0,0,0,0,0,0
510541,1,1,2000,0,0,0,0,0,0,0,0,0,0
510541,2,1,2000,0,0,0,0,0,0,0,0,0,0
510542,1,1,2000,0,0,0,0,0,0,0,0,0,0
510542,2,1,2000,0,0,0,0,0,0,0,0,0,0
510543,1,1,2000,0,0,0,0,0,0,0,0,0,0
510543,2,1,2000,0,0,0,0,0,0,0,0,0,0
510544,1,1,2000,0,0,0,0,0,0,0,0,0,0
510545,0,1,2000,0,0,0,0,0,0,0,0,0,0
510545,1,1,2000,0,0,0,0,0,0,0,0,0,0
510546,1,1,2000,0,0,0,0,0,0,0,0,0,0
510546,2,1,2000,0,0,0,0,0,0,0,0,0,0
510547,1,1,2000,0,0,0,0,0,0,0,0,0,0
510547,2,1,2000,0,0,0,0,0,0,5,0,28,0
510548,1,1,2000,8,21,0,0,0,13,0,0,9,0
510548,2,1,2000,0,0,0,0,0,0,0,0,0,0
510549,1,1,2000,8,23,11,8,28,16,7,13,10,14
510550,1,1,2000,0,0,0,0,0,0,0,10,0,0
510551,1,1,2000,0,0,0,0,0,0,0,0,0,0
510551,2,1,2000,0,0,0,0,0,0,0,0,0,0
510552,1,1,2000,29,28,23,25,7,13,18,12,13,27
510553,1,1,2000,0,0,0,0,0,0,0,0,0,0
510553,2,1,2000,0,0,0,0,0,0,0,0,0,0
510554,1,1,2000,0,0,0,16,0,13,0,0,0,0
510555,1,1,2000,0,0,0,0,0,0,0,0,0,0
510556,1,1,2000,0,0,0,0,0,0,0,0,0,0
510557,1,1,2000,0,0,0,0,0,0,0,0,0,0
510557,2,1,2000,0,0,0,0,0,0,0,0,0,0
510557,3,1,2000,0,11,0,0,0,0,0,0,0,0
510558,1,1,2000,0,0,0,0,0,0,0,0,0,0
510559,1,1,2000,0,0,0,0,0,0,0,0,0,0
510559,2,1,2000,0,0,0,0,0,0,0,0,0,0
510560,1,1,2000,0,0,0,0,0,0,0,0,0,0
510560,2,1,2000,0,0,0,0,0,0,0,0,0,0
510561,1,1,2000,0,0,15,10,34,30,17,33,5,15
510562,1,1,2000,0,0,0,0,0,0,0,0,0,0
510562,2,1,2000,0,0,0,0,0,0,0,0,0,0
510563,1,1,2000,0,0,0,0,0,0,0,0,0,0
510563,2,1,2000,0,0,0,0,0,0,0,0,0,0
510564,1,1,2000,12,12,12,12,12,12,12,12,12,12
510565,1,1,2000,0,0,0,0,0,0,0,0,0,0
510565,2,1,2000,0,0,0,0,0,0,0,0,0,0
510566,0,1,2000,0,0,0,0,0,0,0,0,0,27
510566,1,1,2000,0,0,0,0,0,0,0,0,0,0
510567,1,1,2000,0,0,0,0,0,0,0,0,0,0
510568,0,1,2000,1,1,1,1,1,1,1,1,1,1
510568,1,1,2000,15,9,18,12,21,12,33,29,15,5
510569,1,1,2000,0,0,0,0,0,0,0,0,0,0
510570,1,1,2000,0,0,0,0,0,0,0,0,0,0
510571,1,1,2000,16,16,16,16,16,16,16,16,16,16
510572,1,1,2000,0,0,0,0,0,0,0,0,0,0
510572,2,1,2000,0,0,19,0,4,0,0,0,0,3
510573,1,1,2000,4,4,4,4,4,4,4,4,4,4
510574,1,1,2000,0,0,0,0,0,0,0,0,0,0
510574,2,1,2000,0,0,0,0,0,0,0,0,0,0
510575,0,1,2000,25,25,25,25,25,25,25,25,25,25
510575,1,1,2000,0,0,34,11,0,6,0,0,0,0
510576,1,1,2000,0,0,0,0,0,0,0,0,0,0
510577,1,1,2000,15,0,11,0,18,6,5,21,6,10
510578,0,1,2000,0,0,0,0,0,0,0,0,0,0
510578,1,1,2000,0,0,0,0,0,0,0,0,0,0
510579,1,1,2000,0,0,0,0,0,0,0,0,0,0
510580,1,1,2000,0,0,0,0,0,0,0,0,0,0
510580,2,1,2000,0,0,0,0,0,0,0,0,0,0
510581,1,1,2000,28,16,17,0,27,24,22,17,19,13
510581,2,1,2000,0,0,0,0,0,0,0,0,0,0
510582,1,1,2000,0,0,0,0,0,0,0,8,0,0
510583,1,1,2000,25,25,25,25,25,25,25,25,25,25
510583,2,1,2000,17,13,22,0,0,17,7,0,11,12
510584,1,1,2000,0,20,13,8,0,0,9,0,13,4
510585,1,1,2000,0,0,0,0,0,0,0,0,0,0
510586,0,1,2000,0,0,0,0,0,0,0,0,0,0
510586,1,1,2000,5,27,12,11,0,45,17,7,14,3
510587,1,1,2000,0,0,0,0,0,0,0,0,0,0
510587,2,1,2000,0,0,0,0,0,0,0,0,0,0
510588,1,1,2000,26,26,26,26,26,26,26,26,26,26
510589,1,1,2000,0,0,0,5,0,0,0,0,0,0
510589,2,1,2000,10,11,24,10,34,36,22,11,19,20
510591,1,1,2000,0,17,0,0,0,0,0,0,0,0
510591,2,1,2000,0,0,0,0,0,0,0,0,0,0
510592,1,1,2000,0,0,0,0,0,0,0,0,0,0
510592,2,1,2000,0,0,0,0,0,0,0,0,0,7
510592,3,1,2000,0,0,0,0,0,0,0,0,0,0
510592,4,1,2000,0,0,0,0,0,0,0,0,0,0
510593,1,1,2000,0,0,0,0,0,0,0,0,0,0
510594,1,1,2000,0,0,0,0,0,0,0,0,0,0
510594,2,1,2000,0,0,0,0,0,0,0,0,2,0
510594,3,1,2000,0,0,0,0,0,0,0,0,0,0
510595,1,1,2000,0,0,0,0,0,0,0,0,0,0
510596,0,1,2000,0,0,0,0,0,0,0,0,0,0
510596,1,1,2000,0,0,0,0,0,0,0,0,0,0
510597,0,1,2000,0,0,0,0,0,0,0,0,0,0
510597,1,1,2000,0,0,0,0,0,0,0,0,0,0
510598,1,1,2000,14,27,20,21,23,21,17,20,9,17
510599,1,1,2000,23,14,6,5,14,20,16,21,12,12
510600,1,1,2000,0,0,0,23,25,0,0,0,0,0
510601,1,1,2000,0,0,0,0,0,0,0,0,0,0
510602,1,1,2000,0,0,0,0,0,0,0,0,0,0
510602,2,1,2000,0,0,0,0,0,0,0,0,0,0
510603,1,1,2000,19,24,12,11,17,23,0,27,9,23
510604,1,1,2000,24,24,24,24,24,24,24,24,24,24
510605,1,1,2000,0,0,4,0,26,0,0,0,0,15
510605,2,1,2000,0,0,0,0,0,0,0,0,0,0
510605,3,1,2000,0,0,0,0,0,0,0,0,0,0
510605,4,1,2000,0,0,0,0,0,0,0,0,0,0
510606,1,1,2000,0,0,0,0,0,0,0,0,0,0
510606,2,1,2000,21,0,0,8,0,12,0,6,21,13
510607,1,1,2000,0,0,0,0,0,0,0,0,0,0
510607,2,1,2000,0,0,0,0,11,0,0,0,0,0
510608,1,1,2000,16,16,16,16,16,16,16,16,16,16
510608,2,1,2000,0,0,0,0,0,0,0,0,0,0
510609,1,1,2000,0,0,0,0,0,0,0,0,0,0
510610,1,1,2000,0,0,0,0,0,0,0,0,0,0
510610,2,1,2000,0,0,0,0,0,0,0,0,0,0
510611,1,1,2000,0,13,0,0,11,0,0,0,0,6
510611,2,1,2000,0,0,0,0,0,0,6,0,0,0
510611,3,1,2000,0,0,0,0,0,0,0,0,0,0
510612,1,1,2000,0,0,0,0,0,0,0,0,0,0
510613,1,1,2000,15,15,15,15,15,15,15,15,15,15
510614,1,1,2000,23,23,23,23,23,23,23,23,23,23
510615,1,1,2000,0,0,0,0,0,0,0,0,0,0
510615,2,1,2000,22,22,22,22,22,22,22,22,22,22
510616,1,1,2000,8,11,21,13,13,23,13,13,15,9
510616,2,1,2000,0,0,0,0,0,0,0,0,0,0
510617,1,1,2000,0,0,0,0,0,0,0,0,0,0
510617,2,1,2000,0,0,0,0,0,0,0,0,0,0
510618,1,1,2000,0,0,0,0,0,0,0,0,0,0
510619,0,1,2000,0,0,0,0,0,0,0,0,0,0
510619,1,1,2000,0,0,0,0,0,0,0,0,0,0
510620,1,1,2000,0,0,0,0,0,0,0,0,0,0
510620,2,1,2000,0,0,0,0,0,0,0,0,0,0
510621,0,1,2000,0,0,0,0,0,0,0,0,0,0
510621,1,1,2000,0,0,0,0,10,0,0,0,0,0
510622,0,1,2000,0,0,0,0,0,0,0,0,0,0
510622,1,1,2000,0,0,0,0,0,0,0,0,0,0
510623,0,1,2000,0,0,0,0,0,0,0,0,0,0
510623,1,1,2000,0,0,19,0,0,0,0,0,0,0
510623,2,1,2000,0,0,0,0,0,0,0,0,0,0
510624,0,1,2000,29,0,0,0,0,0,0,0,0,0
510624,1,1,2000,0,0,0,0,0,0,0,0,0,0
510625,1,1,2000,0,0,0,0,0,0,0,0,0,0
510625,2,1,2000,0,0,0,0,0,0,0,0,0,0
510625,3,1,2000,0,0,0,0,0,0,0,0,0,0
510625,4,1,2000,0,0,0,0,0,0,0,0,0,0
510626,1,1,2000,0,0,0,0,0,0,0,0,0,0
510626,2,1,2000,0,0,0,0,0,0,0,0,0,0
510627,1,1,2000,0,0,0,0,0,0,0,0,0,0
510628,1,1,2000,5,5,5,5,5,5,5,5,5,5
510628,2,1,2000,0,15,6,9,18,0,10,18,12,14
510629,1,1,2000,0,0,0,0,0,0,0,0,0,0
510629,2,1,2000,0,0,0,0,0,0,0,0,0,0
510630,0,1,2000,0,0,0,0,0,0,0,0,0,0
510630,1,1,2000,0,18,0,0,0,0,0,0,0,0
510631,1,1,2000,0,0,6,0,0,0,0,0,9,0
510632,1,1,2000,12,36,6,20,9,21,0,34,4,13
510633,1,1,2000,21,15,4,9,14,11,9,3,0,26
510634,1,1,2000,0,0,0,0,0,0,0,0,0,0
510636,1,1,2000,0,0,0,0,0,0,0,0,0,0
510636,2,1,2000,0,0,0,0,0,0,0,8,0,0
510637,1,1,2000,0,0,0,0,0,0,0,0,0,0
510638,1,1,2000,6,19,26,15,0,33,13,0,0,15
510638,2,1,2000,0,0,23,0,0,0,0,0,0,0
510639,1,1,2000,12,5,10,19,12,15,31,19,15,21
510640,1,1,2000,4,4,4,4,4,4,4,4,4,4
510641,1,1,2000,0,0,0,0,0,0,0,0,0,0
510642,0,1,2000,3,3,3,3,3,3,3,3,3,3
510642,1,1,2000,11,8,0,0,8,0,0,0,16,28
510643,1,1,2000,0,0,0,0,0,0,0,0,0,0
510644,1,1,2000,0,0,0,0,0,0,0,0,0,0
510645,1,1,2000,21,21,21,21,21,21,21,21,21,21
510646,1,1,2000,11,11,11,11,11,11,11,11,11,11
510646,2,1,2000,0,0,0,0,0,0,0,0,0,0
510646,3,1,2000,0,0,0,0,0,0,0,0,0,0
510647,1,1,2000,0,0,0,0,0,0,0,0,0,0
510648,1,1,2000,0,0,0,0,0,0,0,0,0,0
510649,1,1,2000,0,0,0,0,0,0,0,0,0,0
510650,1,1,2000,0,0,0,0,0,0,0,0,0,0
510651,1,1,2000,10,13,38,14,16,5,6,21,13,17
510651,2,1,2000,0,15,12,0,0,16,0,0,11,20
510652,1,1,2000,0,0,0,11,0,0,0,0,0,14
510653,1,1,2000,0,16,0,0,0,0,0,0,0,0
510654,1,1,2000,0,0,0,0,0,0,0,0,0,0
510654,2,1,2000,0,0,0,0,0,0,0,0,0,0
510655,1,1,2000,7,7,7,7,7,7,7,7,7,7
510656,1,1,2000,7,13,24,33,41,9,24,15,13,14
510657,1,1,2000,0,0,0,0,0,0,0,0,0,0
510658,1,1,2000,0,0,0,0,0,0,0,0,0,0
510658,2,1,2000,0,0,0,0,0,0,0,0,0,0
510659,1,1,2000,9,11,0,14,26,38,23,0,12,24