ST_CASE,VEH_NO,PER_NO,YEAR,P1,P2,P3,P4,P5,P6,P7,P8,P9,P10
510660,1,1,2000,3,3,3,3,3,3,3,3,3,3
510661,1,1,2000,0,0,0,0,0,0,0,0,0,0
510661,2,1,2000,0,0,0,0,0,5,0,0,0,0
510662,0,1,2000,1,1,1,1,1,1,1,1,1,1
510662,1,1,2000,0,10,31,6,0,3,25,16,0,0
510663,1,1,2000,38,38,38,38,38,38,38,38,38,38
510664,1,1,2000,0,0,0,0,0,0,0,0,0,0
510665,1,1,2000,0,0,0,0,0,0,0,0,0,0
510665,2,1,2000,0,0,0,0,0,0,0,0,0,0
510666,1,2,2000,30,11,23,26,26,15,20,16,21,20
510667,1,1,2000,22,22,22,22,22,22,22,22,22,22
510668,1,1,2000,12,12,12,12,12,12,12,12,12,12
510669,1,1,2000,0,0,0,0,0,0,0,0,0,0
510669,2,1,2000,0,0,0,0,0,0,0,0,0,0
510670,0,1,2000,0,0,0,0,0,0,0,0,0,0
510670,1,1,2000,20,17,6,7,22,5,16,15,8,11
510671,1,1,2000,0,0,0,0,0,0,0,0,0,6
510672,1,1,2000,16,0,0,17,0,16,0,18,0,14
510672,2,1,2000,7,13,0,0,10,14,16,14,0,0
510673,1,1,2000,0,0,0,0,0,0,0,0,0,0
510674,1,1,2000,0,0,0,0,0,0,0,0,0,0
510674,2,1,2000,0,0,0,0,0,0,0,0,0,0
510675,1,1,2000,0,0,0,0,0,0,0,0,0,0
510676,1,1,2000,0,0,0,0,0,0,0,0,0,0
510677,1,1,2000,0,0,0,0,0,0,0,0,0,0
510677,2,1,2000,0,0,0,0,0,0,0,0,0,0
510677,3,1,2000,0,0,0,0,0,0,0,0,0,0
510678,1,1,2000,0,0,0,0,0,0,0,0,14,0
510678,2,1,2000,0,0,0,0,0,0,0,0,0,0
510679,0,1,2000,0,0,0,0,0,0,0,0,0,0
510679,1,1,2000,0,0,0,0,0,0,0,0,0,0
510680,1,1,2000,22,22,22,22,22,22,22,22,22,22
510680,2,1,2000,0,0,0,0,0,0,0,0,0,0
510681,1,1,2000,16,15,30,13,8,28,3,26,25,24
510682,0,1,2000,0,0,0,0,0,0,0,0,0,0
510682,1,1,2000,0,0,0,0,0,0,0,0,0,0
510683,1,1,2000,0,0,0,0,0,0,0,0,0,0
510683,2,1,2000,0,0,0,0,0,0,0,0,0,0
510684,1,1,2000,0,0,0,0,0,0,0,0,0,0
510685,1,1,2000,18,18,18,18,18,18,18,18,18,18
510686,1,1,2000,8,8,8,8,8,8,8,8,8,8
510687,1,1,2000,0,0,0,0,0,0,0,0,0,0
510687,2,1,2000,0,0,0,0,0,0,0,0,0,0
510688,1,1,2000,23,17,10,0,11,8,21,42,20,0
510689,0,1,2000,18,19,9,28,22,39,7,19,22,32
510689,1,1,2000,0,0,0,0,0,0,0,0,9,0
510690,1,1,2000,0,0,0,0,0,0,0,0,0,0
510691,1,2,2000,0,0,0,0,0,0,0,0,0,0
510692,1,1,2000,0,0,0,0,0,0,0,0,0,0
510692,2,1,2000,22,0,0,0,0,0,0,0,0,0
510693,1,1,2000,0,0,0,0,0,0,0,0,0,0
510693,2,1,2000,0,0,0,0,0,0,0,0,0,0
510693,3,1,2000,0,0,0,0,0,0,0,0,0,0
510694,1,1,2000,0,0,0,0,0,0,0,0,0,0
510695,1,1,2000,23,23,23,23,23,23,23,23,23,23
510696,1,1,2000,0,0,0,0,0,0,0,0,0,0
510696,2,1,2000,0,0,0,0,0,0,0,0,0,0
510696,3,1,2000,0,0,0,0,0,0,0,0,0,0
510697,1,1,2000,7,7,7,7,7,7,7,7,7,7
510698,1,1,2000,0,0,0,21,0,0,0,0,0,16
510699,1,1,2000,0,0,0,0,0,0,0,0,0,0
510699,2,1,2000,0,0,0,0,0,0,0,0,0,0
510700,1,1,2000,25,25,25,25,25,25,25,25,25,25
510700,2,1,2000,14,14,14,14,14,14,14,14,14,14
510701,0,1,2000,0,0,0,0,0,0,0,0,0,0
510701,1,1,2000,0,0,0,0,0,0,0,0,0,0
510702,1,1,2000,0,0,0,0,0,0,0,0,0,0
510703,1,1,2000,12,7,7,27,35,28,21,18,20,23
510704,1,1,2000,0,0,0,0,0,0,0,0,0,0
510704,2,1,2000,0,0,0,0,0,0,0,0,0,0
510705,1,1,2000,0,0,0,0,0,0,0,0,0,0
510705,2,1,2000,0,0,0,0,0,0,0,0,0,0
510706,1,1,2000,0,0,0,0,0,0,0,0,0,0
510706,2,1,2000,0,0,0,0,0,0,0,0,0,0
510707,1,1,2000,0,0,0,0,0,0,0,0,0,0
510707,2,1,2000,0,0,0,0,0,0,0,0,0,0
510708,1,1,2000,0,0,0,0,0,0,0,0,0,0
510708,2,1,2000,0,0,0,0,0,0,0,0,0,0
510709,1,1,2000,0,0,0,0,0,0,0,0,0,0
510709,2,1,2000,0,0,0,0,0,0,0,0,0,0
510711,1,1,2000,0,0,0,0,0,0,0,0,0,0
510711,2,1,2000,0,0,0,0,0,0,0,0,0,0
510711,3,1,2000,0,0,0,0,0,0,0,0,0,0
510712,0,1,2000,6,6,6,6,6,6,6,6,6,6
510712,1,1,2000,0,0,0,15,0,24,0,0,0,17
510713,1,1,2000,22,4,16,22,17,10,25,21,14,22
510713,2,1,2000,0,0,0,0,0,0,0,0,8,0
510714,1,1,2000,0,0,0,0,0,0,0,0,0,0
510714,2,1,2000,0,0,0,0,0,0,0,0,0,0
510715,1,1,2000,15,15,15,15,15,15,15,15,15,15
510716,1,1,2000,0,0,0,0,0,0,0,0,0,0
510717,1,1,2000,17,12,17,17,13,13,32,20,11,18
510718,1,1,2000,25,22,0,16,24,37,12,15,5,15
510719,1,1,2000,0,0,0,0,0,0,0,0,0,0
510720,1,1,2000,21,10,26,18,22,38,18,10,16,0
510721,1,1,2000,11,11,11,11,11,11,11,11,11,11
510721,2,1,2000,0,7,0,29,18,0,11,12,0,16
510723,1,1,2000,0,0,0,0,0,0,0,0,0,0
510723,2,1,2000,0,0,0,0,0,0,0,0,0,0
510724,1,1,2000,30,30,30,30,30,30,30,30,30,30
510725,1,1,2000,0,0,0,0,0,0,0,0,0,0
510725,2,1,2000,29,29,29,29,29,29,29,29,29,29
510726,1,1,2000,29,29,29,29,29,29,29,29,29,29
510726,2,1,2000,23,13,14,14,5,17,18,20,9,18
510726,3,1,2000,0,0,0,7,0,0,0,0,0,0
510727,1,1,2000,20,14,19,18,25,23,7,21,18,18
510727,2,1,2000,0,7,0,0,0,0,0,0,0,0
510728,1,1,2000,0,16,0,0,18,0,11,0,0,0
510728,2,1,2000,20,0,8,0,0,0,0,13,0,22
510729,1,1,2000,26,12,25,28,15,15,0,5,9,6
510730,0,1,2000,0,0,0,0,0,0,0,0,0,0
510730,1,1,2000,0,0,0,0,0,0,0,0,0,0
510731,1,1,2000,0,0,0,0,0,0,0,0,0,0
510732,1,1,2000,15,19,14,20,13,14,0,6,34,19
510733,1,1,2000,0,0,0,0,0,0,0,0,0,0
510733,2,1,2000,0,0,0,0,0,0,0,0,0,0
510733,3,1,2000,0,0,0,0,0,0,0,0,0,0
510734,1,1,2000,14,14,14,14,14,14,14,14,14,14
510735,1,1,2000,36,15,19,17,27,0,6,46,30,9
510736,1,1,2000,22,0,0,0,0,0,0,24,0,0
510737,1,1,2000,0,0,0,0,0,0,0,0,0,0
510738,1,1,2000,0,0,0,0,0,0,0,0,0,0
510739,1,1,2000,0,22,15,21,0,31,28,7,30,23
510740,1,1,2000,16,0,18,27,25,28,35,15,0,0
510741,1,1,2000,0,0,0,0,0,0,0,0,0,0
510742,1,1,2000,0,0,0,0,12,0,27,19,0,0
510743,1,1,2000,0,32,13,29,33,7,31,16,0,26
510744,1,1,2000,0,0,0,0,0,0,0,0,0,0
510745,1,1,2000,0,0,0,0,0,0,0,0,0,0
510746,1,1,2000,0,0,0,0,0,0,0,0,0,0
510746,2,1,2000,0,0,0,0,0,0,0,0,0,0
510747,1,1,2000,11,11,9,9,15,0,32,9,12,0
510747,2,1,2000,0,0,0,0,0,0,0,0,0,0
510747,3,1,2000,0,0,0,0,0,0,0,0,0,0
510748,1,1,2000,6,6,6,6,6,6,6,6,6,6
510749,1,1,2000,21,21,21,21,21,21,21,21,21,21
510749,2,1,2000,32,0,4,9,19,29,22,22,0,0
510750,1,1,2000,0,0,0,0,0,0,0,0,0,0
510751,0,1,2000,0,0,0,0,0,0,0,0,0,0
510751,1,1,2000,13,18,10,20,7,13,15,0,0,11
510752,0,1,2000,21,21,21,21,21,21,21,21,21,21
510752,1,1,2000,19,19,19,19,19,19,19,19,19,19
510753,1,1,2000,0,0,0,0,0,0,0,0,0,0
510753,2,1,2000,0,0,0,0,0,0,0,0,0,0
510754,1,1,2000,28,28,28,28,28,28,28,28,28,28
510754,2,1,2000,18,0,0,10,0,0,12,0,0,0
510755,1,1,2000,1,1,1,1,1,1,1,1,1,1
510756,1,1,2000,0,0,0,0,0,0,0,0,0,0
510757,1,1,2000,0,0,0,0,0,0,0,0,0,0
510758,1,1,2000,0,0,0,0,0,0,0,0,0,0
510759,1,1,2000,0,0,15,0,0,0,0,0,0,0
510760,1,1,2000,18,17,15,2,23,15,10,27,0,4
510761,1,1,2000,30,30,30,30,30,30,30,30,30,30
510762,0,1,2000,0,0,0,0,0,0,0,0,0,0
510762,1,1,2000,0,0,0,0,0,0,0,0,0,0
510763,0,1,2000,0,0,0,0,0,0,0,0,0,0
510763,1,1,2000,0,0,0,0,0,0,0,0,0,0
510764,1,1,2000,29,29,29,29,29,29,29,29,29,29
510765,1,1,2000,0,0,10,11,0,0,0,0,0,0
510766,1,1,2000,14,16,0,23,0,0,0,0,23,0
510767,0,1,2000,0,0,0,0,0,0,0,0,0,0
510767,1,1,2000,0,0,0,0,0,0,0,0,0,0
510768,0,1,2000,0,0,0,0,0,0,0,0,0,0
510768,1,1,2000,0,0,0,13,0,0,0,0,0,0
510769,1,1,2000,0,0,0,11,0,0,0,0,18,0
510770,1,1,2000,20,13,16,7,21,10,35,18,11,21
510771,1,1,2000,19,19,19,19,19,19,19,19,19,19
510772,1,1,2000,0,0,0,0,0,0,0,0,0,0
510773,1,1,2000,0,0,15,11,16,26,12,12,14,0
510774,1,1,2000,10,10,10,10,10,10,10,10,10,10
510775,1,1,2000,0,0,0,0,0,0,0,0,0,0
510775,2,1,2000,9,0,12,11,9,9,21,17,14,30
510776,1,1,2000,15,20,14,6,0,0,10,11,21,6
510777,0,1,2000,19,5,0,22,24,0,13,0,0,14
510777,0,2,2000,0,0,0,14,30,0,0,0,7,15
510777,1,1,2000,0,0,0,0,0,0,0,0,0,0
510778,1,1,2000,0,0,0,18,0,12,0,0,22,0
510779,1,1,2000,21,21,21,21,21,21,21,21,21,21
510779,2,1,2000,0,0,0,0,0,0,14,0,0,0
510780,1,1,2000,14,14,14,14,14,14,14,14,14,14
510781,1,1,2000,0,0,0,0,0,0,0,0,0,0
510781,2,1,2000,0,0,0,0,0,0,6,0,0,0
510782,1,1,2000,0,0,0,6,0,0,0,0,0,0
510782,2,1,2000,0,0,0,0,0,0,0,0,0,0
510782,3,1,2000,0,0,0,0,0,0,0,0,0,0
510783,1,1,2000,0,0,0,0,0,0,0,0,0,0
510783,2,1,2000,0,0,0,0,0,0,0,0,0,0
510783,3,1,2000,0,0,0,0,0,0,0,0,0,0
510784,1,1,2000,13,26,23,25,0,12,20,16,29,10
510784,2,1,2000,3,0,0,0,20,0,0,0,0,0
510785,1,1,2000,27,27,27,27,27,27,27,27,27,27
510785,2,1,2000,0,11,0,0,0,0,15,0,0,0
510786,1,1,2000,7,31,12,5,22,0,12,13,37,8
510786,2,1,2000,0,0,0,0,12,0,0,0,0,0
510787,1,1,2000,0,0,0,0,0,0,0,0,0,0
510787,2,1,2000,0,0,0,0,0,0,0,0,0,0
510788,0,1,2000,0,0,0,0,3,0,22,0,13,0
510788,1,1,2000,0,19,21,4,0,0,0,0,0,0
510789,1,1,2000,9,9,9,9,9,9,9,9,9,9
510789,2,1,2000,24,0,0,10,14,11,0,0,15,33
510790,1,1,2000,11,0,0,0,0,0,0,0,0,0
510790,2,1,2000,0,0,0,0,0,0,0,0,0,0
510791,1,1,2000,0,0,0,0,0,0,0,0,0,0
510791,2,1,2000,0,0,0,0,0,0,0,0,0,0
510792,1,1,2000,24,24,24,24,24,24,24,24,24,24
510793,0,1,2000,17,18,24,36,35,27,29,21,16,25
510793,1,1,2000,0,0,0,0,0,0,0,0,0,0
510793,2,1,2000,0,3,0,0,0,0,0,23,0,0
510794,1,1,2000,0,0,0,0,0,0,0,0,0,0
510795,1,1,2000,23,23,23,23,23,23,23,23,23,23
510796,1,1,2000,0,0,0,0,0,0,0,0,0,0
510796,2,1,2000,0,0,0,0,0,0,0,0,0,0
510797,1,1,2000,0,0,0,0,0,0,0,0,0,0
510797,2,1,2000,0,0,0,0,0,0,0,0,0,0
510798,0,1,2000,0,0,0,0,0,0,0,0,0,0
510798,1,1,2000,0,0,0,0,0,0,4,0,0,12
510799,0,1,2000,29,29,29,29,29,29,29,29,29,29
510799,1,1,2000,0,0,0,0,0,0,13,0,3,0
510799,2,1,2000,0,0,0,0,0,0,0,0,0,0
510800,0,1,2000,0,0,0,0,0,0,0,0,0,0
510800,1,1,2000,0,0,0,0,0,0,0,0,0,0
510801,1,1,2000,21,10,18,26,29,9,25,12,19,13
510801,2,1,2000,0,0,0,0,0,0,0,0,0,0
510802,1,1,2000,0,0,0,0,0,0,0,0,0,0
510802,2,1,2000,0,0,24,25,7,15,6,4,13,3
510803,1,1,2000,0,0,0,0,0,0,0,0,0,0
510803,2,1,2000,0,0,0,0,0,0,0,0,0,0
510804,1,1,2000,0,0,0,0,0,0,0,0,0,0
510804,2,1,2000,23,23,23,23,23,23,23,23,23,23
510805,1,1,2000,0,0,0,0,0,0,20,0,0,0
510805,2,1,2000,0,0,0,0,0,0,0,0,0,0
510806,1,1,2000,0,0,0,0,0,0,0,0,0,0
510807,0,1,2000,0,0,0,0,0,0,0,0,0,0
510807,1,1,2000,6,5,9,16,12,14,9,1,7,2
510808,1,1,2000,26,10,16,20,0,6,10,12,28,15
510809,1,1,2000,6,0,0,0,0,0,0,0,0,0
510810,0,1,2000,0,0,0,0,0,0,0,0,0,0
510810,1,1,2000,0,0,0,0,0,0,0,0,0,19
510811,1,1,2000,17,17,17,17,17,17,17,17,17,17
510812,1,1,2000,0,0,20,13,0,29,0,10,0,0
510812,2,1,2000,0,0,0,0,0,0,0,0,0,0
510813,1,1,2000,16,3,10,6,7,0,15,20,11,0
510813,2,1,2000,0,0,0,0,0,0,0,10,0,0
510814,0,1,2000,0,0,0,0,0,0,0,0,0,0
510814,1,1,2000,19,24,26,13,37,27,13,13,11,24
510815,0,1,2000,0,0,0,0,0,0,0,0,0,0
510815,1,1,2000,0,0,0,0,0,0,0,0,0,0
510816,1,1,2000,0,0,0,0,0,0,0,0,0,0
510816,2,1,2000,0,0,0,0,0,0,0,0,0,0
510817,1,1,2000,0,0,0,0,0,0,0,0,0,0
510817,2,1,2000,0,0,0,0,0,0,0,0,0,0
510818,1,1,2000,10,32,10,13,7,21,7,19,26,14
510819,1,1,2000,0,15,11,11,18,25,18,26,14,12
510820,0,1,2000,0,0,0,0,0,0,0,0,0,0
510820,1,1,2000,0,0,0,0,0,0,0,0,0,0
510821,0,1,2000,0,0,0,0,0,0,0,0,0,0
510821,0,2,2000,0,13,0,0,0,0,0,0,0,0
510821,1,1,2000,0,0,0,0,0,0,0,0,0,0
510821,2,1,2000,0,0,0,0,0,0,0,0,0,0
510822,1,1,2000,23,18,22,15,26,9,28,26,27,26
510822,2,1,2000,0,0,0,0,25,0,13,0,0,0
510823,1,1,2000,7,17,22,5,10,13,18,7,0,5
510824,1,1,2000,31,23,19,24,37,28,15,25,23,23
510825,1,1,2000,25,24,28,18,15,8,18,0,4,13
510825,2,1,2000,0,0,0,0,0,0,14,0,0,0
510826,1,1,2000,0,0,0,0,0,0,0,0,0,0
510827,1,1,2000,0,0,0,0,0,0,0,0,0,0
510827,2,1,2000,0,0,0,0,0,0,0,0,0,0
510828,0,1,2000,0,0,0,0,0,0,0,0,0,0
510828,1,1,2000,0,0,0,0,0,0,0,0,0,0
510829,1,1,2000,0,0,0,0,0,0,0,0,0,0
510829,2,1,2000,0,0,0,0,36,0,0,0,0,0
510830,0,1,2000,0,0,0,0,0,0,0,0,0,0
510830,1,1,2000,0,0,0,0,0,18,0,0,0,0
510831,1,1,2000,14,14,14,14,14,14,14,14,14,14
510832,0,1,2000,0,0,0,0,0,0,0,0,0,0
510832,1,1,2000,0,0,0,0,0,0,0,0,0,0
510833,1,1,2000,0,0,0,0,0,0,0,0,0,0
510833,2,1,2000,0,0,0,0,0,0,0,0,0,0
510833,3,1,2000,23,18,16,10,8,0,12,17,22,17
510834,1,1,2000,0,0,0,0,0,0,0,0,0,0
510834,2,1,2000,0,0,0,0,0,0,0,0,0,0
510835,1,1,2000,0,0,0,0,0,0,0,0,0,0
510835,2,1,2000,0,0,0,0,0,0,0,0,0,0
510836,1,1,2000,18,11,17,18,12,10,0,21,20,5
510836,2,1,2000,0,0,18,0,0,0,0,0,0,0
510837,1,1,2000,19,44,0,18,15,28,17,11,19,18
510838,1,1,2000,9,9,9,9,9,9,9,9,9,9
510838,2,1,2000,0,0,0,0,0,0,0,0,0,0
510839,1,1,2000,23,24,0,9,16,22,29,15,6,20
510839,2,1,2000,0,0,0,0,0,0,0,0,0,0
510840,1,1,2000,0,0,0,0,0,8,0,0,0,0
510841,0,1,2000,0,0,0,0,32,0,0,15,0,0
510841,1,1,2000,0,0,0,0,0,0,0,0,0,0
510842,1,1,2000,0,0,0,0,0,0,0,0,0,0
510842,2,1,2000,34,0,0,0,0,0,0,0,0,0
510842,3,1,2000,0,0,0,0,6,0,0,0,0,0
510842,4,1,2000,0,0,0,0,0,0,0,0,0,0
510843,1,1,2000,0,0,0,0,0,0,0,0,0,0
510843,2,1,2000,0,0,0,0,0,0,0,0,0,0
510843,3,1,2000,14,0,0,0,0,0,0,0,0,0
510844,1,1,2000,18,18,18,18,18,18,18,18,18,18
510844,2,1,2000,0,0,0,23,0,20,0,0,0,0
510844,3,1,2000,0,0,0,0,0,0,0,0,10,4
510845,1,1,2000,5,14,10,35,9,0,14,0,0,24
510845,2,1,2000,16,0,0,0,0,0,0,0,27,0
510846,0,1,2000,0,0,0,0,0,0,0,0,0,0
510846,1,1,2000,0,5,0,0,0,24,0,15,0,17
510847,0,1,2000,0,0,0,0,0,0,0,0,0,0
510847,1,1,2000,0,6,8,0,0,19,13,0,13,19
510848,1,1,2000,0,24,13,0,0,18,17,0,0,0
510849,1,1,2000,0,0,0,0,0,0,0,0,0,0
510850,0,1,2000,0,0,0,0,0,0,0,0,0,0
510850,1,1,2000,0,0,0,0,0,0,0,0,0,0
510850,2,1,2000,16,31,16,7,32,38,41,12,10,20
510851,1,1,2000,0,0,0,0,0,0,0,0,0,0
510851,2,1,2000,0,0,0,0,0,0,0,0,0,0
510852,0,1,2000,0,0,0,0,0,0,0,0,0,0
510852,1,1,2000,0,0,0,0,0,0,0,0,0,0
510853,1,1,2000,0,0,0,0,0,0,0,0,0,0
510854,1,1,2000,20,20,20,20,20,20,20,20,20,20
510855,1,1,2000,0,0,0,0,0,0,0,0,0,0
510855,2,1,2000,0,0,0,10,0,0,0,0,0,0
510855,3,1,2000,0,0,0,0,0,0,0,0,0,0
510856,0,1,2000,12,12,12,12,12,12,12,12,12,12
510856,1,1,2000,0,0,0,0,0,0,0,0,0,0
510857,1,1,2000,0,0,0,0,0,0,0,0,0,0
510857,2,1,2000,0,0,0,0,0,0,0,0,0,0
530001,1,1,2000,23,23,23,23,23,23,23,23,23,23
530001,2,1,2000,0,0,0,0,0,0,0,0,0,0
530002,0,1,2000,0,0,0,0,0,0,0,0,0,0
530002,1,1,2000,0,0,8,0,0,0,0,25,25,0
530003,0,1,2000,0,0,0,0,0,0,0,0,0,0
530003,1,1,2000,0,0,0,0,0,0,0,0,0,0
530004,1,1,2000,29,29,29,29,29,29,29,29,29,29
530005,1,1,2000,14,14,14,14,14,14,14,14,14,14
530006,1,1,2000,0,0,0,0,0,0,0,0,0,0
530006,2,1,2000,0,0,0,0,0,0,0,0,0,0
530007,0,1,2000,21,21,21,21,21,21,21,21,21,21
530007,1,1,2000,31,31,31,31,31,31,31,31,31,31
530008,1,1,2000,0,0,0,0,0,0,0,0,0,0
530008,2,1,2000,0,0,0,0,0,0,0,0,0,0
530009,0,1,2000,0,0,0,0,0,0,0,0,0,0
530009,1,1,2000,0,0,0,0,0,0,0,0,0,0
530010,1,1,2000,18,18,18,18,18,18,18,18,18,18
530011,1,1,2000,0,0,19,0,0,0,0,0,0,0
530011,2,1,2000,16,16,16,16,16,16,16,16,16,16
530012,1,1,2000,0,0,0,0,0,0,0,0,0,0
530012,2,1,2000,0,0,0,17,0,0,0,0,0,11
530013,1,1,2000,26,26,26,26,26,26,26,26,26,26
530014,1,1,2000,20,20,20,20,20,20,20,20,20,20
530015,1,1,2000,0,0,0,0,0,0,0,0,0,0
530015,2,1,2000,0,0,0,0,0,0,0,6,0,0
530016,0,1,2000,0,0,0,0,0,0,0,0,0,0
530016,1,1,2000,0,0,0,0,0,0,0,0,0,0
530017,1,1,2000,13,13,13,13,13,13,13,13,13,13
530018,1,1,2000,0,0,0,0,0,0,0,0,0,0
530018,2,1,2000,0,0,0,0,0,0,0,0,0,0
530019,1,1,2000,0,0,0,0,0,0,0,0,0,0
530019,2,1,2000,0,0,0,0,0,0,0,0,0,0
530020,1,1,2000,0,0,0,0,0,0,0,0,0,0
530020,2,1,2000,0,0,0,0,0,0,0,0,0,0
530021,1,1,2000,1,1,1,1,1,1,1,1,1,1
530021,2,1,2000,0,0,0,0,0,0,0,0,0,0
530022,1,1,2000,0,0,0,0,0,0,0,0,0,0
530022,2,1,2000,0,0,0,0,0,0,0,0,0,0
530022,3,1,2000,0,0,0,0,0,0,0,0,0,0
530023,1,1,2000,0,0,0,0,0,0,0,0,0,0
530023,2,1,2000,0,0,0,0,0,0,0,0,0,0
530024,1,1,2000,0,0,0,0,0,0,0,0,0,13
530025,1,1,2000,0,0,0,0,0,0,0,0,0,0
530025,2,1,2000,0,0,0,0,0,0,0,0,0,0
530026,0,1,2000,21,21,21,21,21,21,21,21,21,21
530026,1,1,2000,10,10,10,10,10,10,10,10,10,10
530027,1,1,2000,0,0,0,0,0,0,0,0,0,0
530027,2,1,2000,0,0,0,0,0,0,0,0,0,0
530028,1,1,2000,18,18,18,18,18,18,18,18,18,18
530029,1,1,2000,0,0,0,0,0,0,0,0,0,0
530029,2,1,2000,16,20,0,0,5,0,10,0,0,0
530030,1,1,2000,17,17,17,17,17,17,17,17,17,17
530030,2,1,2000,0,0,0,0,0,0,0,16,13,0
530031,1,1,2000,0,0,0,0,0,0,0,0,0,0
530032,1,1,2000,0,6,6,0,25,0,23,10,12,0
530033,1,1,2000,0,0,0,0,0,0,0,0,0,0
530034,1,1,2000,0,0,0,0,0,0,0,0,0,0
530035,1,1,2000,0,0,0,0,0,0,0,0,0,0
530036,1,1,2000,0,0,0,0,0,0,0,0,0,0
530036,2,1,2000,0,0,0,0,0,0,0,0,0,0
530037,1,1,2000,0,0,0,0,0,0,0,0,0,0
530037,2,1,2000,0,0,0,0,0,0,0,0,0,0
530038,1,1,2000,17,17,17,17,17,17,17,17,17,17
530038,2,1,2000,0,0,0,0,0,0,0,0,0,0
530039,1,1,2000,0,0,0,0,0,0,0,0,0,0
530039,2,1,2000,0,0,0,0,0,0,0,0,0,0
530040,1,1,2000,0,19,13,2,0,8,15,6,37,0
530041,1,1,2000,0,0,0,0,0,0,0,0,0,0
530042,1,1,2000,0,0,0,0,0,0,0,0,0,0
530043,1,1,2000,0,0,0,0,0,0,0,0,0,0
530044,1,1,2000,0,0,0,0,0,0,0,0,0,0
530044,2,1,2000,0,0,0,0,0,0,0,0,0,0
530045,0,1,2000,0,0,0,0,0,0,0,0,0,0
530045,1,1,2000,0,0,0,0,0,0,0,0,0,0
530046,1,1,2000,4,4,4,4,4,4,4,4,4,4
530046,2,1,2000,0,0,0,0,0,0,0,0,0,0
530046,3,1,2000,0,0,0,0,0,0,0,0,0,0
530047,1,1,2000,25,25,25,25,25,25,25,25,25,25
530048,1,1,2000,18,18,18,18,18,18,18,18,18,18
530049,1,1,2000,24,24,24,24,24,24,24,24,24,24
530050,1,1,2000,30,30,30,30,30,30,30,30,30,30
530050,2,1,2000,0,0,0,0,0,0,0,0,0,0
530051,0,1,2000,0,0,0,0,0,0,0,0,0,0
530051,1,1,2000,0,0,0,0,0,0,0,0,0,0
530052,1,1,2000,0,0,0,0,0,0,0,0,0,0
530052,2,1,2000,0,0,0,0,0,0,0,0,0,0
530053,0,1,2000,19,19,19,19,19,19,19,19,19,19
530053,1,1,2000,3,0,0,0,0,0,28,11,5,0
530054,1,1,2000,15,15,15,15,15,15,15,15,15,15
530054,2,1,2000,0,0,0,0,0,0,0,0,0,0
530055,0,1,2000,0,0,0,0,0,0,0,0,0,0
530055,1,1,2000,0,0,0,0,0,0,0,0,0,0
530056,0,1,2000,0,0,0,0,0,0,0,0,0,0
530056,1,1,2000,14,0,0,0,0,0,0,0,0,0
530057,1,1,2000,0,0,0,0,0,0,0,0,0,0
530057,2,1,2000,0,0,0,0,0,0,0,0,0,0
530058,1,1,2000,0,0,0,0,0,0,0,0,0,0
530058,2,1,2000,22,22,22,22,22,22,22,22,22,22
530059,1,1,2000,14,14,14,14,14,14,14,14,14,14
530059,2,1,2000,0,0,0,0,0,0,0,0,0,0
530060,0,1,2000,0,0,0,0,0,0,0,0,0,0
530060,1,1,2000,4,0,0,0,0,0,0,0,0,0
530061,1,1,2000,15,15,15,15,15,15,15,15,15,15
530061,2,1,2000,0,0,0,0,0,0,0,0,0,0
530062,1,1,2000,0,0,0,0,0,0,0,0,0,0
530062,2,1,2000,0,0,0,0,0,0,0,0,0,0
530063,1,1,2000,0,0,0,0,0,0,0,0,0,0
530064,1,1,2000,28,28,28,28,28,28,28,28,28,28
530064,2,1,2000,0,0,0,0,0,0,0,0,0,0
530065,1,1,2000,0,0,0,0,0,0,0,0,0,0
530065,2,1,2000,0,0,0,0,0,0,0,0,0,0
530066,1,1,2000,0,9,0,10,0,0,0,0,0,0
530067,1,1,2000,0,0,0,0,0,0,0,0,0,0
530067,2,1,2000,0,0,0,0,0,0,0,0,0,0
530067,3,1,2000,0,0,0,12,0,0,0,0,0,0
530067,4,1,2000,0,0,0,0,0,0,7,0,0,0
530068,1,1,2000,14,14,14,14,14,14,14,14,14,14
530068,2,1,2000,0,0,0,0,0,0,0,0,0,0
530068,3,1,2000,0,0,0,0,0,0,0,0,0,0
530069,1,1,2000,0,0,0,0,0,0,0,0,0,0
530069,2,1,2000,0,0,0,0,0,0,0,0,0,0
530070,0,1,2000,18,18,18,18,18,18,18,18,18,18
530070,1,1,2000,0,0,0,0,0,0,0,0,0,0
530071,1,1,2000,0,0,0,0,0,0,0,0,0,0
530071,2,1,2000,0,0,0,0,0,0,0,0,0,0
530072,1,1,2000,16,16,16,16,16,16,16,16,16,16
530072,2,1,2000,24,24,24,24,24,24,24,24,24,24
530072,3,1,2000,0,0,0,0,0,0,0,0,0,0
530073,1,1,2000,19,19,19,19,19,19,19,19,19,19