ST_CASE,VEH_NO,PER_NO,YEAR,P1,P2,P3,P4,P5,P6,P7,P8,P9,P10
540062,1,1,2000,8,8,8,8,8,8,8,8,8,8
540063,1,1,2000,36,36,36,36,36,36,36,36,36,36
540064,1,1,2000,0,0,0,0,0,0,0,0,0,0
540065,1,1,2000,0,0,0,0,0,0,0,0,0,0
540066,1,1,2000,15,15,15,15,15,15,15,15,15,15
540066,2,1,2000,25,25,25,25,25,25,25,25,25,25
540067,1,1,2000,0,0,0,0,0,0,0,0,0,0
540068,1,1,2000,0,0,0,0,0,0,0,0,0,0
540069,1,1,2000,0,0,0,0,0,0,0,0,0,0
540070,1,1,2000,25,25,25,25,25,25,25,25,25,25
540071,1,1,2000,0,0,0,0,0,0,0,4,0,0
540071,2,1,2000,0,0,0,0,0,0,0,0,0,0
540072,1,1,2000,12,12,12,12,12,12,12,12,12,12
540073,1,1,2000,0,0,0,0,0,0,0,0,0,0
540074,1,1,2000,14,14,14,14,14,14,14,14,14,14
540074,2,1,2000,0,0,0,29,0,0,0,0,0,0
540075,1,1,2000,15,15,15,15,15,15,15,15,15,15
540076,1,1,2000,0,0,0,0,0,0,0,0,0,0
540077,1,1,2000,0,0,0,0,0,0,0,0,0,0
540077,2,1,2000,0,0,0,0,0,0,0,0,0,0
540078,1,1,2000,0,0,0,0,0,0,0,0,18,0
540078,2,1,2000,0,0,0,0,0,0,0,0,0,0
540079,1,1,2000,0,0,0,0,0,0,0,0,0,0
540079,2,1,2000,15,15,15,15,15,15,15,15,15,15
540080,1,1,2000,20,20,20,20,20,20,20,20,20,20
540081,1,1,2000,13,13,13,13,13,13,13,13,13,13
540081,2,1,2000,0,0,0,0,0,0,0,0,0,0
540082,1,1,2000,20,20,20,20,20,20,20,20,20,20
540083,1,1,2000,0,0,0,0,0,0,0,0,0,0
540083,2,1,2000,0,0,0,0,0,0,0,0,0,0
540084,1,1,2000,23,23,23,23,23,23,23,23,23,23
540085,1,1,2000,6,6,6,6,6,6,6,6,6,6
540086,1,1,2000,0,0,0,0,0,0,0,0,0,0
540086,2,1,2000,0,0,0,0,0,0,0,0,0,0
540087,1,1,2000,0,0,0,0,0,0,0,0,0,0
540087,2,1,2000,0,0,0,0,0,0,0,0,0,0
540088,1,1,2000,24,24,24,24,24,24,24,24,24,24
540089,1,1,2000,22,22,22,22,22,22,22,22,22,22
540090,1,1,2000,0,0,0,0,0,0,0,0,0,0
540090,2,1,2000,0,0,0,0,0,0,0,0,0,0
540091,0,1,2000,0,0,0,0,0,0,0,0,0,0
540091,1,1,2000,0,0,0,0,0,0,0,0,0,0
540092,1,1,2000,21,21,21,21,21,21,21,21,21,21
540092,2,1,2000,0,0,0,0,0,0,0,0,0,0
540093,1,1,2000,0,0,0,0,0,0,0,0,0,0
540093,2,1,2000,0,0,0,0,0,0,0,0,0,0
540094,1,1,2000,10,10,10,10,10,10,10,10,10,10
540095,1,1,2000,22,22,22,22,22,22,22,22,22,22
540096,1,1,2000,20,20,20,20,20,20,20,20,20,20
540097,1,1,2000,21,21,21,21,21,21,21,21,21,21
540098,1,1,2000,27,27,27,27,27,27,27,27,27,27
540098,2,1,2000,0,0,0,0,0,0,0,0,0,0
540099,1,1,2000,0,0,0,0,0,0,0,0,0,0
540100,1,1,2000,0,0,0,0,0,0,0,0,0,0
540101,1,1,2000,0,0,0,0,0,0,0,0,0,0
540101,2,1,2000,0,0,0,0,0,0,0,0,0,0
540102,1,1,2000,0,0,0,0,0,0,0,0,0,0
540103,1,1,2000,0,0,0,0,0,0,0,0,0,0
540104,1,1,2000,0,0,0,0,0,0,0,0,0,0
540105,1,1,2000,0,0,0,0,0,0,0,0,0,0
540105,2,1,2000,0,0,0,0,0,0,0,0,0,0
540106,1,1,2000,0,0,0,0,0,0,0,0,0,0
540106,2,1,2000,0,0,0,0,0,0,0,0,0,0
540107,1,1,2000,0,0,0,0,0,0,0,0,0,0
540107,2,1,2000,0,0,0,0,0,0,0,0,0,0
540107,3,1,2000,0,0,0,0,0,0,0,0,0,0
540107,4,1,2000,0,0,0,0,0,0,0,0,0,0
540107,5,1,2000,0,0,0,0,0,0,0,0,0,0
540108,0,1,2000,8,8,8,8,8,8,8,8,8,8
540108,1,1,2000,5,5,5,5,5,5,5,5,5,5
540109,1,1,2000,0,0,0,0,0,0,0,0,0,0
540109,2,1,2000,0,0,0,0,0,0,0,0,0,0
540110,2,1,2000,0,0,0,0,0,0,0,0,0,0
540110,3,1,2000,0,0,0,0,0,0,0,0,0,0
540111,1,1,2000,12,12,12,12,12,12,12,12,12,12
540112,1,1,2000,0,0,0,0,0,0,0,0,0,0
540112,2,1,2000,0,0,0,0,0,0,0,0,0,0
540113,1,1,2000,0,0,0,0,0,0,0,0,0,0
540114,1,1,2000,0,0,0,0,0,0,0,0,0,0
540115,1,1,2000,0,0,0,0,0,0,0,0,0,0
540115,2,1,2000,0,0,0,0,0,0,0,0,0,0
540116,1,1,2000,0,0,0,0,0,0,0,0,0,0
540117,1,1,2000,0,0,0,0,0,0,0,0,0,0
540117,2,1,2000,0,0,0,0,0,0,0,0,0,0
540118,1,1,2000,0,0,0,0,0,0,0,0,0,0
540119,1,1,2000,0,0,0,0,0,0,0,0,0,0
540119,2,1,2000,0,0,0,0,0,0,0,0,0,0
540120,1,1,2000,0,0,0,0,0,0,0,0,0,0
540120,2,1,2000,0,0,0,0,0,0,0,0,0,0
540121,1,1,2000,0,0,0,0,0,0,0,0,0,0
540122,1,1,2000,0,0,0,0,0,0,0,0,0,0
540123,1,1,2000,0,0,0,0,0,0,0,0,0,0
540123,2,1,2000,0,0,0,0,0,0,0,0,0,0
540124,1,1,2000,22,22,22,22,22,22,22,22,22,22
540124,2,1,2000,0,0,0,0,0,0,0,11,0,0
540124,3,1,2000,0,0,0,0,0,0,0,0,0,0
540125,1,1,2000,11,11,11,11,11,11,11,11,11,11
540126,1,1,2000,19,19,19,19,19,19,19,19,19,19
540127,1,1,2000,20,20,20,20,20,20,20,20,20,20
540128,1,1,2000,0,0,0,0,0,0,0,0,0,0
540128,2,1,2000,0,0,0,0,0,0,0,0,0,0
540129,1,1,2000,22,22,22,22,22,22,22,22,22,22
540130,1,1,2000,0,0,0,0,0,0,0,0,0,0
540131,1,1,2000,27,27,27,27,27,27,27,27,27,27
540132,1,1,2000,0,0,0,0,0,0,0,0,0,0
540132,2,1,2000,0,0,0,0,0,0,0,0,0,0
540133,0,1,2000,0,0,0,0,0,0,0,0,0,0
540133,1,1,2000,0,0,0,0,0,0,0,0,0,0
540134,0,1,2000,0,0,0,0,0,0,0,0,0,0
540134,0,2,2000,0,0,0,0,0,0,0,0,0,0
540134,0,3,2000,0,0,0,0,0,0,0,0,0,0
540134,1,1,2000,0,0,0,0,0,0,0,0,0,0
540135,1,1,2000,18,18,18,18,18,18,18,18,18,18
540136,1,1,2000,13,13,13,13,13,13,13,13,13,13
540137,1,1,2000,17,16,0,0,0,11,0,14,10,22
540138,1,1,2000,0,0,0,0,0,0,0,0,0,0
540138,2,1,2000,0,0,0,0,0,0,0,0,0,0
540139,1,1,2000,0,0,0,0,0,0,0,0,0,0
540139,2,1,2000,0,0,0,0,0,0,0,0,0,0
540141,1,1,2000,0,0,0,0,0,0,0,0,0,0
540141,2,1,2000,0,0,0,0,0,0,0,0,0,0
540142,1,1,2000,0,0,0,0,0,0,0,0,4,0
540143,1,1,2000,15,15,15,15,15,15,15,15,15,15
540143,2,1,2000,2,2,2,2,2,2,2,2,2,2
540143,3,1,2000,0,0,0,0,0,0,7,0,0,11
540143,4,1,2000,0,0,0,8,0,0,0,0,0,0
540144,1,1,2000,0,0,0,0,0,0,0,0,0,0
540144,2,1,2000,0,0,0,0,0,0,0,0,0,0
540145,1,1,2000,23,23,23,23,23,23,23,23,23,23
540146,1,1,2000,0,0,0,0,0,0,0,0,0,0
540146,2,1,2000,0,0,0,0,0,0,0,0,0,0
540146,3,1,2000,0,0,0,0,0,0,0,0,0,0
540146,4,1,2000,0,0,0,0,0,0,0,0,0,0
540146,5,1,2000,0,0,0,0,0,0,0,0,0,0
540147,1,1,2000,0,0,0,0,0,0,0,0,0,0
540148,1,1,2000,0,0,0,0,0,0,0,0,0,0
540149,1,1,2000,20,18,21,2,16,15,8,14,12,30
540150,1,1,2000,14,20,16,14,12,16,12,28,6,26
540151,1,1,2000,0,0,0,0,0,0,0,0,0,0
540151,2,1,2000,0,0,0,0,0,0,0,0,0,0
540152,1,1,2000,11,11,11,11,11,11,11,11,11,11
540153,1,1,2000,25,25,25,25,25,25,25,25,25,25
540154,1,1,2000,0,0,0,0,0,0,0,0,0,0
540155,0,1,2000,0,0,0,0,0,0,0,0,0,0
540155,1,1,2000,0,0,0,0,0,0,0,0,0,0
540156,1,1,2000,32,32,32,32,32,32,32,32,32,32
540157,1,1,2000,0,0,0,0,0,0,0,0,0,0
540158,1,1,2000,9,9,9,9,9,9,9,9,9,9
540159,1,1,2000,10,10,10,10,10,10,10,10,10,10
540160,1,1,2000,0,0,0,0,0,0,0,0,0,0
540160,2,1,2000,0,0,0,0,0,0,0,0,0,0
540161,1,1,2000,0,0,0,0,0,0,0,0,0,0
540161,2,1,2000,0,0,0,0,0,0,0,0,0,0
540162,1,1,2000,0,0,0,0,0,0,0,0,0,0
540162,2,1,2000,0,0,0,0,0,0,0,0,0,0
540163,1,1,2000,19,19,19,19,19,19,19,19,19,19
540164,1,1,2000,0,0,0,0,0,0,0,0,0,0
540165,1,1,2000,0,0,0,0,0,0,0,0,0,0
540165,2,1,2000,0,0,0,0,0,0,0,0,0,0
540166,1,1,2000,0,0,0,0,0,0,0,0,0,0
540167,1,1,2000,6,19,22,16,12,11,12,28,11,17
540168,1,1,2000,22,22,22,22,22,22,22,22,22,22
540169,0,1,2000,0,0,0,0,0,0,0,0,0,0
540169,1,1,2000,14,4,16,0,0,20,14,9,18,24
540170,1,1,2000,20,20,20,20,20,20,20,20,20,20
540171,1,1,2000,0,0,0,0,0,0,0,0,0,0
540171,2,1,2000,19,11,16,15,10,12,18,9,8,16
540172,1,1,2000,23,23,23,23,23,23,23,23,23,23
540173,1,1,2000,0,0,0,0,0,0,0,0,0,0
540173,2,1,2000,0,0,0,0,0,0,0,0,0,0
540174,1,1,2000,0,0,0,0,0,0,0,0,0,0
540174,2,1,2000,0,0,0,0,0,0,0,0,0,0
540175,1,1,2000,0,0,11,0,2,0,0,17,0,0
540176,1,1,2000,5,5,5,5,5,5,5,5,5,5
540177,1,1,2000,0,0,0,0,0,0,0,0,0,0
540177,2,1,2000,0,0,0,0,0,0,0,0,0,0
540178,1,1,2000,17,17,17,17,17,17,17,17,17,17
540179,1,1,2000,23,23,23,23,23,23,23,23,23,23
540180,1,1,2000,0,0,0,0,0,0,0,0,0,0
540180,2,1,2000,0,0,0,0,0,0,0,0,0,0
540180,3,1,2000,0,0,0,0,0,0,0,0,0,0
540181,1,1,2000,15,15,15,15,15,15,15,15,15,15
540182,1,1,2000,9,9,9,9,9,9,9,9,9,9
540183,1,1,2000,0,0,0,0,0,0,0,0,0,0
540184,1,1,2000,23,23,23,23,23,23,23,23,23,23
540185,1,1,2000,0,0,0,0,0,0,0,0,0,0
540185,2,1,2000,0,0,0,0,0,0,0,0,0,0
540186,1,1,2000,0,0,0,0,0,0,0,0,0,0
540187,1,1,2000,0,0,0,0,0,0,0,0,0,0
540187,2,1,2000,0,0,0,0,0,0,0,0,0,0
540187,3,1,2000,0,0,0,2,0,0,0,0,0,0
540188,1,1,2000,21,0,0,0,0,0,0,0,0,25
540189,1,1,2000,0,0,0,0,0,0,0,0,0,0
540189,2,1,2000,0,0,0,0,0,0,0,0,0,0
540190,1,1,2000,0,0,0,0,0,0,0,0,0,0
540190,2,1,2000,0,0,0,0,0,0,0,0,0,0
540190,3,1,2000,0,0,0,0,0,0,0,0,0,0
540190,4,1,2000,0,0,0,0,0,0,0,0,0,0
540191,1,1,2000,0,0,0,0,0,0,0,0,0,0
540191,2,1,2000,0,0,0,0,0,0,0,0,0,0
540192,1,1,2000,14,14,14,14,14,14,14,14,14,14
540193,1,1,2000,0,0,0,0,0,0,0,0,0,0
540193,2,1,2000,0,0,0,0,0,0,0,0,0,0
540194,1,1,2000,5,5,5,5,5,5,5,5,5,5
540194,2,1,2000,0,0,0,0,0,0,0,0,0,0
540195,0,1,2000,16,16,16,16,16,16,16,16,16,16
540195,1,1,2000,0,0,0,0,0,0,0,0,0,0
540195,2,1,2000,0,0,0,0,0,0,0,0,0,0
540196,1,1,2000,0,0,0,0,0,0,0,0,0,0
540197,1,1,2000,12,12,12,12,12,12,12,12,12,12
540198,1,1,2000,12,12,12,12,12,12,12,12,12,12
540199,1,1,2000,0,0,0,0,0,0,0,0,0,0
540199,2,1,2000,0,0,0,0,0,0,0,14,0,0
540200,1,1,2000,0,0,0,0,0,0,0,0,0,0
540201,1,1,2000,0,0,0,0,0,0,0,0,0,0
540202,1,1,2000,0,0,0,0,0,0,0,0,0,0
540203,1,1,2000,0,0,0,0,0,0,0,0,0,0
540204,1,1,2000,0,0,0,0,0,0,0,0,0,0
540204,2,1,2000,0,0,0,0,0,0,0,12,0,0
540205,1,1,2000,9,0,20,10,11,15,31,21,15,14
540206,1,1,2000,17,17,17,17,17,17,17,17,17,17
540207,1,1,2000,0,0,0,0,0,0,0,0,0,0
540207,2,1,2000,0,0,0,0,0,0,0,0,0,0
540208,1,1,2000,0,0,0,0,0,0,0,0,0,0
540209,1,1,2000,0,0,0,0,0,0,0,0,0,0
540210,1,1,2000,0,0,0,0,0,0,0,0,0,0
540210,2,1,2000,0,0,0,0,0,0,0,0,0,0
540211,1,1,2000,19,19,19,19,19,19,19,19,19,19
540212,1,1,2000,0,0,0,0,0,0,0,0,0,0
540212,2,1,2000,0,0,0,0,0,0,0,0,0,0
540213,0,1,2000,0,0,0,0,0,0,0,0,0,0
540213,0,2,2000,0,0,0,0,0,0,0,0,0,0
540213,1,1,2000,0,0,0,12,0,0,0,0,18,0
540213,2,1,2000,20,20,20,20,20,20,20,20,20,20
540214,1,1,2000,0,0,0,0,0,0,0,0,0,0
540215,0,1,2000,35,35,35,35,35,35,35,35,35,35
540215,1,1,2000,0,8,0,6,0,7,0,0,0,0
540216,1,1,2000,2,2,2,2,2,2,2,2,2,2
540217,1,1,2000,28,28,28,28,28,28,28,28,28,28
540218,1,1,2000,0,0,0,0,0,0,0,0,0,0
540218,2,1,2000,0,0,0,0,0,0,0,0,0,0
540219,1,1,2000,0,0,0,0,0,0,0,0,0,0
540219,2,1,2000,0,0,0,0,0,0,0,0,0,0
540220,1,1,2000,0,0,0,0,0,0,0,0,0,0
540221,1,1,2000,17,17,17,17,17,17,17,17,17,17
540222,1,1,2000,21,21,21,21,21,21,21,21,21,21
540222,2,1,2000,0,0,0,0,0,0,0,0,0,0
540223,1,1,2000,0,0,0,0,0,0,0,0,0,0
540223,2,1,2000,0,0,0,0,0,0,0,0,0,0
540224,1,1,2000,0,0,0,0,0,0,0,0,0,0
540224,2,1,2000,0,0,0,0,0,0,0,0,0,0
540225,1,1,2000,0,0,0,0,0,0,0,0,0,0
540225,2,1,2000,0,0,0,0,0,0,0,0,0,0
540226,1,1,2000,0,0,0,0,0,0,0,0,0,0
540226,2,1,2000,19,17,0,20,16,12,10,6,9,28
540227,1,2,2000,0,0,14,0,19,0,2,15,0,12
540228,1,1,2000,0,0,0,0,0,0,0,0,0,0
540228,2,1,2000,0,12,0,0,0,0,0,0,0,0
540229,1,1,2000,0,0,0,0,0,0,0,0,0,0
540230,1,1,2000,49,49,49,49,49,49,49,49,49,49
540231,1,1,2000,0,0,0,0,0,0,0,0,0,0
540232,1,1,2000,13,13,13,13,13,13,13,13,13,13
540233,1,1,2000,0,0,0,0,0,0,0,0,0,0
540233,2,1,2000,5,5,5,5,5,5,5,5,5,5
540233,3,1,2000,0,0,0,0,0,0,0,0,0,0
540234,1,1,2000,12,12,12,12,12,12,12,12,12,12
540235,1,1,2000,17,17,17,17,17,17,17,17,17,17
540236,1,1,2000,0,0,0,0,0,0,0,0,0,0
540236,2,1,2000,0,0,0,0,0,0,0,0,0,0
540237,1,1,2000,0,0,0,0,0,0,0,0,0,0
540237,2,1,2000,0,0,0,0,0,0,0,0,0,0
540238,1,1,2000,16,16,16,16,16,16,16,16,16,16
540239,1,1,2000,25,25,25,25,25,25,25,25,25,25
540240,1,1,2000,0,0,0,0,0,0,0,0,0,0
540241,1,1,2000,23,23,23,23,23,23,23,23,23,23
540241,2,1,2000,0,0,0,0,0,0,0,0,0,0
540242,0,1,2000,0,0,0,0,0,0,0,0,0,0
540242,1,1,2000,0,0,0,0,0,0,0,0,0,0
540243,1,1,2000,0,0,0,0,0,0,0,0,0,0
540244,0,1,2000,0,0,0,0,0,0,0,0,0,0
540244,1,1,2000,0,0,0,0,0,0,0,4,0,0
540244,2,1,2000,0,0,0,0,10,0,0,0,0,0
540245,1,1,2000,28,28,28,28,28,28,28,28,28,28
540246,1,1,2000,0,0,0,13,0,0,0,0,0,0
540247,1,1,2000,25,25,25,25,25,25,25,25,25,25
540247,2,1,2000,0,0,0,0,0,0,0,0,0,0
540248,1,1,2000,37,37,37,37,37,37,37,37,37,37
540249,1,1,2000,0,0,0,0,0,0,0,0,0,0
540249,2,1,2000,6,6,6,6,6,6,6,6,6,6
540250,1,1,2000,13,13,13,13,13,13,13,13,13,13
540251,1,1,2000,0,0,0,0,0,0,0,0,0,0
540252,1,1,2000,0,0,0,0,0,0,0,0,0,0
540252,2,1,2000,0,0,0,0,0,0,0,0,0,0
540253,1,1,2000,0,0,0,0,0,0,0,0,0,0
540253,2,1,2000,23,0,0,0,0,0,0,0,0,0
540253,3,1,2000,0,0,0,0,0,0,0,0,0,0
540254,1,1,2000,0,0,0,0,0,0,0,0,0,0
540255,1,1,2000,0,0,0,0,0,0,0,0,0,0
540255,2,1,2000,0,0,0,0,0,0,0,0,0,0
540256,1,1,2000,0,0,0,0,0,0,0,0,0,0
540256,2,1,2000,0,0,0,0,0,0,0,0,0,0
540257,1,1,2000,0,0,0,0,0,0,0,0,0,0
540258,1,1,2000,0,0,0,0,0,0,0,0,0,0
540259,1,1,2000,9,9,9,9,9,9,9,9,9,9
540260,1,1,2000,0,0,0,0,0,0,0,0,0,0
540260,2,1,2000,0,0,0,0,0,0,0,0,0,0
540261,1,1,2000,0,0,0,0,0,0,0,0,0,0
540262,1,1,2000,30,30,30,30,30,30,30,30,30,30
540263,1,1,2000,0,0,0,0,0,0,0,0,0,0
540264,1,1,2000,10,10,10,10,10,10,10,10,10,10
540264,2,1,2000,0,0,0,0,0,0,0,0,0,0
540265,1,1,2000,4,4,4,4,4,4,4,4,4,4
540266,1,1,2000,14,14,14,14,14,14,14,14,14,14
540267,1,1,2000,24,24,24,24,24,24,24,24,24,24
540268,1,1,2000,0,0,0,0,0,0,0,0,0,0
540268,2,1,2000,0,0,0,0,0,0,0,0,0,0
540269,1,1,2000,0,0,0,0,0,0,0,0,0,0
540269,2,1,2000,0,0,0,0,0,0,0,0,0,0
540269,3,1,2000,0,0,0,0,0,0,0,0,0,0
540270,1,1,2000,0,0,0,0,0,0,0,0,0,0
540271,1,1,2000,24,24,24,24,24,24,24,24,24,24
540271,2,1,2000,0,0,0,0,0,0,0,0,0,0
540271,3,1,2000,0,0,0,0,0,0,0,0,0,0
540272,1,1,2000,0,0,0,0,0,0,0,0,0,0
540272,2,1,2000,24,24,24,24,24,24,24,24,24,24
540273,1,1,2000,0,0,0,0,0,0,0,0,0,0
540274,1,1,2000,0,0,0,0,0,0,0,0,0,0
540274,2,1,2000,0,0,0,0,0,0,0,0,0,0
540274,3,1,2000,0,0,0,0,0,0,0,0,0,0
540275,0,1,2000,0,0,0,0,0,0,0,0,0,0
540275,1,1,2000,14,14,14,14,14,14,14,14,14,14
540276,1,1,2000,0,0,0,0,0,0,0,0,0,0
540276,2,1,2000,0,0,0,0,0,0,0,0,0,0
540277,1,1,2000,26,0,0,0,0,0,0,0,0,0
540277,2,1,2000,15,15,15,15,15,15,15,15,15,15
540278,1,1,2000,22,22,22,22,22,22,22,22,22,22
540278,2,1,2000,0,0,0,0,0,0,0,0,0,0
540279,1,1,2000,0,0,0,0,0,0,0,0,0,0
540280,1,1,2000,25,25,25,25,25,25,25,25,25,25
540281,0,1,2000,0,0,0,0,0,0,0,0,0,0
540281,1,1,2000,0,0,0,0,0,0,0,0,0,0
540282,1,1,2000,0,0,0,0,0,0,0,0,0,0
540282,2,1,2000,0,0,0,0,0,0,0,0,0,0
540283,1,1,2000,6,6,6,6,6,6,6,6,6,6
540283,2,1,2000,16,16,16,16,16,16,16,16,16,16
540284,1,1,2000,0,0,0,0,0,0,0,0,0,0
540284,2,1,2000,0,0,0,0,0,0,0,0,0,0
540285,1,1,2000,2,2,2,2,2,2,2,2,2,2
540286,1,1,2000,0,0,0,0,0,0,0,0,0,0
540286,2,1,2000,0,0,0,0,0,0,0,0,0,0
540287,1,1,2000,0,0,0,0,10,0,0,8,0,0
540287,2,1,2000,0,0,2,0,5,0,0,0,0,0
540288,1,1,2000,4,4,4,4,4,4,4,4,4,4
540289,1,1,2000,14,14,14,14,14,14,14,14,14,14
540290,0,1,2000,0,0,0,0,0,0,0,0,0,0
540290,1,1,2000,0,0,0,0,0,0,0,0,0,0
540291,1,1,2000,0,0,0,0,0,0,0,0,0,0
540292,1,1,2000,0,0,0,0,0,0,0,0,0,0
540292,2,1,2000,0,0,0,0,0,0,0,0,0,0
540293,1,1,2000,0,0,0,0,0,0,0,0,0,0
540293,2,1,2000,5,5,5,5,5,5,5,5,5,5
540294,0,1,2000,0,0,0,0,0,0,0,0,0,0
540294,1,1,2000,0,0,0,0,0,0,0,0,0,0
540295,1,1,2000,0,20,16,23,0,42,0,0,15,0
540296,1,1,2000,0,0,0,0,0,0,0,0,0,0
540296,2,1,2000,0,0,0,0,0,0,0,0,0,0
540297,1,1,2000,0,0,0,0,0,0,0,0,0,0
540297,2,1,2000,0,0,0,0,0,0,0,0,0,0
540298,1,1,2000,0,0,0,0,0,0,0,0,4,0
540299,0,1,2000,0,0,0,0,0,0,0,0,0,0
540299,1,1,2000,0,0,0,21,0,0,4,0,0,0
540300,1,1,2000,0,0,0,0,0,0,0,0,0,0
540300,2,1,2000,0,0,0,0,0,0,0,0,0,0
540301,1,1,2000,11,11,11,11,11,11,11,11,11,11
540302,1,1,2000,0,0,0,0,0,0,0,0,0,0
540302,2,1,2000,0,0,0,0,0,0,0,0,0,0
540303,1,1,2000,8,8,8,8,8,8,8,8,8,8
540304,1,1,2000,0,0,0,0,0,0,11,0,0,0
540305,1,1,2000,0,0,0,0,0,0,0,0,0,0
540305,2,1,2000,31,31,31,31,31,31,31,31,31,31
540306,1,1,2000,0,0,0,0,0,0,0,0,0,0
540306,2,1,2000,0,0,0,0,0,0,0,0,0,0
540306,3,1,2000,0,0,0,0,0,0,0,0,0,0
540307,1,1,2000,0,0,0,0,0,0,0,0,0,0
540307,2,1,2000,10,10,10,10,10,10,10,10,10,10
540308,1,1,2000,0,0,0,0,0,0,0,0,0,0
540309,1,1,2000,29,29,29,29,29,29,29,29,29,29
540310,1,1,2000,0,0,0,0,0,0,0,0,0,0
540310,2,1,2000,17,0,0,0,0,0,0,0,0,0
540310,3,1,2000,0,0,0,0,0,0,0,0,0,0
540311,1,1,2000,0,0,0,0,0,0,0,0,0,0
540312,0,1,2000,0,0,0,0,0,0,0,0,0,0
540312,1,1,2000,0,0,0,0,0,0,0,0,0,0
540313,0,1,2000,8,8,8,8,8,8,8,8,8,8
540313,1,1,2000,20,27,16,25,9,22,14,14,22,27
540314,1,1,2000,9,9,9,9,9,9,9,9,9,9
540315,1,1,2000,16,16,16,16,16,16,16,16,16,16
540316,1,1,2000,20,20,20,20,20,20,20,20,20,20
540317,1,1,2000,0,0,0,0,0,0,0,0,0,0
540317,2,1,2000,0,0,0,0,0,0,0,0,0,0
540318,1,1,2000,25,25,25,25,25,25,25,25,25,25
540319,1,1,2000,0,0,0,0,0,0,0,0,0,0
540320,1,1,2000,0,0,0,0,0,0,0,0,0,0
540320,2,1,2000,0,0,0,0,0,0,0,0,0,0
540321,1,1,2000,0,0,0,0,0,0,0,0,0,0
540321,2,1,2000,0,0,0,0,0,0,0,0,0,0
540322,1,1,2000,3,3,3,3,3,3,3,3,3,3
540323,1,1,2000,21,21,21,21,21,21,21,21,21,21
540323,2,1,2000,0,0,0,0,0,0,0,0,0,0
540324,1,1,2000,0,0,0,0,0,0,0,0,0,0
540324,2,1,2000,0,0,0,0,0,0,0,0,0,0
540325,1,1,2000,17,17,17,17,17,17,17,17,17,17
540326,1,1,2000,0,0,0,0,0,0,0,0,0,0
540326,2,1,2000,0,0,0,0,0,0,0,0,0,0
540327,1,1,2000,12,12,12,12,12,12,12,12,12,12
540328,1,1,2000,0,0,0,0,0,0,0,0,0,0
540328,2,1,2000,0,0,0,0,0,0,0,0,0,0
540329,1,1,2000,12,12,12,12,12,12,12,12,12,12
540330,1,1,2000,0,0,0,0,0,0,0,0,0,0
540331,1,1,2000,0,0,0,0,0,0,0,0,0,0
540331,2,1,2000,24,24,24,24,24,24,24,24,24,24
540331,3,1,2000,0,0,0,0,0,0,0,0,0,0
540332,1,1,2000,0,0,0,0,0,0,0,0,0,0
540332,2,1,2000,21,21,21,21,21,21,21,21,21,21
540333,1,1,2000,0,0,0,0,0,0,0,0,0,0
540334,1,1,2000,20,19,11,2,18,26,23,25,16,39
540335,1,1,2000,0,0,0,0,0,0,0,0,0,0
540336,1,1,2000,0,0,0,0,0,0,0,0,0,0
540337,1,1,2000,0,0,0,0,0,0,0,0,0,0
540338,0,1,2000,0,0,0,0,0,0,0,0,0,0
540338,1,1,2000,0,0,0,0,0,0,0,0,0,0
540339,1,1,2000,27,27,27,27,27,27,27,27,27,27
540339,2,1,2000,0,0,0,0,0,0,0,0,0,0
540340,1,1,2000,9,0,0,0,0,0,0,0,0,0
540340,2,1,2000,15,15,15,15,15,15,15,15,15,15
540341,1,1,2000,0,0,0,0,0,0,0,0,0,0
540342,0,1,2000,0,0,0,0,0,0,0,0,0,0
540342,0,2,2000,0,0,0,0,0,0,0,0,0,0
540342,1,1,2000,0,0,0,0,0,0,0,0,0,0
540343,1,1,2000,17,17,17,17,17,17,17,17,17,17
540344,1,1,2000,14,14,14,14,14,14,14,14,14,14
540344,2,1,2000,6,6,6,6,6,6,6,6,6,6
540345,1,1,2000,0,0,0,0,10,0,0,0,0,0
540345,2,1,2000,16,0,0,0,0,0,0,0,0,0
540346,1,1,2000,16,16,16,16,16,16,16,16,16,16
540347,0,1,2000,0,0,0,0,0,0,0,0,0,0
540347,1,1,2000,0,0,0,0,0,0,0,0,0,0
540348,1,1,2000,0,0,0,0,0,0,0,0,0,0
540348,2,1,2000,0,0,0,0,0,0,0,0,0,0
540349,1,1,2000,0,0,0,0,0,0,0,0,0,0
540349,2,1,2000,0,0,0,0,0,0,0,0,0,0
540350,1,1,2000,0,0,0,0,0,0,0,0,0,0
540350,2,1,2000,0,0,0,0,0,0,0,0,0,0
540351,1,1,2000,0,0,0,0,0,0,0,0,0,0
540351,2,1,2000,0,0,0,0,0,0,0,0,0,0
540352,1,1,2000,0,0,0,0,0,0,0,0,0,0
540353,1,1,2000,0,0,0,0,0,0,0,0,0,0
540353,2,1,2000,0,0,0,4,15,0,0,0,0,0
540354,0,1,2000,0,0,0,0,0,0,0,0,0,0