ST_CASE,VEH_NO,PER_NO,YEAR,P1,P2,P3,P4,P5,P6,P7,P8,P9,P10
540355,1,1,2000,0,0,0,0,0,0,0,0,0,0
540355,2,1,2000,0,0,0,0,0,0,0,0,0,0
540355,3,1,2000,0,0,0,0,0,0,0,0,0,0
550001,1,1,2000,26,26,26,26,26,26,26,26,26,26
550002,1,1,2000,27,27,27,27,27,27,27,27,27,27
550003,1,1,2000,11,11,11,11,11,11,11,11,11,11
550004,1,1,2000,21,21,21,21,21,21,21,21,21,21
550005,1,1,2000,0,23,0,0,0,26,0,0,26,24
550006,1,1,2000,12,12,12,12,12,12,12,12,12,12
550007,1,1,2000,0,0,0,0,0,0,0,0,0,0
550007,2,1,2000,0,0,0,0,0,0,0,0,0,0
550008,1,1,2000,0,0,0,0,0,0,0,0,0,0
550008,2,1,2000,0,0,0,0,0,0,0,0,0,0
550009,1,1,2000,0,0,0,0,0,0,0,0,0,0
550010,1,1,2000,2,2,2,2,2,2,2,2,2,2
550010,2,1,2000,0,5,0,0,0,0,0,0,13,0
550011,1,1,2000,0,0,0,0,0,0,0,0,0,0
550011,2,1,2000,0,0,0,0,0,0,0,0,0,0
550012,1,1,2000,24,24,24,24,24,24,24,24,24,24
550013,1,1,2000,25,25,25,25,25,25,25,25,25,25
550013,2,1,2000,0,0,0,0,0,0,0,0,0,0
550014,1,1,2000,0,0,0,0,0,0,0,0,0,0
550014,2,1,2000,0,0,0,0,0,0,0,0,0,0
550014,3,1,2000,0,0,0,0,0,0,0,0,0,0
550015,1,1,2000,0,0,0,0,0,0,0,0,0,0
550015,2,1,2000,0,0,0,0,0,0,0,0,0,0
550016,1,1,2000,0,0,0,0,0,0,0,0,0,0
550016,2,1,2000,0,0,0,0,0,0,0,0,0,0
550017,1,1,2000,0,0,0,0,0,0,0,0,0,0
550017,2,1,2000,27,27,27,27,27,27,27,27,27,27
550018,1,1,2000,20,20,20,20,20,20,20,20,20,20
550019,1,1,2000,0,0,0,0,0,0,0,0,0,0
550019,2,1,2000,0,0,0,0,0,0,0,0,0,0
550020,1,1,2000,20,20,20,20,20,20,20,20,20,20
550021,1,1,2000,0,0,0,0,0,0,0,0,0,0
550021,2,1,2000,0,0,0,0,0,0,0,0,0,0
550022,1,1,2000,0,0,0,0,0,0,0,0,0,0
550023,1,1,2000,0,0,0,0,0,0,0,0,0,0
550023,2,1,2000,0,0,0,0,0,0,0,0,0,0
550024,1,1,2000,30,30,30,30,30,30,30,30,30,30
550025,1,1,2000,0,0,0,0,0,0,0,0,0,0
550025,2,1,2000,0,0,0,0,0,0,0,0,0,0
550026,1,1,2000,0,0,0,0,0,0,0,0,0,0
550026,2,1,2000,0,0,0,0,0,0,0,0,0,0
550027,1,1,2000,11,11,11,11,11,11,11,11,11,11
550028,1,1,2000,12,12,12,12,12,12,12,12,12,12
550029,1,1,2000,0,0,0,0,0,0,0,0,0,0
550030,1,1,2000,0,0,0,0,0,0,0,0,0,0
550031,1,1,2000,0,0,0,0,0,0,0,0,0,0
550031,2,1,2000,0,0,0,0,0,0,0,0,0,0
550032,1,1,2000,12,12,12,12,12,12,12,12,12,12
550033,1,1,2000,0,0,0,0,0,0,0,0,0,0
550034,1,1,2000,0,0,0,0,0,0,0,0,0,0
550034,2,1,2000,0,0,0,0,0,0,0,0,0,0
550035,1,1,2000,0,0,0,0,0,0,0,0,0,0
550035,2,1,2000,0,0,0,4,0,0,0,0,0,0
550036,1,1,2000,0,0,0,0,0,0,0,0,0,0
550036,2,1,2000,0,0,0,0,0,0,0,0,0,0
550037,1,1,2000,22,22,22,22,22,22,22,22,22,22
550038,2,1,2000,0,0,0,0,0,0,0,0,0,0
550039,1,1,2000,0,0,0,0,0,0,0,0,0,0
550040,1,1,2000,23,23,23,23,23,23,23,23,23,23
550040,2,1,2000,11,0,0,32,0,11,20,36,0,38
550041,1,1,2000,0,0,0,0,0,0,15,0,0,0
550041,2,1,2000,0,0,0,0,0,0,0,0,0,0
550042,1,1,2000,0,0,0,0,0,0,0,0,0,0
550042,2,1,2000,0,0,0,0,0,0,0,0,0,0
550043,1,1,2000,0,0,0,0,0,0,0,0,0,0
550043,2,1,2000,0,0,0,0,0,0,0,0,0,0
550043,3,1,2000,0,0,0,0,0,0,0,6,0,0
550044,1,1,2000,0,0,0,0,0,0,0,0,0,0
550044,2,1,2000,0,0,0,0,0,0,0,0,0,0
550045,1,1,2000,0,0,0,0,0,0,0,0,0,0
550045,2,1,2000,0,10,0,0,0,0,0,0,0,0
550046,1,1,2000,0,0,0,0,20,0,0,0,0,0
550046,2,1,2000,0,0,0,0,0,0,0,0,0,0
550047,1,1,2000,0,0,0,0,0,0,0,0,0,0
550048,1,1,2000,0,0,0,0,0,0,0,0,0,0
550049,1,1,2000,0,0,0,0,0,0,0,0,0,0
550049,2,1,2000,0,0,0,0,0,0,0,0,0,0
550050,1,1,2000,20,21,16,10,26,26,16,14,28,32
550051,1,1,2000,0,0,0,23,10,0,0,0,0,0
550051,2,1,2000,0,12,0,0,16,9,11,0,0,0
550052,1,1,2000,0,0,0,0,0,0,0,0,0,0
550053,1,1,2000,0,0,0,0,0,0,0,0,0,0
550053,2,1,2000,0,0,0,0,0,0,0,0,0,0
550054,1,1,2000,0,0,0,0,0,0,0,0,0,0
550054,2,1,2000,9,9,9,9,9,9,9,9,9,9
550055,1,1,2000,7,7,7,7,7,7,7,7,7,7
550056,1,1,2000,0,0,0,0,0,0,0,0,0,0
550056,2,1,2000,15,15,15,15,15,15,15,15,15,15
550057,1,1,2000,0,15,31,41,10,29,29,18,18,27
550058,1,1,2000,0,0,0,0,0,0,0,0,0,0
550058,2,1,2000,0,0,0,0,0,0,0,0,0,0
550059,1,1,2000,0,0,0,0,0,0,0,0,0,0
550059,2,1,2000,0,0,0,0,0,0,0,0,0,0
550060,1,1,2000,0,0,0,0,0,0,0,0,0,0
550061,1,1,2000,34,34,34,34,34,34,34,34,34,34
550061,2,1,2000,0,0,0,0,0,0,0,0,0,0
550062,1,1,2000,0,0,0,0,0,0,0,0,0,0
550063,1,1,2000,14,14,14,14,14,14,14,14,14,14
550064,1,1,2000,0,0,0,0,0,0,0,0,0,0
550064,2,1,2000,0,0,0,0,0,0,0,0,0,0
550065,0,1,2000,16,16,16,16,16,16,16,16,16,16
550065,0,2,2000,6,23,16,24,14,0,0,0,0,17
550065,1,1,2000,13,18,15,0,0,0,18,13,0,0
550066,1,1,2000,34,34,34,34,34,34,34,34,34,34
550067,1,1,2000,0,0,0,0,0,0,0,0,0,0
550067,2,1,2000,0,0,0,0,0,0,0,0,0,0
550068,1,1,2000,0,0,0,0,0,0,0,0,0,0
550068,2,1,2000,0,0,0,0,0,0,0,0,0,0
550069,1,1,2000,0,0,0,0,0,0,0,0,0,0
550069,2,1,2000,0,0,0,0,0,0,0,0,0,0
550070,1,1,2000,0,0,0,0,14,0,0,0,0,0
550070,2,1,2000,0,0,0,0,0,0,0,0,0,0
550070,3,1,2000,0,0,0,0,0,0,0,0,0,0
550071,1,1,2000,0,0,0,0,0,0,0,0,0,0
550072,1,1,2000,6,6,6,6,6,6,6,6,6,6
550072,2,1,2000,2,2,2,2,2,2,2,2,2,2
550073,1,1,2000,10,10,10,10,10,10,10,10,10,10
550074,1,1,2000,0,0,0,0,0,0,0,0,0,0
550075,1,1,2000,0,0,0,0,0,0,0,0,0,0
550075,2,1,2000,0,0,0,0,0,0,0,0,0,0
550076,1,1,2000,0,0,0,0,0,0,0,0,0,0
550077,1,1,2000,25,25,25,25,25,25,25,25,25,25
550078,1,1,2000,11,11,11,11,11,11,11,11,11,11
550079,1,1,2000,0,0,0,0,0,0,0,0,0,0
550079,2,1,2000,4,4,4,4,4,4,4,4,4,4
550080,1,1,2000,22,22,22,22,22,22,22,22,22,22
550081,1,1,2000,0,0,0,0,0,0,0,0,0,0
550081,2,1,2000,0,0,0,0,0,0,0,0,0,0
550082,1,1,2000,0,0,0,0,0,0,0,0,0,0
550083,1,1,2000,10,10,10,10,10,10,10,10,10,10
550083,2,1,2000,0,0,0,0,0,0,0,0,0,0
550084,1,1,2000,0,0,0,0,0,0,0,0,0,0
550085,0,1,2000,15,15,15,15,15,15,15,15,15,15
550085,1,1,2000,0,0,18,0,0,0,0,0,0,0
550086,1,1,2000,27,27,27,27,27,27,27,27,27,27
550086,2,1,2000,0,0,0,0,0,0,0,0,0,0
550087,1,1,2000,5,5,5,5,5,5,5,5,5,5
550088,1,1,2000,0,0,0,0,0,0,0,0,0,0
550089,1,1,2000,0,0,0,0,0,0,0,0,0,0
550089,2,1,2000,0,0,0,0,0,0,0,0,0,0
550090,1,1,2000,18,18,18,18,18,18,18,18,18,18
550091,1,1,2000,24,24,24,24,24,24,24,24,24,24
550092,0,1,2000,0,0,0,0,0,0,0,0,0,0
550092,1,1,2000,4,4,4,4,4,4,4,4,4,4
550093,1,1,2000,25,18,37,9,29,32,0,18,6,21
550094,1,1,2000,0,0,0,0,0,0,0,25,13,0
550094,2,1,2000,23,23,23,23,23,23,23,23,23,23
550095,0,1,2000,0,0,0,0,0,0,0,0,0,0
550095,1,1,2000,0,14,0,0,31,0,0,0,0,0
550096,1,1,2000,0,0,0,0,0,0,0,0,0,0
550096,2,1,2000,0,0,0,0,0,0,0,0,0,0
550097,1,1,2000,0,7,0,0,14,0,0,0,0,0
550097,2,1,2000,0,13,0,0,6,0,5,0,0,0
550097,3,1,2000,40,40,40,40,40,40,40,40,40,40
550098,1,1,2000,20,20,20,20,20,20,20,20,20,20
550098,2,1,2000,0,0,0,0,0,0,0,0,0,0
550098,3,1,2000,0,0,0,0,0,0,0,0,0,0
550099,1,1,2000,0,0,0,0,0,0,0,0,0,0
550099,2,1,2000,0,0,0,0,0,0,0,0,0,0
550100,1,1,2000,0,23,0,0,0,19,0,13,0,0
550101,1,1,2000,0,0,0,0,0,0,0,0,0,0
550101,2,1,2000,0,5,0,0,0,0,0,0,0,18
550101,3,1,2000,0,0,0,7,0,20,0,0,0,0
550102,1,1,2000,0,0,0,0,0,11,0,0,0,0
550103,0,1,2000,0,0,9,0,0,28,0,0,0,0
550103,1,1,2000,0,0,0,0,0,0,0,0,0,0
550104,1,1,2000,21,19,14,0,26,28,22,24,0,21
550105,1,1,2000,0,0,0,0,0,0,0,0,0,0
550106,1,1,2000,23,23,23,23,23,23,23,23,23,23
550106,2,1,2000,0,0,0,0,0,0,0,0,0,0
550107,1,1,2000,0,0,0,0,0,0,0,0,0,0
550107,2,1,2000,0,0,0,0,0,0,0,0,0,0
550108,0,1,2000,21,21,21,21,21,21,21,21,21,21
550108,1,1,2000,7,7,7,7,7,7,7,7,7,7
550109,1,1,2000,13,13,13,13,13,13,13,13,13,13
550110,1,1,2000,0,0,0,0,0,0,0,0,0,0
550110,2,1,2000,0,0,0,0,0,0,0,0,0,0
550111,1,1,2000,0,0,0,0,0,0,0,0,0,0
550111,2,1,2000,0,0,0,0,0,0,0,0,0,0
550112,1,1,2000,22,0,0,0,0,0,28,0,0,0
550112,2,1,2000,14,14,14,14,14,14,14,14,14,14
550113,1,1,2000,16,16,16,16,16,16,16,16,16,16
550114,1,1,2000,18,18,18,18,18,18,18,18,18,18
550115,1,1,2000,0,0,0,0,0,0,0,0,0,0
550115,2,1,2000,0,0,0,0,0,0,0,0,0,0
550116,1,1,2000,23,23,23,23,23,23,23,23,23,23
550117,1,1,2000,0,0,0,0,0,0,0,0,0,0
550117,2,1,2000,0,0,0,0,0,0,0,0,0,0
550118,1,1,2000,20,20,20,20,20,20,20,20,20,20
550119,1,1,2000,0,0,0,0,0,0,0,0,0,0
550120,1,1,2000,0,0,0,0,0,0,0,0,0,0
550120,2,1,2000,0,0,0,0,0,0,0,0,0,0
550120,3,1,2000,0,0,0,0,0,0,0,0,0,0
550121,1,1,2000,0,0,0,0,6,0,2,0,0,0
550122,1,1,2000,0,0,0,0,0,0,0,0,0,0
550122,2,1,2000,0,0,0,0,0,0,0,0,0,0
550123,1,1,2000,20,20,20,20,20,20,20,20,20,20
550124,1,1,2000,3,3,3,3,3,3,3,3,3,3
550124,2,1,2000,11,0,0,20,18,20,14,8,17,20
550125,1,1,2000,0,0,0,0,0,0,0,0,0,0
550125,2,1,2000,13,13,13,13,13,13,13,13,13,13
550126,1,1,2000,0,0,0,0,0,0,0,0,0,0
550126,2,1,2000,0,0,0,0,0,0,0,0,0,0
550126,3,1,2000,0,0,0,0,0,0,0,0,0,0
550127,1,1,2000,19,19,19,19,19,19,19,19,19,19
550128,1,1,2000,0,0,0,0,0,0,0,0,0,0
550129,1,1,2000,32,32,32,32,32,32,32,32,32,32
550130,1,1,2000,0,0,0,0,0,0,0,0,0,0
550130,2,1,2000,0,0,0,0,0,0,0,0,0,0
550131,1,1,2000,0,0,0,0,0,0,0,0,0,0
550132,0,1,2000,15,15,15,15,15,15,15,15,15,15
550132,1,1,2000,10,10,10,10,10,10,10,10,10,10
550133,1,1,2000,17,17,17,17,17,17,17,17,17,17
550133,2,1,2000,0,0,0,0,0,0,0,0,0,0
550134,1,1,2000,0,0,0,0,0,0,0,0,0,0
550135,1,1,2000,0,0,0,0,0,0,0,0,0,0
550136,1,1,2000,0,9,0,0,18,0,0,13,0,0
550137,1,1,2000,17,17,17,17,17,17,17,17,17,17
550138,1,1,2000,0,0,0,0,0,0,0,0,0,0
550139,1,1,2000,0,0,0,0,0,0,0,0,0,0
550139,2,1,2000,0,0,4,0,0,0,0,0,0,0
550140,1,1,2000,0,0,0,0,0,0,0,0,0,0
550141,1,1,2000,0,0,0,0,0,0,0,0,0,0
550141,2,1,2000,0,0,0,9,0,0,0,0,0,0
550142,1,1,2000,10,10,10,10,10,10,10,10,10,10
550143,1,1,2000,24,22,14,24,0,14,8,17,0,18
550144,1,1,2000,15,15,15,15,15,15,15,15,15,15
550144,2,1,2000,0,0,0,0,0,0,0,0,0,0
550145,1,1,2000,9,14,0,23,30,28,28,24,0,16
550146,1,1,2000,17,17,17,17,17,17,17,17,17,17
550147,1,1,2000,26,26,26,26,26,26,26,26,26,26
550148,1,1,2000,0,0,0,0,0,0,0,0,0,0
550149,1,1,2000,0,15,0,0,0,0,0,0,0,0
550149,2,1,2000,0,0,0,0,0,0,0,0,0,0
550149,3,1,2000,0,0,0,0,0,0,0,0,0,0
550150,1,1,2000,0,0,0,0,0,0,0,0,0,0
550151,1,1,2000,0,0,0,0,0,0,0,0,0,0
550152,1,1,2000,16,16,16,16,16,16,16,16,16,16
550153,1,1,2000,22,22,22,22,22,22,22,22,22,22
550154,0,1,2000,0,0,0,0,0,0,0,0,0,0
550154,1,1,2000,0,0,0,0,0,0,0,0,0,0
550155,1,1,2000,0,0,0,0,0,0,0,0,0,0
550155,2,1,2000,0,0,0,0,0,0,0,0,0,0
550156,1,1,2000,6,6,6,6,6,6,6,6,6,6
550157,1,1,2000,0,0,0,0,0,0,0,0,0,0
550158,1,1,2000,0,0,0,0,0,0,0,0,0,0
550159,1,1,2000,0,0,0,0,0,0,0,0,0,0
550159,2,1,2000,0,0,0,0,0,0,0,0,0,0
550160,1,1,2000,0,0,0,0,0,0,0,0,0,0
550160,2,1,2000,0,0,0,0,0,0,0,0,0,0
550161,1,1,2000,31,31,31,31,31,31,31,31,31,31
550162,1,1,2000,19,19,19,19,19,19,19,19,19,19
550163,0,1,2000,36,36,36,36,36,36,36,36,36,36
550163,1,1,2000,0,0,0,0,0,0,0,0,0,0
550164,1,1,2000,0,0,0,0,0,0,0,0,0,0
550164,2,1,2000,0,0,0,0,0,0,0,0,0,0
550165,1,1,2000,0,0,0,0,0,0,0,0,0,0
550165,2,1,2000,18,18,18,18,18,18,18,18,18,18
550166,1,1,2000,0,0,0,0,0,0,0,0,0,0
550166,2,1,2000,0,0,0,0,0,0,0,0,0,0
550167,1,1,2000,0,0,0,0,0,0,0,0,0,0
550167,2,1,2000,0,0,0,0,0,0,0,0,0,0
550168,1,1,2000,0,0,0,0,0,0,0,15,0,0
550169,1,1,2000,2,2,2,2,2,2,2,2,2,2
550170,1,1,2000,12,12,12,12,12,12,12,12,12,12
550171,1,1,2000,0,0,0,0,0,0,0,0,0,0
550171,2,1,2000,0,0,0,0,0,0,0,0,0,0
550172,1,1,2000,20,20,20,20,20,20,20,20,20,20
550173,1,1,2000,26,26,26,26,26,26,26,26,26,26
550174,0,1,2000,0,0,0,0,0,0,0,0,0,0
550174,1,1,2000,0,0,0,0,0,0,0,0,0,0
550175,1,1,2000,0,0,0,0,0,0,0,0,0,0
550176,1,1,2000,19,19,19,19,19,19,19,19,19,19
550177,1,1,2000,21,21,21,21,21,21,21,21,21,21
550178,0,1,2000,13,13,13,13,13,13,13,13,13,13
550178,1,1,2000,2,2,2,2,2,2,2,2,2,2
550179,1,1,2000,0,0,0,0,0,0,0,0,0,0
550179,2,1,2000,0,0,0,0,0,0,0,0,0,0
550180,0,1,2000,0,0,0,0,0,0,0,0,0,0
550180,1,1,2000,0,0,0,0,0,0,0,0,0,0
550181,1,1,2000,0,0,0,0,0,0,0,0,0,0
550182,1,1,2000,0,0,0,0,0,0,0,0,0,3
550182,2,1,2000,0,0,0,0,0,0,0,0,0,0
550183,1,1,2000,0,0,3,0,0,0,0,0,0,0
550183,2,1,2000,0,0,0,0,0,0,0,0,0,0
550184,1,1,2000,0,0,0,0,0,0,0,0,0,0
550185,1,1,2000,0,0,0,0,0,0,0,0,0,0
550185,2,1,2000,0,0,0,0,0,0,0,0,0,0
550186,1,1,2000,0,0,0,0,0,0,0,0,0,0
550186,2,1,2000,0,0,0,0,0,0,0,0,0,0
550187,0,1,2000,0,0,0,0,0,0,0,0,0,0
550187,1,1,2000,18,18,18,18,18,18,18,18,18,18
550188,1,1,2000,17,17,17,17,17,17,17,17,17,17
550189,1,1,2000,0,0,0,0,0,0,0,0,0,0
550189,2,1,2000,0,0,0,0,0,0,0,0,0,0
550190,1,1,2000,16,0,0,16,0,0,6,7,0,0
550191,1,1,2000,0,0,0,0,0,0,0,0,0,0
550192,1,1,2000,0,0,0,0,0,0,0,0,0,0
550192,2,1,2000,0,0,0,0,0,0,0,0,0,0
550193,1,1,2000,0,0,0,0,0,0,0,0,0,0
550193,2,1,2000,0,0,0,0,0,0,0,0,0,0
550194,1,1,2000,15,15,15,15,15,15,15,15,15,15
550194,2,1,2000,0,0,0,0,0,0,0,0,0,0
550195,1,1,2000,12,12,12,12,12,12,12,12,12,12
550196,1,1,2000,24,0,0,0,0,0,0,0,0,0
550196,2,1,2000,0,0,0,0,0,0,0,0,0,0
550197,1,1,2000,0,0,0,0,0,0,0,0,0,0
550197,2,1,2000,0,0,0,0,0,0,0,0,0,0
550197,3,1,2000,0,0,0,0,0,0,0,0,0,0
550198,0,1,2000,0,0,0,0,0,0,0,0,0,0
550198,1,1,2000,0,0,0,0,0,0,0,0,0,0
550199,0,1,2000,0,0,0,0,0,0,0,0,0,0
550199,1,1,2000,0,0,0,0,0,0,0,0,0,0
550200,1,1,2000,9,9,9,9,9,9,9,9,9,9
550201,1,1,2000,0,0,0,0,0,0,0,0,0,0
550202,1,1,2000,0,0,0,0,0,0,0,0,0,0
550203,0,1,2000,0,0,0,0,0,0,0,0,0,0
550203,1,1,2000,0,0,0,0,0,0,0,0,0,0
550204,1,1,2000,0,0,0,0,0,0,0,0,0,0
550205,1,1,2000,0,0,0,0,0,0,0,0,0,0
550206,1,1,2000,0,0,0,0,0,15,8,0,0,0
550207,1,1,2000,6,6,6,6,6,6,6,6,6,6
550207,2,1,2000,0,0,0,0,0,0,0,0,0,0
550208,1,1,2000,0,0,0,0,0,0,0,0,0,0
550209,1,1,2000,8,8,8,8,8,8,8,8,8,8
550210,1,1,2000,21,21,21,21,21,21,21,21,21,21
550210,2,1,2000,0,0,0,0,0,0,0,0,0,0
550210,3,1,2000,0,0,0,0,0,0,0,0,0,0
550211,1,1,2000,0,0,0,0,0,0,0,0,0,0
550211,2,1,2000,0,0,0,0,0,0,0,0,0,0
550212,1,1,2000,21,21,21,21,21,21,21,21,21,21
550213,1,1,2000,5,5,5,5,5,5,5,5,5,5
550214,1,1,2000,0,0,0,0,0,0,17,0,0,0
550214,2,1,2000,0,0,0,0,0,0,0,0,0,0
550215,1,1,2000,17,17,17,17,17,17,17,17,17,17
550216,1,1,2000,0,0,0,0,0,0,0,0,0,0
550216,2,1,2000,0,0,0,0,0,0,0,0,0,0
550217,1,1,2000,17,17,17,17,17,17,17,17,17,17
550218,0,1,2000,16,16,16,16,16,16,16,16,16,16
550218,1,1,2000,0,13,0,23,33,0,0,0,0,0
550219,1,1,2000,0,0,0,0,0,0,0,0,0,0
550219,2,1,2000,23,23,23,23,23,23,23,23,23,23
550220,1,1,2000,1,1,1,1,1,1,1,1,1,1
550221,1,1,2000,0,0,0,0,0,0,0,0,0,0
550221,2,1,2000,21,13,0,8,0,0,0,13,0,0
550221,3,1,2000,0,0,0,0,0,0,0,0,0,0
550222,1,1,2000,0,0,0,0,0,0,0,0,0,0
550222,2,1,2000,0,0,0,0,0,0,0,0,0,0
550223,1,1,2000,0,0,0,0,0,0,0,0,0,0
550223,2,1,2000,0,0,0,0,0,0,0,0,0,0
550224,1,1,2000,0,0,0,0,0,0,0,0,0,0
550224,2,1,2000,0,0,0,0,0,0,0,0,0,0
550224,3,1,2000,0,0,0,0,0,0,0,0,0,0
550225,1,1,2000,0,0,0,0,0,0,0,0,0,0
550225,2,1,2000,0,0,0,0,0,0,0,0,0,0
550226,1,1,2000,16,0,0,0,0,0,11,0,0,0
550226,2,1,2000,0,0,0,0,0,0,0,0,0,0
550227,1,1,2000,31,31,31,31,31,31,31,31,31,31
550228,1,1,2000,20,20,20,20,20,20,20,20,20,20
550229,0,1,2000,0,19,9,25,14,15,0,12,24,0
550229,0,2,2000,35,27,19,35,0,0,0,0,0,0
550229,1,1,2000,19,19,19,19,19,19,19,19,19,19
550230,1,1,2000,30,30,30,30,30,30,30,30,30,30
550231,1,1,2000,0,0,0,0,0,0,0,0,0,0
550231,2,1,2000,13,13,13,13,13,13,13,13,13,13
550232,1,1,2000,0,0,0,0,0,0,0,0,0,0
550232,2,1,2000,0,0,0,19,0,0,0,0,0,0
550233,1,1,2000,33,33,33,33,33,33,33,33,33,33
550233,2,1,2000,0,0,0,0,0,0,0,0,6,0
550233,3,1,2000,0,0,0,0,0,0,0,0,0,0
550233,4,1,2000,0,4,0,0,0,0,0,0,16,0
550234,1,1,2000,11,11,11,11,11,11,11,11,11,11
550235,1,1,2000,0,0,0,0,0,0,0,0,0,0
550235,2,1,2000,0,21,22,0,0,0,0,9,0,0
550235,3,1,2000,0,0,0,0,0,0,0,0,0,0
550236,1,1,2000,15,15,15,15,15,15,15,15,15,15
550237,1,1,2000,22,22,22,22,22,22,22,22,22,22
550238,1,1,2000,24,31,0,29,12,15,0,22,11,12
550239,1,1,2000,38,38,38,38,38,38,38,38,38,38
550239,2,1,2000,0,0,0,0,0,0,0,0,0,0
550240,1,1,2000,0,0,0,0,0,0,0,0,0,0
550240,2,1,2000,0,0,0,0,0,0,0,0,0,0
550241,1,1,2000,0,0,0,0,0,0,0,0,0,0
550241,2,1,2000,0,0,0,0,0,0,0,0,0,0
550242,1,1,2000,0,0,0,0,0,0,0,0,0,0
550243,1,1,2000,0,0,0,0,0,0,0,0,0,0
550243,2,1,2000,0,0,0,0,0,0,0,0,0,0
550244,1,1,2000,0,0,0,0,0,0,0,0,0,0
550244,2,1,2000,0,0,0,0,0,0,0,0,0,0
550245,1,1,2000,20,20,20,20,20,20,20,20,20,20
550245,2,1,2000,0,0,0,0,0,0,0,0,0,0
550246,1,1,2000,0,0,0,0,0,0,0,0,0,0
550247,1,1,2000,0,0,0,0,0,0,0,0,0,0
550247,2,1,2000,0,0,0,0,0,0,0,0,0,0
550248,1,1,2000,17,17,17,17,17,17,17,17,17,17
550249,1,1,2000,0,0,0,0,0,0,0,0,0,0
550249,2,1,2000,0,0,0,0,0,0,0,0,0,0
550250,1,1,2000,27,27,27,27,27,27,27,27,27,27
550251,1,1,2000,0,0,14,7,16,0,0,0,0,19
550252,1,1,2000,8,8,8,8,8,8,8,8,8,8
550253,1,1,2000,0,0,0,0,0,0,0,0,0,6
550253,2,1,2000,0,0,0,0,0,12,23,0,15,0
550253,3,1,2000,0,0,0,0,0,0,0,0,0,0
550254,0,1,2000,35,0,0,22,0,0,14,12,0,0
550254,1,1,2000,0,0,0,0,0,0,0,0,0,0
550255,1,1,2000,0,0,0,0,0,0,0,0,0,0
550255,2,1,2000,0,0,0,0,0,0,0,0,0,0
550255,3,1,2000,0,0,8,0,0,0,0,0,0,0
550256,1,1,2000,0,0,0,0,0,0,0,0,0,0
550257,0,1,2000,18,0,26,38,24,0,0,0,39,0
550257,1,1,2000,0,0,0,0,0,0,0,0,0,0
550258,1,1,2000,0,0,0,0,0,0,0,0,0,0
550259,1,1,2000,0,0,0,0,0,0,0,0,0,0
550260,1,1,2000,14,10,0,36,0,0,0,0,28,0
550260,2,1,2000,0,0,0,0,0,0,0,0,0,0
550260,3,1,2000,0,0,18,0,0,0,0,0,0,9
550261,1,1,2000,0,10,0,0,0,0,0,0,0,0
550261,2,1,2000,0,0,0,0,0,0,0,0,0,0
550262,0,1,2000,0,0,0,0,0,0,0,0,0,0
550262,1,1,2000,0,0,0,0,0,0,0,0,13,0
550263,1,1,2000,12,12,12,12,12,12,12,12,12,12
550264,0,1,2000,18,18,18,18,18,18,18,18,18,18
550264,0,2,2000,25,25,25,25,25,25,25,25,25,25
550264,1,1,2000,3,3,3,3,3,3,3,3,3,3
550265,1,1,2000,0,0,0,0,0,0,0,0,0,0
550265,2,1,2000,0,0,0,0,0,0,0,0,0,0
550266,1,1,2000,20,20,20,20,20,20,20,20,20,20
550267,1,1,2000,21,21,21,21,21,21,21,21,21,21
550268,0,1,2000,0,0,0,0,0,0,0,0,0,0
550268,1,1,2000,0,0,0,0,0,0,0,0,14,0
550269,1,1,2000,0,13,0,0,0,0,13,0,0,0
550269,2,1,2000,0,0,0,0,0,0,20,0,0,0
550270,1,1,2000,24,24,24,24,24,24,24,24,24,24
550270,2,1,2000,0,14,0,0,0,0,0,0,0,0
550271,1,1,2000,0,0,0,0,0,0,0,0,0,0
550271,2,1,2000,0,0,0,0,0,0,0,0,0,0
550272,0,1,2000,0,0,0,0,0,0,0,0,0,0
550272,1,1,2000,0,0,0,0,0,0,0,0,0,0
550273,1,1,2000,0,0,0,0,0,0,0,0,0,0
550273,2,1,2000,0,0,0,0,0,0,0,0,0,0
550274,0,1,2000,0,0,0,0,0,0,0,0,0,0
550274,1,1,2000,0,0,0,0,0,0,0,0,0,0
550275,1,1,2000,15,15,15,15,15,15,15,15,15,15
550275,2,1,2000,22,0,0,0,0,0,0,0,0,0
550276,1,1,2000,0,0,0,0,0,11,17,0,7,17
550277,1,1,2000,0,0,0,0,0,0,0,0,0,0
550277,2,1,2000,0,0,0,0,0,0,0,0,0,0
550278,0,1,2000,24,24,24,24,24,24,24,24,24,24
550278,1,1,2000,0,0,0,0,0,0,0,0,0,0
550279,1,1,2000,17,17,17,17,17,17,17,17,17,17
550280,1,1,2000,17,17,17,17,17,17,17,17,17,17
550281,0,1,2000,0,0,0,0,0,0,0,0,0,0
550281,1,1,2000,0,0,0,0,0,0,0,0,0,0
550282,1,1,2000,25,25,25,25,25,25,25,25,25,25