ST_CASE,VEH_NO,PER_NO,YEAR,P1,P2,P3,P4,P5,P6,P7,P8,P9,P10
550283,1,1,2000,14,14,14,14,14,14,14,14,14,14
550284,1,1,2000,21,21,21,21,21,21,21,21,21,21
550284,2,1,2000,0,0,0,0,0,0,0,0,0,0
550285,1,1,2000,0,0,0,0,0,0,0,0,0,0
550286,1,1,2000,0,0,0,0,0,0,0,0,0,0
550286,2,1,2000,26,0,0,0,0,0,0,18,0,29
550287,1,1,2000,0,0,0,0,0,0,0,0,0,0
550287,2,1,2000,0,0,0,0,0,0,0,0,0,0
550288,1,1,2000,23,23,23,23,23,23,23,23,23,23
550289,1,1,2000,0,0,0,0,0,0,0,0,0,0
550289,2,1,2000,0,0,0,0,0,0,0,0,0,0
550290,1,1,2000,0,0,0,0,0,0,0,0,0,0
550290,2,1,2000,0,0,0,0,0,0,0,0,0,0
550291,1,1,2000,0,0,0,0,0,0,0,0,0,0
550292,1,1,2000,0,0,0,0,0,0,0,0,0,0
550292,2,1,2000,0,0,0,0,0,0,0,0,0,0
550293,1,1,2000,0,0,0,0,0,0,0,0,0,0
550293,2,1,2000,0,0,0,0,0,0,0,0,0,0
550294,1,1,2000,0,0,0,0,0,0,0,0,0,6
550294,2,1,2000,0,0,0,13,0,0,36,6,3,0
550295,1,1,2000,0,8,3,32,17,0,6,13,27,11
550296,1,1,2000,0,0,0,0,0,0,0,0,0,0
550296,2,1,2000,0,0,0,0,0,0,0,0,0,0
550297,1,1,2000,0,0,18,20,0,0,13,0,0,0
550297,2,1,2000,0,0,0,0,0,0,0,0,0,0
550298,1,1,2000,15,15,15,15,15,15,15,15,15,15
550299,1,1,2000,20,20,20,20,20,20,20,20,20,20
550299,2,1,2000,0,0,0,0,0,0,0,0,0,0
550300,1,1,2000,0,0,0,0,0,0,0,15,0,0
550300,2,1,2000,0,0,10,0,0,0,0,0,0,0
550301,1,1,2000,0,0,0,8,18,0,0,0,0,0
550302,1,1,2000,0,0,0,0,0,0,0,0,0,0
550303,1,1,2000,0,0,0,0,0,0,0,0,0,0
550303,2,1,2000,0,0,0,0,0,0,0,0,15,0
550304,1,1,2000,0,0,0,0,0,0,0,0,0,0
550305,1,1,2000,11,11,11,11,11,11,11,11,11,11
550306,1,1,2000,0,0,0,0,0,0,0,0,0,0
550307,1,1,2000,18,18,18,18,18,18,18,18,18,18
550308,1,1,2000,19,19,19,19,19,19,19,19,19,19
550308,2,1,2000,0,0,0,0,0,0,0,0,0,0
550309,1,1,2000,0,0,0,0,0,0,0,0,0,0
550309,2,1,2000,0,0,0,0,0,0,0,0,0,0
550310,1,1,2000,0,0,0,0,0,0,0,0,0,0
550310,2,1,2000,0,0,0,0,0,0,0,0,0,0
550311,1,1,2000,0,0,0,15,4,24,4,0,0,0
550312,1,1,2000,1,1,1,1,1,1,1,1,1,1
550312,2,1,2000,0,0,28,13,0,0,0,9,0,0
550313,1,1,2000,0,0,0,0,0,0,0,0,0,0
550314,1,1,2000,16,0,0,0,0,0,0,0,0,0
550314,2,1,2000,0,0,0,0,0,0,15,6,0,8
550315,1,1,2000,0,0,0,0,0,0,0,0,0,0
550315,2,1,2000,0,0,0,0,0,0,0,0,0,0
550316,0,1,2000,0,0,0,0,0,0,0,0,0,0
550316,0,2,2000,23,0,0,19,28,30,16,21,0,0
550316,1,1,2000,0,0,19,17,0,0,10,5,3,0
550317,1,1,2000,9,9,9,9,9,9,9,9,9,9
550318,1,1,2000,0,0,0,0,0,11,0,0,0,0
550318,2,1,2000,0,0,0,0,0,0,0,0,0,0
550319,0,1,2000,0,0,0,0,0,0,0,0,0,0
550319,1,1,2000,0,0,0,0,0,0,0,0,0,0
550320,1,1,2000,19,19,19,19,19,19,19,19,19,19
550321,1,1,2000,27,26,21,20,12,13,7,25,0,11
550322,1,1,2000,0,0,0,0,0,0,0,0,0,0
550322,2,1,2000,0,0,0,0,0,0,0,17,0,0
550323,1,1,2000,26,26,26,26,26,26,26,26,26,26
550324,1,1,2000,24,24,24,24,24,24,24,24,24,24
550325,0,1,2000,0,0,0,0,0,0,0,0,0,0
550325,1,1,2000,0,25,0,17,0,0,18,23,0,27
550326,0,1,2000,0,0,0,0,0,0,0,0,0,0
550326,1,1,2000,0,0,0,0,0,0,0,0,0,0
550327,1,1,2000,0,0,0,0,0,0,0,0,0,0
550327,2,1,2000,0,0,0,0,0,0,0,0,0,0
550328,1,1,2000,0,0,0,0,0,0,0,0,0,0
550328,2,1,2000,0,0,0,0,0,0,0,0,0,0
550329,1,1,2000,0,0,0,0,0,0,0,0,0,0
550329,2,1,2000,0,0,0,0,0,0,15,15,0,16
550330,1,1,2000,0,0,0,0,0,0,0,0,0,0
550330,2,1,2000,0,0,0,0,0,0,0,0,0,0
550331,1,1,2000,16,16,16,16,16,16,16,16,16,16
550332,1,1,2000,24,20,33,11,13,4,0,19,32,0
550333,1,1,2000,0,0,0,0,0,0,0,0,0,0
550334,1,1,2000,3,3,3,3,3,3,3,3,3,3
550334,2,1,2000,0,0,0,0,0,0,0,0,0,0
550335,1,1,2000,0,0,0,0,0,0,0,0,0,0
550336,1,1,2000,0,0,0,0,0,0,0,0,0,0
550336,2,1,2000,0,0,0,0,0,0,0,11,0,5
550337,1,1,2000,0,0,0,0,0,0,0,0,0,0
550337,2,1,2000,0,0,0,0,0,0,0,0,0,0
550338,1,1,2000,0,0,0,0,0,0,0,0,0,0
550338,2,1,2000,0,0,0,0,0,0,0,0,0,0
550339,1,1,2000,0,0,0,0,0,0,0,0,0,0
550340,1,1,2000,0,0,9,0,0,0,0,0,0,0
550340,2,1,2000,0,0,0,0,0,0,0,0,0,0
550341,1,1,2000,4,4,4,4,4,4,4,4,4,4
550342,1,1,2000,0,0,0,0,0,0,0,0,0,0
550342,2,1,2000,9,0,0,0,0,0,0,0,0,23
550343,1,1,2000,0,0,0,0,0,0,0,0,0,0
550343,2,1,2000,0,0,0,0,0,0,0,0,0,0
550344,1,1,2000,9,0,0,0,0,0,0,0,0,0
550345,1,1,2000,14,14,14,14,14,14,14,14,14,14
550346,1,1,2000,0,0,0,0,0,0,0,0,0,0
550347,1,1,2000,0,6,0,22,7,0,0,0,0,0
550347,2,1,2000,7,0,0,0,0,0,0,0,22,18
550348,1,1,2000,0,0,0,0,0,0,0,0,0,0
550349,1,1,2000,0,0,0,22,3,9,11,17,0,0
550350,1,1,2000,20,20,20,20,20,20,20,20,20,20
550351,1,1,2000,17,17,17,17,17,17,17,17,17,17
550352,1,1,2000,19,19,19,19,19,19,19,19,19,19
550353,1,1,2000,13,13,13,13,13,13,13,13,13,13
550354,0,1,2000,14,14,14,14,14,14,14,14,14,14
550354,0,2,2000,22,30,0,0,13,33,0,0,0,20
550354,1,1,2000,9,9,9,9,9,9,9,9,9,9
550355,1,1,2000,0,0,0,0,0,0,0,0,0,0
550355,2,1,2000,0,0,0,0,21,0,0,0,0,0
550356,0,1,2000,0,0,0,0,0,0,0,0,0,0
550356,1,1,2000,0,4,0,0,0,0,0,0,0,12
550357,1,1,2000,0,0,0,0,0,0,0,0,0,0
550358,1,1,2000,0,0,0,0,0,0,0,0,0,0
550358,2,1,2000,0,0,0,0,0,0,0,0,0,0
550359,1,1,2000,16,16,16,16,16,16,16,16,16,16
550360,0,1,2000,23,46,0,54,0,12,21,0,26,31
550360,1,1,2000,0,6,0,0,12,0,0,0,0,12
550361,1,1,2000,0,0,0,0,0,0,0,0,0,0
550362,1,1,2000,0,0,0,0,0,0,0,0,4,0
550362,2,1,2000,0,0,0,0,0,0,0,0,0,0
550362,3,1,2000,0,0,0,0,0,0,0,0,0,0
550363,0,1,2000,13,13,13,13,13,13,13,13,13,13
550363,1,1,2000,18,0,18,0,14,0,15,0,8,18
550364,1,1,2000,0,26,0,40,9,14,15,20,20,16
550365,1,1,2000,0,0,0,0,0,0,0,0,0,0
550365,2,1,2000,0,0,0,0,0,0,0,0,0,0
550365,3,1,2000,0,0,0,0,0,0,0,0,0,0
550366,1,1,2000,27,27,27,27,27,27,27,27,27,27
550367,1,1,2000,0,21,17,5,19,19,15,0,0,40
550368,1,1,2000,18,0,0,0,0,0,0,0,0,0
550369,1,1,2000,0,0,0,0,0,0,0,0,0,0
550369,2,1,2000,0,0,0,0,0,0,0,0,0,0
550369,3,1,2000,0,0,0,0,0,7,0,0,0,0
550370,1,1,2000,0,0,0,0,0,0,0,0,0,0
550370,2,1,2000,0,0,0,0,0,0,0,0,0,0
550370,3,1,2000,0,0,0,8,0,0,0,0,0,0
550371,1,1,2000,23,23,23,23,23,23,23,23,23,23
550372,1,1,2000,0,0,0,0,0,0,0,0,0,0
550372,2,1,2000,0,0,0,0,0,0,0,0,0,0
550373,1,1,2000,0,0,0,0,0,0,0,0,0,0
550373,2,1,2000,0,0,0,0,0,0,0,0,0,0
550374,0,1,2000,0,0,0,0,0,0,0,0,0,0
550374,1,1,2000,20,20,20,20,20,20,20,20,20,20
550375,0,1,2000,0,0,0,0,0,0,0,0,0,0
550375,1,1,2000,0,0,0,0,0,0,0,0,0,0
550376,1,1,2000,32,32,32,32,32,32,32,32,32,32
550377,1,1,2000,0,0,0,0,0,0,0,0,0,0
550378,1,1,2000,0,0,0,0,0,0,0,0,0,0
550378,2,1,2000,0,0,0,0,0,0,0,0,0,0
550379,0,1,2000,27,27,27,27,27,27,27,27,27,27
550379,1,1,2000,0,0,0,0,0,0,0,0,0,0
550380,1,1,2000,0,0,0,0,0,0,0,0,0,0
550380,2,1,2000,0,0,0,0,0,0,0,0,0,0
550381,1,1,2000,0,0,0,0,0,0,0,0,0,0
550382,1,1,2000,27,27,27,27,27,27,27,27,27,27
550383,1,1,2000,1,1,1,1,1,1,1,1,1,1
550383,2,1,2000,0,0,0,0,0,0,0,0,0,0
550384,1,1,2000,0,0,0,0,0,0,0,0,0,0
550385,1,1,2000,0,0,0,0,0,0,0,0,0,0
550386,1,1,2000,31,31,31,31,31,31,31,31,31,31
550387,1,1,2000,0,0,0,0,0,0,0,0,0,0
550388,1,1,2000,0,0,0,0,0,0,0,0,0,0
550388,2,1,2000,27,25,13,15,13,8,10,23,5,7
550389,0,1,2000,0,0,0,0,0,0,0,0,0,0
550389,1,1,2000,0,0,0,0,0,0,0,0,0,0
550390,1,1,2000,0,0,0,0,0,0,0,0,0,0
550390,2,1,2000,0,0,0,0,0,0,0,0,0,0
550391,1,1,2000,18,18,18,18,18,18,18,18,18,18
550392,1,1,2000,13,0,13,7,0,0,0,0,0,0
550393,1,1,2000,12,0,0,13,21,0,0,0,0,0
550394,1,1,2000,0,0,0,0,0,0,0,0,0,0
550394,2,1,2000,0,0,0,0,0,0,0,0,0,0
550395,1,1,2000,24,24,24,24,24,24,24,24,24,24
550396,1,1,2000,0,0,0,0,0,0,0,0,0,0
550397,1,1,2000,0,0,0,0,0,0,0,0,0,0
550398,0,1,2000,28,28,28,28,28,28,28,28,28,28
550398,1,1,2000,0,0,0,0,0,0,0,0,0,0
550399,1,1,2000,0,0,0,0,0,0,0,0,0,0
550400,1,1,2000,0,0,0,0,0,0,0,0,0,0
550401,1,1,2000,0,0,0,0,0,0,0,0,0,0
550401,2,1,2000,0,0,0,0,0,0,0,0,0,0
550402,1,1,2000,36,36,36,36,36,36,36,36,36,36
550403,1,1,2000,0,0,0,0,0,0,0,0,0,0
550403,2,1,2000,17,17,17,17,17,17,17,17,17,17
550404,1,1,2000,0,9,25,5,0,0,0,7,0,0
550405,1,1,2000,0,0,0,0,0,0,0,0,0,0
550405,2,1,2000,0,0,0,0,0,0,0,0,0,0
550405,3,1,2000,0,0,0,0,0,0,0,0,0,0
550405,4,1,2000,0,0,0,0,0,0,0,24,0,0
550406,1,1,2000,0,0,0,0,0,0,0,0,0,0
550406,2,1,2000,0,0,0,0,0,0,0,0,0,0
550407,1,1,2000,19,0,0,0,0,0,0,0,0,0
550407,2,1,2000,0,0,0,0,0,0,0,0,0,0
550408,1,1,2000,0,0,0,0,0,0,0,0,0,0
550408,2,1,2000,0,0,0,0,0,0,0,0,0,0
550409,1,1,2000,0,0,0,0,0,0,0,0,0,0
550409,2,1,2000,0,0,0,0,0,0,0,0,0,0
550410,1,1,2000,0,0,0,0,0,0,0,0,0,0
550410,2,1,2000,0,0,0,0,0,0,0,0,0,0
550411,1,1,2000,15,15,15,15,15,15,15,15,15,15
550412,1,1,2000,0,0,0,0,0,0,0,0,0,0
550412,2,1,2000,0,0,0,0,0,0,0,0,0,0
550413,1,1,2000,0,0,0,0,0,0,0,0,0,0
550413,2,1,2000,0,0,0,0,0,0,0,0,0,0
550413,3,1,2000,0,0,0,0,0,0,0,0,0,0
550414,0,1,2000,0,0,0,0,0,0,0,0,0,0
550414,1,1,2000,0,0,0,0,0,0,0,0,0,0
550415,1,1,2000,14,14,14,14,14,14,14,14,14,14
550416,1,1,2000,0,0,0,0,0,0,0,0,0,0
550417,1,1,2000,0,0,0,0,0,0,0,0,0,0
550417,2,1,2000,0,0,4,0,0,0,0,0,0,10
550418,1,1,2000,22,25,0,17,13,20,0,12,25,0
550418,2,1,2000,0,0,18,0,0,0,0,0,0,16
550418,3,1,2000,0,0,0,0,0,0,0,0,0,0
550419,1,1,2000,0,0,0,0,0,0,0,0,0,0
550419,2,1,2000,0,0,0,0,0,0,0,0,0,0
550420,1,1,2000,17,17,17,17,17,17,17,17,17,17
550421,1,1,2000,0,0,0,0,0,0,0,0,0,0
550422,1,1,2000,0,0,0,0,0,0,0,0,24,9
550422,2,1,2000,0,0,0,0,0,0,0,0,0,0
550423,1,1,2000,0,0,0,0,0,0,0,0,0,0
550423,2,1,2000,0,0,0,0,0,0,0,0,0,0
550424,1,1,2000,0,0,0,0,0,0,0,0,0,0
550424,2,1,2000,0,0,0,0,0,0,0,0,0,18
550425,1,1,2000,0,0,0,0,0,0,0,0,0,0
550425,2,1,2000,0,0,0,0,0,0,0,0,0,0
550426,1,1,2000,0,0,0,0,0,0,0,0,0,0
550426,2,1,2000,0,0,0,0,0,0,0,0,0,0
550426,3,1,2000,0,0,0,0,0,0,0,0,0,0
550427,0,1,2000,0,0,0,0,0,0,0,0,0,0
550427,1,1,2000,0,0,25,0,5,15,0,0,0,0
550428,1,1,2000,0,0,0,0,0,0,0,0,0,0
550428,2,1,2000,0,0,0,0,0,0,0,0,0,0
550429,1,1,2000,0,0,0,0,0,0,0,0,0,0
550429,2,1,2000,0,0,0,0,8,0,21,0,0,0
550430,1,1,2000,8,8,8,8,8,8,8,8,8,8
550431,1,1,2000,8,8,8,8,8,8,8,8,8,8
550432,1,1,2000,0,0,0,0,0,0,0,15,0,0
550432,2,1,2000,0,0,0,0,0,0,0,26,0,17
550433,1,1,2000,19,19,19,19,19,19,19,19,19,19
550434,1,1,2000,0,0,0,0,0,0,0,0,0,0
550434,2,1,2000,0,0,0,0,0,0,0,0,0,0
550435,1,1,2000,0,0,0,0,0,0,0,0,0,0
550435,2,1,2000,0,0,0,0,0,0,0,0,0,0
550436,1,1,2000,0,0,0,0,0,0,0,0,0,8
550437,1,1,2000,0,0,0,0,0,0,0,0,0,0
550437,2,1,2000,0,0,0,0,0,0,0,0,0,0
550438,1,1,2000,0,0,0,0,0,0,0,0,0,0
550438,2,1,2000,0,0,0,0,0,0,0,0,0,0
550438,3,1,2000,0,0,0,0,0,0,0,0,3,0
550439,1,1,2000,0,0,0,0,0,0,0,0,0,0
550439,2,1,2000,0,0,0,0,0,0,16,0,0,0
550440,1,1,2000,10,10,10,10,10,10,10,10,10,10
550440,2,1,2000,0,0,0,0,0,0,0,10,0,0
550441,1,1,2000,19,19,19,19,19,19,19,19,19,19
550442,1,1,2000,0,0,0,0,0,0,0,0,0,0
550443,1,1,2000,0,0,0,0,0,0,0,0,0,0
550444,1,1,2000,1,1,1,1,1,1,1,1,1,1
550445,1,1,2000,6,6,6,6,6,6,6,6,6,6
550446,1,1,2000,0,0,0,0,0,0,0,0,0,0
550446,2,1,2000,0,0,0,0,0,0,0,0,0,0
550447,1,1,2000,25,25,25,25,25,25,25,25,25,25
550448,1,1,2000,15,15,15,15,15,15,15,15,15,15
550449,1,1,2000,25,25,25,25,25,25,25,25,25,25
550450,1,1,2000,9,9,9,9,9,9,9,9,9,9
550451,1,1,2000,16,16,16,16,16,16,16,16,16,16
550451,2,1,2000,0,0,0,0,0,0,0,0,0,0
550452,1,1,2000,0,0,0,0,0,0,0,0,0,0
550452,2,1,2000,0,0,0,0,0,0,0,0,0,0
550453,1,1,2000,0,0,0,0,0,0,0,0,0,0
550453,2,1,2000,0,0,0,0,0,0,0,0,0,0
550453,3,1,2000,0,0,0,0,0,0,0,0,0,0
550454,1,1,2000,17,17,17,17,17,17,17,17,17,17
550455,1,1,2000,12,12,12,12,12,12,12,12,12,12
550455,2,1,2000,0,0,0,0,0,0,0,0,0,0
550456,1,1,2000,0,0,0,0,0,0,0,0,0,0
550456,2,1,2000,0,0,0,0,0,0,0,0,0,0
550456,3,1,2000,0,0,0,0,0,0,0,0,17,0
550457,1,1,2000,8,8,8,8,8,8,8,8,8,8
550457,2,1,2000,12,12,12,12,12,12,12,12,12,12
550458,1,1,2000,0,0,0,0,0,0,0,0,0,0
550458,2,1,2000,0,0,0,0,0,0,0,0,0,0
550459,0,1,2000,0,38,0,22,0,0,7,0,17,0
550459,1,1,2000,0,0,0,0,4,0,0,0,0,0
550460,1,1,2000,7,7,7,7,7,7,7,7,7,7
550461,1,1,2000,23,23,23,23,23,23,23,23,23,23
550461,2,1,2000,0,0,0,0,0,0,0,0,0,0
550462,1,1,2000,0,0,0,0,0,0,0,0,0,0
550462,2,1,2000,0,0,0,0,0,0,0,0,0,0
550463,1,1,2000,0,0,0,0,0,0,0,0,0,0
550464,1,1,2000,18,18,18,18,18,18,18,18,18,18
550465,1,1,2000,0,0,15,0,9,10,0,0,0,29
550465,2,1,2000,0,0,0,0,0,0,0,0,0,0
550466,0,1,2000,46,0,0,32,17,28,32,0,0,12
550466,0,2,2000,25,34,39,7,20,26,10,11,25,32
550466,0,3,2000,22,10,25,30,3,16,0,0,16,11
550466,1,1,2000,9,9,9,9,9,9,9,9,9,9
550467,1,1,2000,0,0,0,0,0,0,0,0,0,0
550467,2,1,2000,0,0,0,0,0,0,0,0,0,0
550468,1,1,2000,18,18,18,18,18,18,18,18,18,18
550469,1,1,2000,0,0,0,0,0,0,0,0,0,0
550469,2,1,2000,0,0,0,6,0,0,12,0,0,0
550470,1,1,2000,18,18,18,18,18,18,18,18,18,18
550471,1,1,2000,12,12,12,12,12,12,12,12,12,12
550471,2,1,2000,0,0,0,0,0,0,0,0,0,0
550472,1,1,2000,28,28,28,28,28,28,28,28,28,28
550472,2,1,2000,0,0,0,0,0,0,0,0,0,0
550473,1,1,2000,15,15,15,15,15,15,15,15,15,15
550474,1,1,2000,0,0,0,0,0,0,0,0,0,0
550474,2,1,2000,0,0,0,0,0,0,0,0,0,0
550475,1,1,2000,0,0,0,0,0,0,0,0,0,0
550475,2,1,2000,0,0,0,0,0,0,0,0,0,0
550476,1,1,2000,0,0,0,0,0,0,0,0,0,0
550477,1,1,2000,0,0,0,0,0,0,0,0,0,0
550478,1,1,2000,13,13,13,13,13,13,13,13,13,13
550478,2,1,2000,0,0,0,0,0,0,0,0,0,0
550479,1,1,2000,0,0,0,0,0,0,7,5,0,0
550480,1,1,2000,0,0,0,0,0,0,0,0,0,0
550480,2,1,2000,0,0,0,0,0,0,0,0,0,0
550481,1,1,2000,0,0,0,0,0,0,0,0,0,0
550481,2,1,2000,0,0,0,0,14,0,0,0,0,0
550482,1,1,2000,15,15,15,15,15,15,15,15,15,15
550483,1,1,2000,37,37,37,37,37,37,37,37,37,37
550483,2,1,2000,0,0,0,7,0,0,0,0,0,0
550484,1,1,2000,0,0,0,0,0,0,0,0,0,0
550484,2,1,2000,0,0,0,0,0,0,0,0,0,0
550485,1,1,2000,0,0,0,0,0,0,0,0,0,0
550486,1,1,2000,29,29,29,29,29,29,29,29,29,29
550487,1,1,2000,0,0,0,0,0,0,0,0,0,0
550488,1,1,2000,0,0,0,0,0,0,0,0,0,0
550488,2,1,2000,0,0,0,0,0,0,0,0,0,0
550489,1,1,2000,0,0,0,0,0,0,0,0,0,0
550489,2,1,2000,0,0,0,0,0,0,0,0,0,0
550490,1,1,2000,0,0,0,0,0,0,0,0,0,0
550490,2,1,2000,1,1,1,1,1,1,1,1,1,1
550491,1,1,2000,31,31,31,31,31,31,31,31,31,31
550492,1,1,2000,0,0,0,0,0,0,0,0,0,0
550492,2,1,2000,0,0,0,0,0,0,0,0,0,0
550492,3,1,2000,0,0,0,0,0,0,0,0,0,0
550493,1,1,2000,17,17,17,17,17,17,17,17,17,17
550493,2,1,2000,0,0,0,0,0,0,0,0,0,0
550494,1,1,2000,0,0,0,0,0,0,0,0,0,0
550494,2,1,2000,0,0,0,0,0,0,0,0,0,0
550495,1,1,2000,0,0,0,0,0,0,0,0,0,0
550495,2,1,2000,0,0,0,0,0,0,0,0,0,0
550496,1,1,2000,0,0,0,0,0,0,0,0,0,0
550497,1,1,2000,0,0,0,0,0,0,0,0,0,0
550497,2,1,2000,0,0,0,0,0,0,0,0,0,0
550498,1,1,2000,0,0,0,0,0,0,0,0,0,0
550498,2,1,2000,0,0,0,0,0,0,0,0,0,0
550499,1,1,2000,0,21,0,0,0,0,0,0,0,0
550499,2,1,2000,11,11,11,11,11,11,11,11,11,11
550500,1,1,2000,0,0,0,0,0,0,0,0,0,0
550500,2,1,2000,0,5,0,0,0,0,0,0,0,0
550501,1,1,2000,15,15,15,15,15,15,15,15,15,15
550501,2,1,2000,0,0,12,5,12,0,11,0,4,2
550502,1,1,2000,0,0,0,0,0,0,0,0,0,0
550502,2,1,2000,0,0,0,0,0,0,0,0,0,0
550503,1,1,2000,0,0,0,7,19,19,0,19,0,0
550503,2,1,2000,0,0,0,0,0,0,0,16,0,0
550504,1,1,2000,10,10,10,10,10,10,10,10,10,10
550505,1,1,2000,17,17,17,17,17,17,17,17,17,17
550506,1,1,2000,15,15,15,15,15,15,15,15,15,15
550506,2,1,2000,0,0,0,0,0,0,0,0,0,0
550506,3,1,2000,0,0,0,0,0,0,0,0,0,0
550507,1,1,2000,0,0,0,0,0,0,0,0,0,0
550507,2,1,2000,0,0,0,0,0,0,0,0,0,0
550508,1,1,2000,0,0,0,0,0,0,0,0,0,0
550508,2,1,2000,0,0,0,0,0,0,0,0,0,0
550509,0,1,2000,0,0,0,0,0,0,0,0,0,0
550509,1,1,2000,0,0,0,0,0,0,0,0,0,0
550510,1,1,2000,0,0,0,0,0,0,0,0,0,0
550511,1,1,2000,0,0,0,0,0,0,0,0,0,0
550511,2,1,2000,0,0,0,0,0,0,0,0,0,2
550512,1,1,2000,0,0,0,0,0,0,0,0,0,0
550512,2,1,2000,0,0,0,0,0,4,0,0,0,0
550513,1,1,2000,16,10,12,16,0,32,23,21,21,24
550514,1,1,2000,0,0,0,0,0,0,0,0,0,0
550514,2,1,2000,0,0,0,0,0,0,0,0,0,0
550515,1,1,2000,24,24,24,24,24,24,24,24,24,24
550516,1,1,2000,0,0,0,0,0,0,0,0,0,0
550516,2,1,2000,0,0,0,0,0,0,0,0,0,0
550516,3,1,2000,0,0,0,0,0,0,0,0,0,0
550516,4,1,2000,0,0,0,0,0,0,0,0,0,0
550517,1,1,2000,0,0,0,0,0,0,0,0,0,0
550517,2,1,2000,23,23,23,23,23,23,23,23,23,23
550518,0,1,2000,0,0,0,0,0,0,0,0,0,0
550518,1,1,2000,8,0,0,0,0,11,0,18,0,0
550519,1,1,2000,25,25,25,25,25,25,25,25,25,25
550520,1,1,2000,0,0,0,0,0,0,0,0,0,0
550520,2,1,2000,0,0,0,0,0,0,0,0,0,0
550521,1,1,2000,29,29,29,29,29,29,29,29,29,29
550522,0,1,2000,37,37,37,37,37,37,37,37,37,37
550522,1,1,2000,11,10,0,5,39,9,12,18,5,26
550523,1,1,2000,0,0,0,0,0,0,0,0,0,0
550523,2,1,2000,0,0,0,0,0,0,0,0,0,0
550523,3,1,2000,0,0,0,0,0,0,0,0,0,0
550524,1,1,2000,0,0,10,0,0,0,0,0,0,0
550524,2,1,2000,0,0,0,0,0,0,0,0,0,0
550525,1,1,2000,16,16,16,16,16,16,16,16,16,16
550526,0,1,2000,24,24,24,24,24,24,24,24,24,24
550526,1,1,2000,0,0,0,0,0,0,0,0,0,0
550527,1,1,2000,22,12,19,6,15,0,0,0,0,10
550528,1,1,2000,0,0,0,11,0,0,0,0,0,0
550528,2,1,2000,0,0,0,0,0,0,0,0,0,0
550529,1,1,2000,0,0,0,0,0,0,0,0,0,0
550529,2,1,2000,0,0,0,0,0,0,0,0,0,0
550530,1,1,2000,19,19,19,19,19,19,19,19,19,19
550531,1,1,2000,0,0,0,0,0,0,0,0,0,0
550531,2,1,2000,0,0,0,0,0,0,0,0,0,0
550532,1,1,2000,14,14,14,14,14,14,14,14,14,14
550533,1,1,2000,14,14,14,14,14,14,14,14,14,14
550534,1,1,2000,0,0,0,0,0,0,0,0,0,0
550534,2,1,2000,0,0,0,0,0,0,0,0,0,0
550535,1,1,2000,9,9,9,9,9,9,9,9,9,9
550536,1,1,2000,0,0,0,0,0,0,0,0,0,0
550536,2,1,2000,0,0,0,0,0,0,0,0,0,0
550537,1,1,2000,11,11,11,11,11,11,11,11,11,11
550538,1,1,2000,0,0,0,0,0,0,0,0,0,0
550538,2,1,2000,0,0,0,0,0,0,0,0,9,0
550539,1,1,2000,27,27,27,27,27,27,27,27,27,27
550540,1,1,2000,8,8,8,8,8,8,8,8,8,8
550541,1,1,2000,0,0,10,0,0,0,0,0,0,0
550541,2,1,2000,0,0,0,0,0,0,0,0,0,0
550541,3,1,2000,0,0,0,0,0,0,0,0,0,0
550542,1,1,2000,0,0,0,0,0,0,0,0,0,0
550543,1,1,2000,10,10,10,10,10,10,10,10,10,10
550544,1,1,2000,9,9,9,9,9,9,9,9,9,9
550545,1,1,2000,0,0,0,0,0,0,0,0,0,0
550546,1,1,2000,10,10,10,10,10,10,10,10,10,10
550547,1,1,2000,25,25,25,25,25,25,25,25,25,25
550548,1,1,2000,11,11,11,11,11,11,11,11,11,11
550549,1,1,2000,0,0,0,0,0,17,0,11,0,0
550549,2,1,2000,0,0,0,0,0,0,0,0,0,0
550550,0,1,2000,0,0,0,0,0,0,0,0,0,0
550550,1,1,2000,0,0,0,0,0,0,0,0,0,0
550551,1,1,2000,0,0,0,0,0,0,0,0,0,0
550551,2,1,2000,0,0,0,0,0,0,0,0,0,0
550552,1,1,2000,15,0,10,21,0,27,16,25,17,0
550553,1,1,2000,0,0,0,0,0,0,0,0,0,0
550553,2,1,2000,0,0,0,0,0,0,0,0,0,0
550553,3,1,2000,0,0,0,0,0,0,0,0,0,0
550554,1,1,2000,10,10,10,10,10,10,10,10,10,10
550555,1,1,2000,21,0,0,0,0,0,0,0,0,0
550555,2,1,2000,0,0,0,0,0,0,0,0,0,0
550555,3,1,2000,0,0,0,0,0,0,0,0,0,0
550556,1,1,2000,0,9,16,6,10,9,21,12,3,18
550556,2,1,2000,0,0,0,0,0,0,8,0,0,0
550557,1,1,2000,0,0,0,0,8,0,0,19,0,0
550557,2,1,2000,0,0,0,0,0,0,0,0,11,0
550558,1,1,2000,0,0,0,0,0,0,0,0,0,0
550558,2,1,2000,0,0,0,0,0,0,0,0,0,0
550558,3,1,2000,2,2,2,2,2,2,2,2,2,2
550559,0,1,2000,25,25,25,25,25,25,25,25,25,25
550559,1,1,2000,0,0,0,0,0,0,0,0,0,0