ST_CASE,VEH_NO,PER_NO,YEAR,P1,P2,P3,P4,P5,P6,P7,P8,P9,P10
550560,1,1,2000,18,18,18,18,18,18,18,18,18,18
550561,1,1,2000,22,22,22,22,22,22,22,22,22,22
550562,0,1,2000,0,0,0,0,0,0,0,0,0,0
550562,1,1,2000,0,0,0,0,0,0,0,0,0,0
550563,1,1,2000,12,12,12,12,12,12,12,12,12,12
550564,1,1,2000,13,13,13,13,13,13,13,13,13,13
550565,1,1,2000,0,0,0,0,0,14,0,0,0,0
550565,2,1,2000,0,0,0,0,11,0,0,0,0,0
550566,1,1,2000,26,26,26,26,26,26,26,26,26,26
550567,1,1,2000,23,23,23,23,23,23,23,23,23,23
550568,1,1,2000,10,10,10,10,10,10,10,10,10,10
550568,2,1,2000,0,0,0,0,17,0,0,15,0,0
550568,3,1,2000,0,0,22,0,0,0,0,0,0,0
550569,1,1,2000,0,0,0,0,0,0,0,0,0,0
550569,2,1,2000,0,0,0,0,0,0,0,0,0,0
550570,1,1,2000,0,0,0,0,0,0,0,0,0,0
550570,2,1,2000,0,0,0,0,0,0,0,0,0,0
550571,1,1,2000,15,15,15,15,15,15,15,15,15,15
550572,1,1,2000,0,0,0,0,0,0,0,0,0,0
550573,1,1,2000,0,0,0,0,0,0,0,0,0,0
550574,1,1,2000,11,11,11,11,11,11,11,11,11,11
550575,1,1,2000,11,11,11,11,11,11,11,11,11,11
550575,2,1,2000,0,0,0,0,0,0,0,20,0,0
550576,1,1,2000,24,24,24,24,24,24,24,24,24,24
550577,1,1,2000,18,18,18,18,18,18,18,18,18,18
550577,2,1,2000,0,0,0,0,0,0,9,0,0,0
550578,1,1,2000,16,16,16,16,16,16,16,16,16,16
550578,2,1,2000,0,0,0,0,0,0,0,0,0,0
550579,1,1,2000,3,3,3,3,3,3,3,3,3,3
550580,0,1,2000,17,17,17,17,17,17,17,17,17,17
550580,1,1,2000,0,0,0,6,14,0,12,21,0,0
550581,0,1,2000,0,0,0,0,0,0,0,0,0,0
550581,1,1,2000,0,0,0,0,14,0,0,0,0,0
550582,1,1,2000,0,0,0,0,0,0,0,0,0,0
550582,2,1,2000,0,0,0,0,0,0,0,0,0,0
550583,0,1,2000,0,0,0,0,0,0,0,0,0,0
550583,1,1,2000,0,0,0,0,0,0,0,0,0,0
550584,1,1,2000,20,20,20,20,20,20,20,20,20,20
550585,1,1,2000,11,11,11,11,11,11,11,11,11,11
550586,1,1,2000,33,18,10,17,3,20,22,7,19,16
550587,1,1,2000,20,6,28,11,22,0,0,13,15,27
550587,2,1,2000,0,0,0,0,0,0,0,0,0,0
550588,1,1,2000,0,0,0,0,0,0,0,0,0,0
550588,2,1,2000,0,0,0,0,0,0,0,0,0,0
550589,1,1,2000,16,16,16,16,16,16,16,16,16,16
550589,2,1,2000,0,0,0,0,0,0,0,0,0,0
550590,1,1,2000,28,28,28,28,28,28,28,28,28,28
550591,1,1,2000,24,24,24,24,24,24,24,24,24,24
550592,1,1,2000,0,0,0,0,0,0,0,0,0,0
550592,2,1,2000,0,0,0,0,0,0,0,0,0,0
550593,1,1,2000,16,16,16,16,16,16,16,16,16,16
550594,1,1,2000,0,0,0,0,0,0,0,0,0,0
550594,2,1,2000,0,0,0,0,0,0,0,0,0,0
550595,1,1,2000,5,5,5,5,5,5,5,5,5,5
550596,1,1,2000,0,0,0,0,0,0,0,0,0,0
550597,1,1,2000,0,0,0,0,0,0,0,0,0,0
550597,2,1,2000,0,0,0,0,0,0,0,0,0,0
550598,1,1,2000,0,0,0,0,0,0,0,0,0,0
550598,2,1,2000,0,0,0,0,0,0,0,0,0,0
550599,1,1,2000,20,20,20,20,20,20,20,20,20,20
550599,2,1,2000,0,0,3,2,7,0,0,0,0,0
550600,1,1,2000,14,14,14,14,14,14,14,14,14,14
550601,1,1,2000,20,28,23,27,19,20,22,27,16,34
550602,1,1,2000,0,0,0,0,0,0,0,0,4,0
550602,2,1,2000,0,0,0,0,0,0,0,0,0,0
550603,1,1,2000,0,0,0,0,0,0,0,0,0,0
550603,2,1,2000,0,0,0,0,0,0,0,0,0,0
550604,1,1,2000,0,0,0,12,0,0,0,0,0,0
550605,1,1,2000,0,0,0,0,0,0,0,0,0,0
550605,2,1,2000,0,0,0,0,0,0,0,0,0,0
550606,1,1,2000,11,6,0,25,17,8,32,18,25,20
550607,1,1,2000,0,0,0,0,0,0,0,0,0,0
550608,1,1,2000,0,0,8,0,0,0,0,0,0,0
550609,0,1,2000,0,0,0,0,0,0,0,0,0,0
550609,1,1,2000,0,0,0,0,0,0,0,0,0,0
550610,1,1,2000,0,0,0,0,0,0,0,0,0,0
550611,1,1,2000,0,0,0,0,0,0,0,0,0,0
550611,2,1,2000,0,0,0,0,0,0,0,0,0,0
550612,1,1,2000,15,15,15,15,15,15,15,15,15,15
550613,1,1,2000,17,17,17,17,17,17,17,17,17,17
550614,1,1,2000,12,12,12,12,12,12,12,12,12,12
550615,1,1,2000,22,22,22,22,22,22,22,22,22,22
550616,1,1,2000,0,0,0,0,0,0,0,0,0,0
550617,1,1,2000,0,0,0,0,0,0,0,0,0,0
550618,1,1,2000,8,8,8,8,8,8,8,8,8,8
550619,1,1,2000,0,0,0,0,0,0,0,0,0,0
550619,2,1,2000,0,0,0,0,0,0,0,0,0,0
550620,1,1,2000,0,0,0,0,0,0,0,0,0,0
550620,2,1,2000,0,0,0,0,0,0,0,0,0,0
550621,1,1,2000,0,0,0,0,0,0,0,0,0,0
550622,1,1,2000,22,22,22,22,22,22,22,22,22,22
550623,1,1,2000,0,0,0,10,0,0,0,0,0,0
550623,2,1,2000,0,0,0,0,0,0,0,0,0,0
550624,1,1,2000,35,35,35,35,35,35,35,35,35,35
550625,0,1,2000,0,0,21,0,0,0,6,31,0,11
550625,1,1,2000,0,0,0,0,0,0,0,0,0,0
550626,1,1,2000,36,36,36,36,36,36,36,36,36,36
550627,1,1,2000,0,0,0,0,0,0,0,0,0,0
550627,2,1,2000,0,0,0,0,0,0,0,0,0,0
550627,3,1,2000,0,0,0,0,0,0,0,0,0,0
550628,1,1,2000,0,0,0,0,0,0,0,0,0,0
550628,2,1,2000,0,0,0,0,25,22,0,0,0,0
550629,1,1,2000,17,17,17,17,17,17,17,17,17,17
550630,1,1,2000,0,10,0,0,0,0,0,0,0,0
550630,2,1,2000,0,0,0,0,0,0,0,0,0,0
550631,0,1,2000,13,47,13,0,17,0,0,0,14,74
550631,1,1,2000,0,0,0,0,0,0,0,0,0,0
550632,1,1,2000,0,0,0,0,0,0,0,0,0,0
550632,2,1,2000,0,0,0,0,0,0,0,0,0,0
550632,3,1,2000,0,0,0,0,0,0,0,0,0,0
550632,4,1,2000,10,0,0,0,0,0,0,0,0,0
550632,5,1,2000,0,0,0,0,0,0,0,0,0,0
550633,1,1,2000,0,0,0,0,0,0,0,0,0,0
550633,2,1,2000,0,0,0,0,0,16,0,0,0,0
550634,1,1,2000,17,17,17,17,17,17,17,17,17,17
550635,1,1,2000,0,0,0,0,0,0,0,0,0,0
550636,1,1,2000,0,0,0,0,0,0,0,0,0,0
550637,1,1,2000,0,0,0,0,0,0,0,0,0,0
550637,2,1,2000,0,0,0,0,0,0,0,29,0,0
550638,1,1,2000,11,11,11,11,11,11,11,11,11,11
550639,1,1,2000,0,0,0,0,0,0,0,0,0,0
550639,2,1,2000,0,0,0,0,0,0,0,0,0,0
550640,1,1,2000,0,0,0,0,0,0,0,0,0,0
550640,2,1,2000,0,0,0,0,0,0,0,0,0,0
550641,1,1,2000,0,0,0,0,0,0,0,0,0,0
550641,2,1,2000,0,0,0,0,0,0,0,0,0,0
550642,1,1,2000,0,0,0,0,0,0,0,0,0,0
550642,2,1,2000,0,0,0,0,0,0,0,0,0,0
550643,1,1,2000,0,0,0,0,0,0,0,0,0,0
550643,2,1,2000,0,0,0,0,0,0,0,0,0,0
550644,1,1,2000,0,0,0,0,0,0,0,0,0,0
550644,2,1,2000,0,0,0,0,0,0,0,0,0,0
550645,1,1,2000,23,23,23,23,23,23,23,23,23,23
550646,1,1,2000,22,22,22,22,22,22,22,22,22,22
550646,2,1,2000,0,0,20,0,0,0,0,6,0,0
550647,1,1,2000,0,0,0,0,0,0,0,0,0,0
550648,1,1,2000,0,0,22,0,0,0,0,0,0,0
550648,2,1,2000,0,0,0,0,0,0,0,0,0,0
550649,1,1,2000,0,0,0,0,0,0,0,0,0,0
550649,2,1,2000,0,0,0,0,0,0,0,0,0,0
550650,1,1,2000,20,20,20,20,20,20,20,20,20,20
550651,1,1,2000,0,0,0,0,0,0,0,0,0,0
550651,2,1,2000,0,0,0,0,0,0,0,0,0,0
550652,1,1,2000,0,0,0,0,0,0,0,0,0,0
550653,1,1,2000,0,0,0,0,0,0,0,0,0,0
550653,2,1,2000,0,0,0,0,0,0,0,0,0,0
550653,3,1,2000,0,0,0,0,0,0,0,0,0,0
550654,1,1,2000,0,0,0,0,9,0,0,0,0,0
550655,1,1,2000,0,0,0,0,0,0,0,0,0,0
550655,2,1,2000,0,0,0,0,0,0,0,0,0,0
550655,3,1,2000,0,0,0,0,0,0,0,0,0,0
550655,4,1,2000,0,0,0,0,0,0,0,0,0,0
550656,1,1,2000,0,0,0,0,0,0,0,0,0,0
550656,2,1,2000,0,0,0,0,0,0,0,0,0,0
550657,1,1,2000,17,17,17,17,17,17,17,17,17,17
550658,0,1,2000,32,32,32,32,32,32,32,32,32,32
550658,1,1,2000,0,0,0,0,6,0,0,0,0,2
550659,1,1,2000,0,0,0,0,6,0,0,0,3,0
550659,2,1,2000,0,0,0,0,0,0,0,0,0,0
550660,1,1,2000,0,0,0,0,0,0,25,0,0,17
550661,1,1,2000,0,0,0,0,0,0,0,0,0,0
550661,2,1,2000,0,0,0,0,0,0,0,0,0,0
550662,0,1,2000,0,0,0,0,0,0,0,0,0,0
550662,1,1,2000,23,0,0,0,0,15,0,0,16,0
550663,1,1,2000,0,15,0,0,0,20,0,0,0,9
550664,0,1,2000,0,0,0,0,0,0,0,0,0,0
550664,1,1,2000,0,0,0,0,0,0,0,0,0,0
550664,2,1,2000,0,0,0,0,0,0,0,0,0,0
550665,1,1,2000,0,0,0,0,0,0,0,0,0,0
550666,1,1,2000,0,0,0,0,0,0,0,0,0,0
550666,2,1,2000,0,0,0,0,0,0,0,0,0,0
550667,1,1,2000,12,12,12,12,12,12,12,12,12,12
550668,1,1,2000,31,31,31,31,31,31,31,31,31,31
550669,0,1,2000,0,0,0,0,0,0,0,0,0,0
550669,1,1,2000,0,14,0,0,0,0,0,0,0,0
550670,1,1,2000,0,0,0,0,0,0,0,0,0,0
550670,2,1,2000,0,0,0,0,0,0,0,0,0,0
550671,1,1,2000,0,0,0,0,0,0,0,0,0,0
550671,2,1,2000,34,34,34,34,34,34,34,34,34,34
550671,3,1,2000,0,0,0,0,0,0,0,0,0,0
550672,1,1,2000,0,0,0,0,0,0,0,0,0,0
550672,2,1,2000,0,0,0,0,0,0,0,0,0,0
550673,1,1,2000,0,0,0,0,0,0,0,0,0,0
550673,2,1,2000,0,0,0,0,0,0,0,0,0,0
550674,1,1,2000,0,0,0,0,0,0,0,0,0,0
550674,2,1,2000,0,0,0,0,0,0,0,0,0,0
550675,1,1,2000,16,16,16,16,16,16,16,16,16,16
550675,2,1,2000,0,0,8,0,0,0,6,12,0,0
550675,3,1,2000,0,0,0,0,0,0,0,0,0,0
550676,1,1,2000,0,0,0,0,0,0,0,0,0,0
550676,2,1,2000,0,0,0,0,0,0,0,0,0,0
550677,1,1,2000,6,6,6,6,6,6,6,6,6,6
550677,2,1,2000,0,0,0,0,0,0,0,0,0,0
550678,0,1,2000,0,0,0,0,0,0,0,0,0,0
550678,1,1,2000,0,0,0,0,0,0,2,0,0,0
550679,1,1,2000,12,12,12,12,12,12,12,12,12,12
550679,2,1,2000,0,0,0,0,0,0,0,0,0,0
550680,1,1,2000,22,22,22,22,22,22,22,22,22,22
550680,2,1,2000,0,0,0,0,0,0,0,0,0,0
550681,0,1,2000,12,13,0,0,17,0,0,0,51,0
550681,1,1,2000,20,20,20,20,20,20,20,20,20,20
550682,1,1,2000,7,7,7,7,7,7,7,7,7,7
550683,1,1,2000,0,0,0,0,0,0,0,0,0,0
550683,2,1,2000,26,26,26,26,26,26,26,26,26,26
550684,1,1,2000,0,0,0,0,0,0,0,0,0,0
550684,2,1,2000,0,0,0,0,0,0,0,0,0,0
550685,1,1,2000,0,0,0,0,0,0,0,0,0,0
550685,2,1,2000,0,0,0,0,0,0,0,0,0,0
550686,1,1,2000,0,0,0,0,0,0,0,0,0,0
550686,2,1,2000,0,0,0,0,0,0,0,0,0,0
550687,1,1,2000,0,0,0,0,0,0,0,0,0,0
550688,1,1,2000,0,0,0,0,0,0,0,0,0,0
550688,2,1,2000,0,0,0,0,0,0,0,0,0,0
550689,1,1,2000,0,0,0,0,0,0,0,0,0,0
550689,2,1,2000,0,0,0,0,0,0,0,0,0,0
550690,1,1,2000,0,0,0,0,0,0,0,0,0,0
550690,2,1,2000,0,0,0,0,0,0,0,0,0,0
550691,1,1,2000,0,0,0,0,0,0,0,0,0,0
550691,2,1,2000,0,0,0,0,0,0,0,0,0,0
550692,1,1,2000,0,0,0,0,0,0,0,0,0,0
550692,2,1,2000,0,0,0,0,10,0,0,0,0,0
550693,1,1,2000,0,0,0,0,0,0,0,0,0,0
550693,2,1,2000,0,0,0,0,8,0,0,0,0,0
550694,1,1,2000,8,8,8,8,8,8,8,8,8,8
550694,2,1,2000,0,0,0,0,0,0,0,0,0,0
550695,1,1,2000,25,25,25,25,25,25,25,25,25,25
550695,2,1,2000,0,0,0,0,0,0,0,0,0,0
550696,1,1,2000,1,1,1,1,1,1,1,1,1,1
550696,2,1,2000,0,0,0,0,0,0,0,0,0,0
550697,0,1,2000,21,21,21,21,21,21,21,21,21,21
550697,1,1,2000,5,25,0,0,10,6,0,0,9,0
550698,1,1,2000,0,0,0,0,0,0,0,0,0,0
550698,2,1,2000,0,0,0,0,0,0,0,0,0,0
550699,1,1,2000,0,0,16,0,0,0,0,0,15,0
550699,2,1,2000,0,0,0,0,0,0,0,0,0,0
550700,1,1,2000,0,0,0,0,0,0,0,0,0,0
550700,2,1,2000,24,24,24,24,24,24,24,24,24,24
550701,1,1,2000,0,0,0,0,0,0,0,0,0,0
550701,2,1,2000,16,16,16,16,16,16,16,16,16,16
550702,1,1,2000,0,0,0,0,0,0,0,0,0,0
550703,1,1,2000,0,0,0,0,0,0,0,0,0,0
550703,2,1,2000,0,0,0,13,0,0,0,0,0,0
550704,0,1,2000,0,0,0,0,0,0,0,0,0,0
550704,1,1,2000,0,0,0,0,0,0,0,0,0,0
550704,2,1,2000,0,0,0,0,0,0,0,0,0,0
550705,1,1,2000,0,0,0,0,0,0,0,0,0,0
550705,2,1,2000,0,0,0,0,0,0,0,0,0,0
550706,1,1,2000,0,0,0,0,0,0,0,0,0,0
550706,2,1,2000,0,0,0,0,0,0,0,0,0,0
550706,3,1,2000,0,0,0,0,0,0,0,0,0,0
550707,1,1,2000,0,0,0,0,0,0,0,0,0,0
550707,2,1,2000,0,0,0,0,0,0,0,0,0,0
550708,1,1,2000,0,0,0,0,0,0,0,0,0,0
550708,2,1,2000,0,0,0,0,0,0,0,0,0,0
550709,1,1,2000,0,0,0,0,0,0,0,0,0,0
550710,1,1,2000,0,0,0,0,0,0,0,0,0,0
550710,2,1,2000,0,0,0,0,0,0,0,0,0,0
550711,1,1,2000,18,22,33,7,24,15,7,0,23,20
550712,1,1,2000,0,0,0,0,0,0,0,0,0,0
550712,2,1,2000,0,0,0,0,0,0,0,0,0,0
550713,1,1,2000,0,0,0,0,0,0,0,0,0,0
550713,2,1,2000,0,0,0,0,0,0,0,0,0,0
550713,3,1,2000,0,0,0,0,0,0,0,0,0,0
550714,1,1,2000,0,0,0,0,0,0,0,0,0,0
550714,2,1,2000,0,0,0,0,0,0,0,0,0,0
550715,1,1,2000,0,0,0,0,0,0,0,0,0,0
550716,1,1,2000,0,0,0,0,0,0,0,0,0,0
550716,2,1,2000,0,0,0,0,0,0,0,0,0,0
560001,1,1,2000,26,26,26,26,26,26,26,26,26,26
560002,1,1,2000,18,18,18,18,18,18,18,18,18,18
560003,1,1,2000,26,26,26,26,26,26,26,26,26,26
560004,1,1,2000,11,11,11,11,11,11,11,11,11,11
560005,0,1,2000,26,26,26,26,26,26,26,26,26,26
560005,1,1,2000,0,0,0,0,0,0,0,0,0,0
560006,1,1,2000,0,0,0,0,0,0,0,0,0,0
560007,1,1,2000,19,19,19,19,19,19,19,19,19,19
560008,1,1,2000,19,19,19,19,19,19,19,19,19,19
560009,1,1,2000,0,0,0,0,0,0,0,0,0,0
560010,1,1,2000,0,0,0,0,0,0,0,0,0,0
560010,2,1,2000,0,0,0,0,0,0,0,0,0,0
560011,1,1,2000,10,0,0,0,0,0,0,0,0,0
560012,1,1,2000,0,0,0,0,0,0,0,0,0,0
560012,2,1,2000,0,0,0,0,0,0,0,0,0,0
560013,1,1,2000,0,0,0,0,0,0,0,0,0,0
560013,2,1,2000,0,0,0,0,0,0,0,0,0,0
560014,1,1,2000,0,0,0,0,0,0,0,0,0,0
560014,2,1,2000,0,0,0,0,0,0,0,0,0,0
560015,1,1,2000,0,0,0,0,0,0,0,0,0,0
560016,1,1,2000,0,0,0,0,0,0,0,0,0,0
560016,2,1,2000,0,0,0,0,0,0,0,0,0,0
560017,1,1,2000,0,0,0,0,0,0,0,0,0,0
560017,2,1,2000,0,0,0,0,0,0,0,7,0,0
560018,1,1,2000,0,0,0,0,0,0,0,0,0,0
560019,1,1,2000,0,0,8,0,0,10,0,13,4,0
560019,2,1,2000,0,0,0,0,0,0,0,0,0,0
560019,3,1,2000,0,19,0,9,0,0,0,0,0,0
560020,1,1,2000,14,14,14,14,14,14,14,14,14,14
560020,2,1,2000,0,0,0,0,0,0,0,0,0,0
560021,1,1,2000,0,0,0,0,0,0,0,0,0,0
560022,1,1,2000,0,0,0,0,0,0,0,0,0,0
560022,2,1,2000,0,0,0,0,0,0,0,0,0,0
560023,1,1,2000,0,0,0,0,0,0,0,0,0,0
560024,1,1,2000,0,0,9,6,0,0,0,0,0,0
560025,1,1,2000,0,0,0,0,0,0,0,0,0,0
560025,2,1,2000,0,0,0,0,0,0,0,0,0,0
560025,3,1,2000,0,0,0,0,0,0,0,0,0,0
560026,0,1,2000,0,0,0,0,0,0,0,0,0,0
560026,1,1,2000,0,0,0,0,0,0,0,0,0,0
560027,1,1,2000,0,0,0,0,0,0,0,0,0,0
560028,1,1,2000,24,24,24,24,24,24,24,24,24,24
560029,1,1,2000,29,29,29,29,29,29,29,29,29,29
560030,1,1,2000,21,21,21,21,21,21,21,21,21,21
560031,1,1,2000,0,0,0,0,0,0,0,0,0,0
560032,1,1,2000,14,14,14,14,14,14,14,14,14,14
560032,2,1,2000,0,0,0,0,0,0,0,0,0,0
560033,1,1,2000,0,0,0,0,0,0,0,0,0,0
560034,1,1,2000,0,0,0,0,0,0,0,0,0,0
560035,1,1,2000,35,35,35,35,35,35,35,35,35,35
560035,2,1,2000,0,0,0,0,0,0,0,0,0,0
560036,1,1,2000,0,0,0,0,0,0,0,0,0,0
560037,1,1,2000,22,0,0,0,0,0,0,0,0,0
560037,2,1,2000,0,0,0,0,0,0,0,0,0,0
560037,3,1,2000,13,0,0,0,0,0,0,0,0,0
560037,4,1,2000,0,0,0,0,0,0,14,0,0,0
560037,5,1,2000,0,0,0,0,0,0,0,0,0,0
560038,1,1,2000,0,0,0,0,0,0,0,0,0,0
560039,1,1,2000,0,0,0,0,0,0,0,0,0,0
560040,1,1,2000,0,0,0,0,0,0,0,0,0,0
560040,2,1,2000,0,0,0,0,0,0,0,0,0,0
560041,1,1,2000,0,0,0,0,0,0,0,0,0,0
560041,2,1,2000,15,15,15,15,15,15,15,15,15,15
560042,1,1,2000,0,0,0,0,0,0,19,0,4,0
560043,1,1,2000,10,10,10,10,10,10,10,10,10,10
560044,1,1,2000,0,0,0,0,0,0,0,0,0,0
560045,0,1,2000,0,17,15,0,0,0,26,0,0,0
560045,0,2,2000,0,0,0,0,0,0,0,0,0,0
560045,1,1,2000,0,0,0,0,0,0,0,0,0,0
560046,1,1,2000,0,0,0,0,0,0,0,0,0,0
560047,1,1,2000,0,0,0,0,0,0,0,0,0,0
560048,1,1,2000,8,25,8,8,18,17,24,17,21,16
560048,2,1,2000,0,0,0,0,0,0,0,0,0,0
560049,1,1,2000,0,0,0,4,7,0,0,25,0,0
560049,2,1,2000,0,0,18,0,0,11,0,0,0,0
560050,1,1,2000,0,0,0,0,0,0,0,0,0,0
560050,2,1,2000,0,0,0,0,0,0,0,0,0,0
560051,1,1,2000,0,0,0,0,0,0,0,0,0,0
560051,2,1,2000,20,20,20,20,20,20,20,20,20,20
560052,1,3,2000,0,0,0,0,0,0,0,0,0,0
560053,1,1,2000,0,0,0,6,0,0,0,0,0,0
560054,1,1,2000,0,0,0,0,0,0,0,0,0,0
560054,2,1,2000,0,0,0,0,0,0,0,0,0,0
560055,0,1,2000,30,30,30,30,30,30,30,30,30,30
560055,1,1,2000,0,0,17,0,16,0,0,13,0,0
560056,1,1,2000,0,0,0,0,0,0,0,0,0,0
560056,2,1,2000,0,0,0,0,0,0,0,0,0,0
560056,3,1,2000,0,0,0,0,0,0,0,0,0,0
560057,1,1,2000,0,0,0,0,0,0,0,0,0,0
560058,1,1,2000,0,29,11,0,0,12,0,0,0,0
560059,1,1,2000,15,15,15,15,15,15,15,15,15,15
560060,1,1,2000,0,0,0,3,0,0,0,0,0,0
560061,1,1,2000,0,0,0,0,0,0,0,0,0,0
560062,1,1,2000,0,0,0,0,0,0,0,0,0,0
560063,1,1,2000,0,0,0,0,0,0,0,0,0,0
560064,1,1,2000,0,0,0,0,0,0,0,0,0,0
560065,1,1,2000,0,0,0,0,0,0,0,0,0,0
560066,1,1,2000,14,14,14,14,14,14,14,14,14,14
560067,1,1,2000,14,14,14,14,14,14,14,14,14,14
560068,1,5,2000,8,8,8,8,8,8,8,8,8,8
560069,1,1,2000,0,0,0,0,0,0,0,0,0,0
560070,1,1,2000,0,0,0,0,0,0,0,0,0,0
560071,1,1,2000,0,0,0,0,0,0,0,0,0,0
560071,2,1,2000,0,0,0,0,0,0,0,0,0,0
560072,1,1,2000,0,0,0,0,0,0,0,0,0,10
560073,1,1,2000,10,10,10,10,10,10,10,10,10,10
560074,1,1,2000,0,0,0,0,0,0,0,0,0,0
560074,2,1,2000,0,0,0,0,0,0,0,0,0,0
560075,1,1,2000,0,0,0,0,0,0,0,0,0,0
560076,1,1,2000,0,0,0,8,25,0,8,0,0,14
560077,1,1,2000,26,26,26,26,26,26,26,26,26,26
560078,1,1,2000,0,0,0,0,0,0,0,0,0,0
560079,0,1,2000,0,0,0,0,0,0,0,0,0,0
560079,1,1,2000,0,0,0,0,0,0,0,0,0,0
560080,1,1,2000,0,0,0,0,0,0,0,0,0,0
560080,2,1,2000,0,0,0,0,0,0,0,0,0,0
560081,1,1,2000,0,0,0,0,0,0,0,0,0,21
560082,1,1,2000,16,16,16,16,16,16,16,16,16,16
560083,1,1,2000,0,0,0,0,0,0,0,0,0,0
560084,1,1,2000,0,0,0,0,0,0,0,0,0,0
560085,1,1,2000,0,0,0,0,0,0,0,0,0,0
560086,1,1,2000,0,0,0,0,0,0,0,0,0,0
560087,1,1,2000,0,0,0,0,0,0,0,0,0,0
560088,1,1,2000,26,26,26,26,26,26,26,26,26,26
560089,1,1,2000,0,0,0,0,0,0,0,0,0,0
560090,0,1,2000,0,0,0,0,0,0,0,0,0,0
560090,1,1,2000,0,0,0,0,0,0,0,0,0,0
560091,1,1,2000,35,35,35,35,35,35,35,35,35,35
560092,0,1,2000,0,0,0,0,0,0,0,0,0,0
560092,1,1,2000,0,0,0,0,0,0,0,0,0,0
560093,1,1,2000,16,16,16,16,16,16,16,16,16,16
560094,1,1,2000,0,0,0,0,0,0,0,0,0,0
560095,1,1,2000,0,0,0,0,0,0,0,0,0,0
560096,1,1,2000,0,0,0,0,0,0,0,0,0,0
560097,1,1,2000,0,0,0,0,0,0,0,0,0,0
560097,2,1,2000,5,5,5,5,5,5,5,5,5,5
560098,1,1,2000,0,21,0,0,12,0,0,0,0,0
560099,1,1,2000,0,0,0,0,0,0,0,0,0,0
560100,1,1,2000,42,17,24,45,5,20,18,26,0,12
560101,1,1,2000,23,23,23,23,23,23,23,23,23,23
560102,1,1,2000,6,6,6,6,6,6,6,6,6,6
560103,1,1,2000,0,0,0,0,0,0,0,0,0,0
560104,1,1,2000,0,0,0,0,0,0,0,0,0,0
560105,1,1,2000,22,22,22,22,22,22,22,22,22,22
560105,2,1,2000,0,0,0,0,0,0,0,0,0,0
560106,0,1,2000,0,9,0,0,15,0,0,0,0,14
560106,0,2,2000,0,0,0,0,0,0,0,0,0,0
560106,0,3,2000,0,0,0,0,0,17,0,0,27,22
560106,0,4,2000,0,0,24,0,0,0,0,0,0,0
560106,0,5,2000,0,0,0,0,0,0,0,0,0,13
560106,1,1,2000,0,0,14,0,0,0,0,0,0,0
560107,0,1,2000,0,0,0,0,0,0,0,0,0,0
560107,1,1,2000,0,0,0,0,0,0,0,0,0,0
560108,0,1,2000,26,35,31,0,17,33,19,16,0,20
560108,1,1,2000,6,12,0,21,13,4,0,7,15,12
560109,0,1,2000,37,37,37,37,37,37,37,37,37,37
560109,1,1,2000,0,0,0,0,0,0,0,0,0,0
560110,1,1,2000,14,14,14,14,14,14,14,14,14,14
560111,1,1,2000,0,0,0,0,0,0,0,0,0,0
560111,2,1,2000,0,0,0,0,0,0,0,0,0,0
560111,3,1,2000,0,0,0,0,0,0,0,0,0,0
560112,1,1,2000,6,6,6,6,6,6,6,6,6,6
560113,1,1,2000,9,0,0,0,0,0,0,0,0,0
560114,1,1,2000,0,0,0,0,0,0,0,0,0,0
560115,1,1,2000,0,0,0,0,0,0,0,0,0,0
560116,1,1,2000,0,0,0,0,0,0,0,0,0,0
560116,2,1,2000,6,0,0,0,0,0,0,0,0,0
560117,1,1,2000,0,12,0,0,0,0,0,0,0,0
560117,2,1,2000,0,0,0,0,0,0,0,0,0,0
560118,1,1,2000,0,0,0,0,0,0,0,0,0,0
560119,1,1,2000,0,0,0,0,0,0,0,0,0,0
560119,2,1,2000,0,0,0,0,0,0,0,0,0,0
560120,1,1,2000,19,19,19,19,19,19,19,19,19,19
560121,1,1,2000,0,0,0,0,0,0,0,0,0,0
560122,1,1,2000,22,22,22,22,22,22,22,22,22,22
560123,1,1,2000,0,0,0,0,0,0,0,0,0,0
560123,2,1,2000,0,0,0,0,0,0,0,0,0,0
560123,3,1,2000,0,0,0,0,0,0,0,0,0,9
560124,1,1,2000,0,0,0,0,0,0,0,0,0,0
560124,2,1,2000,0,0,0,0,0,0,0,0,0,0
560125,1,1,2000,0,0,0,0,0,0,0,0,0,0
560126,1,1,2000,0,0,0,0,0,0,0,0,0,0
560126,2,1,2000,0,0,0,0,0,0,0,0,0,0
560127,0,1,2000,24,24,24,24,24,24,24,24,24,24
560127,1,1,2000,13,13,13,13,13,13,13,13,13,13
560128,1,1,2000,0,0,0,0,0,0,0,0,0,0
560129,1,1,2000,0,0,0,0,0,0,0,0,0,0
560129,2,1,2000,0,0,0,0,0,0,0,0,0,0
560130,1,1,2000,0,0,0,0,0,28,0,0,0,0
560131,1,1,2000,0,0,0,0,0,0,0,0,0,0
560131,2,1,2000,0,0,0,0,0,0,0,0,0,0
560132,0,1,2000,29,29,29,29,29,29,29,29,29,29
560132,1,1,2000,0,0,0,0,0,0,0,0,0,0