ST_CASE,VEH_NO,PER_NO,YEAR,P1,P2,P3,P4,P5,P6,P7,P8,P9,P10
60001,1,1,2000,6,6,6,6,6,6,6,6,6,6
60002,1,1,2000,20,20,20,20,20,20,20,20,20,20
60003,0,1,2000,26,26,26,26,26,26,26,26,26,26
60003,1,1,2000,0,0,0,0,10,0,0,0,0,0
60004,1,1,2000,0,0,0,0,0,0,0,0,0,0
60005,1,1,2000,20,20,20,20,20,20,20,20,20,20
60006,0,1,2000,0,0,0,0,0,0,0,0,0,0
60006,1,1,2000,0,0,0,0,0,0,0,0,0,0
60007,1,1,2000,0,0,0,0,0,0,0,0,0,0
60008,1,1,2000,34,34,34,34,34,34,34,34,34,34
60009,1,1,2000,4,4,4,4,4,4,4,4,4,4
60010,1,1,2000,0,0,0,0,0,0,0,0,0,0
60011,1,1,2000,2,2,2,2,2,2,2,2,2,2
60012,1,1,2000,0,0,0,0,0,0,0,0,0,0
60013,1,1,2000,0,0,0,0,0,0,0,0,0,0
60014,0,1,2000,7,7,7,7,7,7,7,7,7,7
60014,1,1,2000,0,0,0,0,0,0,0,0,0,25
60015,0,1,2000,14,14,14,14,14,14,14,14,14,14
60015,1,1,2000,0,0,0,0,0,0,0,0,0,0
60016,1,1,2000,0,0,0,0,0,0,0,0,0,0
60017,1,1,2000,17,17,17,17,17,17,17,17,17,17
60018,0,1,2000,0,0,0,0,0,0,0,0,0,0
60018,1,1,2000,0,0,0,0,0,0,0,0,19,0
60019,1,1,2000,30,30,30,30,30,30,30,30,30,30
60020,1,1,2000,0,0,0,0,0,0,0,0,0,0
60021,1,1,2000,39,39,39,39,39,39,39,39,39,39
60022,0,1,2000,25,25,25,25,25,25,25,25,25,25
60022,1,1,2000,0,0,0,0,0,0,0,0,0,0
60023,0,1,2000,0,0,0,0,0,0,0,0,0,0
60023,1,1,2000,0,0,0,0,0,0,0,0,0,0
60024,0,1,2000,0,0,0,0,0,0,0,0,0,0
60024,1,1,2000,0,0,0,0,0,0,0,0,0,0
60025,0,1,2000,36,36,36,36,36,36,36,36,36,36
60025,1,1,2000,0,0,0,0,0,0,0,0,0,0
60026,0,1,2000,0,0,0,0,0,0,0,0,0,0
60026,1,1,2000,0,0,0,0,0,0,0,0,0,0
60027,0,1,2000,16,16,16,16,16,16,16,16,16,16
60027,1,1,2000,0,0,12,0,0,17,23,12,0,0
60028,0,1,2000,45,45,45,45,45,45,45,45,45,45
60028,1,1,2000,0,0,0,0,0,0,0,0,0,0
60029,0,1,2000,0,0,0,0,0,0,0,0,0,0
60029,1,1,2000,0,0,0,0,0,0,0,0,0,0
60030,0,1,2000,0,0,0,0,0,0,0,0,0,0
60030,1,1,2000,12,12,12,12,12,12,12,12,12,12
60031,1,1,2000,0,0,0,0,0,0,0,0,0,0
60032,1,1,2000,0,0,0,0,0,0,0,0,0,0
60033,0,1,2000,0,0,0,0,0,0,0,0,0,0
60033,1,1,2000,17,5,0,0,0,0,0,6,0,0
60034,1,1,2000,20,20,20,20,20,20,20,20,20,20
60035,1,1,2000,11,11,11,11,11,11,11,11,11,11
60036,1,1,2000,17,17,17,17,17,17,17,17,17,17
60037,1,1,2000,0,0,0,0,0,0,0,0,0,0
60038,0,1,2000,0,0,0,0,0,0,0,0,0,0
60038,1,1,2000,0,0,0,0,0,0,0,0,20,0
60039,0,1,2000,0,0,0,0,0,0,0,0,0,0
60039,1,1,2000,0,0,0,0,0,0,0,0,0,0
60040,1,1,2000,0,20,8,0,15,0,0,17,15,17
60041,1,1,2000,0,0,0,0,0,0,0,0,0,0
60042,1,1,2000,0,0,0,0,0,0,0,0,0,0
60043,0,1,2000,0,0,0,0,0,0,0,0,0,0
60043,1,1,2000,0,0,0,0,0,0,0,0,0,0
60044,0,1,2000,0,0,0,0,0,0,0,0,0,0
60044,1,1,2000,0,0,0,0,0,0,0,0,0,0
60045,0,1,2000,0,0,0,0,0,0,0,0,0,0
60045,1,1,2000,0,0,0,0,0,0,0,0,0,0
60046,1,1,2000,29,29,29,29,29,29,29,29,29,29
60047,1,1,2000,0,0,0,0,0,0,0,0,0,0
60048,1,1,2000,30,30,30,30,30,30,30,30,30,30
60049,0,1,2000,0,0,0,0,0,0,0,0,0,0
60049,1,1,2000,0,0,0,0,0,0,0,0,0,0
60050,1,1,2000,0,0,0,0,0,0,0,0,0,0
60051,0,1,2000,0,0,0,0,0,0,0,0,0,0
60051,1,1,2000,0,0,0,0,0,0,0,0,0,0
60052,1,1,2000,15,15,15,15,15,15,15,15,15,15
60053,1,1,2000,12,12,12,12,12,12,12,12,12,12
60054,0,1,2000,0,0,0,0,0,0,0,0,0,0
60054,1,1,2000,17,17,17,17,17,17,17,17,17,17
60055,1,1,2000,0,0,0,0,0,0,0,0,0,0
60056,1,1,2000,0,0,0,0,0,0,0,0,0,0
60057,1,1,2000,5,5,5,5,5,5,5,5,5,5
60058,1,1,2000,18,18,18,18,18,18,18,18,18,18
60059,1,1,2000,11,11,11,11,11,11,11,11,11,11
60060,1,1,2000,0,0,0,0,0,0,0,0,0,0
60061,1,1,2000,0,0,0,0,0,0,0,0,0,0
60062,0,1,2000,24,24,24,24,24,24,24,24,24,24
60062,1,1,2000,0,0,0,0,0,0,0,0,0,0
60063,0,1,2000,21,21,21,21,21,21,21,21,21,21
60063,1,1,2000,0,0,0,0,0,0,0,0,0,0
60064,1,1,2000,0,0,0,0,0,0,0,0,0,0
60065,1,1,2000,7,7,7,7,7,7,7,7,7,7
60066,1,1,2000,0,0,0,0,15,0,0,8,0,0
60067,1,1,2000,3,3,3,3,3,3,3,3,3,3
60068,1,1,2000,0,0,0,0,0,0,0,0,0,0
60069,1,1,2000,0,0,0,0,0,0,0,0,0,0
60070,1,1,2000,0,0,0,0,0,0,0,0,0,0
60071,1,1,2000,0,0,0,0,0,0,0,0,0,0
60072,1,1,2000,25,25,25,25,25,25,25,25,25,25
60073,1,1,2000,2,2,2,2,2,2,2,2,2,2
60074,1,1,2000,0,0,0,0,0,0,0,0,0,0
60075,1,1,2000,0,0,0,0,0,0,0,0,0,0
60076,1,1,2000,0,0,0,0,0,0,0,0,0,0
60077,0,1,2000,0,0,0,0,0,0,0,0,0,0
60077,1,1,2000,0,0,0,0,0,0,0,0,0,0
60078,1,1,2000,0,0,0,0,0,0,0,0,0,0
60079,0,1,2000,0,0,0,0,0,0,0,0,0,0
60079,1,1,2000,0,0,0,0,0,0,0,0,0,0
60080,0,1,2000,26,26,26,26,26,26,26,26,26,26
60080,1,1,2000,0,0,0,0,0,0,0,0,0,0
60081,1,1,2000,24,24,24,24,24,24,24,24,24,24
60082,1,1,2000,2,2,2,2,2,2,2,2,2,2
60083,0,1,2000,30,30,30,30,30,30,30,30,30,30
60083,1,1,2000,6,0,0,0,0,0,0,0,0,0
60084,0,1,2000,0,0,0,0,0,0,0,0,0,0
60084,1,1,2000,0,0,0,0,0,0,0,0,0,0
60085,1,1,2000,0,0,0,0,0,0,0,0,0,0
60086,0,1,2000,0,0,0,0,0,0,0,0,0,0
60086,1,1,2000,0,0,0,0,0,0,0,0,0,0
60087,0,1,2000,31,31,31,31,31,31,31,31,31,31
60087,1,1,2000,0,0,0,0,0,0,0,16,0,0
60088,1,1,2000,0,0,0,0,0,0,0,0,0,0
60089,1,1,2000,14,14,14,14,14,14,14,14,14,14
60090,1,1,2000,0,0,0,0,0,0,0,0,0,0
60091,0,1,2000,0,0,0,0,0,0,0,0,0,0
60091,1,1,2000,0,9,0,0,0,0,0,0,0,0
60092,0,1,2000,0,0,0,0,0,0,0,0,0,0
60092,1,1,2000,0,0,0,0,0,0,0,0,0,0
60093,1,1,2000,16,16,16,16,16,16,16,16,16,16
60094,0,1,2000,0,0,0,0,0,0,0,0,0,0
60094,1,1,2000,0,0,0,0,0,0,0,0,18,0
60095,1,1,2000,9,9,9,9,9,9,9,9,9,9
60096,0,1,2000,7,7,7,7,7,7,7,7,7,7
60096,1,1,2000,0,0,0,0,0,0,0,0,0,0
60097,1,1,2000,0,0,0,0,0,0,0,0,0,0
60098,1,1,2000,0,0,0,0,0,0,0,0,0,0
60099,0,1,2000,0,0,0,0,0,0,0,0,0,0
60099,1,1,2000,0,0,0,0,0,0,0,9,0,0
60100,1,1,2000,0,0,0,0,0,0,0,13,0,0
60101,1,1,2000,22,22,22,22,22,22,22,22,22,22
60102,1,1,2000,0,0,0,0,0,0,0,0,0,0
60103,1,1,2000,0,0,0,0,0,0,0,0,0,0
60104,1,1,2000,13,13,13,13,13,13,13,13,13,13
60105,1,1,2000,23,23,23,23,23,23,23,23,23,23
60106,1,1,2000,0,0,0,0,0,0,0,0,0,0
60107,1,1,2000,0,0,0,0,0,0,0,0,0,0
60108,1,1,2000,0,0,0,0,0,0,0,0,0,0
60109,1,1,2000,25,25,25,25,25,25,25,25,25,25
60110,0,1,2000,0,0,0,0,0,0,0,0,0,0
60110,1,1,2000,0,0,0,0,0,0,0,0,0,0
60111,1,1,2000,0,0,0,0,0,0,0,0,0,0
60112,1,1,2000,1,1,1,1,1,1,1,1,1,1
60113,1,1,2000,0,0,0,0,16,6,0,0,0,0
60114,1,1,2000,11,11,11,11,11,11,11,11,11,11
60115,1,1,2000,21,21,21,21,21,21,21,21,21,21
60116,1,1,2000,0,0,0,0,0,0,0,0,0,0
60117,1,1,2000,8,8,8,8,8,8,8,8,8,8
60118,1,1,2000,0,0,0,0,0,0,0,0,0,0
60119,1,1,2000,0,0,0,0,0,0,21,0,0,0
60120,1,1,2000,0,0,0,0,0,5,0,12,0,0
60121,1,1,2000,0,0,0,0,0,0,0,0,0,0
60121,2,1,2000,0,0,0,0,0,0,0,0,0,0
60122,0,1,2000,0,0,0,0,0,0,0,0,0,0
60122,1,1,2000,0,0,0,0,0,0,0,0,0,0
60123,0,1,2000,0,0,0,0,0,0,0,0,0,0
60123,1,1,2000,0,0,0,0,0,0,0,0,0,0
60124,0,1,2000,0,0,0,0,0,0,0,0,0,0
60124,1,1,2000,0,0,0,0,0,0,0,0,0,0
60125,1,1,2000,9,9,9,9,9,9,9,9,9,9
60126,1,1,2000,18,18,18,18,18,18,18,18,18,18
60127,1,1,2000,12,12,12,12,12,12,12,12,12,12
60128,1,1,2000,33,24,11,8,10,3,8,28,23,21
60129,1,1,2000,0,0,0,0,0,0,0,0,0,0
60130,1,1,2000,0,0,0,0,0,0,0,0,0,0
60131,1,1,2000,0,0,9,11,0,0,0,0,0,0
60132,1,1,2000,22,22,22,22,22,22,22,22,22,22
60133,1,1,2000,0,0,0,0,0,0,0,0,0,0
60134,0,1,2000,0,0,0,0,0,0,0,0,0,0
60134,1,1,2000,0,0,0,0,0,0,0,0,0,0
60135,0,1,2000,0,0,0,0,0,0,0,0,0,0
60135,1,1,2000,0,0,0,0,0,0,0,0,0,0
60136,0,1,2000,19,19,19,19,19,19,19,19,19,19
60136,1,1,2000,0,0,0,0,0,0,0,0,0,0
60137,0,1,2000,0,12,0,0,0,25,0,0,0,20
60137,1,1,2000,0,0,0,0,0,0,0,0,0,0
60138,1,1,2000,0,0,0,0,0,0,0,0,0,0
60139,1,1,2000,0,0,0,0,0,0,0,16,0,0
60140,1,1,2000,0,0,0,0,9,6,0,13,18,25
60141,1,1,2000,0,0,0,0,0,0,0,0,0,0
60142,1,1,2000,0,0,0,0,0,0,0,0,0,0
60143,1,1,2000,0,0,0,0,0,0,0,0,0,0
60144,1,1,2000,0,0,0,0,0,0,0,0,0,0
60145,0,1,2000,30,30,30,30,30,30,30,30,30,30
60145,1,1,2000,0,0,0,0,8,0,0,0,7,0
60146,0,1,2000,0,0,0,0,0,0,0,0,0,0
60146,1,1,2000,0,0,0,0,0,0,0,0,0,0
60147,1,1,2000,21,21,21,21,21,21,21,21,21,21
60148,0,1,2000,0,0,0,0,0,0,0,0,0,0
60148,1,1,2000,0,0,0,0,0,0,0,0,0,0
60149,1,1,2000,0,0,0,0,0,0,0,0,0,0
60150,1,1,2000,33,33,33,33,33,33,33,33,33,33
60151,0,1,2000,0,0,0,0,0,0,0,0,0,0
60151,1,1,2000,24,0,15,0,15,0,13,0,0,24
60152,0,1,2000,0,0,0,0,0,0,0,0,0,0
60152,1,1,2000,0,0,21,0,0,0,0,0,0,0
60153,1,1,2000,13,13,13,13,13,13,13,13,13,13
60154,1,1,2000,0,0,0,0,0,0,0,0,0,0
60155,1,1,2000,0,0,0,0,0,0,0,0,0,0
60156,0,1,2000,26,26,26,26,26,26,26,26,26,26
60156,1,1,2000,0,0,0,0,0,0,0,0,0,0
60157,1,1,2000,12,12,12,12,12,12,12,12,12,12
60158,1,1,2000,0,0,0,0,0,0,0,0,0,0
60159,1,1,2000,0,0,0,0,0,0,0,0,0,0
60160,1,1,2000,7,7,7,7,7,7,7,7,7,7
60161,0,1,2000,0,0,0,0,0,0,0,0,0,0
60161,1,1,2000,0,0,0,0,0,0,0,0,0,0
60162,0,1,2000,14,14,14,14,14,14,14,14,14,14
60162,1,1,2000,3,3,3,3,3,3,3,3,3,3
60163,1,1,2000,0,0,0,0,0,0,0,0,0,0
60164,1,1,2000,20,20,20,20,20,20,20,20,20,20
60165,1,1,2000,0,0,0,0,0,0,0,0,0,0
60166,1,1,2000,18,18,18,18,18,18,18,18,18,18
60167,1,1,2000,28,28,28,28,28,28,28,28,28,28
60168,1,1,2000,21,21,21,21,21,21,21,21,21,21
60168,2,1,2000,0,0,0,0,0,0,0,0,0,0
60169,0,1,2000,0,0,0,0,0,0,0,0,0,0
60169,1,1,2000,0,0,0,0,0,0,0,0,0,0
60170,1,1,2000,22,22,22,22,22,22,22,22,22,22
60171,1,1,2000,0,0,0,0,10,0,9,20,0,22
60172,1,1,2000,0,0,0,0,0,0,0,0,0,0
60173,1,1,2000,0,0,0,0,0,0,0,0,0,0
60174,0,1,2000,0,0,0,0,0,0,0,0,0,0
60174,1,1,2000,0,0,0,0,0,33,0,0,0,0
60175,1,1,2000,8,8,8,8,8,8,8,8,8,8
60176,0,1,2000,18,18,18,18,18,18,18,18,18,18
60176,1,1,2000,0,0,0,0,0,0,0,0,0,0
60177,0,1,2000,0,0,0,0,0,0,0,0,0,0
60177,1,1,2000,0,0,0,0,0,0,0,0,0,24
60178,0,1,2000,0,0,0,0,0,0,0,0,0,0
60178,1,1,2000,0,0,0,0,0,0,0,0,0,0
60179,0,1,2000,0,0,0,0,0,0,0,0,0,0
60179,1,1,2000,0,0,0,0,0,5,0,0,7,0
60180,0,1,2000,21,21,21,21,21,21,21,21,21,21
60180,1,1,2000,0,0,0,0,0,0,0,0,0,0
60181,0,1,2000,0,0,0,0,0,0,0,0,0,0
60181,1,1,2000,0,0,0,0,0,0,0,0,0,0
60182,1,1,2000,0,0,0,0,0,0,0,0,0,0
60183,1,1,2000,0,0,0,0,0,0,0,0,0,0
60184,0,1,2000,29,29,29,29,29,29,29,29,29,29
60184,1,1,2000,0,0,0,0,0,0,0,33,27,0
60185,1,1,2000,8,8,8,8,8,8,8,8,8,8
60186,1,1,2000,15,15,15,15,15,15,15,15,15,15
60187,1,1,2000,0,0,0,0,0,0,0,0,0,0
60187,2,1,2000,0,0,0,8,0,0,0,0,0,0
60188,1,1,2000,0,0,0,0,0,0,0,0,0,0
60188,2,1,2000,0,0,0,0,0,0,0,0,0,0
60189,1,1,2000,0,0,0,0,0,0,0,0,0,0
60189,2,1,2000,0,0,0,0,0,0,0,0,0,0
60190,1,1,2000,16,0,0,0,0,0,0,0,0,0
60190,2,1,2000,0,0,0,0,0,0,0,0,0,0
60191,1,1,2000,0,0,0,0,0,0,0,0,0,0
60191,2,1,2000,0,0,0,0,0,0,0,0,0,0
60192,1,1,2000,0,18,0,10,21,24,30,0,0,9
60192,2,1,2000,0,0,0,0,0,0,0,0,0,0
60193,1,1,2000,29,29,29,29,29,29,29,29,29,29
60194,1,1,2000,0,0,0,0,0,0,0,0,0,0
60195,0,1,2000,14,14,14,14,14,14,14,14,14,14
60195,1,1,2000,0,0,0,7,0,0,0,0,17,0
60196,1,1,2000,0,0,0,0,0,0,0,9,0,0
60196,2,1,2000,0,0,0,0,0,0,0,0,0,0
60197,1,1,2000,0,0,0,0,0,0,0,0,0,0
60197,2,1,2000,0,0,0,0,0,0,0,0,0,0
60198,1,1,2000,0,0,0,0,0,0,0,0,0,0
60198,2,1,2000,0,0,0,0,0,0,0,0,0,0
60199,1,1,2000,0,0,0,0,0,0,0,0,0,0
60199,2,1,2000,0,0,0,0,0,0,0,0,0,0
60200,1,1,2000,26,26,26,26,26,26,26,26,26,26
60200,2,1,2000,0,0,0,0,0,14,0,0,0,0
60201,1,1,2000,0,0,0,0,0,0,0,0,0,0
60201,2,1,2000,0,0,0,0,0,0,0,0,0,0
60202,0,1,2000,0,0,0,0,0,0,0,0,0,0
60202,1,1,2000,0,0,0,0,0,0,0,0,0,0
60203,0,1,2000,0,0,0,0,0,0,0,0,0,0
60203,1,1,2000,0,0,0,0,0,0,0,0,0,0
60204,0,1,2000,45,45,45,45,45,45,45,45,45,45
60204,1,1,2000,0,0,0,0,0,0,0,0,0,0
60205,0,1,2000,0,0,0,0,0,0,0,0,0,0
60205,1,1,2000,0,0,0,0,0,0,0,0,0,0
60206,1,1,2000,0,0,0,0,0,0,0,0,0,0
60207,0,1,2000,38,38,38,38,38,38,38,38,38,38
60207,1,1,2000,0,0,8,0,0,0,0,0,0,0
60208,1,1,2000,18,18,18,18,18,18,18,18,18,18
60209,1,1,2000,0,0,0,0,0,0,0,0,0,0
60210,0,1,2000,26,26,26,26,26,26,26,26,26,26
60210,1,1,2000,0,0,0,0,0,0,0,0,0,0
60211,1,1,2000,0,0,0,0,0,0,0,0,0,0
60212,1,1,2000,0,0,0,12,17,0,0,0,0,0
60213,1,1,2000,24,24,24,24,24,24,24,24,24,24
60214,1,1,2000,0,0,0,0,0,0,0,0,0,0
60215,1,1,2000,0,0,0,0,0,0,0,0,0,0
60215,2,1,2000,0,0,5,0,0,0,14,7,0,0
60215,3,1,2000,0,0,0,0,0,0,0,16,0,0
60216,0,1,2000,19,19,19,19,19,19,19,19,19,19
60216,1,1,2000,0,0,0,0,0,0,0,0,0,0
60217,1,1,2000,0,0,0,0,0,0,0,0,0,0
60217,2,1,2000,0,0,0,0,0,0,0,0,0,0
60217,3,1,2000,0,0,0,0,0,0,0,0,0,0
60218,1,1,2000,26,26,26,26,26,26,26,26,26,26
60218,2,1,2000,0,0,0,0,0,0,0,0,5,0
60218,3,1,2000,0,0,31,0,0,0,0,0,0,10
60219,1,1,2000,24,24,24,24,24,24,24,24,24,24
60220,0,1,2000,0,0,0,0,0,0,0,0,0,0
60220,1,1,2000,0,0,0,0,0,0,0,0,0,0
60221,1,1,2000,17,17,17,17,17,17,17,17,17,17
60222,0,1,2000,0,0,0,0,0,0,0,0,0,0
60222,1,1,2000,0,0,0,0,0,0,0,0,0,0
60223,0,1,2000,0,0,0,0,0,0,0,0,0,0
60223,1,1,2000,0,0,0,0,0,0,0,0,0,0
60224,0,1,2000,0,0,0,0,0,0,0,0,0,0
60224,1,1,2000,0,0,0,0,0,0,0,0,0,0
60225,0,1,2000,21,21,21,21,21,21,21,21,21,21
60225,1,1,2000,0,0,0,0,0,0,0,0,0,0
60226,0,1,2000,0,0,0,0,0,0,0,0,0,0
60226,1,1,2000,0,0,0,0,0,0,0,0,0,0
60227,1,1,2000,6,6,6,6,6,6,6,6,6,6
60228,0,1,2000,30,30,30,30,30,30,30,30,30,30
60228,1,1,2000,0,0,0,0,0,0,0,0,0,0
60229,0,1,2000,11,11,11,11,11,11,11,11,11,11
60229,1,1,2000,0,0,0,0,0,0,0,0,0,0
60230,0,1,2000,0,0,0,0,0,0,0,0,0,0
60230,1,1,2000,0,0,0,0,0,0,0,0,0,0
60231,1,1,2000,0,0,0,0,0,0,0,0,0,0
60231,2,1,2000,0,0,0,0,0,0,0,0,0,0
60232,1,1,2000,0,0,0,0,0,0,0,0,0,0
60232,2,1,2000,0,0,0,0,0,0,0,0,0,0
60233,1,1,2000,0,0,0,0,0,0,0,0,13,0
60233,2,1,2000,0,0,0,0,0,0,0,0,0,0
60234,1,1,2000,16,16,16,16,16,16,16,16,16,16
60235,1,1,2000,21,21,21,21,21,21,21,21,21,21
60236,1,1,2000,0,0,0,0,0,0,0,0,0,0
60236,2,1,2000,0,0,0,4,0,0,0,0,0,0
60237,1,1,2000,0,0,0,0,0,0,0,0,0,0
60238,1,1,2000,0,0,0,0,0,0,0,0,0,0
60238,2,1,2000,0,0,0,0,0,0,0,0,0,0
60239,0,1,2000,0,0,0,0,0,0,0,0,0,0
60239,1,1,2000,0,0,0,0,0,10,0,0,0,0
60240,1,1,2000,0,0,0,0,0,0,0,0,0,0
60241,1,1,2000,0,0,0,0,0,0,8,0,0,0
60242,1,1,2000,24,24,24,24,24,24,24,24,24,24
60243,0,1,2000,17,19,9,6,33,17,29,0,8,0
60243,1,1,2000,0,0,0,0,0,0,0,0,0,0
60244,1,1,2000,0,0,0,0,0,0,0,0,0,0
60245,0,1,2000,0,0,0,0,0,0,0,0,0,0
60245,1,1,2000,0,0,0,0,0,0,0,0,0,0
60246,1,1,2000,12,12,12,12,12,12,12,12,12,12
60247,1,1,2000,0,0,0,0,0,0,0,0,0,0
60247,2,1,2000,0,0,0,0,0,0,0,0,0,0
60248,1,1,2000,0,0,0,0,0,0,0,0,0,0
60249,1,1,2000,0,0,0,0,0,0,0,0,0,0
60249,2,1,2000,0,0,0,0,0,0,0,0,0,0
60249,3,1,2000,0,0,0,0,0,0,0,0,0,0
60249,4,1,2000,0,0,0,0,0,0,0,0,0,0
60250,1,1,2000,0,0,0,0,18,7,0,6,0,18
60250,2,1,2000,0,0,0,0,0,0,0,0,0,0
60250,3,1,2000,0,0,0,0,0,0,0,0,0,0
60250,4,1,2000,0,0,0,0,0,0,0,0,0,0
60251,0,1,2000,0,0,0,0,0,0,0,0,0,0
60251,1,1,2000,32,32,32,32,32,32,32,32,32,32
60252,1,1,2000,0,0,0,0,0,0,0,0,0,0
60252,2,1,2000,0,0,0,0,0,0,0,0,19,0
60253,1,1,2000,0,0,0,0,0,0,0,0,0,0
60253,2,1,2000,0,0,0,0,0,0,0,0,0,0
60254,1,1,2000,17,17,17,17,17,17,17,17,17,17
60255,1,1,2000,0,0,0,0,0,0,0,0,0,0
60255,2,1,2000,0,0,0,14,0,0,0,0,0,0
60255,3,1,2000,6,0,0,0,0,0,7,0,0,0
60256,1,1,2000,0,0,0,0,0,0,0,0,0,0
60257,0,1,2000,13,13,13,13,13,13,13,13,13,13
60257,1,1,2000,16,0,0,0,0,0,0,0,18,0
60258,0,1,2000,0,0,0,0,0,0,0,0,0,0
60258,1,1,2000,0,0,0,0,0,0,0,0,0,0
60259,0,1,2000,0,0,0,0,0,0,0,0,0,0
60259,1,1,2000,0,0,0,0,0,0,0,0,0,0
60260,1,1,2000,0,0,0,0,0,0,0,0,0,0
60261,1,1,2000,19,19,19,19,19,19,19,19,19,19
60262,0,1,2000,0,0,0,0,0,0,0,0,0,0
60262,1,1,2000,25,0,9,0,16,0,8,15,0,24
60263,0,1,2000,0,0,0,0,0,0,0,0,0,0
60263,1,1,2000,8,8,8,8,8,8,8,8,8,8
60264,1,1,2000,0,0,0,0,0,0,0,0,0,0
60265,0,1,2000,16,16,16,16,16,16,16,16,16,16
60265,1,1,2000,0,0,0,0,0,0,0,0,0,0
60266,1,1,2000,0,0,0,0,0,0,0,0,0,0
60267,1,1,2000,9,9,9,9,9,9,9,9,9,9
60268,1,1,2000,23,23,23,23,23,23,23,23,23,23
60269,0,1,2000,0,0,0,0,0,0,0,0,0,0
60269,1,1,2000,0,0,0,0,0,0,0,0,0,0
60270,1,1,2000,0,6,0,0,22,0,0,0,0,0
60271,1,1,2000,0,0,0,0,0,0,0,0,0,0
60272,1,1,2000,0,0,0,0,0,0,0,0,0,0
60273,1,1,2000,8,8,8,8,8,8,8,8,8,8
60274,0,1,2000,0,0,0,0,0,0,0,0,0,0
60274,1,1,2000,0,0,0,0,0,0,0,0,0,0
60275,1,1,2000,16,16,16,16,16,16,16,16,16,16
60276,1,1,2000,0,0,0,0,0,0,0,0,0,0
60277,0,1,2000,14,14,14,14,14,14,14,14,14,14
60277,1,1,2000,0,0,0,0,0,0,0,0,0,0
60278,1,1,2000,16,16,16,16,16,16,16,16,16,16
60279,1,1,2000,0,0,0,0,0,0,0,0,0,0
60280,1,1,2000,18,18,18,18,18,18,18,18,18,18
60281,1,1,2000,0,0,0,0,0,0,0,0,0,0
60282,1,1,2000,0,0,0,0,0,0,0,0,0,0
60283,1,1,2000,23,23,23,23,23,23,23,23,23,23
60285,1,1,2000,0,0,0,0,0,0,0,0,0,0
60286,1,1,2000,16,16,16,16,16,16,16,16,16,16
60287,1,1,2000,19,19,19,19,19,19,19,19,19,19
60288,1,1,2000,16,16,16,16,16,16,16,16,16,16
60289,1,1,2000,13,13,13,13,13,13,13,13,13,13
60290,0,1,2000,0,0,0,0,0,0,0,0,0,0
60290,1,1,2000,7,0,0,5,15,0,0,0,0,0
60291,1,1,2000,0,0,0,0,0,0,0,0,0,0
60292,1,1,2000,0,0,0,0,0,0,0,0,0,0
60293,0,1,2000,0,0,15,0,0,0,0,13,0,21
60293,1,1,2000,0,0,0,0,0,0,0,0,0,0
60294,0,1,2000,0,0,0,0,0,0,0,0,0,0
60294,1,1,2000,0,0,0,0,0,0,0,0,0,0
60295,1,1,2000,21,21,21,21,21,21,21,21,21,21
60296,0,1,2000,0,0,0,0,0,0,0,0,0,0
60296,1,1,2000,0,0,0,0,0,0,0,0,0,0
60297,1,1,2000,41,41,41,41,41,41,41,41,41,41
60298,0,1,2000,0,0,0,0,0,0,0,0,0,0
60298,1,1,2000,0,0,0,0,0,0,0,0,0,0
60299,0,1,2000,0,0,0,0,0,0,0,0,0,0
60299,1,1,2000,0,0,0,0,0,0,0,0,0,0
60300,0,1,2000,17,17,17,17,17,17,17,17,17,17
60300,1,1,2000,0,0,0,0,0,0,0,0,0,0
60301,0,1,2000,19,19,19,19,19,19,19,19,19,19
60301,1,1,2000,0,0,0,0,0,0,0,0,0,0
60302,1,1,2000,0,0,0,0,0,0,0,0,0,0
60303,0,1,2000,0,0,0,0,0,0,0,0,0,0
60303,1,1,2000,0,0,0,0,0,0,0,0,0,0
60304,1,1,2000,18,18,18,18,18,18,18,18,18,18
60305,1,1,2000,26,26,26,26,26,26,26,26,26,26
60306,1,1,2000,0,0,0,0,0,0,0,0,0,0
60307,1,1,2000,0,0,0,0,0,0,0,0,0,0
60308,1,1,2000,20,20,20,20,20,20,20,20,20,20
60309,1,1,2000,0,32,0,0,33,0,0,0,0,0
60310,0,1,2000,0,0,0,0,0,0,0,0,0,0
60310,1,1,2000,0,0,0,0,0,0,0,0,0,0
60311,1,1,2000,16,16,16,16,16,16,16,16,16,16
60312,1,1,2000,0,0,0,0,0,0,0,0,0,0
60313,0,1,2000,0,0,0,0,36,0,0,0,0,0