ST_CASE,VEH_NO,PER_NO,YEAR,P1,P2,P3,P4,P5,P6,P7,P8,P9,P10
60313,1,1,2000,0,0,0,0,0,0,0,0,0,0
60314,0,1,2000,3,3,3,3,3,3,3,3,3,3
60314,1,1,2000,0,0,6,0,0,0,3,3,23,11
60315,1,1,2000,19,19,19,19,19,19,19,19,19,19
60316,0,1,2000,0,0,0,0,0,0,0,0,0,0
60316,1,1,2000,0,0,0,0,12,0,0,0,0,0
60317,0,1,2000,0,0,0,0,0,0,0,0,0,0
60317,1,1,2000,0,0,0,0,0,0,0,0,0,0
60318,1,1,2000,7,7,7,7,7,7,7,7,7,7
60319,1,1,2000,0,0,0,0,0,0,0,0,0,0
60320,1,1,2000,13,13,13,13,13,13,13,13,13,13
60321,1,1,2000,0,0,0,0,0,0,10,0,0,0
60322,0,1,2000,20,20,20,20,20,20,20,20,20,20
60322,1,1,2000,0,0,0,0,0,0,0,0,0,0
60323,1,1,2000,0,0,0,0,0,0,0,0,0,0
60324,1,1,2000,0,0,0,0,0,0,0,0,0,0
60325,1,1,2000,12,12,12,12,12,12,12,12,12,12
60326,1,1,2000,7,7,7,7,7,7,7,7,7,7
60327,1,1,2000,0,0,0,0,0,0,0,0,0,0
60328,1,1,2000,0,0,0,0,0,0,0,0,0,0
60329,0,1,2000,0,0,0,0,0,0,0,0,0,0
60329,1,1,2000,0,0,0,0,0,0,0,0,0,0
60330,0,1,2000,0,0,0,0,0,0,0,0,0,0
60330,1,1,2000,0,0,0,0,0,0,14,24,0,0
60331,1,1,2000,0,0,0,0,0,0,0,0,0,0
60332,1,1,2000,0,0,0,0,0,0,0,0,0,0
60333,1,1,2000,17,17,17,17,17,17,17,17,17,17
60334,1,1,2000,0,0,0,0,0,0,0,0,0,0
60335,1,1,2000,0,0,0,0,0,0,0,0,0,0
60335,2,1,2000,0,0,0,0,0,0,0,0,0,4
60335,3,1,2000,0,0,0,0,0,0,0,0,0,0
60336,1,1,2000,33,33,33,33,33,33,33,33,33,33
60337,1,1,2000,0,15,0,0,0,0,0,0,0,0
60337,2,1,2000,0,0,0,0,0,0,0,0,0,0
60338,1,1,2000,0,0,0,0,0,0,0,0,16,0
60339,1,1,2000,0,0,0,9,0,0,0,0,0,0
60340,0,1,2000,11,11,11,11,11,11,11,11,11,11
60340,1,1,2000,0,0,0,0,0,0,0,0,0,0
60341,0,1,2000,30,30,30,30,30,30,30,30,30,30
60341,1,1,2000,0,0,0,0,0,0,0,0,0,0
60342,1,1,2000,27,27,27,27,27,27,27,27,27,27
60343,1,1,2000,0,0,0,0,0,0,0,0,0,0
60344,1,1,2000,14,14,14,14,14,14,14,14,14,14
60345,1,1,2000,0,0,0,0,0,0,0,0,0,0
60346,0,1,2000,0,0,0,0,0,0,0,0,0,0
60346,1,1,2000,0,0,0,0,21,0,0,15,35,0
60347,1,1,2000,0,0,0,0,0,0,0,0,0,0
60348,1,1,2000,0,0,0,0,0,0,0,0,0,0
60349,1,1,2000,9,9,9,9,9,9,9,9,9,9
60350,1,1,2000,31,31,31,31,31,31,31,31,31,31
60351,1,1,2000,22,22,22,22,22,22,22,22,22,22
60352,1,1,2000,5,5,5,5,5,5,5,5,5,5
60353,0,1,2000,0,15,0,0,0,0,0,0,0,0
60353,1,1,2000,0,0,0,0,0,0,0,0,0,0
60354,0,1,2000,0,0,0,0,0,0,0,0,0,0
60354,1,1,2000,0,0,0,0,0,0,0,0,0,0
60355,1,1,2000,23,23,23,23,23,23,23,23,23,23
60356,1,1,2000,0,0,0,0,0,0,0,0,0,0
60357,1,1,2000,0,0,0,0,0,0,0,0,0,0
60358,0,1,2000,18,18,18,18,18,18,18,18,18,18
60358,1,1,2000,0,0,0,0,0,0,0,0,0,0
60359,1,1,2000,1,1,1,1,1,1,1,1,1,1
60360,1,1,2000,0,0,0,0,0,0,0,0,0,0
60361,1,1,2000,0,0,0,0,0,0,0,0,0,0
60362,0,1,2000,0,0,0,19,0,0,0,0,0,0
60362,1,1,2000,0,0,0,0,0,0,0,0,0,0
60363,1,1,2000,0,0,0,0,18,0,0,0,15,0
60364,0,1,2000,0,0,0,0,0,0,0,0,0,0
60364,1,1,2000,0,0,0,0,18,0,0,0,0,0
60365,1,1,2000,6,6,6,6,6,6,6,6,6,6
60366,1,1,2000,0,0,0,0,0,0,0,0,0,0
60367,1,1,2000,11,11,11,11,11,11,11,11,11,11
60368,1,1,2000,0,0,0,0,0,0,0,0,0,0
60369,0,1,2000,0,11,0,0,0,0,0,0,22,11
60369,1,1,2000,0,0,0,0,0,0,0,0,0,0
60370,0,1,2000,0,0,0,0,0,0,0,0,0,0
60370,1,1,2000,0,12,0,0,0,0,0,0,0,0
60371,1,1,2000,18,8,28,23,14,9,10,12,19,6
60372,1,1,2000,21,21,21,21,21,21,21,21,21,21
60373,1,1,2000,16,0,13,0,0,26,0,0,0,0
60374,1,1,2000,15,15,15,15,15,15,15,15,15,15
60375,1,1,2000,0,0,0,0,0,0,0,0,0,0
60376,1,1,2000,25,25,25,25,25,25,25,25,25,25
60377,0,1,2000,0,0,0,0,0,0,0,0,0,0
60377,1,1,2000,0,0,0,0,12,0,0,0,0,0
60378,1,1,2000,25,25,25,25,25,25,25,25,25,25
60379,0,1,2000,0,0,0,0,0,0,0,0,0,0
60379,1,1,2000,0,20,13,0,9,32,8,16,22,6
60380,1,1,2000,20,20,20,20,20,20,20,20,20,20
60381,0,1,2000,22,22,22,22,22,22,22,22,22,22
60381,1,1,2000,0,0,0,0,0,0,0,0,9,0
60382,0,1,2000,0,0,0,0,0,0,0,0,0,0
60382,1,1,2000,0,0,0,0,0,0,0,0,0,0
60383,0,1,2000,0,0,0,0,0,0,0,0,0,0
60383,1,1,2000,0,0,0,0,0,0,0,0,0,0
60384,0,1,2000,0,19,0,0,0,0,0,0,0,0
60384,1,1,2000,0,0,0,0,0,0,0,0,0,0
60385,1,1,2000,3,3,3,3,3,3,3,3,3,3
60386,0,1,2000,0,0,0,0,0,0,0,0,0,0
60386,1,1,2000,0,0,0,0,12,0,0,0,0,0
60387,1,1,2000,23,23,23,23,23,23,23,23,23,23
60388,1,1,2000,0,0,0,0,0,0,0,0,0,0
60389,0,1,2000,23,23,23,23,23,23,23,23,23,23
60389,1,1,2000,0,0,0,0,0,31,0,0,16,0
60390,0,1,2000,8,8,8,8,8,8,8,8,8,8
60390,1,1,2000,0,14,9,6,0,0,0,0,0,20
60391,0,1,2000,0,0,0,0,0,0,0,0,0,0
60391,1,1,2000,0,0,0,0,0,0,0,0,0,0
60392,0,1,2000,0,0,0,0,0,0,0,0,0,0
60392,1,1,2000,18,10,9,4,25,22,14,23,5,21
60393,1,1,2000,0,0,0,0,0,0,0,0,0,0
60394,1,1,2000,0,0,0,0,0,0,0,0,0,0
60395,0,1,2000,0,0,0,0,0,0,0,0,0,0
60395,1,1,2000,0,0,0,0,0,0,0,0,0,0
60396,1,1,2000,0,0,0,0,0,0,0,0,0,0
60397,1,1,2000,0,0,0,0,0,0,0,0,0,0
60398,0,1,2000,26,26,26,26,26,26,26,26,26,26
60398,1,1,2000,0,0,0,0,0,0,0,0,0,0
60399,1,1,2000,19,19,19,19,19,19,19,19,19,19
60400,1,1,2000,0,0,0,0,0,0,0,0,0,0
60401,1,1,2000,22,22,22,22,22,22,22,22,22,22
60402,1,1,2000,27,27,27,27,27,27,27,27,27,27
60402,2,1,2000,0,0,0,0,0,0,0,0,0,0
60403,0,1,2000,5,0,0,0,13,0,0,19,0,25
60403,1,1,2000,0,0,0,0,0,0,8,0,0,10
60403,2,1,2000,0,0,0,0,17,0,0,0,0,0
60404,1,1,2000,0,0,0,0,0,0,0,0,0,0
60404,2,1,2000,15,15,15,15,15,15,15,15,15,15
60405,1,1,2000,18,18,18,18,18,18,18,18,18,18
60406,0,1,2000,39,39,39,39,39,39,39,39,39,39
60406,1,1,2000,0,0,0,0,0,0,0,0,0,0
60407,1,1,2000,12,12,12,12,12,12,12,12,12,12
60408,0,1,2000,0,0,0,0,0,0,0,0,0,0
60408,1,1,2000,0,0,0,0,0,0,0,0,0,0
60409,1,1,2000,0,0,0,0,0,0,0,0,0,0
60410,1,1,2000,0,0,0,0,0,0,0,0,0,0
60411,1,1,2000,25,25,25,25,25,25,25,25,25,25
60412,1,1,2000,0,0,0,0,0,0,0,0,0,0
60413,1,1,2000,0,0,6,7,12,0,0,0,0,3
60414,0,1,2000,23,23,23,23,23,23,23,23,23,23
60414,1,1,2000,0,34,0,0,0,35,22,0,0,0
60415,1,1,2000,15,15,15,15,15,15,15,15,15,15
60416,1,1,2000,3,3,3,3,3,3,3,3,3,3
60417,1,1,2000,0,0,0,0,0,0,0,0,0,0
60418,1,1,2000,0,0,0,0,0,0,0,0,0,0
60419,0,1,2000,0,0,0,0,0,0,0,0,0,0
60419,1,1,2000,17,17,17,17,17,17,17,17,17,17
60420,1,1,2000,14,14,14,14,14,14,14,14,14,14
60421,1,1,2000,0,0,0,0,0,0,0,0,0,0
60422,1,1,2000,0,0,0,0,0,0,0,0,0,0
60423,1,1,2000,5,5,5,5,5,5,5,5,5,5
60424,1,1,2000,0,0,0,0,0,0,0,0,0,0
60425,0,1,2000,18,18,18,18,18,18,18,18,18,18
60425,1,1,2000,0,0,0,0,0,0,0,0,0,0
60426,1,1,2000,42,42,42,42,42,42,42,42,42,42
60426,2,1,2000,0,0,0,0,0,0,0,0,0,0
60427,0,1,2000,12,21,10,7,19,11,27,0,0,0
60427,1,1,2000,0,0,0,0,0,0,0,5,0,0
60427,2,1,2000,0,0,0,0,18,0,0,0,0,0
60428,1,1,2000,10,10,10,10,10,10,10,10,10,10
60428,2,1,2000,0,0,0,14,0,0,0,0,0,0
60429,0,1,2000,22,22,22,22,22,22,22,22,22,22
60429,1,1,2000,0,0,0,0,0,0,0,0,0,0
60430,1,1,2000,0,0,0,11,15,13,0,19,18,0
60431,1,1,2000,0,8,0,0,0,16,0,0,0,0
60432,1,1,2000,0,0,0,0,0,0,0,0,0,0
60433,1,1,2000,16,16,16,16,16,16,16,16,16,16
60434,1,1,2000,5,5,5,5,5,5,5,5,5,5
60435,1,1,2000,0,0,0,0,0,0,0,0,0,0
60436,0,1,2000,0,0,0,0,0,0,0,0,0,0
60436,1,1,2000,0,0,0,0,0,0,0,0,0,0
60437,0,1,2000,0,0,0,0,0,0,0,0,0,0
60437,1,1,2000,0,0,0,0,0,0,0,0,0,0
60438,1,1,2000,0,0,0,0,0,0,0,0,0,0
60439,1,1,2000,0,0,0,0,0,0,0,19,0,0
60440,1,1,2000,0,0,0,0,0,0,0,0,0,0
60441,1,1,2000,0,0,0,0,0,0,0,0,0,0
60442,1,1,2000,4,21,0,0,0,0,0,0,0,0
60443,1,1,2000,18,18,18,18,18,18,18,18,18,18
60444,0,1,2000,0,0,0,0,0,0,0,0,0,0
60444,1,1,2000,0,0,0,0,0,0,0,0,0,0
60445,1,1,2000,0,0,0,0,0,0,0,0,0,0
60446,1,1,2000,0,0,0,0,0,0,0,0,0,0
60447,0,1,2000,34,34,34,34,34,34,34,34,34,34
60447,1,1,2000,0,0,0,0,0,0,0,0,0,0
60448,1,1,2000,26,26,26,26,26,26,26,26,26,26
60449,1,1,2000,0,0,0,0,0,0,0,0,0,0
60450,0,1,2000,23,23,23,23,23,23,23,23,23,23
60450,1,1,2000,0,0,0,0,0,44,20,0,0,0
60451,1,1,2000,32,24,10,9,13,14,13,0,13,24
60452,1,1,2000,26,26,26,26,26,26,26,26,26,26
60453,1,1,2000,0,0,0,0,0,0,0,0,0,0
60455,1,1,2000,23,23,23,23,23,23,23,23,23,23
60456,1,1,2000,7,7,7,7,7,7,7,7,7,7
60457,1,1,2000,0,0,0,0,0,0,0,0,0,0
60458,1,1,2000,20,20,20,20,20,20,20,20,20,20
60459,1,1,2000,7,7,7,7,7,7,7,7,7,7
60460,0,1,2000,0,0,0,0,0,0,0,0,0,0
60460,1,1,2000,0,10,0,0,0,0,0,0,0,0
60461,0,1,2000,34,34,34,34,34,34,34,34,34,34
60461,1,1,2000,0,0,0,0,0,0,0,0,0,0
60462,0,1,2000,15,15,15,15,15,15,15,15,15,15
60462,1,1,2000,0,0,0,0,0,0,0,9,0,0
60463,1,1,2000,0,0,0,0,0,0,0,0,0,0
60464,0,1,2000,0,0,0,0,0,0,0,0,0,0
60464,1,1,2000,0,0,0,0,0,0,0,0,0,0
60465,0,1,2000,0,0,0,0,0,0,0,0,0,0
60465,1,1,2000,0,0,0,0,0,0,0,0,0,0
60466,1,1,2000,0,0,0,0,0,0,0,0,0,0
60467,1,1,2000,14,14,14,14,14,14,14,14,14,14
60468,0,1,2000,0,13,0,0,0,0,29,0,26,19
60468,1,1,2000,0,0,0,0,0,0,0,0,0,0
60469,1,1,2000,14,14,14,14,14,14,14,14,14,14
60470,1,1,2000,0,0,0,0,0,0,0,0,0,0
60471,1,1,2000,14,14,14,14,14,14,14,14,14,14
60472,1,1,2000,10,10,10,10,10,10,10,10,10,10
60473,0,1,2000,0,0,0,0,0,0,0,0,0,0
60473,1,1,2000,0,8,0,0,9,15,0,0,0,0
60474,1,1,2000,32,32,32,32,32,32,32,32,32,32
60475,1,1,2000,13,13,13,13,13,13,13,13,13,13
60476,1,1,2000,0,0,0,0,0,0,0,0,0,0
60477,1,1,2000,0,0,0,0,0,23,18,26,29,0
60479,1,1,2000,0,0,0,0,0,0,0,0,0,0
60480,0,1,2000,0,0,0,0,0,0,0,0,0,0
60481,1,1,2000,0,0,0,0,0,0,0,0,0,0
60482,1,1,2000,0,0,0,0,0,0,0,0,0,0
60483,0,1,2000,0,0,0,0,0,0,0,0,0,0
60483,1,1,2000,0,0,0,0,0,0,0,0,0,0
60484,0,1,2000,0,0,0,0,0,0,0,0,0,0
60484,1,1,2000,0,24,0,19,0,0,0,0,0,0
60485,0,1,2000,0,0,0,0,0,0,0,0,0,0
60485,1,1,2000,0,0,0,0,0,0,0,0,0,0
60486,1,1,2000,0,0,0,0,0,0,0,0,0,0
60487,0,1,2000,0,0,0,0,0,0,0,0,0,0
60487,1,1,2000,0,0,0,0,26,0,0,0,0,0
60488,0,1,2000,19,19,19,19,19,19,19,19,19,19
60488,1,1,2000,0,0,0,0,0,0,0,0,0,0
60489,1,1,2000,0,0,0,0,0,0,0,0,0,0
60490,1,1,2000,10,10,10,10,10,10,10,10,10,10
60491,1,1,2000,0,0,0,0,0,0,0,0,0,0
60492,1,1,2000,0,0,0,0,0,0,0,0,0,0
60493,1,1,2000,0,0,0,0,0,0,0,0,0,5
60494,1,1,2000,7,7,7,7,7,7,7,7,7,7
60495,1,1,2000,0,0,0,0,0,0,0,0,0,0
60496,0,1,2000,0,0,0,0,0,0,0,0,0,0
60496,1,1,2000,0,7,0,0,0,0,0,0,0,0
60497,0,1,2000,0,0,0,0,0,0,0,0,0,0
60497,1,1,2000,0,0,0,0,0,14,0,0,0,0
60498,1,1,2000,0,0,0,0,0,0,0,0,0,0
60499,1,1,2000,7,7,7,7,7,7,7,7,7,7
60500,1,1,2000,0,0,0,0,0,0,0,0,0,0
60501,1,1,2000,0,0,0,0,0,0,0,0,0,0
60502,1,1,2000,0,0,0,0,0,0,0,0,0,0
60503,1,1,2000,20,20,20,20,20,20,20,20,20,20
60504,1,1,2000,30,30,30,30,30,30,30,30,30,30
60505,1,1,2000,0,0,0,0,0,0,0,0,0,0
60505,2,1,2000,0,0,0,0,0,0,0,0,0,0
60506,1,1,2000,13,13,13,13,13,13,13,13,13,13
60506,2,1,2000,0,0,0,0,0,0,0,0,0,0
60507,1,1,2000,17,17,17,17,17,17,17,17,17,17
60508,1,1,2000,22,22,22,22,22,22,22,22,22,22
60509,0,1,2000,0,0,0,0,0,0,0,0,0,0
60509,1,1,2000,0,0,0,0,0,0,0,0,0,0
60510,1,1,2000,0,0,0,0,0,0,0,0,0,0
60511,1,1,2000,0,0,0,0,0,0,0,0,0,0
60512,1,1,2000,20,20,20,20,20,20,20,20,20,20
60513,1,1,2000,15,15,15,15,15,15,15,15,15,15
60514,1,1,2000,0,0,0,0,0,0,0,0,0,0
60515,1,1,2000,0,0,0,0,0,0,0,0,0,0
60516,1,1,2000,0,0,0,0,0,0,0,0,0,0
60517,1,1,2000,0,0,0,0,0,0,0,0,0,0
60517,2,1,2000,0,0,0,0,0,0,0,0,0,0
60518,1,1,2000,0,0,0,0,0,0,0,0,0,0
60518,2,1,2000,0,0,0,0,0,0,0,0,0,0
60519,1,1,2000,0,0,0,0,0,0,0,0,0,0
60519,2,1,2000,0,0,0,0,0,0,0,0,0,0
60520,1,1,2000,0,0,0,0,0,0,0,0,0,0
60520,2,1,2000,0,0,14,0,0,0,0,14,0,0
60521,0,1,2000,8,8,8,8,8,8,8,8,8,8
60521,1,1,2000,0,0,0,0,0,0,0,0,0,0
60522,1,1,2000,18,18,18,18,18,18,18,18,18,18
60523,0,1,2000,0,0,0,0,0,0,0,0,0,0
60523,1,1,2000,0,0,0,0,0,0,0,0,0,0
60524,1,1,2000,17,17,17,17,17,17,17,17,17,17
60525,1,1,2000,0,0,0,0,0,0,0,0,0,0
60526,1,1,2000,7,15,19,17,6,15,2,14,9,15
60527,1,1,2000,0,0,0,0,0,0,0,0,0,0
60527,2,1,2000,0,0,0,0,0,0,0,0,0,0
60528,1,1,2000,0,0,0,0,0,0,0,0,0,0
60528,2,1,2000,0,0,0,0,0,0,0,0,0,0
60529,1,1,2000,10,10,10,10,10,10,10,10,10,10
60529,2,1,2000,9,9,9,9,9,9,9,9,9,9
60530,0,1,2000,0,0,0,0,0,0,0,0,0,0
60530,1,1,2000,0,0,0,19,0,0,0,38,0,0
60530,2,1,2000,0,0,0,0,0,0,0,0,0,0
60530,3,1,2000,0,0,0,0,0,0,0,0,0,0
60531,1,1,2000,0,0,0,0,0,0,0,0,0,0
60531,2,1,2000,0,0,0,0,0,0,0,0,20,0
60532,1,1,2000,0,0,0,0,0,0,0,0,0,0
60532,2,1,2000,0,0,0,0,0,0,0,0,0,0
60533,1,1,2000,12,12,12,12,12,12,12,12,12,12
60533,2,1,2000,0,0,0,0,0,0,0,0,0,0
60534,0,1,2000,0,0,0,0,0,0,0,0,0,0
60534,1,1,2000,0,0,0,0,0,0,7,0,0,0
60534,2,1,2000,0,0,0,0,0,0,0,0,0,0
60535,0,1,2000,19,19,19,19,19,19,19,19,19,19
60535,1,1,2000,0,0,0,17,0,0,0,11,0,0
60536,1,1,2000,0,0,0,0,0,0,0,0,0,0
60536,2,1,2000,0,0,0,0,0,0,0,0,0,0
60537,1,1,2000,0,0,0,0,0,0,0,0,0,0
60537,2,1,2000,0,0,0,0,0,0,0,0,0,0
60538,0,1,2000,0,0,0,0,0,0,0,0,0,0
60538,0,2,2000,7,0,37,12,0,0,0,0,13,8
60538,1,1,2000,9,9,9,9,9,9,9,9,9,9
60539,0,1,2000,0,0,0,0,0,0,0,0,0,0
60539,1,1,2000,0,0,0,0,0,0,0,0,0,0
60540,1,1,2000,2,2,2,2,2,2,2,2,2,2
60541,1,1,2000,17,17,17,17,17,17,17,17,17,17
60541,2,1,2000,0,0,0,0,0,0,0,0,0,0
60542,1,1,2000,0,0,0,0,0,0,0,0,0,0
60542,2,1,2000,0,0,0,0,0,0,0,0,0,0
60543,1,1,2000,0,0,0,0,0,0,0,0,0,0
60543,2,1,2000,0,0,0,0,0,0,0,0,0,0
60544,1,1,2000,8,8,8,8,8,8,8,8,8,8
60545,0,1,2000,0,0,0,0,0,0,0,0,0,0
60545,1,1,2000,11,0,0,0,0,0,0,0,0,0
60546,1,1,2000,0,0,0,0,0,0,0,0,0,0
60547,1,1,2000,18,18,30,0,0,21,0,14,0,0
60548,0,1,2000,17,17,17,17,17,17,17,17,17,17
60548,1,1,2000,0,16,0,0,14,0,0,0,0,0
60549,1,1,2000,0,0,0,0,0,0,0,0,0,0
60550,1,1,2000,0,0,0,0,0,0,0,0,0,0
60551,1,1,2000,11,11,11,11,11,11,11,11,11,11
60551,2,1,2000,0,0,0,0,0,0,0,0,0,0
60552,1,1,2000,12,27,22,2,40,19,24,15,0,0
60552,2,1,2000,7,7,7,7,7,7,7,7,7,7
60553,1,1,2000,0,0,0,0,0,0,0,0,0,0
60553,2,1,2000,0,0,0,0,0,0,0,0,0,12
60554,1,1,2000,19,19,19,19,19,19,19,19,19,19
60555,1,1,2000,0,0,0,0,0,0,0,0,0,0
60556,1,1,2000,45,45,45,45,45,45,45,45,45,45
60557,1,1,2000,0,0,0,0,0,0,0,0,0,0
60558,1,1,2000,0,0,0,0,0,0,0,0,0,0
60558,2,1,2000,0,0,0,0,0,0,0,0,0,0
60558,3,1,2000,0,0,0,0,0,0,0,0,0,0
60558,4,1,2000,0,0,0,6,0,0,0,0,0,0
60558,5,1,2000,0,0,0,0,0,0,0,14,0,0
60559,1,1,2000,0,0,0,0,0,0,0,0,0,0
60559,2,1,2000,0,0,0,0,0,0,0,0,0,0
60560,1,1,2000,0,0,0,0,0,0,0,0,0,0
60560,2,1,2000,0,0,0,0,7,0,0,0,0,0
60561,1,1,2000,0,0,0,0,0,0,0,0,0,0
60561,2,1,2000,0,0,0,0,0,0,0,0,0,0
60562,1,1,2000,7,7,7,7,7,7,7,7,7,7
60562,2,1,2000,0,0,0,0,0,0,0,0,0,0
60562,3,1,2000,0,0,0,0,0,0,0,0,0,0
60563,0,1,2000,0,0,0,0,0,0,0,0,0,0
60563,0,2,2000,20,0,16,27,15,0,10,30,37,0
60563,1,1,2000,0,0,0,0,0,0,0,0,0,0
60564,0,1,2000,0,0,0,0,0,15,0,0,0,0
60564,0,2,2000,0,0,0,0,0,0,0,0,0,0
60564,1,1,2000,0,0,0,0,0,0,0,0,0,0
60565,1,1,2000,0,0,0,0,0,0,0,13,0,0
60565,2,1,2000,0,0,0,0,0,0,0,0,0,0
60565,3,1,2000,0,0,0,0,0,0,0,0,0,0
60566,1,1,2000,19,19,19,19,19,19,19,19,19,19
60567,0,1,2000,0,0,0,0,0,0,0,0,0,0
60567,1,1,2000,0,0,0,0,0,0,0,0,0,0
60568,0,1,2000,7,7,7,7,7,7,7,7,7,7
60568,1,1,2000,24,20,0,0,12,21,0,0,12,3
60569,0,1,2000,0,0,0,0,0,0,0,0,0,0
60569,1,1,2000,0,0,0,0,0,0,0,0,7,0
60569,2,1,2000,0,0,0,0,0,12,10,14,0,0
60570,1,1,2000,0,0,0,0,0,0,0,0,0,0
60570,2,1,2000,0,0,0,0,0,0,0,0,0,0
60571,1,1,2000,1,1,1,1,1,1,1,1,1,1
60571,2,1,2000,0,0,0,0,0,0,0,0,0,0
60572,1,1,2000,0,0,0,0,0,0,0,0,0,0
60572,2,1,2000,0,0,0,0,0,0,0,0,0,0
60573,1,1,2000,0,0,0,0,0,0,0,0,0,0
60573,2,1,2000,0,0,0,0,0,0,0,0,0,0
60574,1,1,2000,0,0,0,0,0,0,0,0,0,0
60574,2,1,2000,0,0,0,0,0,0,0,0,0,0
60574,3,1,2000,0,0,0,0,0,0,0,0,0,0
60575,1,1,2000,20,20,20,20,20,20,20,20,20,20
60575,2,1,2000,0,0,0,0,0,0,0,0,0,0
60575,3,1,2000,0,0,0,0,0,0,0,0,0,0
60576,0,1,2000,0,0,0,0,0,0,0,0,0,0
60576,0,2,2000,0,0,0,0,0,0,0,0,0,0
60576,0,3,2000,0,0,0,0,0,0,0,0,0,0
60576,0,4,2000,0,0,0,0,0,0,0,0,0,0
60576,1,1,2000,16,15,25,13,17,6,12,20,14,14
60577,0,1,2000,27,27,27,27,27,27,27,27,27,27
60577,1,1,2000,0,0,0,0,0,0,0,0,0,0
60577,2,1,2000,0,0,0,0,0,0,0,0,0,0
60577,3,1,2000,0,0,0,0,0,0,0,0,0,0
60578,1,1,2000,0,0,0,0,0,0,0,0,0,0
60578,2,1,2000,0,0,0,0,0,0,0,0,0,0
60578,3,1,2000,0,0,0,0,0,0,0,0,0,0
60579,1,1,2000,0,0,0,0,0,0,0,0,0,0
60579,2,1,2000,0,0,0,0,0,0,0,0,0,0
60580,1,1,2000,13,12,14,28,16,0,0,31,11,11
60580,2,1,2000,0,0,0,0,0,0,0,0,0,0
60581,1,1,2000,0,0,0,0,0,0,0,0,0,0
60581,2,1,2000,0,0,0,0,0,0,0,0,0,0
60582,1,1,2000,16,16,16,16,16,16,16,16,16,16
60582,2,1,2000,0,0,0,0,0,0,0,0,0,0
60583,1,1,2000,8,8,8,8,8,8,8,8,8,8
60583,2,1,2000,0,0,0,0,0,0,0,0,0,0
60584,1,1,2000,0,0,0,0,0,0,0,0,0,0
60584,2,1,2000,0,0,0,0,0,0,0,0,0,0
60585,1,1,2000,0,0,0,0,0,0,0,0,0,0
60585,2,1,2000,5,5,5,5,5,5,5,5,5,5
60586,1,1,2000,0,0,0,0,0,0,0,0,0,0
60586,2,1,2000,0,0,0,0,0,0,0,0,0,0
60587,1,1,2000,0,0,0,0,0,0,0,0,0,0
60587,2,1,2000,0,0,0,0,0,0,0,0,0,0
60588,1,1,2000,27,27,27,27,27,27,27,27,27,27
60588,2,1,2000,17,28,12,17,29,0,26,21,0,0
60589,1,1,2000,26,26,26,26,26,26,26,26,26,26
60589,2,1,2000,0,0,0,0,0,0,0,0,0,0
60590,1,1,2000,16,0,29,19,16,9,0,11,12,9
60591,1,1,2000,0,0,4,0,0,0,0,0,0,0
60591,2,1,2000,0,0,0,0,0,0,0,0,0,0
60592,1,1,2000,0,0,0,0,0,0,0,0,0,0
60592,2,1,2000,0,0,0,0,0,0,0,0,0,0
60593,1,1,2000,0,0,0,0,0,0,0,0,0,0
60593,2,1,2000,0,0,0,0,0,0,0,0,0,0
60594,1,1,2000,15,15,15,15,15,15,15,15,15,15
60594,2,1,2000,0,0,0,0,0,0,0,0,0,0
60595,1,1,2000,0,0,0,0,0,0,0,0,0,0
60595,2,1,2000,0,0,0,0,0,0,0,0,0,0
60596,1,1,2000,18,0,0,0,0,0,0,0,13,0
60596,2,1,2000,0,0,0,0,0,0,0,0,0,0
60597,1,1,2000,0,0,0,0,0,0,0,0,0,0
60597,2,1,2000,0,0,0,0,0,0,0,0,0,0
60598,1,1,2000,0,0,0,0,0,0,0,0,0,0
60598,2,1,2000,0,0,0,0,0,0,0,0,0,0
60599,1,1,2000,12,12,12,12,12,12,12,12,12,12
60599,2,1,2000,0,0,0,0,0,0,0,0,0,0
60600,1,1,2000,7,7,7,7,7,7,7,7,7,7
60600,2,1,2000,0,0,0,0,0,0,0,0,0,0
60601,1,1,2000,0,0,0,0,0,0,0,16,0,0
60601,2,1,2000,0,0,0,0,0,0,0,0,0,0
60602,1,1,2000,0,0,0,0,0,0,0,0,0,0
60602,2,1,2000,0,0,0,0,0,0,0,0,0,0
60602,3,1,2000,0,0,0,0,0,0,0,0,0,0
60603,1,1,2000,0,0,0,0,0,0,0,0,0,0
60603,2,1,2000,0,0,0,0,0,0,0,0,0,0
60604,1,1,2000,0,0,0,0,0,0,0,0,0,0
60604,2,1,2000,0,22,7,0,0,0,0,0,0,0
60605,1,1,2000,0,0,0,0,0,0,0,0,0,0
60605,2,1,2000,0,0,0,0,0,0,0,0,0,0