ST_CASE,VEH_NO,PER_NO,YEAR,P1,P2,P3,P4,P5,P6,P7,P8,P9,P10
60606,1,1,2000,0,0,0,0,0,0,0,0,0,0
60607,1,1,2000,12,12,12,12,12,12,12,12,12,12
60608,1,1,2000,0,0,0,0,0,0,0,0,0,0
60608,2,1,2000,0,0,0,0,0,0,0,0,0,0
60609,1,1,2000,0,0,0,0,0,0,0,0,0,0
60609,2,1,2000,0,0,0,0,0,0,0,0,0,0
60610,1,1,2000,0,0,0,0,0,0,0,0,0,0
60610,2,1,2000,0,0,0,0,0,0,0,0,0,0
60611,1,1,2000,0,0,0,0,0,0,0,0,0,0
60611,2,1,2000,0,0,0,0,0,0,0,0,0,0
60612,1,1,2000,0,0,0,0,0,0,0,0,0,0
60612,2,1,2000,0,0,0,0,0,0,0,0,0,0
60613,1,1,2000,14,14,14,14,14,14,14,14,14,14
60613,2,1,2000,2,2,2,2,2,2,2,2,2,2
60614,1,1,2000,0,0,0,0,0,0,0,0,0,0
60614,2,1,2000,0,0,0,0,0,0,0,0,0,0
60615,1,1,2000,25,25,25,25,25,25,25,25,25,25
60615,2,1,2000,0,0,0,0,0,0,0,0,0,0
60616,1,1,2000,0,0,0,0,0,0,0,0,0,0
60616,2,1,2000,0,0,0,0,0,0,0,0,0,0
60617,0,1,2000,0,0,0,0,0,0,0,0,0,0
60617,1,1,2000,0,0,32,0,0,34,0,0,0,30
60618,1,1,2000,0,0,0,0,0,0,0,0,0,0
60618,2,1,2000,0,0,0,0,0,0,0,0,0,0
60619,1,1,2000,0,0,0,0,0,0,0,0,0,0
60619,2,1,2000,0,0,0,0,0,0,0,0,0,0
60620,1,1,2000,0,0,0,0,0,0,0,0,0,0
60620,2,1,2000,0,0,0,0,0,0,0,0,0,0
60621,0,1,2000,0,0,0,0,0,0,0,0,0,0
60621,1,1,2000,0,0,0,0,0,0,0,0,0,0
60621,2,1,2000,11,0,0,0,0,0,0,0,0,0
60622,0,1,2000,0,0,0,0,0,0,0,0,0,0
60622,1,1,2000,7,7,7,7,7,7,7,7,7,7
60623,1,1,2000,0,0,0,0,0,0,0,0,0,0
60623,2,1,2000,0,0,0,0,0,0,0,0,0,10
60624,1,1,2000,0,0,0,0,0,0,0,0,0,0
60624,2,1,2000,0,0,0,0,0,0,0,0,0,0
60625,1,1,2000,27,27,27,27,27,27,27,27,27,27
60625,2,1,2000,0,0,0,0,0,0,0,0,0,0
60626,1,1,2000,0,0,0,0,0,0,0,0,0,0
60626,2,1,2000,0,0,6,0,0,0,0,0,0,0
60626,3,1,2000,0,0,0,0,0,0,0,0,0,0
60627,1,1,2000,0,0,0,0,0,0,0,0,0,0
60627,2,1,2000,0,0,0,0,0,0,0,0,0,0
60627,3,1,2000,0,0,0,0,0,0,0,0,0,0
60628,1,1,2000,10,0,13,12,0,0,0,16,0,4
60628,2,1,2000,0,0,0,0,0,0,0,0,0,0
60629,0,1,2000,23,23,23,23,23,23,23,23,23,23
60629,1,1,2000,14,0,0,0,14,0,0,0,0,0
60629,2,1,2000,0,0,0,0,0,0,7,0,0,0
60630,1,1,2000,8,8,8,8,8,8,8,8,8,8
60631,0,1,2000,0,0,0,0,0,0,0,0,0,0
60631,1,1,2000,0,0,0,0,0,0,0,0,0,0
60632,1,1,2000,0,0,0,0,0,0,0,0,0,0
60632,2,1,2000,0,0,0,0,0,0,0,0,0,0
60633,1,1,2000,0,0,0,0,0,0,0,0,0,0
60633,2,1,2000,0,0,0,0,0,0,0,0,0,0
60634,0,1,2000,0,0,0,0,0,0,0,0,0,0
60634,1,1,2000,0,0,0,0,0,0,0,0,0,0
60635,1,1,2000,0,0,0,0,0,0,0,0,0,0
60635,2,1,2000,0,0,0,0,0,0,0,0,0,0
60635,3,1,2000,0,0,0,0,0,0,0,0,0,0
60636,1,1,2000,0,0,0,0,0,24,0,0,0,0
60636,2,1,2000,0,0,11,0,0,0,0,0,0,7
60636,3,1,2000,0,0,0,0,0,0,0,0,0,0
60636,4,1,2000,0,0,0,0,0,0,0,0,0,0
60636,5,1,2000,0,0,0,0,0,0,0,0,0,0
60637,1,1,2000,14,14,14,14,14,14,14,14,14,14
60637,2,1,2000,0,0,0,0,0,0,0,0,0,0
60638,1,1,2000,0,0,0,0,0,0,0,0,0,0
60638,2,1,2000,0,0,0,4,0,0,0,0,0,0
60638,3,1,2000,0,0,0,0,0,0,0,0,0,0
60639,1,1,2000,0,0,0,0,0,0,0,0,0,0
60639,2,1,2000,0,0,0,0,0,0,0,0,0,0
60639,3,1,2000,0,0,0,0,0,0,0,0,0,0
60640,1,1,2000,0,0,0,0,0,0,0,0,0,0
60640,2,1,2000,0,0,0,0,0,0,0,0,0,0
60641,0,1,2000,0,0,0,0,0,0,0,0,0,0
60641,1,1,2000,0,0,0,0,0,0,0,0,0,0
60641,2,1,2000,0,0,12,0,0,0,0,0,0,0
60641,3,1,2000,0,0,0,0,0,0,0,14,0,0
60642,1,1,2000,0,0,0,0,0,0,0,0,0,0
60642,2,1,2000,0,0,13,0,16,0,17,0,9,4
60642,3,1,2000,0,0,0,0,0,2,0,0,0,0
60642,4,1,2000,0,0,0,0,17,0,0,0,0,10
60643,1,1,2000,0,0,0,0,0,0,0,0,0,0
60643,2,1,2000,0,0,0,0,0,0,0,12,0,0
60643,3,1,2000,0,0,3,0,0,6,0,0,0,0
60644,1,1,2000,0,0,0,0,0,0,0,0,0,0
60644,2,1,2000,0,0,0,0,0,0,0,0,0,0
60645,1,1,2000,11,24,0,12,44,0,24,0,9,19
60646,0,1,2000,0,0,0,0,0,0,0,0,0,0
60646,1,1,2000,0,0,0,0,0,0,0,0,0,0
60647,1,1,2000,16,19,7,19,16,21,12,13,40,14
60647,2,1,2000,0,0,0,0,0,0,0,0,0,0
60648,1,1,2000,0,0,0,0,0,0,0,0,0,0
60648,2,1,2000,0,0,0,0,0,0,0,0,0,0
60649,1,1,2000,0,0,0,0,0,0,0,0,0,0
60649,2,1,2000,0,0,0,0,0,0,0,0,0,0
60650,0,1,2000,0,0,0,0,0,0,0,0,0,0
60650,1,1,2000,0,0,0,0,0,0,0,0,0,0
60651,1,1,2000,0,0,0,0,0,0,0,0,0,0
60651,2,1,2000,0,0,0,0,0,0,0,0,0,0
60652,1,1,2000,1,1,1,1,1,1,1,1,1,1
60652,2,1,2000,0,0,0,0,0,20,0,14,0,0
60653,1,1,2000,0,0,0,0,0,0,0,0,0,0
60653,2,1,2000,0,0,0,0,0,0,0,0,0,0
60654,1,1,2000,21,21,21,21,21,21,21,21,21,21
60654,2,1,2000,0,0,0,0,0,0,0,0,0,0
60655,1,1,2000,0,0,0,0,0,0,0,0,0,0
60655,2,1,2000,0,0,0,11,0,0,24,0,0,0
60656,1,1,2000,0,0,0,20,0,7,0,0,0,0
60656,2,1,2000,0,0,0,0,0,0,0,0,0,0
60657,1,1,2000,0,0,0,0,0,0,0,0,0,0
60657,2,1,2000,0,0,0,0,0,0,0,0,0,0
60658,1,1,2000,0,0,0,0,0,0,0,0,0,0
60658,2,1,2000,0,0,0,10,0,0,0,0,0,0
60659,1,1,2000,10,10,10,10,10,10,10,10,10,10
60659,2,1,2000,21,0,0,0,0,0,0,0,0,0
60660,1,1,2000,0,0,0,20,0,0,0,0,0,0
60660,2,1,2000,0,0,0,0,0,0,0,0,0,0
60661,1,1,2000,0,0,0,0,0,0,0,0,0,0
60661,2,1,2000,0,0,0,0,0,0,0,0,0,0
60662,0,1,2000,35,35,35,35,35,35,35,35,35,35
60662,1,1,2000,0,0,0,0,0,0,0,0,0,0
60662,2,1,2000,0,0,0,0,0,0,0,0,0,0
60663,0,1,2000,0,0,0,0,0,0,0,0,0,0
60663,0,2,2000,0,0,0,0,0,0,0,0,0,0
60663,1,1,2000,13,13,13,13,13,13,13,13,13,13
60664,1,1,2000,0,0,0,0,0,0,0,0,0,0
60664,2,1,2000,0,0,0,0,0,0,0,0,0,0
60665,1,1,2000,0,0,0,0,0,0,0,0,0,0
60665,2,1,2000,0,0,0,0,0,0,0,0,0,0
60665,3,1,2000,0,0,11,0,11,0,0,23,0,0
60665,4,1,2000,14,14,14,14,14,14,14,14,14,14
60666,1,1,2000,0,0,0,0,0,0,0,0,0,0
60666,2,1,2000,0,0,0,0,0,0,0,0,0,0
60666,3,1,2000,0,0,0,0,0,0,0,0,0,0
60667,1,1,2000,0,0,0,0,0,0,0,0,0,0
60667,2,1,2000,0,0,0,0,0,0,0,0,0,0
60668,1,1,2000,0,0,0,0,0,0,0,0,0,0
60668,2,1,2000,0,10,0,0,0,4,0,0,11,0
60668,3,1,2000,0,0,0,0,0,0,0,0,0,0
60668,4,1,2000,0,0,0,0,0,0,0,0,0,0
60669,1,1,2000,10,10,10,10,10,10,10,10,10,10
60669,2,1,2000,0,0,0,0,0,0,0,0,0,0
60670,1,1,2000,0,0,0,0,0,0,0,0,0,0
60670,2,1,2000,0,0,0,0,0,0,0,0,0,0
60671,1,1,2000,0,0,0,0,0,0,0,0,0,0
60671,2,1,2000,0,0,0,13,0,0,0,13,0,0
60672,0,1,2000,0,0,0,0,0,0,0,0,0,0
60672,1,1,2000,0,0,0,0,0,0,12,0,0,0
60673,1,1,2000,0,0,0,0,0,0,0,0,0,0
60674,1,1,2000,0,0,0,0,0,0,0,0,0,0
60674,2,1,2000,0,0,0,0,0,0,0,0,0,0
60675,1,1,2000,0,0,0,0,0,0,0,0,0,0
60676,0,1,2000,0,0,0,0,0,0,0,0,0,0
60676,1,1,2000,0,0,0,0,0,0,0,0,0,0
60677,1,1,2000,24,24,24,24,24,24,24,24,24,24
60678,1,1,2000,23,20,3,21,15,3,20,21,18,10
60679,1,1,2000,0,0,0,0,0,0,0,0,0,0
60679,2,1,2000,0,0,0,0,0,0,0,0,0,0
60680,1,1,2000,0,0,0,0,0,0,0,0,0,0
60680,2,1,2000,0,0,0,0,0,0,0,0,19,0
60681,1,1,2000,0,0,0,0,0,0,0,0,0,0
60681,2,1,2000,0,0,0,0,0,0,0,0,0,0
60682,1,1,2000,0,0,0,0,0,0,0,0,0,0
60682,2,1,2000,0,27,23,21,0,0,21,0,18,0
60683,0,1,2000,0,0,0,0,0,0,0,0,0,0
60683,1,1,2000,0,13,0,19,0,0,0,0,0,0
60684,1,1,2000,5,0,0,0,0,0,0,0,0,0
60685,1,1,2000,13,13,13,13,13,13,13,13,13,13
60685,2,1,2000,0,0,0,0,0,0,0,0,0,0
60686,0,1,2000,0,0,0,0,0,0,0,0,0,0
60686,1,1,2000,0,0,0,0,0,0,0,0,0,0
60687,0,1,2000,30,30,30,30,30,30,30,30,30,30
60687,1,1,2000,0,0,0,0,0,0,0,0,0,0
60688,1,1,2000,7,14,8,7,0,8,28,3,17,34
60689,1,1,2000,0,0,0,0,0,0,0,0,0,0
60689,2,1,2000,0,0,0,0,0,0,0,0,0,0
60690,1,1,2000,0,0,0,0,0,0,0,0,0,0
60690,2,1,2000,0,0,0,0,0,0,0,0,0,0
60690,3,1,2000,0,0,0,0,0,0,0,0,0,0
60690,4,1,2000,0,0,0,0,0,0,0,0,0,0
60690,5,1,2000,0,0,0,0,0,0,0,0,0,0
60691,1,1,2000,0,0,0,0,0,0,0,0,0,0
60691,2,1,2000,0,0,0,0,0,0,0,0,0,0
60692,1,1,2000,0,0,0,0,0,0,0,0,0,0
60692,2,1,2000,0,0,0,0,0,0,0,0,0,0
60692,3,1,2000,0,0,0,0,0,0,0,0,0,0
60693,1,1,2000,0,0,0,0,0,0,19,0,0,0
60693,2,1,2000,0,0,0,0,0,0,0,0,0,0
60693,3,1,2000,0,0,0,0,0,0,0,0,0,0
60693,4,1,2000,0,0,0,0,0,0,0,0,0,0
60694,1,1,2000,0,0,0,0,0,0,0,0,0,0
60694,2,1,2000,0,0,0,0,0,0,0,0,0,0
60694,3,1,2000,0,0,0,0,0,0,0,0,0,0
60694,4,1,2000,0,0,0,0,0,0,0,0,0,0
60695,1,1,2000,0,0,0,0,0,0,0,0,0,0
60695,2,1,2000,0,0,0,0,0,0,0,0,0,0
60696,1,1,2000,0,0,0,0,0,0,3,0,0,0
60696,2,1,2000,0,0,0,11,0,0,0,0,0,0
60697,1,1,2000,0,0,0,0,23,0,0,0,0,0
60697,2,1,2000,0,0,0,0,0,0,0,0,0,0
60698,1,1,2000,19,19,19,19,19,19,19,19,19,19
60698,2,1,2000,0,0,0,0,0,0,0,0,0,0
60699,1,1,2000,0,0,0,0,0,0,0,0,0,0
60699,2,1,2000,0,0,0,0,0,0,0,0,0,0
60700,1,1,2000,0,0,0,0,0,0,0,0,0,0
60700,2,1,2000,0,0,0,0,0,0,0,0,0,0
60701,1,1,2000,0,0,0,0,0,0,0,0,0,0
60701,2,1,2000,0,0,0,0,0,0,0,0,0,0
60702,1,1,2000,0,0,0,0,4,0,0,14,0,0
60702,2,1,2000,0,0,0,0,0,0,0,0,0,0
60703,1,1,2000,0,0,0,0,0,0,0,0,0,0
60703,2,1,2000,0,0,0,0,0,0,0,0,0,0
60704,1,1,2000,5,5,5,5,5,5,5,5,5,5
60704,2,1,2000,0,0,0,0,0,0,0,0,0,0
60705,1,1,2000,0,0,0,0,0,0,0,0,0,0
60705,2,1,2000,0,0,0,0,0,0,0,0,0,0
60706,1,1,2000,0,0,0,0,0,0,0,0,0,0
60706,2,1,2000,0,0,0,0,0,0,0,0,0,0
60707,1,1,2000,0,0,0,0,0,0,0,0,0,0
60707,2,1,2000,0,0,0,0,0,0,0,0,0,0
60708,1,1,2000,0,0,0,0,0,0,0,0,0,0
60708,2,1,2000,0,0,0,0,0,0,0,0,0,0
60709,1,1,2000,0,0,0,0,0,0,0,0,0,0
60709,2,1,2000,0,0,0,0,0,0,0,0,0,0
60710,0,1,2000,5,5,5,5,5,5,5,5,5,5
60710,1,1,2000,0,0,0,0,0,0,0,0,0,0
60710,2,1,2000,0,0,0,0,0,0,0,9,18,18
60711,1,1,2000,0,0,0,0,0,0,0,0,0,0
60711,2,1,2000,0,0,0,0,0,0,0,0,0,0
60712,1,1,2000,0,0,0,0,0,0,0,0,0,0
60712,2,1,2000,0,0,0,0,0,0,0,0,0,0
60713,1,1,2000,0,0,0,0,0,0,0,0,0,0
60713,2,1,2000,0,0,0,0,0,2,0,0,0,13
60714,1,1,2000,0,0,0,0,0,0,0,0,0,0
60714,2,1,2000,0,0,0,0,0,0,0,0,0,0
60715,1,1,2000,0,0,0,0,0,0,0,0,0,0
60715,2,1,2000,0,0,0,0,0,0,0,0,0,0
60715,3,1,2000,0,0,0,0,0,0,0,0,0,0
60715,4,1,2000,0,0,0,0,0,0,0,0,0,0
60715,5,1,2000,0,0,0,0,0,13,0,0,0,0
60716,1,1,2000,0,0,0,0,0,0,0,0,0,0
60716,2,1,2000,0,0,0,0,0,0,0,0,0,0
60717,1,1,2000,19,19,19,19,19,19,19,19,19,19
60717,2,1,2000,0,0,0,0,0,0,0,6,0,0
60718,1,1,2000,0,0,0,0,0,0,0,0,0,0
60718,2,1,2000,0,0,0,0,0,0,0,0,0,0
60719,1,1,2000,0,0,0,0,0,0,0,0,0,0
60719,2,1,2000,9,0,0,0,0,0,0,0,0,0
60719,3,1,2000,0,0,0,0,0,0,0,0,0,0
60720,1,1,2000,0,14,0,0,0,0,0,0,0,0
60720,2,1,2000,0,0,0,0,4,0,0,0,0,0
60720,3,1,2000,0,0,0,0,0,0,0,0,0,0
60721,1,1,2000,0,0,0,12,0,0,0,0,0,0
60721,2,1,2000,0,27,0,0,0,0,0,0,0,0
60722,1,1,2000,0,0,0,0,0,0,0,0,0,0
60722,2,1,2000,0,0,0,0,0,0,0,0,0,0
60723,0,1,2000,32,12,30,18,20,16,25,6,13,6
60723,1,1,2000,0,0,27,0,0,0,22,0,17,0
60724,1,1,2000,0,0,0,0,0,0,0,0,0,0
60724,2,1,2000,0,0,0,0,0,0,0,0,0,0
60725,1,1,2000,0,0,0,0,0,0,0,0,0,0
60725,2,1,2000,0,0,0,0,0,0,0,0,0,0
60726,1,1,2000,0,0,0,0,0,0,0,0,0,0
60726,2,1,2000,0,0,0,0,0,0,0,0,0,0
60727,0,1,2000,0,0,0,0,0,0,0,0,0,0
60727,1,1,2000,0,0,0,0,0,0,0,0,0,0
60727,2,1,2000,0,0,0,0,0,0,0,0,0,0
60728,1,1,2000,15,5,7,6,25,10,0,7,12,0
60728,2,1,2000,0,0,0,0,0,0,0,0,0,0
60729,1,1,2000,9,18,10,17,14,30,33,22,7,12
60729,2,1,2000,0,0,0,0,0,0,0,5,0,0
60730,1,1,2000,1,1,1,1,1,1,1,1,1,1
60730,2,1,2000,0,0,0,0,0,0,0,0,0,0
60731,0,1,2000,0,0,0,0,0,0,0,0,0,0
60731,1,1,2000,10,0,0,0,0,0,0,0,0,0
60731,2,1,2000,0,0,0,0,0,18,0,11,0,0
60732,1,1,2000,24,24,24,24,24,24,24,24,24,24
60732,2,1,2000,0,4,0,0,0,0,0,0,0,0
60733,1,1,2000,0,0,0,0,0,0,0,0,0,0
60733,2,1,2000,0,0,0,0,0,0,0,0,0,0
60733,3,1,2000,0,0,0,0,0,0,0,0,0,0
60734,1,1,2000,0,0,0,0,0,0,0,0,0,0
60734,2,1,2000,0,0,0,0,0,0,0,0,0,0
60734,3,1,2000,0,0,0,0,0,0,0,0,0,0
60735,1,1,2000,0,0,0,0,0,0,0,0,0,0
60735,2,1,2000,0,0,0,0,0,0,0,0,0,0
60736,1,1,2000,0,0,0,0,0,0,0,0,0,0
60736,2,1,2000,0,0,0,0,17,0,0,0,0,0
60737,1,1,2000,12,12,12,12,12,12,12,12,12,12
60738,1,1,2000,14,14,14,14,14,14,14,14,14,14
60739,1,1,2000,0,0,0,0,0,0,0,0,0,0
60740,1,1,2000,13,9,21,0,0,0,0,0,0,0
60740,2,1,2000,3,3,3,3,3,3,3,3,3,3
60741,1,1,2000,0,0,0,0,0,0,0,0,0,0
60741,2,1,2000,0,0,0,0,6,0,0,6,0,1
60742,1,1,2000,0,0,0,0,0,0,0,0,0,0
60742,2,1,2000,0,0,0,0,0,0,0,0,0,0
60743,1,1,2000,18,14,9,13,6,0,5,4,18,0
60743,2,1,2000,0,0,0,0,0,0,0,0,0,0
60744,0,1,2000,23,23,23,23,23,23,23,23,23,23
60744,1,1,2000,0,0,0,0,0,0,0,0,0,0
60745,1,1,2000,27,27,27,27,27,27,27,27,27,27
60746,1,1,2000,13,13,13,13,13,13,13,13,13,13
60747,1,1,2000,9,9,9,9,9,9,9,9,9,9
60748,1,1,2000,0,0,0,0,0,0,0,0,0,0
60749,1,1,2000,14,14,14,14,14,14,14,14,14,14
60750,0,1,2000,0,0,0,0,0,0,0,0,0,0
60750,1,1,2000,0,0,0,0,0,0,0,0,0,0
60751,1,1,2000,14,14,14,14,14,14,14,14,14,14
60752,1,1,2000,18,18,18,18,18,18,18,18,18,18
60753,1,1,2000,5,5,5,5,5,5,5,5,5,5
60754,1,1,2000,26,26,26,26,26,26,26,26,26,26
60755,1,1,2000,15,15,15,15,15,15,15,15,15,15
60756,1,1,2000,0,0,0,0,0,0,0,0,0,0
60757,1,1,2000,0,0,0,0,0,0,0,0,0,0
60758,1,1,2000,0,0,0,0,0,0,0,0,0,0
60758,2,1,2000,0,0,0,0,0,0,0,0,0,0
60759,1,1,2000,23,23,23,23,23,23,23,23,23,23
60759,2,1,2000,0,0,0,0,0,0,0,0,0,0
60760,1,1,2000,0,0,0,0,0,0,0,0,0,6
60760,2,1,2000,0,0,0,0,0,0,0,0,0,0
60761,0,1,2000,43,43,43,43,43,43,43,43,43,43
60761,1,1,2000,6,0,0,0,0,12,0,10,0,0
60762,1,1,2000,23,23,23,23,23,23,23,23,23,23
60763,1,1,2000,0,0,0,0,0,0,0,0,0,0
60764,0,1,2000,0,0,0,0,0,0,0,0,0,0
60764,1,1,2000,18,7,23,0,26,0,28,10,0,0
60765,0,1,2000,0,0,0,0,0,0,0,0,0,0
60765,1,1,2000,0,0,0,0,0,0,0,0,0,0
60766,0,1,2000,18,18,18,18,18,18,18,18,18,18
60766,1,1,2000,0,0,0,0,0,0,0,0,0,21
60767,1,1,2000,0,0,0,0,0,0,0,0,0,0
60768,1,1,2000,0,0,6,0,0,0,0,0,0,0
60769,1,1,2000,32,32,32,32,32,32,32,32,32,32
60770,1,1,2000,0,0,0,0,0,0,0,0,0,0
60770,2,1,2000,0,0,0,0,0,0,0,0,0,0
60771,1,1,2000,18,18,18,18,18,18,18,18,18,18
60772,1,1,2000,0,0,0,0,0,0,0,0,0,0
60773,1,1,2000,0,0,0,0,0,0,0,0,0,0
60774,1,1,2000,29,29,29,29,29,29,29,29,29,29
60775,1,1,2000,0,0,0,0,0,0,0,0,0,0
60776,1,1,2000,0,0,0,0,0,0,0,0,0,0
60777,1,1,2000,16,16,16,16,16,16,16,16,16,16
60778,0,1,2000,0,0,0,0,0,0,0,0,0,0
60778,1,1,2000,0,0,0,0,0,0,0,0,0,0
60779,0,1,2000,0,0,0,0,0,0,0,0,0,0
60779,1,1,2000,0,0,0,0,0,0,0,0,0,0
60780,1,1,2000,0,0,0,0,0,0,0,0,0,0
60781,1,1,2000,19,19,19,19,19,19,19,19,19,19
60782,1,1,2000,9,9,9,9,9,9,9,9,9,9
60783,1,1,2000,14,14,14,14,14,14,14,14,14,14
60784,1,1,2000,0,0,0,0,0,0,0,0,0,0
60785,1,1,2000,0,15,0,0,3,0,0,0,0,19
60786,1,1,2000,0,0,0,0,0,0,0,0,0,0
60787,1,1,2000,21,22,24,0,26,33,16,15,26,22
60788,0,1,2000,25,25,25,25,25,25,25,25,25,25
60788,1,1,2000,0,0,0,0,10,0,0,0,0,3
60789,0,1,2000,24,24,24,24,24,24,24,24,24,24
60789,1,1,2000,7,16,0,9,14,10,0,16,19,0
60790,1,1,2000,12,12,12,12,12,12,12,12,12,12
60791,1,1,2000,0,0,0,0,0,0,0,0,0,0
60792,1,1,2000,0,0,0,0,0,0,0,0,0,0
60793,1,1,2000,9,9,9,9,9,9,9,9,9,9
60794,1,1,2000,0,0,0,0,0,0,0,0,0,0
60795,1,1,2000,0,0,0,0,0,0,0,0,0,0
60796,0,1,2000,0,0,0,0,0,0,0,0,0,0
60796,1,1,2000,0,0,0,0,0,0,0,0,0,0
60797,1,1,2000,0,0,27,0,0,0,0,0,0,0
60798,0,1,2000,0,0,0,0,0,0,0,0,0,0
60798,1,1,2000,0,0,0,0,0,0,0,0,0,0
60799,0,1,2000,0,0,0,0,0,0,0,0,0,0
60799,1,1,2000,0,0,0,0,0,0,0,0,0,0
60800,0,1,2000,18,18,18,18,18,18,18,18,18,18
60800,1,1,2000,0,0,0,0,0,0,0,0,26,0
60801,1,1,2000,12,12,12,12,12,12,12,12,12,12
60802,1,1,2000,0,0,0,0,0,0,0,0,0,21
60803,1,1,2000,0,0,0,0,0,0,0,0,0,0
60804,0,1,2000,22,22,22,22,22,22,22,22,22,22
60804,1,1,2000,10,10,10,10,10,10,10,10,10,10
60805,1,1,2000,0,0,0,0,0,0,0,0,0,0
60806,1,1,2000,23,23,23,23,23,23,23,23,23,23
60807,1,1,2000,0,0,0,0,0,0,0,0,0,0
60808,1,1,2000,0,0,0,0,0,0,0,0,0,0
60809,1,1,2000,4,4,4,4,4,4,4,4,4,4
60810,0,1,2000,0,0,0,0,0,0,0,0,0,0
60810,1,1,2000,0,0,0,0,0,0,0,0,0,0
60811,1,1,2000,37,37,37,37,37,37,37,37,37,37
60812,0,1,2000,33,33,33,33,33,33,33,33,33,33
60812,1,1,2000,0,0,0,0,0,0,0,0,0,0
60813,1,1,2000,21,21,21,21,21,21,21,21,21,21
60814,1,1,2000,0,0,0,0,0,0,0,0,0,0
60815,1,1,2000,0,0,0,0,0,0,0,0,0,0
60816,1,1,2000,0,0,0,0,0,0,0,0,0,0
60817,1,1,2000,0,0,0,0,0,0,0,0,0,0
60818,0,1,2000,0,0,0,0,0,0,0,0,0,0
60818,1,1,2000,0,0,0,0,0,0,0,0,0,0
60819,1,1,2000,0,0,0,0,0,0,0,0,0,0
60820,1,1,2000,0,0,0,0,0,0,0,0,0,0
60821,1,1,2000,0,0,0,0,0,0,0,0,0,0
60822,0,1,2000,0,0,0,0,0,0,0,0,0,0
60822,1,1,2000,0,0,0,0,0,0,0,0,0,0
60823,1,1,2000,0,0,0,0,0,0,0,0,0,0
60824,1,1,2000,17,17,17,17,17,17,17,17,17,17
60825,1,1,2000,24,24,24,24,24,24,24,24,24,24
60826,1,1,2000,0,0,0,0,0,0,0,0,0,0
60827,1,1,2000,0,0,0,0,0,0,0,0,0,0
60828,1,1,2000,15,15,15,15,15,15,15,15,15,15
60829,1,1,2000,20,20,20,20,20,20,20,20,20,20
60830,1,1,2000,0,0,0,0,0,0,0,0,0,0
60831,1,1,2000,0,0,0,0,0,0,0,0,0,0
60832,1,1,2000,17,17,17,17,17,17,17,17,17,17
60833,1,1,2000,0,0,0,0,0,0,0,0,0,0
60834,0,1,2000,23,23,23,23,23,23,23,23,23,23
60834,1,1,2000,0,0,0,0,0,0,0,0,0,0
60834,2,1,2000,0,0,0,0,0,0,0,0,0,0
60835,1,1,2000,0,0,0,0,0,0,0,0,0,0
60836,1,1,2000,5,5,5,5,5,5,5,5,5,5
60837,1,1,2000,19,19,19,19,19,19,19,19,19,19
60838,1,1,2000,0,0,0,0,0,0,0,0,0,0
60839,0,1,2000,21,21,21,21,21,21,21,21,21,21
60839,1,1,2000,0,0,0,0,0,0,0,0,0,0
60840,1,1,2000,0,0,0,0,0,0,0,0,0,0
60841,1,1,2000,15,15,15,15,15,15,15,15,15,15
60842,1,1,2000,6,6,6,6,6,6,6,6,6,6
60843,1,1,2000,0,0,0,0,0,0,0,0,0,0
60844,1,1,2000,9,9,9,9,9,9,9,9,9,9
60845,1,1,2000,0,0,0,0,0,0,0,16,0,0
60846,1,1,2000,7,7,7,7,7,7,7,7,7,7
60847,0,1,2000,4,4,4,4,4,4,4,4,4,4
60847,1,1,2000,0,0,0,0,0,0,0,0,0,0
60848,1,1,2000,26,26,26,26,26,26,26,26,26,26
60849,0,1,2000,0,0,0,0,0,0,0,0,0,0
60849,1,1,2000,4,0,0,0,0,0,0,0,0,0
60850,1,1,2000,11,19,0,16,22,0,16,13,28,0
60851,1,1,2000,0,0,0,0,0,0,0,0,0,0
60852,1,1,2000,0,0,0,0,0,0,0,0,0,0
60853,1,1,2000,30,30,30,30,30,30,30,30,30,30
60854,1,1,2000,24,24,24,24,24,24,24,24,24,24
60855,1,1,2000,13,13,13,13,13,13,13,13,13,13
60856,0,1,2000,0,0,0,0,0,0,0,0,0,0
60856,1,1,2000,0,0,0,0,0,0,0,0,0,0
60857,1,1,2000,0,0,0,0,0,0,0,0,0,0
60858,1,1,2000,0,0,0,0,0,0,0,0,0,0
60859,1,1,2000,8,8,8,8,8,8,8,8,8,8
60860,1,1,2000,0,0,0,0,0,0,0,0,0,0
60861,0,1,2000,12,12,12,12,12,12,12,12,12,12
60861,1,1,2000,0,11,5,0,0,0,0,12,0,0
60862,1,1,2000,17,17,17,17,17,17,17,17,17,17
60863,1,1,2000,24,24,24,24,24,24,24,24,24,24
60864,1,1,2000,0,0,0,0,0,0,0,0,0,0
60865,0,1,2000,3,3,3,3,3,3,3,3,3,3
60865,1,1,2000,23,23,23,23,23,23,23,23,23,23
60866,1,1,2000,0,0,0,0,0,0,0,0,0,0
60867,0,1,2000,0,0,0,0,0,0,0,0,0,0