ST_CASE,VEH_NO,PER_NO,YEAR,P1,P2,P3,P4,P5,P6,P7,P8,P9,P10
60867,1,1,2000,0,0,0,0,0,0,0,0,0,0
60868,1,1,2000,0,0,0,0,0,0,0,0,0,0
60869,1,1,2000,9,9,9,9,9,9,9,9,9,9
60870,0,1,2000,0,0,0,0,0,0,0,0,0,0
60870,1,1,2000,0,0,0,0,0,0,0,0,0,0
60871,1,1,2000,0,0,0,0,0,0,0,0,0,0
60872,1,1,2000,0,0,0,0,0,0,0,0,0,0
60873,1,1,2000,0,0,0,0,0,0,0,0,0,0
60874,1,1,2000,0,0,0,0,0,0,0,0,0,0
60875,1,1,2000,0,0,0,0,0,0,0,0,0,0
60876,1,1,2000,15,15,15,15,15,15,15,15,15,15
60877,1,1,2000,0,0,0,0,0,0,0,0,0,0
60878,1,1,2000,0,0,0,0,0,0,0,0,0,0
60879,1,1,2000,0,0,0,0,0,0,0,0,0,0
60880,1,1,2000,0,0,0,0,0,0,0,0,0,0
60881,1,1,2000,0,0,0,0,0,0,0,0,0,0
60882,1,1,2000,0,0,0,0,0,0,0,0,0,0
60883,1,1,2000,0,0,0,0,0,0,0,0,0,0
60884,1,1,2000,0,0,0,0,0,0,0,0,0,0
60885,1,1,2000,23,23,23,23,23,23,23,23,23,23
60886,1,1,2000,6,6,6,6,6,6,6,6,6,6
60887,1,1,2000,16,16,16,16,16,16,16,16,16,16
60888,1,1,2000,0,0,0,0,0,0,0,0,0,0
60889,0,1,2000,0,0,0,0,0,0,0,0,0,0
60889,1,1,2000,0,0,0,0,0,0,0,0,0,0
60890,1,1,2000,0,0,0,0,0,0,0,0,0,0
60891,0,1,2000,0,0,0,0,0,0,0,0,0,0
60891,1,1,2000,0,0,0,0,0,0,0,0,0,0
60892,0,1,2000,0,0,0,0,0,0,0,0,0,0
60892,1,1,2000,0,0,0,0,0,0,0,0,0,0
60893,1,1,2000,0,0,0,0,0,0,0,0,0,0
60894,0,1,2000,0,0,0,0,0,0,0,0,0,0
60894,1,1,2000,0,0,0,0,0,0,0,0,0,0
60895,1,1,2000,33,33,33,33,33,33,33,33,33,33
60896,1,1,2000,0,0,0,0,0,0,0,0,0,13
60897,1,1,2000,0,0,0,0,0,0,0,0,0,0
60898,1,1,2000,0,0,0,0,7,0,0,0,0,0
60899,1,1,2000,0,0,0,0,0,0,0,0,0,0
60900,1,1,2000,0,0,0,0,0,0,0,0,0,0
60901,0,1,2000,0,0,0,0,0,0,0,0,0,0
60901,1,1,2000,0,0,0,0,0,0,0,0,0,0
60902,0,1,2000,16,16,16,16,16,16,16,16,16,16
60902,1,1,2000,0,0,0,0,0,0,0,0,0,0
60903,1,1,2000,31,31,31,31,31,31,31,31,31,31
60904,1,1,2000,20,20,20,20,20,20,20,20,20,20
60904,2,1,2000,0,0,0,0,0,0,0,0,0,0
60905,1,1,2000,3,3,3,3,3,3,3,3,3,3
60905,2,1,2000,0,0,0,0,0,0,0,0,0,0
60906,1,1,2000,0,0,0,0,0,0,0,0,0,0
60907,1,1,2000,26,26,26,26,26,26,26,26,26,26
60908,1,1,2000,16,0,14,27,0,19,6,13,11,0
60909,0,1,2000,0,0,0,0,0,0,0,0,0,0
60909,1,1,2000,0,0,0,0,0,0,0,0,0,0
60910,1,1,2000,0,0,0,0,0,0,0,0,0,0
60911,1,1,2000,21,21,21,21,21,21,21,21,21,21
60912,1,1,2000,0,0,0,0,0,0,0,0,0,0
60913,0,1,2000,0,0,0,0,0,0,0,0,0,0
60913,1,1,2000,0,0,0,0,0,0,0,0,0,0
60914,0,1,2000,0,0,0,0,0,0,0,0,0,0
60914,1,1,2000,0,0,0,0,0,0,0,0,0,0
60915,1,1,2000,0,0,0,0,0,0,0,0,0,0
60916,1,1,2000,7,7,7,7,7,7,7,7,7,7
60917,1,1,2000,0,0,0,0,0,0,0,0,0,0
60918,1,1,2000,3,3,3,3,3,3,3,3,3,3
60919,1,1,2000,26,26,26,26,26,26,26,26,26,26
60920,1,1,2000,0,0,0,0,0,0,0,0,0,0
60921,1,1,2000,0,0,0,0,0,0,0,0,0,0
60922,1,1,2000,0,0,0,0,0,0,0,0,0,0
60923,1,1,2000,32,32,32,32,32,32,32,32,32,32
60924,1,1,2000,28,28,28,28,28,28,28,28,28,28
60925,1,1,2000,0,0,0,0,0,0,0,0,0,0
60926,1,1,2000,0,0,0,0,0,0,0,0,0,0
60927,0,1,2000,0,0,0,0,0,0,0,0,0,0
60927,1,1,2000,0,0,0,0,0,0,0,0,0,0
60928,0,1,2000,22,22,22,22,22,22,22,22,22,22
60928,1,1,2000,0,0,0,0,0,0,0,0,0,0
60929,0,1,2000,0,0,0,0,0,0,0,0,0,0
60929,1,1,2000,0,0,0,0,0,0,0,0,0,0
60930,1,1,2000,0,0,0,0,0,0,0,0,0,0
60931,1,1,2000,0,0,0,0,0,0,0,0,0,0
60932,1,1,2000,9,9,9,9,9,9,9,9,9,9
60933,1,1,2000,0,0,0,0,0,0,0,0,0,0
60934,0,1,2000,0,0,0,0,0,0,0,0,0,0
60934,1,1,2000,0,0,0,0,0,0,0,0,0,0
60935,1,1,2000,0,0,0,0,0,0,0,0,0,0
60936,1,1,2000,0,0,0,0,0,0,0,0,0,0
60937,1,1,2000,0,0,0,0,0,0,0,0,0,0
60938,1,1,2000,0,0,0,0,0,0,0,0,0,0
60939,1,1,2000,0,0,0,0,0,0,0,0,0,0
60940,1,1,2000,16,16,16,16,16,16,16,16,16,16
60941,1,1,2000,28,28,28,28,28,28,28,28,28,28
60942,1,1,2000,0,0,0,0,0,0,0,0,0,0
60943,1,1,2000,25,25,25,25,25,25,25,25,25,25
60944,0,1,2000,0,0,0,0,0,0,0,0,0,0
60944,1,1,2000,0,0,0,0,0,0,0,0,0,0
60945,1,1,2000,21,21,21,21,21,21,21,21,21,21
60946,1,1,2000,20,20,20,20,20,20,20,20,20,20
60947,0,1,2000,0,0,0,0,0,0,0,0,0,0
60947,1,1,2000,0,0,0,0,0,0,0,0,0,0
60948,0,1,2000,0,0,0,0,0,0,0,0,0,0
60948,1,1,2000,0,0,0,0,0,0,0,0,0,0
60949,1,1,2000,0,0,0,0,0,0,0,0,0,0
60950,1,1,2000,0,0,0,0,0,0,0,0,0,0
60951,1,1,2000,0,0,0,0,0,0,0,0,0,0
60952,1,1,2000,0,0,0,0,0,0,0,0,0,0
60953,1,1,2000,21,21,21,21,21,21,21,21,21,21
60954,1,1,2000,0,0,0,0,0,0,0,0,0,0
60955,1,1,2000,3,3,3,3,3,3,3,3,3,3
60956,0,1,2000,22,22,22,22,22,22,22,22,22,22
60956,1,1,2000,17,17,0,0,0,13,0,0,0,10
60957,0,1,2000,0,0,0,0,0,0,0,0,0,0
60957,1,1,2000,0,0,13,0,0,9,0,0,0,0
60958,0,1,2000,0,0,0,0,0,0,0,0,0,0
60958,1,1,2000,0,0,0,0,0,0,0,0,0,0
60959,1,1,2000,0,0,0,0,0,0,0,0,0,0
60960,0,1,2000,0,0,0,0,0,0,0,0,0,0
60960,1,1,2000,0,0,0,0,0,0,0,0,0,0
60961,0,1,2000,15,15,15,15,15,15,15,15,15,15
60961,1,1,2000,13,16,0,25,0,12,14,0,0,0
60961,2,1,2000,0,0,0,0,0,0,0,0,0,0
60962,0,1,2000,0,0,0,0,0,0,0,0,0,0
60962,1,1,2000,0,0,0,0,0,0,0,0,0,0
60963,0,1,2000,0,0,0,22,0,0,0,24,0,0
60963,1,1,2000,0,0,0,0,0,0,0,0,0,0
60964,1,1,2000,0,0,0,0,0,0,0,23,0,0
60965,0,1,2000,0,0,0,0,0,0,0,0,0,0
60965,1,1,2000,0,0,0,0,0,0,20,0,0,0
60966,0,1,2000,27,27,27,27,27,27,27,27,27,27
60966,1,1,2000,0,0,0,0,0,0,0,0,0,0
60967,1,1,2000,15,15,15,15,15,15,15,15,15,15
60968,1,1,2000,2,2,2,2,2,2,2,2,2,2
60969,0,1,2000,24,24,24,24,24,24,24,24,24,24
60969,1,1,2000,0,0,0,0,0,0,0,0,0,0
60970,1,1,2000,0,0,0,18,0,0,11,0,0,0
60971,1,1,2000,0,0,0,0,0,0,0,0,0,0
60972,1,1,2000,0,0,0,0,0,0,0,0,0,0
60973,1,1,2000,0,0,0,0,0,0,0,0,0,0
60974,0,1,2000,0,0,0,0,0,0,0,0,0,0
60974,1,1,2000,0,0,0,0,0,14,22,0,0,0
60975,1,1,2000,19,19,19,19,19,19,19,19,19,19
60976,1,1,2000,0,0,0,0,0,0,0,0,0,0
60977,1,1,2000,0,0,0,0,0,0,0,0,0,0
60978,1,1,2000,4,4,4,4,4,4,4,4,4,4
60979,1,1,2000,0,0,0,0,0,0,0,0,0,0
60980,1,1,2000,0,0,0,0,0,0,0,0,0,0
60981,1,1,2000,0,0,0,0,0,0,0,0,0,0
60982,1,1,2000,1,1,1,1,1,1,1,1,1,1
60983,0,1,2000,0,0,0,0,0,0,0,0,0,0
60983,1,1,2000,22,22,22,22,22,22,22,22,22,22
60984,1,1,2000,0,0,0,0,0,0,0,0,0,0
60985,1,1,2000,0,0,0,0,0,0,0,0,0,0
60986,0,1,2000,0,0,0,0,0,0,0,0,0,0
60986,1,1,2000,0,0,0,0,0,0,0,0,0,0
60987,1,1,2000,10,10,10,10,10,10,10,10,10,10
60988,1,1,2000,17,17,17,17,17,17,17,17,17,17
60989,1,1,2000,0,0,0,0,0,0,0,0,0,0
60990,1,1,2000,0,0,0,0,0,0,0,0,0,0
60991,1,1,2000,15,15,15,15,15,15,15,15,15,15
60992,0,1,2000,28,28,28,28,28,28,28,28,28,28
60992,1,1,2000,0,0,0,0,0,0,0,10,0,0
60993,1,1,2000,19,19,19,19,19,19,19,19,19,19
60994,1,1,2000,0,0,0,0,0,0,0,0,0,0
60995,1,1,2000,29,29,29,29,29,29,29,29,29,29
60996,0,1,2000,17,17,17,17,17,17,17,17,17,17
60996,1,1,2000,0,0,0,0,0,0,0,21,0,0
60997,1,1,2000,11,11,11,11,11,11,11,11,11,11
60998,0,1,2000,0,0,0,0,0,0,0,0,0,0
60998,1,1,2000,0,0,0,0,0,0,0,0,0,0
60999,1,1,2000,0,0,0,0,0,0,0,0,0,0
61000,0,1,2000,20,20,20,20,20,20,20,20,20,20
61000,1,1,2000,6,0,9,15,18,0,0,0,0,0
61001,1,1,2000,0,0,0,0,0,0,0,0,0,0
61002,1,1,2000,6,11,17,0,13,11,14,16,13,14
61003,1,1,2000,0,0,0,0,0,0,0,0,0,0
61004,1,1,2000,0,0,0,0,0,0,0,0,0,0
61005,0,1,2000,0,0,0,0,0,0,0,0,0,0
61005,1,1,2000,0,0,0,0,0,0,0,0,0,0
61006,1,1,2000,18,18,18,18,18,18,18,18,18,18
61007,1,1,2000,0,0,0,0,0,0,0,0,0,0
61008,0,1,2000,37,37,37,37,37,37,37,37,37,37
61008,1,1,2000,0,7,0,0,0,21,0,0,0,0
61009,1,1,2000,17,17,17,17,17,17,17,17,17,17
61010,1,1,2000,0,0,0,0,0,0,0,0,0,0
61011,1,1,2000,8,8,8,8,8,8,8,8,8,8
61012,1,1,2000,0,0,0,0,0,0,0,0,0,0
61013,0,1,2000,0,0,0,0,0,0,0,0,0,0
61013,1,1,2000,0,0,0,0,0,0,0,0,0,0
61014,1,1,2000,16,0,0,11,0,21,33,15,0,0
61015,1,1,2000,0,0,0,0,0,0,0,0,0,0
61016,1,1,2000,0,0,0,0,0,0,0,0,0,0
61017,0,1,2000,0,0,0,0,0,0,0,0,0,0
61017,1,1,2000,15,15,15,15,15,15,15,15,15,15
61018,1,1,2000,0,0,0,0,0,19,0,0,0,0
61019,0,1,2000,0,0,0,0,0,0,0,0,0,0
61019,1,1,2000,0,0,0,0,0,0,0,0,0,0
61020,1,1,2000,0,0,0,0,0,0,0,0,0,0
61021,1,1,2000,0,0,0,0,0,0,0,0,0,0
61022,1,1,2000,0,0,0,0,0,0,0,0,0,0
61023,1,1,2000,0,0,0,0,0,0,0,0,0,0
61024,1,1,2000,0,0,0,0,0,0,10,0,0,0
61025,1,1,2000,0,0,21,0,0,0,0,0,0,0
61026,1,1,2000,17,17,17,17,17,17,17,17,17,17
61027,1,1,2000,0,0,0,0,0,0,0,0,0,0
61028,1,1,2000,15,15,15,15,15,15,15,15,15,15
61029,1,1,2000,12,12,12,12,12,12,12,12,12,12
61030,0,1,2000,0,0,0,0,0,0,0,0,0,0
61030,1,1,2000,0,0,0,0,0,0,0,0,0,0
61031,1,1,2000,0,0,0,0,0,0,0,0,0,0
61032,1,1,2000,0,0,0,0,0,0,0,0,0,0
61033,1,1,2000,0,0,0,0,0,0,0,0,0,0
61034,1,1,2000,0,0,0,0,0,0,0,0,0,0
61035,1,1,2000,0,0,0,0,0,0,0,0,0,0
61036,0,1,2000,0,0,0,0,0,0,0,0,0,0
61036,1,1,2000,0,0,0,0,0,0,0,0,0,0
61037,1,1,2000,0,0,0,0,0,0,0,0,0,0
61038,1,1,2000,0,0,0,0,0,0,0,0,0,0
61039,0,1,2000,0,0,0,0,0,0,0,0,0,0
61039,1,1,2000,0,0,0,0,0,0,0,0,0,0
61040,1,1,2000,0,0,0,0,0,0,0,0,0,0
61041,1,1,2000,21,11,14,19,0,15,19,0,25,24
61042,1,1,2000,0,0,0,0,20,0,0,13,0,0
61043,1,1,2000,0,0,0,0,0,0,0,0,0,0
61044,0,1,2000,0,0,0,0,0,0,0,0,0,0
61044,1,1,2000,0,0,0,6,0,0,0,0,0,0
61045,1,1,2000,2,2,2,2,2,2,2,2,2,2
61046,1,1,2000,0,0,0,0,0,0,0,0,0,0
61047,0,1,2000,0,0,0,0,0,0,0,0,0,0
61047,1,1,2000,0,0,0,0,0,0,0,0,0,0
61048,1,1,2000,25,25,25,25,25,25,25,25,25,25
61049,0,1,2000,0,0,0,0,0,0,0,0,0,0
61049,1,1,2000,0,0,0,0,0,0,0,0,0,0
61050,0,1,2000,8,8,8,8,8,8,8,8,8,8
61050,1,1,2000,0,0,0,0,0,0,0,0,0,0
61051,0,1,2000,0,0,0,0,0,0,0,0,0,0
61051,1,1,2000,0,0,0,0,0,0,0,0,0,0
61052,1,1,2000,0,0,0,0,0,0,0,0,0,0
61053,1,1,2000,18,18,18,18,18,18,18,18,18,18
61054,1,1,2000,0,0,0,0,0,0,0,0,0,0
61055,1,1,2000,0,0,0,0,0,0,0,0,0,0
61056,1,1,2000,0,0,0,0,0,0,0,0,0,0
61057,0,1,2000,23,18,15,18,6,13,11,19,11,9
61057,1,1,2000,0,0,0,0,0,0,0,0,0,0
61058,1,1,2000,17,17,17,17,17,17,17,17,17,17
61059,0,1,2000,0,0,0,0,0,0,0,0,0,0
61059,1,1,2000,0,0,0,0,0,0,0,0,0,0
61060,1,1,2000,24,24,24,24,24,24,24,24,24,24
61061,1,1,2000,0,0,0,0,10,0,0,11,0,0
61062,1,1,2000,0,0,0,0,0,0,0,0,0,0
61063,1,1,2000,0,0,0,0,0,0,0,0,0,0
61064,0,1,2000,0,0,0,0,0,0,0,0,0,0
61064,1,1,2000,0,0,0,0,0,0,0,0,0,0
61065,1,1,2000,0,13,0,0,11,0,16,0,0,13
61066,1,1,2000,12,12,12,12,12,12,12,12,12,12
61067,1,1,2000,0,0,0,0,0,0,0,0,0,0
61068,1,1,2000,15,15,15,15,15,15,15,15,15,15
61069,0,1,2000,0,0,0,0,0,0,0,0,0,0
61069,1,1,2000,0,0,0,0,0,0,0,0,0,0
61070,1,1,2000,0,0,0,0,0,0,0,0,0,0
61071,1,1,2000,0,0,0,0,0,0,0,0,0,0
61072,1,1,2000,0,0,0,0,0,0,0,0,0,0
61073,1,1,2000,10,10,10,10,10,10,10,10,10,10
61074,1,1,2000,0,0,0,0,0,0,0,0,0,0
61075,1,1,2000,0,0,0,0,0,0,0,0,0,0
61076,1,1,2000,0,0,0,0,0,0,0,0,0,0
61077,0,1,2000,0,0,0,0,0,0,0,0,0,0
61077,1,1,2000,0,0,0,0,0,0,0,0,0,0
61078,1,1,2000,12,12,12,12,12,12,12,12,12,12
61079,1,1,2000,17,17,17,17,17,17,17,17,17,17
61080,1,1,2000,0,0,0,0,0,0,0,0,0,0
61082,1,1,2000,7,7,7,7,7,7,7,7,7,7
61083,1,1,2000,3,3,3,3,3,3,3,3,3,3
61084,0,1,2000,0,0,0,0,0,0,0,0,0,0
61084,1,1,2000,0,0,0,0,14,42,0,0,0,3
61085,1,1,2000,2,2,2,2,2,2,2,2,2,2
61085,2,1,2000,0,0,6,22,0,0,0,18,0,0
61086,0,1,2000,0,18,0,0,0,0,0,21,0,22
61086,1,1,2000,0,0,12,0,0,0,0,0,0,0
61087,1,1,2000,0,0,0,0,0,0,0,0,0,0
61087,2,1,2000,0,0,0,0,0,0,0,0,0,0
61087,3,1,2000,0,0,0,0,0,0,0,0,0,0
61088,0,1,2000,16,16,16,16,16,16,16,16,16,16
61088,1,1,2000,4,4,4,4,4,4,4,4,4,4
61089,0,1,2000,0,0,0,0,0,0,0,0,0,0
61089,1,1,2000,0,0,0,0,0,0,0,0,0,0
61090,1,1,2000,0,0,0,0,0,0,0,0,0,0
61091,1,1,2000,0,0,0,0,0,0,0,0,0,0
61092,1,1,2000,0,19,17,8,0,24,0,0,10,22
61093,1,1,2000,8,8,8,8,8,8,8,8,8,8
61094,0,1,2000,0,0,0,0,0,3,0,0,0,7
61094,1,1,2000,0,0,0,0,0,0,0,0,0,0
61095,0,1,2000,0,0,0,0,0,0,0,0,0,0
61095,1,1,2000,0,19,12,8,10,26,28,14,0,14
61096,0,1,2000,0,0,0,0,0,0,0,0,0,0
61096,1,1,2000,0,22,16,17,16,10,0,7,14,0
61097,1,1,2000,9,9,9,9,9,9,9,9,9,9
61098,0,1,2000,0,0,0,0,0,0,8,0,0,0
61098,1,1,2000,0,0,0,0,0,0,0,0,0,0
61099,0,1,2000,3,3,3,3,3,3,3,3,3,3
61099,1,1,2000,0,0,0,0,0,0,0,0,0,0
61100,0,1,2000,19,19,19,19,19,19,19,19,19,19
61100,1,1,2000,0,0,0,0,0,0,0,0,0,0
61101,1,1,2000,0,0,0,0,0,0,0,0,0,0
61102,0,1,2000,0,0,0,0,0,0,0,0,0,0
61103,0,1,2000,0,0,0,0,0,0,0,0,0,0
61103,1,1,2000,0,0,0,0,0,0,0,0,0,0
61104,0,1,2000,22,22,22,22,22,22,22,22,22,22
61104,1,1,2000,0,0,0,0,0,0,0,0,0,0
61105,0,1,2000,11,11,11,11,11,11,11,11,11,11
61105,1,1,2000,26,26,26,26,26,26,26,26,26,26
61106,1,1,2000,21,21,21,21,21,21,21,21,21,21
61107,1,1,2000,0,0,0,0,0,0,0,0,0,0
61108,1,1,2000,15,15,15,15,15,15,15,15,15,15
61109,0,1,2000,12,12,12,12,12,12,12,12,12,12
61109,1,1,2000,0,0,0,0,0,20,0,0,0,0
61110,0,1,2000,0,0,0,0,0,0,0,0,0,0
61110,1,1,2000,0,0,0,0,0,0,0,0,0,0
61111,1,1,2000,0,0,0,0,0,0,0,0,0,0
61112,1,1,2000,15,15,15,15,15,15,15,15,15,15
61113,1,1,2000,10,10,10,10,10,10,10,10,10,10
61114,1,1,2000,0,0,0,0,0,0,0,0,0,0
61115,1,1,2000,0,0,0,0,0,0,0,0,0,0
61116,1,1,2000,0,0,0,0,0,0,0,0,0,0
61117,1,1,2000,0,0,0,0,0,0,0,0,0,0
61118,1,1,2000,0,0,0,0,0,0,0,0,0,0
61118,2,1,2000,0,0,0,0,0,0,0,0,0,0
61118,3,1,2000,0,0,0,0,0,0,0,0,0,0
61119,1,1,2000,0,0,0,0,0,0,0,0,0,0
61120,1,1,2000,0,0,0,0,0,11,0,0,0,0
61121,1,1,2000,17,17,17,17,17,17,17,17,17,17
61122,1,1,2000,0,0,0,0,0,0,0,0,0,0
61123,0,1,2000,29,29,29,29,29,29,29,29,29,29
61123,1,1,2000,0,0,0,0,0,0,0,0,0,0
61124,1,1,2000,0,0,0,0,0,0,0,0,0,0
61125,0,1,2000,25,25,25,25,25,25,25,25,25,25
61125,1,1,2000,0,0,0,16,0,0,0,0,0,0
61126,0,1,2000,26,26,26,26,26,26,26,26,26,26
61126,1,1,2000,12,0,0,0,0,22,0,31,0,0
61127,1,1,2000,11,11,11,11,11,11,11,11,11,11
61128,1,1,2000,0,0,0,0,0,0,0,0,0,0
61129,1,1,2000,10,10,10,10,10,10,10,10,10,10
61130,1,1,2000,0,0,0,0,0,6,0,0,0,0
61131,1,1,2000,0,0,0,0,0,0,0,0,0,0
61132,1,1,2000,29,29,29,29,29,29,29,29,29,29
61134,1,1,2000,0,0,0,0,0,0,0,0,0,0
61135,1,1,2000,0,0,0,0,0,0,0,0,0,0
61136,1,1,2000,8,8,8,8,8,8,8,8,8,8
61137,1,1,2000,0,0,0,0,0,0,0,0,0,0
61138,1,1,2000,0,0,0,0,0,0,0,0,0,0
61138,2,1,2000,0,0,0,0,0,0,0,0,0,0
61139,1,1,2000,0,0,0,0,0,0,0,0,0,0
61139,2,1,2000,0,0,0,0,13,0,0,0,0,0
61140,1,1,2000,0,0,0,0,0,0,0,0,0,0
61140,2,1,2000,0,0,0,0,0,0,0,0,0,0
61141,0,1,2000,21,21,21,21,21,21,21,21,21,21
61141,1,1,2000,0,0,0,0,0,0,0,0,0,0
61142,1,1,2000,0,0,0,0,0,0,0,0,0,0
61143,1,1,2000,22,20,21,19,10,8,0,19,6,3
61144,0,1,2000,18,18,18,18,18,18,18,18,18,18
61144,1,1,2000,0,0,0,0,0,0,0,0,0,0
61145,1,1,2000,17,17,17,17,17,17,17,17,17,17
61146,0,1,2000,4,4,4,4,4,4,4,4,4,4
61146,1,1,2000,17,0,30,0,0,0,3,0,0,0
61147,0,1,2000,0,0,0,0,0,0,0,0,0,0
61147,1,1,2000,0,0,0,0,0,0,0,0,0,0
61148,0,1,2000,0,0,0,0,0,0,0,0,0,0
61148,1,1,2000,0,0,0,0,0,0,0,0,0,0
61149,0,1,2000,0,0,0,0,0,0,0,0,0,0
61149,1,1,2000,14,0,0,0,0,0,0,0,0,17
61150,1,1,2000,24,24,24,24,24,24,24,24,24,24
61151,1,1,2000,0,0,0,0,0,0,0,0,0,12
61151,2,1,2000,0,0,0,0,0,0,0,0,22,0
61152,1,1,2000,0,0,0,0,0,0,0,0,0,0
61152,2,1,2000,0,0,0,0,0,0,0,0,0,0
61153,1,1,2000,0,0,0,0,0,0,0,0,0,0
61154,1,1,2000,0,0,0,0,0,0,0,0,0,0
61154,2,1,2000,0,0,0,0,0,0,0,0,0,0
61155,1,1,2000,15,15,15,15,15,15,15,15,15,15
61155,2,1,2000,0,0,0,0,0,0,0,0,0,0
61156,1,1,2000,0,0,0,0,0,0,0,0,0,0
61157,0,1,2000,23,23,23,23,23,23,23,23,23,23
61157,1,1,2000,0,0,0,0,0,0,0,0,0,0
61158,1,1,2000,20,20,20,20,20,20,20,20,20,20
61159,1,1,2000,0,0,0,0,0,0,0,0,0,0
61160,1,1,2000,0,0,0,0,0,0,0,0,0,0
61161,0,1,2000,32,32,32,32,32,32,32,32,32,32
61161,1,1,2000,0,0,0,0,0,0,0,0,0,0
61162,0,1,2000,0,0,0,0,0,0,0,0,0,0
61162,1,1,2000,0,0,0,0,0,0,0,0,0,0
61163,1,1,2000,53,53,53,53,53,53,53,53,53,53
61164,0,1,2000,0,0,0,0,0,0,0,0,0,0
61164,1,1,2000,0,0,0,0,0,0,0,0,0,0
61165,1,1,2000,0,0,0,0,0,0,0,0,0,0
61166,1,1,2000,0,0,0,0,12,0,0,0,0,17
61167,1,1,2000,0,0,0,0,0,0,0,0,0,0
61168,1,1,2000,11,11,11,11,11,11,11,11,11,11
61169,1,1,2000,0,0,0,0,0,0,0,0,0,0
61169,2,1,2000,0,0,0,0,0,0,0,0,0,0
61170,1,1,2000,0,0,0,0,0,0,0,0,0,0
61170,2,1,2000,0,0,0,0,0,0,0,0,0,0
61171,0,1,2000,0,0,0,0,0,0,0,0,0,0
61171,1,1,2000,0,0,0,0,0,0,12,0,0,0
61171,2,1,2000,0,0,0,0,0,0,0,0,0,0
61172,1,1,2000,0,0,0,0,0,0,0,0,0,0
61172,2,1,2000,0,0,0,0,0,0,0,0,0,0
61173,1,1,2000,0,0,0,0,0,0,0,0,0,18
61173,2,1,2000,0,0,0,0,0,0,0,0,0,0
61174,1,1,2000,0,0,0,0,0,0,0,0,0,0
61174,2,1,2000,18,18,18,18,18,18,18,18,18,18
61175,1,1,2000,12,12,12,12,12,12,12,12,12,12
61175,2,1,2000,0,0,0,0,0,0,0,0,0,0
61176,1,1,2000,0,0,0,0,0,0,0,0,0,0
61176,2,1,2000,0,0,0,8,0,0,0,0,0,0
61177,1,1,2000,15,15,15,15,15,15,15,15,15,15
61178,1,1,2000,0,0,0,0,0,0,0,0,0,0
61179,1,1,2000,0,0,0,0,0,0,0,0,0,0
61180,1,1,2000,14,17,33,39,13,31,0,17,41,0
61181,1,1,2000,0,0,0,0,0,0,0,0,0,0
61182,1,1,2000,0,0,0,0,0,0,0,0,0,0
61183,1,1,2000,0,0,0,0,0,0,0,0,0,0
61184,1,1,2000,0,0,0,0,0,0,0,0,0,0
61185,1,1,2000,0,0,0,0,20,0,0,0,0,0
61186,1,1,2000,9,9,9,9,9,9,9,9,9,9
61187,0,1,2000,0,0,0,0,0,0,0,0,0,0
61188,1,1,2000,0,0,0,0,0,0,0,0,0,0
61189,1,1,2000,0,0,0,0,0,0,0,0,0,0
61190,1,1,2000,0,0,0,0,0,0,0,0,0,0
61191,1,1,2000,0,0,0,0,0,0,0,0,0,0
61192,1,1,2000,0,0,0,0,0,0,0,0,0,0
61193,1,1,2000,7,7,7,7,7,7,7,7,7,7
61194,1,1,2000,20,0,0,0,0,0,0,0,0,0
61195,0,1,2000,0,0,0,0,0,0,0,0,0,0
61195,1,1,2000,0,14,0,10,0,0,0,2,0,0
61196,1,1,2000,12,12,12,12,12,12,12,12,12,12
61197,0,1,2000,59,0,25,21,0,20,0,0,56,6
61197,0,2,2000,23,15,28,46,16,37,22,0,0,20
61197,1,1,2000,0,0,0,0,0,0,0,0,0,0
61198,0,1,2000,11,11,11,11,11,11,11,11,11,11
61198,1,1,2000,0,0,0,0,0,0,0,0,0,0
61199,1,1,2000,2,2,2,2,2,2,2,2,2,2
61200,1,1,2000,0,0,0,0,0,0,0,0,0,0
61201,1,1,2000,13,13,13,13,13,13,13,13,13,13
61202,0,1,2000,0,0,0,0,0,0,0,0,0,0
61202,1,1,2000,0,0,0,0,0,0,0,0,0,0
61203,0,1,2000,25,25,25,25,25,25,25,25,25,25
61203,1,1,2000,0,6,0,0,0,0,0,0,0,0
61204,0,1,2000,0,0,0,0,0,0,0,0,0,0
61204,1,1,2000,13,16,28,0,18,8,0,17,16,13
61205,1,1,2000,0,0,0,0,0,0,0,0,0,0
61206,1,1,2000,0,0,0,0,0,0,0,0,0,0
61207,1,1,2000,2,2,2,2,2,2,2,2,2,2
61208,1,1,2000,0,0,0,0,0,0,0,0,0,0
61209,1,1,2000,0,0,0,0,0,0,0,0,0,0