ST_CASE,VEH_NO,PER_NO,YEAR,P1,P2,P3,P4,P5,P6,P7,P8,P9,P10
61448,0,2,2000,0,0,15,0,0,0,0,0,12,0
61448,1,1,2000,29,15,0,11,0,14,13,0,21,0
61449,1,1,2000,0,0,0,0,0,0,0,0,0,0
61450,1,1,2000,0,0,0,0,0,0,0,0,0,0
61451,1,1,2000,16,16,16,16,16,16,16,16,16,16
61452,1,1,2000,27,27,27,27,27,27,27,27,27,27
61453,0,1,2000,23,23,23,23,23,23,23,23,23,23
61453,1,1,2000,0,0,0,0,0,0,0,0,0,0
61454,1,1,2000,0,0,0,0,0,0,0,0,0,0
61454,2,1,2000,0,0,0,0,0,0,0,0,0,0
61455,0,1,2000,3,3,3,3,3,3,3,3,3,3
61455,1,1,2000,0,0,0,0,0,0,0,0,0,0
61456,1,1,2000,12,12,12,12,12,12,12,12,12,12
61456,2,1,2000,0,0,0,0,0,0,0,0,0,0
61457,1,1,2000,16,16,16,16,16,16,16,16,16,16
61457,2,1,2000,0,0,0,0,0,0,0,0,0,0
61457,3,1,2000,0,0,0,0,8,0,0,0,0,0
61457,4,1,2000,0,0,0,0,0,0,0,0,0,0
61458,1,1,2000,0,0,0,0,0,0,0,0,0,0
61458,2,1,2000,0,0,0,0,0,0,0,0,0,0
61459,1,1,2000,0,0,0,0,0,0,0,0,0,0
61459,2,1,2000,0,0,0,16,0,0,0,0,0,0
61459,3,1,2000,0,0,0,0,0,0,0,0,0,0
61460,1,1,2000,0,0,0,0,0,0,0,0,0,0
61460,2,1,2000,8,0,11,0,0,0,0,0,0,0
61460,3,1,2000,0,0,0,0,0,0,0,0,0,0
61461,1,1,2000,9,9,9,9,9,9,9,9,9,9
61461,2,1,2000,0,0,0,0,0,0,0,0,0,0
61461,3,1,2000,0,0,0,0,0,0,0,0,0,0
61462,1,1,2000,0,0,0,0,0,0,0,0,0,0
61462,2,1,2000,0,0,0,0,0,0,0,0,0,0
61463,1,1,2000,0,0,0,0,0,0,0,0,0,0
61463,2,1,2000,0,0,0,0,0,0,0,0,0,0
61464,1,1,2000,15,15,15,15,15,15,15,15,15,15
61464,2,1,2000,0,0,14,0,0,0,0,0,0,0
61465,1,1,2000,16,16,16,16,16,16,16,16,16,16
61465,2,1,2000,0,0,0,0,15,0,0,0,0,0
61466,1,1,2000,23,23,23,23,23,23,23,23,23,23
61466,2,1,2000,0,0,9,0,0,0,0,13,0,0
61467,1,1,2000,0,0,0,0,0,0,0,0,0,0
61467,2,1,2000,0,0,0,0,0,0,0,0,0,0
61468,1,1,2000,0,0,0,0,0,0,0,0,0,0
61468,2,1,2000,0,0,0,0,0,0,0,0,0,0
61469,1,1,2000,0,0,10,0,0,0,0,0,6,0
61469,2,1,2000,0,0,0,0,0,0,0,0,0,0
61470,1,1,2000,0,0,0,0,0,0,0,0,0,0
61470,2,1,2000,0,0,0,0,0,0,6,0,0,0
61471,1,1,2000,12,12,12,12,12,12,12,12,12,12
61471,2,1,2000,0,0,0,0,0,0,0,0,10,0
61472,1,1,2000,3,3,3,3,3,3,3,3,3,3
61472,2,1,2000,0,0,0,0,0,0,0,0,0,0
61473,0,1,2000,21,21,21,21,21,21,21,21,21,21
61473,1,1,2000,0,0,0,0,0,0,0,0,0,0
61474,0,1,2000,0,0,0,0,0,0,0,0,0,0
61474,1,1,2000,0,0,0,0,0,0,0,0,0,0
61475,1,1,2000,7,11,19,11,12,9,12,4,17,11
61476,1,1,2000,0,15,3,0,0,0,0,0,0,0
61476,2,1,2000,6,6,6,6,6,6,6,6,6,6
61477,1,1,2000,12,12,12,12,12,12,12,12,12,12
61477,2,1,2000,0,0,0,0,0,0,0,0,0,0
61478,0,1,2000,0,0,0,0,0,0,0,0,0,0
61478,1,1,2000,0,0,0,0,0,0,0,0,0,0
61479,0,1,2000,0,0,0,0,0,0,0,0,0,0
61479,1,1,2000,0,0,0,0,0,0,0,0,0,0
61480,0,1,2000,0,0,0,0,0,0,0,0,0,0
61480,1,1,2000,0,0,0,0,0,0,0,0,0,0
61481,1,1,2000,4,0,0,0,0,0,0,0,0,0
61481,2,1,2000,0,0,0,0,0,0,0,0,0,0
61482,1,1,2000,0,0,0,0,0,0,0,0,0,0
61482,2,1,2000,0,0,0,0,0,0,0,0,0,0
61483,1,1,2000,0,0,0,0,0,0,0,0,0,0
61483,2,1,2000,0,9,0,0,10,0,0,0,0,0
61484,0,1,2000,25,25,25,25,25,25,25,25,25,25
61484,1,1,2000,0,0,0,0,0,0,0,0,0,0
61484,2,1,2000,0,0,0,0,0,0,0,0,0,0
61485,0,1,2000,34,19,28,51,14,17,21,0,22,17
61485,1,1,2000,0,0,0,0,0,0,0,0,0,0
61485,4,1,2000,24,13,0,37,0,0,11,13,21,5
61486,1,1,2000,0,0,0,0,0,0,0,0,0,0
61486,2,1,2000,0,0,0,0,0,0,0,0,0,0
61487,1,1,2000,0,0,0,0,0,0,0,0,0,0
61487,2,1,2000,0,0,0,0,0,0,0,0,0,0
61488,1,1,2000,8,6,12,24,19,17,11,31,19,16
61488,2,1,2000,32,32,32,32,32,32,32,32,32,32
61489,1,1,2000,0,0,0,0,0,0,0,0,0,0
61489,2,1,2000,0,0,0,0,0,0,0,0,0,0
61490,1,1,2000,0,0,0,9,15,0,0,0,0,0
61490,2,1,2000,0,0,0,0,0,0,0,0,0,0
61491,1,1,2000,0,0,0,0,0,0,0,0,0,0
61491,2,1,2000,0,0,0,0,0,0,0,0,0,0
61492,0,1,2000,0,0,0,0,0,0,0,0,0,0
61492,1,1,2000,0,0,0,0,0,0,0,0,6,14
61493,1,1,2000,0,0,0,0,0,0,0,0,0,0
61493,2,1,2000,0,0,0,0,0,0,0,0,0,0
61494,1,1,2000,0,0,0,0,0,0,0,0,0,0
61495,0,1,2000,0,0,0,0,0,0,0,0,0,0
61495,1,1,2000,0,0,0,0,0,0,0,0,0,0
61496,1,1,2000,0,0,0,0,0,0,0,0,0,0
61497,0,1,2000,29,29,29,29,29,29,29,29,29,29
61497,1,1,2000,0,0,0,0,0,0,0,0,0,0
61498,0,1,2000,0,0,0,0,0,0,0,0,0,0
61498,1,1,2000,0,0,0,0,0,0,0,0,0,0
61499,0,1,2000,0,0,0,0,0,0,0,0,0,0
61499,1,1,2000,0,0,0,0,0,0,0,0,0,0
61500,0,1,2000,0,0,0,0,0,0,0,0,0,0
61500,1,1,2000,0,0,0,0,0,0,0,0,0,0
61501,0,1,2000,0,0,0,0,0,0,0,0,0,0
61501,1,1,2000,14,14,14,14,14,14,14,14,14,14
61502,1,1,2000,0,0,0,27,0,0,15,7,7,0
61503,1,1,2000,0,0,0,0,0,0,0,0,0,0
61504,0,1,2000,0,0,0,0,0,0,0,0,0,0
61504,1,1,2000,0,0,0,0,0,0,0,0,0,0
61505,1,1,2000,0,0,0,0,0,0,0,0,0,0
61506,1,1,2000,24,24,24,24,24,24,24,24,24,24
61507,1,1,2000,0,0,0,0,0,0,0,0,0,0
61508,0,1,2000,0,0,0,0,0,0,0,0,0,0
61508,1,1,2000,15,15,15,15,15,15,15,15,15,15
61509,0,1,2000,0,0,0,0,0,0,0,0,0,0
61509,1,1,2000,0,0,4,0,6,0,0,0,0,0
61510,0,1,2000,4,4,4,4,4,4,4,4,4,4
61510,1,1,2000,0,0,0,0,0,0,0,0,0,0
61511,1,1,2000,13,13,13,13,13,13,13,13,13,13
61512,1,1,2000,0,0,0,0,0,0,0,0,11,0
61513,1,1,2000,0,0,0,0,0,0,0,0,0,0
61514,1,1,2000,19,19,19,19,19,19,19,19,19,19
61514,2,1,2000,0,0,0,0,0,0,0,0,0,0
61515,0,1,2000,0,0,0,0,0,0,0,0,0,0
61515,1,1,2000,0,0,0,0,0,0,0,0,0,0
61516,0,1,2000,0,0,0,0,0,0,0,0,0,0
61516,1,1,2000,0,0,0,0,0,0,0,0,0,0
61517,0,1,2000,0,0,0,0,0,0,0,0,0,0
61517,1,1,2000,0,0,0,0,0,0,0,0,0,0
61518,0,1,2000,28,28,28,28,28,28,28,28,28,28
61518,1,1,2000,0,0,0,0,5,0,0,0,0,0
61519,1,1,2000,0,10,0,9,28,0,0,0,0,5
61520,0,1,2000,0,0,0,0,0,0,0,0,0,0
61520,1,1,2000,0,0,0,0,0,17,0,0,0,30
61521,1,1,2000,0,0,0,0,0,0,0,0,0,0
61522,1,1,2000,0,0,0,0,0,0,0,0,0,0
61523,1,1,2000,0,0,0,0,0,0,0,0,0,0
61524,0,1,2000,24,24,24,24,24,24,24,24,24,24
61524,1,1,2000,0,15,11,7,0,0,9,0,12,0
61525,0,1,2000,14,14,14,14,14,14,14,14,14,14
61525,1,1,2000,32,32,32,32,32,32,32,32,32,32
61526,0,1,2000,0,0,0,0,0,0,0,0,0,0
61526,1,1,2000,0,0,0,0,0,0,0,0,0,0
61527,1,1,2000,0,0,0,0,0,0,0,0,0,0
61527,2,1,2000,0,0,0,0,0,0,0,0,0,0
61528,1,1,2000,0,0,0,0,0,0,0,0,0,0
61528,2,1,2000,0,0,0,0,0,0,0,0,0,0
61529,0,1,2000,36,36,36,36,36,36,36,36,36,36
61529,1,1,2000,0,0,0,0,0,0,0,0,0,0
61529,2,1,2000,0,0,0,0,0,0,17,0,0,0
61530,1,1,2000,7,7,7,7,7,7,7,7,7,7
61530,2,1,2000,0,0,0,0,0,0,0,0,0,0
61531,1,1,2000,0,0,0,0,0,0,0,0,0,0
61531,2,1,2000,0,0,0,0,0,0,0,0,0,0
61532,1,1,2000,0,0,0,0,0,0,0,0,0,0
61532,2,1,2000,0,0,0,0,0,0,0,0,0,0
61533,1,1,2000,0,0,0,0,0,4,0,0,0,0
61533,2,1,2000,0,0,0,0,0,0,0,0,0,0
61534,1,1,2000,0,0,0,0,0,0,0,0,0,0
61535,0,1,2000,0,0,0,0,0,0,0,0,0,0
61535,1,1,2000,0,0,0,0,0,0,0,0,0,0
61536,0,1,2000,0,0,0,0,0,0,0,0,0,0
61536,1,1,2000,0,0,0,0,0,0,0,0,0,0
61537,0,1,2000,0,0,0,0,0,0,0,0,0,0
61537,1,1,2000,9,0,0,0,0,0,0,0,0,0
61538,0,1,2000,0,0,0,0,0,0,0,0,0,0
61538,1,1,2000,0,0,0,0,0,0,0,0,0,0
61539,0,1,2000,0,0,0,0,0,0,0,0,0,0
61539,1,1,2000,0,0,0,0,0,0,0,0,0,0
61540,1,1,2000,0,0,0,0,0,0,0,0,0,0
61541,1,1,2000,18,18,18,18,18,18,18,18,18,18
61542,1,1,2000,10,10,10,10,10,10,10,10,10,10
61543,0,1,2000,6,6,6,6,6,6,6,6,6,6
61543,1,1,2000,0,0,0,0,0,0,0,0,0,0
61544,1,1,2000,0,0,0,0,0,0,0,0,0,0
61545,0,1,2000,21,0,0,0,0,0,0,0,0,0
61545,1,1,2000,0,0,0,0,0,0,0,0,0,0
61546,1,1,2000,0,7,0,0,0,0,0,0,18,0
61547,1,1,2000,20,20,20,20,20,20,20,20,20,20
61548,0,1,2000,0,0,0,0,0,0,0,0,0,0
61548,1,1,2000,0,0,0,0,0,0,0,0,5,0
61549,1,1,2000,2,2,2,2,2,2,2,2,2,2
61550,1,1,2000,0,0,0,0,0,0,0,0,0,0
61551,1,1,2000,0,0,0,0,0,0,0,0,0,0
61552,0,1,2000,0,0,0,0,0,0,0,0,0,0
61552,1,1,2000,6,0,0,5,0,0,0,0,10,0
61553,1,1,2000,0,0,7,0,0,0,0,0,0,7
61554,0,1,2000,0,0,0,0,0,0,0,0,0,0
61554,1,1,2000,0,13,0,7,0,0,0,0,0,6
61555,1,1,2000,20,20,20,20,20,20,20,20,20,20
61556,1,1,2000,25,25,25,25,25,25,25,25,25,25
61557,1,1,2000,28,13,7,20,7,12,5,8,9,11
61558,1,1,2000,28,28,28,28,28,28,28,28,28,28
61559,1,1,2000,23,23,23,23,23,23,23,23,23,23
61560,0,1,2000,27,27,27,27,27,27,27,27,27,27
61560,1,1,2000,0,0,0,0,0,0,0,0,0,0
61561,0,1,2000,28,17,27,0,32,24,0,27,38,23
61561,1,1,2000,0,0,0,0,0,0,0,0,0,0
61562,1,1,2000,0,26,15,0,12,0,12,17,36,7
61563,1,1,2000,14,14,14,14,14,14,14,14,14,14
61564,1,1,2000,0,0,0,0,0,0,0,0,0,0
61565,0,1,2000,21,21,21,21,21,21,21,21,21,21
61565,1,1,2000,0,0,0,0,0,0,0,0,0,0
61566,0,1,2000,0,0,0,0,0,0,0,0,0,0
61566,1,1,2000,0,0,0,0,0,0,0,0,0,0
61567,0,1,2000,0,0,0,0,0,0,0,0,0,0
61567,1,1,2000,0,0,0,0,0,0,0,0,0,0
61568,1,1,2000,0,0,0,0,0,0,0,0,0,0
61569,1,1,2000,0,0,0,0,0,0,0,0,0,0
61570,0,1,2000,24,24,24,24,24,24,24,24,24,24
61570,1,1,2000,0,0,0,0,0,0,0,0,0,0
61571,0,1,2000,0,0,0,0,0,0,0,0,0,0
61571,1,1,2000,0,0,0,0,0,0,0,0,0,0
61572,1,1,2000,0,0,0,0,0,0,0,0,0,0
61573,1,1,2000,0,0,0,0,0,0,0,0,0,0
61574,1,1,2000,0,0,0,0,0,0,0,0,0,7
61575,1,1,2000,4,4,4,4,4,4,4,4,4,4
61576,0,1,2000,18,0,12,12,0,17,0,28,0,10
61576,1,1,2000,1,1,1,1,1,1,1,1,1,1
61577,1,1,2000,0,0,0,0,0,0,0,0,0,0
61578,0,1,2000,0,0,0,0,0,0,0,0,0,0
61578,1,1,2000,0,0,0,0,0,0,0,0,0,0
61579,1,1,2000,21,21,21,21,21,21,21,21,21,21
61580,1,1,2000,0,0,0,0,0,0,0,0,0,0
61581,1,1,2000,20,20,20,20,20,20,20,20,20,20
61582,1,1,2000,0,24,0,4,0,0,0,0,0,14
61583,1,1,2000,0,0,0,0,0,0,0,0,0,0
61584,1,1,2000,0,0,0,0,0,0,0,0,0,0
61585,1,1,2000,0,0,0,0,0,0,0,0,0,0
61586,0,1,2000,0,0,0,0,0,0,0,0,0,0
61586,1,1,2000,0,0,0,0,0,0,0,0,0,0
61587,1,1,2000,17,17,17,17,17,17,17,17,17,17
61588,0,1,2000,0,0,0,0,0,0,0,0,0,0
61588,1,1,2000,0,0,0,0,0,0,0,0,0,0
61589,1,1,2000,0,0,0,0,0,0,0,0,0,0
61590,1,1,2000,11,21,10,6,0,6,0,7,9,4
61590,2,1,2000,0,0,0,0,0,0,0,0,0,0
61591,1,1,2000,0,0,0,0,0,0,0,0,0,0
61591,2,1,2000,0,0,0,0,0,0,0,0,0,0
61592,0,1,2000,0,0,0,0,0,0,0,0,0,0
61592,1,1,2000,0,0,0,0,9,15,0,0,6,23
61593,0,1,2000,0,0,0,0,0,0,0,0,0,0
61593,1,1,2000,0,0,0,7,0,0,0,0,0,0
61594,1,1,2000,0,0,0,21,29,0,0,0,0,17
61595,1,1,2000,18,18,18,18,18,18,18,18,18,18
61596,1,1,2000,0,0,0,0,0,0,0,0,0,0
61597,1,1,2000,0,0,0,0,0,0,0,0,0,0
61598,1,1,2000,16,16,16,16,16,16,16,16,16,16
61599,1,1,2000,8,8,8,8,8,8,8,8,8,8
61600,0,1,2000,19,24,25,19,0,30,22,0,24,0
61600,1,1,2000,8,5,0,0,0,10,0,0,0,0
61601,1,1,2000,5,5,5,5,5,5,5,5,5,5
61602,1,1,2000,0,0,0,0,0,0,0,0,0,0
61603,1,1,2000,0,0,0,0,0,0,0,0,0,0
61604,0,1,2000,0,0,0,0,0,0,0,0,0,0
61604,1,1,2000,0,0,0,0,0,0,0,0,0,0
61605,1,1,2000,0,0,0,0,0,0,0,0,0,0
61606,1,1,2000,0,0,0,0,0,0,0,0,0,0
61607,1,1,2000,18,18,18,18,18,18,18,18,18,18
61608,1,1,2000,13,13,13,13,13,13,13,13,13,13
61609,1,1,2000,0,0,0,0,0,0,0,0,0,0
61610,0,1,2000,0,0,0,0,0,0,0,0,0,0
61610,1,1,2000,0,0,0,0,0,0,0,0,0,0
61611,1,1,2000,17,17,17,17,17,17,17,17,17,17
61612,0,1,2000,17,17,17,17,17,17,17,17,17,17
61612,0,2,2000,18,18,18,18,18,18,18,18,18,18
61612,1,1,2000,0,0,0,0,0,0,0,0,0,0
61613,1,1,2000,0,0,37,0,0,0,0,0,0,0
61614,1,1,2000,0,0,0,0,0,0,0,0,0,0
61615,0,1,2000,23,23,23,23,23,23,23,23,23,23
61615,1,1,2000,0,0,0,0,0,0,0,0,0,0
61616,1,1,2000,0,0,0,0,0,0,0,0,0,0
61617,1,1,2000,0,0,0,0,0,0,0,0,0,0
61618,1,1,2000,32,22,21,19,25,12,27,18,18,26
61619,1,1,2000,33,33,33,33,33,33,33,33,33,33
61620,1,1,2000,16,16,16,16,16,16,16,16,16,16
61621,1,1,2000,26,23,23,3,37,13,12,18,16,26
61622,1,1,2000,0,0,0,0,0,0,0,0,0,0
61623,1,1,2000,3,3,3,3,3,3,3,3,3,3
61624,1,1,2000,0,0,0,0,0,0,0,0,0,0
61625,1,1,2000,17,0,0,16,0,0,0,0,0,0
61626,1,1,2000,0,0,0,0,0,0,0,0,0,0
61627,1,1,2000,14,14,14,14,14,14,14,14,14,14
61628,1,1,2000,0,0,13,15,0,0,0,0,0,12
61629,1,1,2000,0,0,0,0,0,0,0,0,0,0
61630,1,1,2000,0,0,13,0,0,0,0,0,0,0
61631,0,1,2000,0,0,0,0,0,0,0,0,0,0
61631,1,1,2000,0,27,0,19,0,0,11,0,32,0
61632,1,1,2000,28,28,28,28,28,28,28,28,28,28
61633,1,1,2000,21,21,21,21,21,21,21,21,21,21
61634,1,1,2000,0,0,0,0,0,0,0,0,0,0
61634,2,1,2000,0,0,0,0,0,0,0,0,0,0
61635,1,1,2000,0,0,0,0,0,0,0,0,0,4
61636,0,1,2000,0,0,0,0,0,0,0,0,0,0
61636,1,1,2000,0,0,0,0,0,0,0,0,0,0
61637,1,1,2000,0,0,0,0,0,0,0,0,0,0
61638,1,1,2000,9,13,8,22,22,23,7,11,0,18
61639,1,1,2000,18,18,18,18,18,18,18,18,18,18
61640,0,1,2000,14,14,14,14,14,14,14,14,14,14
61640,1,1,2000,0,0,0,0,0,0,0,0,0,0
61641,1,1,2000,0,0,0,0,0,0,0,0,0,0
61642,1,1,2000,12,21,11,7,28,25,18,11,13,8
61643,1,1,2000,0,0,0,0,0,0,0,0,0,0
61644,0,1,2000,0,0,0,0,0,0,0,0,0,0
61644,1,1,2000,0,0,0,0,0,0,0,0,0,0
61645,1,1,2000,10,10,10,10,10,10,10,10,10,10
61646,1,1,2000,32,32,32,32,32,32,32,32,32,32
61647,1,1,2000,0,0,0,0,0,0,0,0,0,0
61647,2,1,2000,0,0,0,0,0,0,0,0,0,0
61648,1,1,2000,16,16,16,16,16,16,16,16,16,16
61649,0,1,2000,0,0,0,17,0,9,0,0,0,14
61649,1,1,2000,15,0,0,0,0,0,0,0,18,0
61650,0,1,2000,0,0,0,0,0,0,0,0,0,0
61650,1,1,2000,0,0,0,0,0,0,0,0,0,0
61651,1,1,2000,13,13,13,13,13,13,13,13,13,13
61652,1,1,2000,18,18,18,18,18,18,18,18,18,18
61653,0,1,2000,0,0,0,0,0,0,0,0,0,0
61653,1,1,2000,0,0,0,0,0,0,0,0,18,0
61654,1,1,2000,7,3,0,0,0,22,0,0,0,0
61655,1,1,2000,22,22,22,22,22,22,22,22,22,22
61656,1,1,2000,0,0,0,0,0,0,0,0,0,0
61657,1,1,2000,0,0,0,0,0,0,0,0,0,0
61658,0,1,2000,0,0,0,0,0,0,0,0,0,0
61658,1,1,2000,0,0,0,0,0,0,0,0,0,0
61659,0,1,2000,0,0,0,0,0,0,0,0,0,0
61659,1,1,2000,0,0,0,0,0,0,0,0,0,0
61660,1,1,2000,29,29,29,29,29,29,29,29,29,29
61661,0,1,2000,9,9,9,9,9,9,9,9,9,9
61661,1,1,2000,0,0,0,0,0,0,0,0,0,0
61662,1,1,2000,0,0,0,0,0,0,0,0,0,0
61663,1,1,2000,16,16,16,16,16,16,16,16,16,16
61664,0,1,2000,33,33,33,33,33,33,33,33,33,33
61664,1,1,2000,0,14,0,0,0,0,0,0,0,0
61665,1,1,2000,0,0,0,0,0,0,0,0,0,0
61666,1,1,2000,2,2,2,2,2,2,2,2,2,2
61667,0,1,2000,12,12,12,12,12,12,12,12,12,12
61667,1,1,2000,0,0,0,0,0,0,0,19,5,0
61668,1,1,2000,26,26,26,26,26,26,26,26,26,26
61669,1,1,2000,14,14,14,14,14,14,14,14,14,14
61670,1,1,2000,7,7,7,7,7,7,7,7,7,7
61671,1,1,2000,19,19,19,19,19,19,19,19,19,19
61672,1,1,2000,16,16,16,16,16,16,16,16,16,16
61673,1,1,2000,0,8,15,29,53,14,15,15,0,0
61674,1,1,2000,0,0,0,0,0,0,0,25,17,0
61675,0,1,2000,0,0,0,0,0,0,0,0,0,0
61675,1,1,2000,0,0,0,0,0,0,0,0,0,0
61676,1,1,2000,24,24,24,24,24,24,24,24,24,24
61677,0,1,2000,4,4,4,4,4,4,4,4,4,4
61677,1,1,2000,0,0,0,0,0,0,0,0,0,0
61678,1,1,2000,0,0,0,0,0,0,0,0,0,0
61679,1,1,2000,21,21,21,21,21,21,21,21,21,21
61680,0,1,2000,0,0,0,0,0,0,0,0,0,0
61680,1,1,2000,0,0,0,0,0,0,0,0,0,0
61681,1,1,2000,0,0,0,0,0,0,0,0,0,0
61682,1,1,2000,0,0,0,0,0,0,0,0,0,0
61683,1,1,2000,0,0,0,0,0,0,0,0,0,0
61684,0,1,2000,0,0,0,0,0,0,0,0,0,0
61684,1,1,2000,0,0,0,0,0,0,0,0,0,0
61685,0,1,2000,0,0,0,0,0,0,0,0,0,0
61685,1,1,2000,15,0,0,0,0,0,0,0,0,0
61686,1,1,2000,0,0,0,0,0,0,0,0,0,0
61687,0,1,2000,0,0,0,0,0,0,0,0,0,0
61687,1,1,2000,0,0,0,0,0,0,0,0,0,0
61688,1,1,2000,20,20,20,20,20,20,20,20,20,20
61689,0,1,2000,21,21,21,21,21,21,21,21,21,21
61689,1,1,2000,0,0,0,0,0,0,10,0,0,0
61690,0,1,2000,0,0,0,0,0,0,0,0,0,0
61690,1,1,2000,0,0,0,0,0,0,0,0,0,0
61691,1,1,2000,0,0,0,0,0,0,0,0,0,0
61692,0,1,2000,0,0,0,0,0,0,0,0,0,0
61692,0,2,2000,11,0,8,0,22,16,0,14,0,11
61692,1,1,2000,0,0,0,0,0,0,0,0,0,0
61693,1,1,2000,18,18,18,18,18,18,18,18,18,18
61694,1,1,2000,2,2,2,2,2,2,2,2,2,2
61695,1,1,2000,5,5,5,5,5,5,5,5,5,5
61696,1,1,2000,5,10,17,6,8,27,7,7,17,21
61697,0,1,2000,0,0,0,0,0,0,0,0,0,0
61697,1,1,2000,3,3,3,3,3,3,3,3,3,3
61698,0,1,2000,0,0,0,0,0,0,0,0,0,0
61698,1,1,2000,0,0,0,0,0,0,0,0,0,0
61699,0,1,2000,0,0,0,0,0,0,0,0,0,0
61699,1,1,2000,0,0,0,0,0,0,0,0,0,3
61700,0,1,2000,0,0,0,0,0,0,0,0,0,0
61700,1,1,2000,0,0,0,0,0,0,0,0,0,0
61701,1,1,2000,6,6,6,6,6,6,6,6,6,6
61702,0,1,2000,0,0,0,0,0,0,0,0,0,0
61702,1,1,2000,0,0,0,0,0,0,0,0,0,0
61703,0,1,2000,0,0,0,0,0,0,0,0,0,0
61703,1,1,2000,0,0,0,0,3,0,0,0,0,10
61704,1,1,2000,17,17,17,17,17,17,17,17,17,17
61705,0,1,2000,0,0,0,0,0,0,0,0,0,0
61705,1,1,2000,10,10,10,10,10,10,10,10,10,10
61706,1,1,2000,0,0,0,0,0,0,0,0,0,0
61707,1,1,2000,11,11,11,11,11,11,11,11,11,11
61708,1,1,2000,12,12,12,12,12,12,12,12,12,12
61709,1,1,2000,0,0,0,0,0,0,0,0,0,0
61710,0,1,2000,0,0,0,0,0,0,0,0,0,0
61710,1,1,2000,0,0,0,0,0,0,0,0,0,0
61711,0,1,2000,0,0,0,0,0,0,0,0,0,0
61711,1,1,2000,0,0,0,0,0,0,0,0,0,0
61712,0,1,2000,0,0,0,0,0,0,0,0,0,0
61712,1,1,2000,0,0,0,0,0,0,0,0,0,0
61713,0,1,2000,0,0,0,0,0,0,0,0,0,0
61713,1,1,2000,0,0,0,0,0,0,0,0,0,0
61714,0,1,2000,11,11,11,11,11,11,11,11,11,11
61714,1,1,2000,0,0,0,0,0,0,0,0,0,0
61715,0,1,2000,0,0,0,0,0,0,0,0,0,0
61715,1,1,2000,0,0,0,0,0,0,0,0,0,0
61716,0,1,2000,0,0,0,0,0,0,0,0,0,0
61716,1,1,2000,0,0,0,0,0,0,0,0,0,0
61717,0,1,2000,0,0,9,30,28,0,0,0,0,7
61717,1,1,2000,36,0,0,0,0,0,0,0,0,0
61718,0,1,2000,0,0,0,0,0,0,0,0,9,0
61718,1,1,2000,0,0,0,0,0,0,0,0,0,0
61719,1,1,2000,0,0,0,0,0,0,0,0,0,0
61720,1,1,2000,24,24,24,24,24,24,24,24,24,24
61721,1,1,2000,13,13,13,13,13,13,13,13,13,13
61722,0,1,2000,30,30,30,30,30,30,30,30,30,30
61722,1,1,2000,0,0,0,0,0,0,0,0,0,0
61723,1,1,2000,28,28,28,28,28,28,28,28,28,28
61724,0,1,2000,24,24,24,24,24,24,24,24,24,24
61724,1,1,2000,0,0,0,0,0,0,0,0,0,0
61725,0,1,2000,0,0,0,0,0,0,0,0,0,0
61725,1,1,2000,0,0,0,0,0,0,0,0,0,0
61726,0,1,2000,0,0,0,0,0,0,0,0,0,0
61726,1,1,2000,0,0,0,0,0,0,0,0,0,0
61727,0,1,2000,0,0,0,0,0,0,0,0,0,0
61727,1,1,2000,0,0,0,0,0,0,0,0,0,0
61728,1,1,2000,0,0,0,0,0,0,0,0,0,0
61729,0,1,2000,0,0,0,0,0,0,0,0,0,0
61729,1,1,2000,0,0,0,0,0,0,0,0,0,5
61730,1,1,2000,0,0,0,0,0,0,0,0,0,0
61731,1,1,2000,0,0,0,0,0,0,0,0,0,0
61732,1,1,2000,0,0,0,0,0,0,0,0,0,0
61733,1,1,2000,31,31,31,31,31,31,31,31,31,31
61734,1,1,2000,0,0,0,0,0,0,0,0,0,0
61735,0,1,2000,10,10,10,10,10,10,10,10,10,10
61735,1,1,2000,0,0,0,0,0,0,0,0,0,0
61736,1,1,2000,0,0,0,0,0,0,0,0,0,0
61737,1,1,2000,28,28,28,28,28,28,28,28,28,28
61738,1,1,2000,0,0,0,0,0,0,0,0,0,0
61739,1,1,2000,0,0,0,0,0,0,0,0,0,0
61740,1,1,2000,0,0,0,0,0,0,0,0,0,0
61741,1,1,2000,0,0,0,0,0,0,0,0,0,0
61742,1,1,2000,0,0,0,0,0,0,0,0,0,0
61743,1,1,2000,0,0,0,0,0,0,0,0,0,0
61744,1,1,2000,0,0,0,0,0,0,0,0,0,0
61745,1,1,2000,0,0,0,0,0,0,0,0,0,0
61746,1,1,2000,0,0,0,0,0,0,0,0,0,0