ST_CASE,VEH_NO,PER_NO,YEAR,P1,P2,P3,P4,P5,P6,P7,P8,P9,P10
61747,0,1,2000,0,0,0,0,0,0,0,0,0,0
61747,1,1,2000,0,0,0,0,0,0,0,0,0,0
61748,1,1,2000,0,0,0,0,0,0,0,0,0,0
61749,1,1,2000,0,0,0,0,0,0,0,0,0,0
61750,1,1,2000,21,21,21,21,21,21,21,21,21,21
61751,1,1,2000,0,0,0,0,0,0,0,0,0,0
61752,1,1,2000,25,25,25,25,25,25,25,25,25,25
61753,1,1,2000,0,0,0,0,0,0,0,0,0,0
61754,0,1,2000,27,27,27,27,27,27,27,27,27,27
61754,1,1,2000,0,0,0,0,0,0,0,0,0,0
61755,0,1,2000,0,0,0,0,0,0,0,0,0,0
61755,1,1,2000,0,0,0,0,0,0,0,0,0,0
61756,1,1,2000,14,14,14,14,14,14,14,14,14,14
61757,0,1,2000,0,0,0,0,0,0,0,0,0,0
61757,1,1,2000,0,0,0,0,0,0,0,0,0,0
61758,0,1,2000,0,0,0,0,0,0,0,0,0,0
61758,1,1,2000,0,0,0,0,0,0,0,0,0,0
61759,0,1,2000,18,18,18,18,18,18,18,18,18,18
61759,1,1,2000,0,0,0,0,0,0,0,0,0,0
61760,0,1,2000,0,0,0,0,0,0,0,0,0,0
61760,1,1,2000,0,0,0,0,0,0,0,0,0,0
61761,1,1,2000,22,22,22,22,22,22,22,22,22,22
61762,1,1,2000,0,0,0,0,0,0,0,0,0,0
61763,1,1,2000,27,27,27,27,27,27,27,27,27,27
61764,0,1,2000,0,0,0,0,0,0,0,0,0,0
61764,1,1,2000,0,0,0,21,0,0,0,0,0,0
61765,0,1,2000,0,0,0,0,0,0,0,0,0,0
61765,1,1,2000,0,0,0,0,0,0,0,0,0,0
61766,0,1,2000,0,0,0,0,0,0,0,0,0,0
61766,1,1,2000,0,0,0,0,0,0,0,0,0,0
61767,0,1,2000,0,0,0,0,0,0,0,0,7,0
61767,1,1,2000,0,0,0,0,0,0,0,0,0,0
61768,1,1,2000,0,0,0,0,0,0,0,0,0,0
61769,1,1,2000,11,11,11,11,11,11,11,11,11,11
61770,1,1,2000,0,0,0,0,0,0,0,0,0,0
61771,1,1,2000,0,0,0,0,0,0,0,0,0,0
61772,1,1,2000,25,25,25,25,25,25,25,25,25,25
61773,1,1,2000,0,0,0,0,0,0,0,0,0,0
61774,1,1,2000,0,0,0,0,0,0,0,0,0,0
61775,0,1,2000,15,15,15,15,15,15,15,15,15,15
61775,1,1,2000,0,0,0,0,0,0,0,0,0,0
61776,0,1,2000,0,0,0,0,0,0,0,0,0,0
61776,1,1,2000,0,0,0,0,0,0,0,0,0,0
61777,1,1,2000,0,0,0,0,0,0,0,0,0,0
61778,1,1,2000,0,0,0,0,0,0,0,0,0,0
61779,0,1,2000,44,44,44,44,44,44,44,44,44,44
61779,1,1,2000,0,0,0,0,0,0,0,0,0,0
61780,1,1,2000,5,5,5,5,5,5,5,5,5,5
61781,1,1,2000,10,10,10,10,10,10,10,10,10,10
61782,0,1,2000,0,0,0,0,0,0,0,0,0,0
61782,1,1,2000,0,0,0,0,0,0,0,0,0,0
61783,1,1,2000,0,0,0,0,0,0,0,0,0,0
61784,1,1,2000,0,0,0,0,0,0,0,0,0,0
61785,1,1,2000,0,0,0,0,0,0,0,0,0,0
61786,1,1,2000,0,0,0,0,0,0,0,0,0,0
61786,2,1,2000,0,0,0,0,0,0,0,0,0,0
61787,1,1,2000,0,0,0,0,0,0,0,0,0,0
61787,2,1,2000,0,0,0,0,0,0,0,0,0,0
61788,1,1,2000,0,0,0,0,0,0,0,0,0,0
61788,2,1,2000,0,0,0,0,0,0,0,0,0,0
61789,1,1,2000,0,0,0,0,0,0,0,0,0,0
61789,2,1,2000,0,0,0,0,0,0,0,0,0,0
61790,1,1,2000,0,0,0,0,0,0,0,0,0,0
61790,2,1,2000,0,0,0,0,0,0,0,0,0,0
61791,1,1,2000,0,0,0,0,0,0,0,0,0,0
61791,2,1,2000,4,10,18,19,0,15,9,0,11,0
61792,1,1,2000,21,21,21,21,21,21,21,21,21,21
61792,2,1,2000,0,0,0,0,0,0,0,0,0,0
61793,1,1,2000,0,0,0,0,0,0,0,0,0,0
61793,2,1,2000,0,0,0,0,0,0,0,0,0,0
61794,1,1,2000,0,0,0,0,0,0,0,0,0,0
61794,2,1,2000,0,0,0,0,0,0,0,0,0,0
61795,1,1,2000,0,0,0,0,0,0,0,0,0,0
61795,2,1,2000,0,19,0,0,14,12,18,18,4,0
61796,1,1,2000,0,0,0,0,0,0,0,0,0,0
61796,2,1,2000,0,0,0,0,0,0,0,0,0,0
61797,1,1,2000,24,6,0,29,0,20,0,11,15,22
61798,0,1,2000,27,27,27,27,27,27,27,27,27,27
61798,1,1,2000,0,0,0,0,0,0,0,0,0,0
61799,1,1,2000,0,0,0,0,0,0,0,0,0,0
61799,2,1,2000,0,0,0,0,0,0,0,0,0,0
61800,1,1,2000,0,0,0,0,0,0,0,0,0,0
61800,2,1,2000,0,0,0,0,0,0,0,0,0,0
61801,1,1,2000,0,0,0,0,0,0,0,0,0,0
61801,2,1,2000,0,0,0,0,0,0,0,0,0,0
61802,1,1,2000,3,0,12,0,0,0,0,0,0,0
61803,1,1,2000,0,0,0,0,0,0,0,0,0,0
61803,2,1,2000,0,0,0,0,0,0,0,0,0,0
61804,1,1,2000,14,0,0,0,0,0,0,0,0,0
61804,2,1,2000,0,0,0,0,0,0,0,0,0,0
61805,1,1,2000,0,0,0,0,0,0,0,0,0,0
61805,2,1,2000,0,0,0,0,0,0,0,0,0,0
61806,0,1,2000,27,27,27,27,27,27,27,27,27,27
61806,1,1,2000,0,0,0,11,0,0,0,0,11,0
61807,0,1,2000,13,13,13,13,13,13,13,13,13,13
61807,0,2,2000,31,30,13,25,0,26,17,10,27,0
61807,1,1,2000,0,0,0,0,0,0,0,0,0,0
61808,0,1,2000,0,0,0,0,0,0,0,0,0,0
61808,1,1,2000,0,0,0,0,0,0,0,0,0,0
61809,0,1,2000,14,0,0,0,14,0,18,0,0,0
61809,1,1,2000,0,0,0,0,0,0,0,0,0,0
61810,0,1,2000,0,0,0,0,0,0,0,0,0,0
61810,1,1,2000,5,16,12,0,9,12,13,21,4,0
61811,0,1,2000,0,0,0,0,0,0,0,0,0,0
61811,1,1,2000,0,27,0,0,0,0,0,25,10,0
61812,1,1,2000,17,17,17,17,17,17,17,17,17,17
61813,1,1,2000,0,0,0,0,0,0,0,0,0,0
61814,1,1,2000,0,0,0,0,0,0,0,0,0,0
61815,1,1,2000,0,0,0,0,0,0,0,0,0,0
61816,1,1,2000,0,0,0,0,0,0,0,0,0,0
61817,1,1,2000,22,22,22,22,22,22,22,22,22,22
61818,1,1,2000,0,0,0,0,0,0,0,0,0,0
61819,1,1,2000,15,15,15,15,15,15,15,15,15,15
61820,1,1,2000,4,4,4,4,4,4,4,4,4,4
61821,1,1,2000,0,0,0,0,0,0,0,0,0,0
61822,1,1,2000,19,19,19,19,19,19,19,19,19,19
61823,1,1,2000,3,3,3,3,3,3,3,3,3,3
61824,1,1,2000,16,16,16,16,16,16,16,16,16,16
61824,2,1,2000,0,0,0,0,0,0,0,0,0,0
61825,1,1,2000,0,32,0,12,0,7,8,14,0,0
61825,2,1,2000,0,0,0,2,0,0,0,0,0,0
61826,1,1,2000,0,0,0,0,0,0,0,0,0,0
61826,2,1,2000,0,0,0,0,0,0,0,21,0,0
61827,0,1,2000,0,0,0,0,0,0,0,0,0,0
61827,0,2,2000,8,0,20,0,10,0,0,12,0,18
61827,1,1,2000,13,13,13,13,13,13,13,13,13,13
61828,1,1,2000,0,0,0,0,0,0,0,0,0,0
61828,2,1,2000,0,0,0,0,0,0,0,0,0,0
61829,1,1,2000,0,0,0,0,14,0,0,0,0,0
61829,2,1,2000,0,0,0,0,0,0,0,0,0,0
61830,0,1,2000,0,0,0,0,0,0,0,0,0,0
61830,1,1,2000,0,0,0,0,0,0,0,0,0,0
61831,1,1,2000,0,28,0,0,0,0,0,0,16,0
61832,0,1,2000,29,29,29,29,29,29,29,29,29,29
61832,1,1,2000,0,0,0,0,0,0,0,0,0,0
61832,2,1,2000,0,0,0,0,0,0,0,0,0,0
61833,1,1,2000,0,0,0,0,0,0,0,0,0,0
61833,2,1,2000,0,0,0,0,0,0,0,0,0,0
61834,1,1,2000,0,0,0,0,0,0,0,0,0,0
61834,2,1,2000,27,27,27,27,27,27,27,27,27,27
61835,1,1,2000,0,0,13,0,0,0,0,0,0,0
61835,2,1,2000,16,16,16,16,16,16,16,16,16,16
61836,0,1,2000,24,24,24,24,24,24,24,24,24,24
61836,0,2,2000,22,22,22,22,22,22,22,22,22,22
61836,1,1,2000,0,0,0,0,0,0,0,0,0,0
61837,1,1,2000,0,0,0,0,0,0,0,0,0,0
61837,2,1,2000,0,0,0,0,0,0,0,0,0,0
61838,1,1,2000,0,0,0,0,0,0,0,0,0,0
61838,2,1,2000,0,0,0,0,0,0,0,0,0,0
61839,1,1,2000,14,14,14,14,14,14,14,14,14,14
61839,2,1,2000,0,0,0,0,0,0,0,0,0,0
61840,1,1,2000,0,0,0,0,0,0,0,0,0,0
61840,2,1,2000,0,0,0,0,0,0,0,0,0,0
61841,1,1,2000,0,0,0,0,0,0,0,0,0,0
61841,2,1,2000,0,0,0,0,0,0,0,0,0,0
61842,1,1,2000,0,0,0,0,0,0,0,0,0,0
61842,2,1,2000,0,0,0,0,0,0,0,0,0,0
61843,1,1,2000,13,13,13,13,13,13,13,13,13,13
61843,2,1,2000,0,0,0,0,0,0,0,0,0,0
61844,1,1,2000,0,0,0,0,0,0,0,0,0,0
61844,2,1,2000,0,0,0,0,0,0,0,0,0,0
61845,1,1,2000,1,0,0,0,0,0,0,0,0,0
61845,2,1,2000,0,0,0,0,0,0,0,0,0,0
61846,1,1,2000,0,0,0,0,0,0,0,0,0,0
61846,2,1,2000,0,0,0,0,0,0,0,0,0,0
61847,1,1,2000,0,0,0,0,0,0,0,0,0,0
61847,2,1,2000,0,0,0,0,0,0,0,0,0,0
61848,1,1,2000,0,0,0,0,0,0,0,0,0,0
61848,2,1,2000,0,0,0,0,0,0,0,0,0,0
61849,1,1,2000,0,0,0,0,0,0,0,0,0,0
61849,2,1,2000,0,0,0,0,0,0,0,0,0,0
61850,1,1,2000,0,0,0,0,0,0,0,0,0,0
61850,2,1,2000,0,0,0,0,0,0,0,0,0,0
61851,1,1,2000,0,0,0,0,0,0,0,0,0,0
61851,2,1,2000,0,0,0,0,0,0,0,0,0,0
61852,1,1,2000,0,0,0,0,0,17,0,0,10,0
61852,2,1,2000,0,0,0,0,0,0,0,0,31,0
61853,1,1,2000,0,0,0,0,0,0,0,0,0,0
61853,2,1,2000,0,0,0,0,0,0,0,0,0,23
61854,1,1,2000,0,0,0,0,0,0,0,0,0,0
61855,1,1,2000,7,7,7,7,7,7,7,7,7,7
61856,1,1,2000,23,23,23,23,23,23,23,23,23,23
61857,1,1,2000,0,0,0,0,0,0,0,0,0,0
61858,1,1,2000,0,0,0,0,0,0,0,0,0,0
61859,1,1,2000,9,9,9,9,9,9,9,9,9,9
61859,2,1,2000,0,0,0,0,0,0,0,0,0,0
61860,1,1,2000,22,22,22,22,22,22,22,22,22,22
61860,2,1,2000,0,0,0,0,0,0,0,0,0,0
61861,1,1,2000,0,0,0,0,0,0,8,0,0,0
61861,2,1,2000,0,0,0,0,0,0,0,0,0,0
61862,1,1,2000,0,0,0,0,0,0,0,0,0,0
61862,2,1,2000,0,0,5,0,0,0,0,0,0,0
61863,1,1,2000,0,0,16,0,0,0,0,0,0,0
61863,2,1,2000,0,0,0,0,0,0,0,0,0,0
61864,1,1,2000,15,15,15,15,15,15,15,15,15,15
61865,1,1,2000,0,0,0,0,0,0,0,0,0,0
61865,2,1,2000,0,0,0,0,0,0,20,0,14,0
61866,0,1,2000,28,28,28,28,28,28,28,28,28,28
61866,1,1,2000,0,10,0,0,0,0,0,0,0,0
61867,1,1,2000,0,0,0,0,0,0,0,0,0,0
61867,2,1,2000,0,0,0,0,0,0,0,0,0,0
61868,1,1,2000,5,0,0,0,0,0,0,0,0,0
61868,2,1,2000,0,0,0,0,0,0,0,0,0,0
61869,1,1,2000,8,8,8,8,8,8,8,8,8,8
61869,2,1,2000,0,0,21,0,0,0,19,0,0,0
61870,1,1,2000,0,0,0,0,0,0,0,0,0,0
61870,2,1,2000,0,0,0,22,0,0,0,0,0,0
61871,1,1,2000,0,0,0,0,0,0,0,0,0,0
61871,2,1,2000,0,0,0,2,4,0,0,0,0,4
61872,1,1,2000,19,19,19,19,19,19,19,19,19,19
61873,1,1,2000,18,18,18,18,18,18,18,18,18,18
61873,2,1,2000,0,0,14,0,7,0,0,0,0,0
61874,1,1,2000,0,0,0,0,0,0,0,0,0,0
61874,2,1,2000,0,0,0,0,0,0,0,0,0,0
61875,1,1,2000,0,0,0,0,0,0,0,0,0,0
61875,2,1,2000,0,0,0,0,0,0,0,0,0,0
61876,1,1,2000,16,0,0,0,0,0,0,0,0,0
61876,2,1,2000,0,0,0,0,0,0,0,0,0,0
61877,1,1,2000,0,0,0,0,0,0,0,0,0,0
61877,2,1,2000,0,0,0,0,0,0,9,0,0,0
61878,1,1,2000,21,21,21,21,21,21,21,21,21,21
61878,2,1,2000,0,0,0,0,0,0,0,0,0,0
61879,1,1,2000,19,19,19,19,19,19,19,19,19,19
61879,2,1,2000,0,0,0,0,0,0,0,0,0,0
61880,1,1,2000,12,12,12,12,12,12,12,12,12,12
61880,2,1,2000,0,0,0,0,0,0,0,0,0,0
61881,1,1,2000,18,0,0,0,0,0,0,8,0,0
61881,2,1,2000,0,0,0,0,0,0,0,0,0,0
61882,1,1,2000,0,0,0,0,0,0,0,0,0,0
61883,1,1,2000,0,0,0,0,0,0,0,0,0,0
61883,2,1,2000,0,0,0,0,0,0,0,0,0,0
61883,3,1,2000,0,0,0,0,0,0,0,0,0,0
61883,4,1,2000,0,0,0,0,0,0,0,0,0,0
61884,1,1,2000,0,0,0,0,0,0,0,0,0,0
61884,2,1,2000,0,0,0,0,0,0,0,0,0,0
61885,1,1,2000,0,0,0,0,0,0,0,0,0,0
61885,2,1,2000,0,0,0,0,0,0,0,0,0,0
61886,1,1,2000,0,0,0,0,0,0,0,0,0,0
61886,2,1,2000,0,0,0,0,0,0,0,0,0,0
61887,0,1,2000,3,3,3,3,3,3,3,3,3,3
61887,0,2,2000,18,6,0,12,19,18,6,3,0,6
61887,0,3,2000,29,14,0,0,27,19,7,2,0,0
61887,1,1,2000,26,26,26,26,26,26,26,26,26,26
61888,1,1,2000,20,20,20,20,20,20,20,20,20,20
61889,1,1,2000,0,0,0,0,0,0,0,0,0,0
61889,2,1,2000,0,0,0,0,0,0,0,0,0,0
61890,1,1,2000,0,0,0,0,0,0,0,0,0,0
61890,2,1,2000,0,0,0,0,0,0,0,0,0,0
61891,1,1,2000,0,0,0,0,0,0,0,0,0,0
61891,2,1,2000,0,0,0,0,15,0,0,0,0,20
61892,1,1,2000,0,0,0,0,0,0,0,0,0,0
61892,2,1,2000,0,0,0,0,0,0,0,0,0,0
61893,1,1,2000,20,20,20,20,20,20,20,20,20,20
61893,2,1,2000,0,0,0,0,0,0,0,0,0,0
61894,1,1,2000,16,16,16,16,16,16,16,16,16,16
61894,2,1,2000,0,0,0,0,0,0,0,0,0,0
61895,1,1,2000,14,14,14,14,14,14,14,14,14,14
61895,2,1,2000,0,0,0,0,0,0,0,0,14,0
61896,1,1,2000,0,0,0,0,0,0,0,0,0,0
61896,2,1,2000,0,0,0,0,0,0,0,0,0,0
61897,1,1,2000,0,0,0,0,0,0,0,0,0,0
61897,2,1,2000,15,0,0,0,0,0,0,0,0,0
61898,1,1,2000,0,0,0,0,0,0,0,0,0,0
61898,2,1,2000,1,1,1,1,1,1,1,1,1,1
61899,1,1,2000,0,0,0,0,0,0,0,0,0,0
61899,2,1,2000,0,0,0,0,0,0,0,0,0,10
61900,1,1,2000,0,0,0,0,0,0,0,0,0,0
61900,2,1,2000,0,0,0,0,0,0,0,26,0,0
61901,1,1,2000,1,1,1,1,1,1,1,1,1,1
61901,2,1,2000,0,0,0,0,0,0,0,0,0,0
61902,1,1,2000,10,10,10,10,10,10,10,10,10,10
61902,2,1,2000,0,0,0,0,0,0,0,0,0,0
61903,1,1,2000,0,0,0,0,0,0,0,0,0,0
61904,1,1,2000,9,9,9,9,9,9,9,9,9,9
61905,1,1,2000,0,0,0,0,0,0,0,0,0,0
61906,1,1,2000,15,15,15,15,15,15,15,15,15,15
61907,1,1,2000,0,0,0,0,0,0,0,0,0,0
61908,1,1,2000,14,14,14,14,14,14,14,14,14,14
61909,1,1,2000,22,22,22,22,22,22,22,22,22,22
61910,1,1,2000,0,0,0,0,0,0,0,0,0,0
61911,1,1,2000,33,33,33,33,33,33,33,33,33,33
61912,1,1,2000,20,20,20,20,20,20,20,20,20,20
61913,1,1,2000,28,28,28,28,28,28,28,28,28,28
61914,1,1,2000,0,0,0,0,0,0,15,21,0,0
61915,1,1,2000,3,3,3,3,3,3,3,3,3,3
61915,2,1,2000,6,6,6,6,6,6,6,6,6,6
61915,3,1,2000,0,0,0,0,0,0,0,0,0,0
61916,1,1,2000,11,11,11,11,11,11,11,11,11,11
61916,2,1,2000,0,0,0,0,0,0,0,0,0,0
61917,1,1,2000,0,0,0,0,0,0,0,0,0,0
61917,2,1,2000,0,0,0,0,0,0,0,0,15,0
61918,1,1,2000,9,9,9,9,9,9,9,9,9,9
61918,2,1,2000,0,0,0,0,0,0,0,0,0,0
61919,1,1,2000,13,13,13,13,13,13,13,13,13,13
61919,2,1,2000,0,0,0,0,0,0,0,0,0,0
61920,1,1,2000,32,32,32,32,32,32,32,32,32,32
61920,2,1,2000,0,0,0,0,0,0,0,0,0,0
61921,1,1,2000,0,0,0,0,0,0,0,0,0,0
61921,2,1,2000,0,0,0,0,0,0,0,0,0,0
61922,1,1,2000,4,4,4,4,4,4,4,4,4,4
61922,2,1,2000,0,0,0,0,0,0,0,0,0,0
61923,1,1,2000,0,0,0,0,0,0,0,0,0,0
61923,2,1,2000,0,0,10,0,0,0,0,0,0,0
61924,1,1,2000,0,15,0,0,0,0,0,6,0,0
61924,2,1,2000,0,0,0,0,0,0,0,0,0,0
61925,1,1,2000,0,0,0,0,0,0,0,0,0,0
61925,2,1,2000,0,0,0,0,0,0,0,0,0,0
61926,1,1,2000,0,0,0,0,0,0,0,0,0,0
61926,2,1,2000,0,0,0,0,0,0,0,0,0,0
61927,1,1,2000,23,23,23,23,23,23,23,23,23,23
61927,2,1,2000,0,7,0,0,0,0,0,0,0,0
61928,1,1,2000,0,0,0,0,0,0,0,0,0,0
61928,2,1,2000,0,0,0,0,0,0,0,0,0,0
61929,0,1,2000,0,0,0,0,0,0,0,0,0,0
61929,1,1,2000,0,0,0,0,0,0,0,0,0,0
61930,1,1,2000,0,0,0,0,0,0,0,0,0,0
61930,2,1,2000,0,0,0,19,0,0,0,0,0,0
61931,0,1,2000,21,21,21,21,21,21,21,21,21,21
61931,1,1,2000,15,0,17,0,15,0,0,0,0,0
61932,1,1,2000,12,12,12,12,12,12,12,12,12,12
61933,1,1,2000,14,14,14,14,14,14,14,14,14,14
61934,1,1,2000,0,0,0,0,0,0,0,0,0,0
61935,1,1,2000,0,0,0,0,0,0,0,0,0,0
61935,2,1,2000,0,0,0,0,0,0,0,0,0,0
61936,1,1,2000,0,0,0,0,0,0,0,0,0,0
61936,2,1,2000,0,0,0,0,0,0,0,0,0,0
61937,1,1,2000,0,0,0,0,0,0,0,0,0,0
61937,2,1,2000,0,0,0,0,0,0,0,0,0,0
61938,1,1,2000,16,11,22,2,20,14,8,16,24,11
61938,2,1,2000,0,0,0,0,0,0,0,0,0,0
61939,1,1,2000,0,0,0,0,0,0,0,0,0,0
61939,2,1,2000,0,0,0,0,0,0,0,17,0,0
61940,1,1,2000,0,0,0,0,0,0,0,0,0,0
61940,2,1,2000,21,21,21,21,21,21,21,21,21,21
61941,1,1,2000,0,0,0,0,0,0,0,0,0,0
61941,2,1,2000,0,0,0,0,0,0,0,0,0,0
61942,1,1,2000,0,0,0,0,0,0,0,0,0,0
61942,2,1,2000,0,0,0,0,0,0,0,0,0,0
61943,1,1,2000,0,0,0,0,0,0,0,0,0,0
61943,2,1,2000,4,4,4,4,4,4,4,4,4,4
61944,1,1,2000,0,0,0,0,0,0,0,0,0,0
61944,2,1,2000,0,0,0,0,0,0,0,0,14,0
61945,1,1,2000,0,0,0,0,0,0,0,0,0,0
61945,2,1,2000,0,0,0,0,0,0,0,0,0,0
61946,1,1,2000,0,0,0,0,0,0,0,0,0,0
61947,1,1,2000,0,0,0,0,0,0,0,0,0,0
61947,2,1,2000,0,0,0,0,0,0,0,0,0,0
61948,1,1,2000,0,0,0,0,0,0,0,0,0,0
61948,2,1,2000,0,0,0,0,0,0,0,0,0,0
61949,1,1,2000,16,16,16,16,16,16,16,16,16,16
61949,2,1,2000,0,0,0,0,0,0,0,0,0,0
61950,1,1,2000,0,0,0,0,0,0,0,0,0,0
61951,1,1,2000,0,0,0,0,0,0,0,0,0,0
61951,2,1,2000,0,0,0,0,0,0,0,0,0,0
61952,1,1,2000,0,0,0,0,0,0,0,0,0,0
61952,2,1,2000,0,0,0,0,0,0,0,0,0,0
61953,1,1,2000,0,0,0,0,0,0,0,0,0,0
61953,2,1,2000,0,0,21,0,0,21,0,0,0,0
61954,1,1,2000,12,12,12,12,12,12,12,12,12,12
61954,2,1,2000,11,11,11,11,11,11,11,11,11,11
61955,1,1,2000,0,0,0,0,0,0,0,0,0,0
61955,2,1,2000,0,0,0,0,0,0,0,0,0,0
61956,1,1,2000,0,0,0,0,0,0,0,0,0,0
61956,2,1,2000,0,4,0,0,0,0,0,0,0,0
61957,1,1,2000,0,0,0,0,0,0,0,0,0,0
61957,2,1,2000,1,1,1,1,1,1,1,1,1,1
61958,1,1,2000,0,0,0,0,0,0,0,0,0,0
61958,2,1,2000,0,0,0,17,0,0,0,0,0,0
61959,1,1,2000,0,0,0,0,7,0,0,0,0,16
61959,2,1,2000,0,0,0,0,0,0,0,0,0,0
61960,1,1,2000,0,0,0,0,0,0,0,0,0,0
61960,2,1,2000,0,0,0,0,0,0,0,0,0,0
61961,1,1,2000,29,29,29,29,29,29,29,29,29,29
61961,2,1,2000,0,0,0,0,0,0,0,0,0,0
61962,1,1,2000,0,0,0,0,0,0,0,0,0,0
61962,2,1,2000,0,0,0,0,0,0,0,0,0,0
61963,1,1,2000,0,0,0,0,0,0,0,0,0,0
61963,2,1,2000,0,0,0,0,0,0,0,0,0,5
61964,1,1,2000,2,2,2,2,2,2,2,2,2,2
61964,2,1,2000,0,0,0,0,0,0,0,0,0,0
61965,0,1,2000,0,0,0,0,0,0,0,0,0,0
61965,0,2,2000,11,0,0,0,0,0,0,0,0,0
61965,1,1,2000,0,0,18,0,16,24,0,0,0,0
61966,1,1,2000,0,0,0,0,0,0,0,0,0,0
61966,2,1,2000,0,0,0,0,0,0,0,0,0,0
61967,1,1,2000,0,0,0,0,0,0,0,0,0,0
61967,2,1,2000,0,0,0,0,0,0,0,0,0,0
61968,1,1,2000,17,17,17,17,17,17,17,17,17,17
61968,2,1,2000,0,0,0,0,0,0,0,23,0,0
61969,0,1,2000,0,0,0,0,0,0,0,0,0,0
61969,1,1,2000,11,11,11,11,11,11,11,11,11,11
61970,1,1,2000,3,3,3,3,3,3,3,3,3,3
61970,2,1,2000,0,0,0,0,0,0,0,0,0,0
61971,1,1,2000,23,23,23,23,23,23,23,23,23,23
61971,2,1,2000,0,0,0,0,0,0,0,0,0,0
61972,1,1,2000,0,0,0,0,0,0,0,0,0,0
61973,0,1,2000,0,0,0,0,0,0,0,0,0,0
61973,1,1,2000,16,16,16,16,16,16,16,16,16,16
61974,0,1,2000,0,0,0,0,0,0,0,0,0,0
61974,1,1,2000,0,17,0,0,0,0,0,0,0,0
61975,0,1,2000,0,0,0,0,0,0,0,0,0,0
61975,1,1,2000,0,0,0,0,0,0,0,0,0,0
61976,1,1,2000,0,0,0,0,0,0,0,0,0,0
61977,0,1,2000,0,0,0,0,0,0,0,0,0,0
61977,1,1,2000,0,0,0,0,0,0,0,0,0,0
61978,0,1,2000,2,2,2,2,2,2,2,2,2,2
61978,1,1,2000,5,5,5,5,5,5,5,5,5,5
61979,1,1,2000,14,14,14,14,14,14,14,14,14,14
61980,1,1,2000,0,0,0,0,0,0,0,0,0,0
61981,1,1,2000,12,12,12,12,12,12,12,12,12,12
61982,1,1,2000,0,0,0,0,7,0,0,0,21,0
61983,1,1,2000,0,0,0,0,0,0,0,0,0,0
61984,1,1,2000,25,25,25,25,25,25,25,25,25,25
61985,1,1,2000,16,16,16,16,16,16,16,16,16,16
61986,1,1,2000,11,11,11,11,11,11,11,11,11,11
61987,1,1,2000,23,23,23,23,23,23,23,23,23,23
61988,1,1,2000,0,0,0,0,0,0,0,0,0,0
61989,1,1,2000,18,18,18,18,18,18,18,18,18,18
61990,1,1,2000,7,0,0,12,16,0,16,0,0,11
61991,1,1,2000,0,0,0,0,0,0,0,0,0,0
61992,1,1,2000,35,35,35,35,35,35,35,35,35,35
61993,1,1,2000,17,17,17,17,17,17,17,17,17,17
61993,2,1,2000,0,0,0,0,0,0,0,0,0,0
61994,1,1,2000,19,19,19,19,19,19,19,19,19,19
61994,2,1,2000,9,0,0,0,0,0,0,0,0,0
61995,1,1,2000,0,0,0,0,0,0,0,0,0,0
61995,2,1,2000,0,0,0,0,0,0,0,0,0,0
61996,1,1,2000,0,0,0,0,0,0,0,0,0,0
61996,2,1,2000,0,0,0,0,0,0,0,0,0,0
61997,1,1,2000,0,0,0,0,0,0,0,0,14,0
61997,2,1,2000,0,0,0,0,0,0,0,0,0,0
61998,1,1,2000,0,0,0,0,0,0,0,0,0,0
61998,2,1,2000,0,0,0,0,0,0,0,0,0,0
61999,1,1,2000,0,0,0,0,0,0,0,0,0,0
61999,2,1,2000,11,11,11,11,11,11,11,11,11,11
62000,1,1,2000,0,0,0,0,0,0,0,0,0,0
62000,2,1,2000,0,0,0,0,0,0,0,0,0,0
62001,1,1,2000,0,0,0,0,0,0,0,0,0,0
62001,2,1,2000,0,0,0,0,0,0,0,0,0,2
62002,1,1,2000,0,0,0,0,0,0,0,0,0,0
62002,2,1,2000,0,0,0,0,0,0,0,0,0,0
62003,1,1,2000,0,0,0,0,0,0,0,0,0,0
62003,2,1,2000,0,0,0,0,19,0,0,0,0,0
62004,1,1,2000,0,0,0,0,0,0,0,0,0,0
62004,2,1,2000,0,0,0,0,0,0,0,0,0,0
62005,1,1,2000,0,0,0,4,0,0,0,0,0,0
62005,2,1,2000,0,0,0,0,0,0,0,0,0,0
62006,1,1,2000,17,17,17,17,17,17,17,17,17,17
62006,2,1,2000,0,13,18,0,0,26,0,0,10,9
62007,1,1,2000,12,0,0,0,14,0,0,10,0,0
62007,2,1,2000,0,0,0,0,0,0,0,0,0,0
62008,1,1,2000,0,0,0,0,0,0,0,0,0,0
62008,2,1,2000,0,18,0,0,0,0,0,0,0,0
62009,1,1,2000,22,0,0,0,15,0,0,0,0,13
62009,2,1,2000,0,0,0,0,0,0,0,0,0,0