ST_CASE,VEH_NO,PER_NO,YEAR,P1,P2,P3,P4,P5,P6,P7,P8,P9,P10
62010,0,1,2000,0,0,0,0,0,0,0,0,0,0
62010,1,1,2000,0,0,0,0,0,0,0,9,0,0
62011,1,1,2000,0,0,0,0,0,0,0,0,0,0
62011,2,1,2000,0,0,0,0,0,0,0,0,0,0
62012,1,1,2000,0,0,0,0,0,0,0,0,0,0
62012,2,1,2000,0,0,0,0,0,0,0,0,0,0
62013,1,1,2000,0,0,0,0,0,0,0,0,0,0
62013,2,1,2000,2,2,2,2,2,2,2,2,2,2
62014,1,1,2000,0,0,0,0,0,0,0,0,0,0
62014,2,1,2000,0,0,0,0,0,0,0,0,0,0
62015,1,1,2000,3,3,3,3,3,3,3,3,3,3
62015,2,1,2000,2,2,2,2,2,2,2,2,2,2
62016,1,1,2000,14,14,14,14,14,14,14,14,14,14
62016,2,1,2000,0,0,10,0,0,0,0,0,0,0
62017,1,1,2000,27,27,27,27,27,27,27,27,27,27
62017,2,1,2000,15,15,15,15,15,15,15,15,15,15
62018,1,1,2000,0,0,0,0,0,0,0,0,0,0
62018,2,1,2000,0,0,0,0,0,0,0,0,0,0
62019,1,1,2000,0,0,0,0,0,0,0,0,0,0
62019,2,1,2000,0,0,0,0,0,0,0,0,0,0
62020,1,1,2000,0,0,0,0,0,0,0,0,0,0
62021,1,1,2000,14,14,14,14,14,14,14,14,14,14
62021,2,1,2000,0,0,0,0,0,0,0,0,0,0
62022,1,1,2000,0,0,0,0,0,0,0,0,0,0
62022,2,1,2000,0,0,0,0,0,0,0,0,0,0
62023,1,1,2000,2,2,2,2,2,2,2,2,2,2
62023,2,1,2000,0,0,0,0,0,0,0,0,0,0
62024,1,1,2000,0,0,0,0,0,0,0,0,0,0
62024,2,1,2000,0,0,0,0,0,0,0,0,0,0
62025,1,1,2000,1,1,1,1,1,1,1,1,1,1
62025,2,1,2000,0,0,0,0,0,0,0,0,0,0
62026,1,1,2000,0,0,0,0,0,0,0,0,0,0
62026,2,1,2000,0,0,0,0,0,0,0,0,0,0
62027,1,1,2000,0,0,0,0,0,0,0,0,0,0
62027,2,1,2000,0,0,0,0,0,0,0,0,0,0
62028,0,1,2000,2,2,2,2,2,2,2,2,2,2
62028,1,1,2000,0,0,0,0,10,15,0,9,0,0
62029,0,1,2000,20,20,20,20,20,20,20,20,20,20
62029,1,1,2000,0,0,0,0,0,0,0,0,0,0
62030,0,1,2000,0,0,0,0,0,0,0,0,0,0
62030,1,1,2000,0,0,0,0,0,0,0,0,0,0
62031,1,1,2000,17,17,17,17,17,17,17,17,17,17
62032,1,1,2000,0,0,0,0,0,0,0,0,0,0
62032,2,1,2000,0,0,0,0,0,0,0,0,0,0
62033,1,1,2000,10,10,10,10,10,10,10,10,10,10
62033,2,1,2000,0,0,0,0,0,0,0,0,0,0
62034,1,1,2000,0,0,0,0,0,0,0,0,0,0
62034,2,1,2000,0,0,0,0,0,0,0,4,0,0
62035,0,1,2000,2,2,2,2,2,2,2,2,2,2
62035,1,1,2000,0,0,5,0,0,0,0,0,0,0
62035,2,1,2000,0,0,0,0,0,0,0,0,0,0
62036,1,1,2000,13,13,13,13,13,13,13,13,13,13
62036,2,1,2000,0,0,0,0,0,0,0,0,0,0
62037,0,1,2000,0,0,0,0,0,0,0,0,0,0
62037,1,1,2000,0,0,0,0,0,0,0,0,0,0
62038,0,1,2000,0,0,0,0,0,0,0,0,0,0
62038,1,1,2000,20,20,20,20,20,20,20,20,20,20
62039,1,1,2000,6,6,6,6,6,6,6,6,6,6
62040,1,1,2000,0,0,0,0,0,0,0,0,0,0
62041,1,1,2000,0,0,0,0,0,0,0,0,0,0
62042,1,1,2000,10,10,10,10,10,10,10,10,10,10
62043,1,1,2000,0,0,0,0,7,0,0,0,0,0
62044,1,1,2000,3,3,3,3,3,3,3,3,3,3
62045,1,1,2000,0,0,0,0,0,0,0,0,0,0
62046,1,1,2000,21,21,21,21,21,21,21,21,21,21
62047,1,1,2000,0,0,0,0,0,0,0,0,0,0
62048,1,1,2000,0,0,0,0,0,0,0,0,0,0
62049,1,1,2000,0,0,0,0,0,0,0,0,0,0
62050,1,1,2000,18,18,18,18,18,18,18,18,18,18
62051,1,1,2000,0,10,0,13,0,0,0,0,0,0
62051,2,1,2000,0,0,0,0,0,0,0,0,0,0
62052,1,1,2000,0,0,0,0,0,0,0,0,0,0
62052,2,1,2000,0,0,0,0,0,0,0,0,0,0
62053,1,1,2000,26,26,26,26,26,26,26,26,26,26
62053,2,1,2000,0,0,0,0,0,0,0,0,0,0
62054,1,1,2000,5,5,5,5,5,5,5,5,5,5
62054,2,1,2000,0,0,0,0,0,0,0,0,0,0
62055,0,1,2000,0,0,0,0,0,0,0,0,0,0
62055,1,1,2000,12,12,12,12,12,12,12,12,12,12
62056,0,1,2000,6,6,6,6,6,6,6,6,6,6
62056,1,1,2000,0,0,0,0,0,0,0,0,0,0
62057,1,1,2000,0,0,0,0,0,0,23,0,0,0
62057,2,1,2000,23,23,23,23,23,23,23,23,23,23
62058,1,1,2000,0,0,0,0,0,0,0,0,0,0
62058,2,1,2000,0,0,0,0,0,0,0,0,0,0
62059,1,1,2000,12,12,12,12,12,12,12,12,12,12
62059,2,1,2000,0,0,0,0,0,0,0,0,0,0
62060,1,1,2000,0,0,0,0,0,0,0,0,0,0
62060,2,1,2000,0,0,0,0,0,0,0,0,0,0
62061,1,1,2000,0,0,0,0,4,0,0,0,0,0
62061,2,1,2000,0,0,0,0,0,0,0,0,0,0
62062,1,1,2000,0,0,0,0,0,0,0,0,0,0
62062,2,1,2000,0,0,0,0,0,0,0,0,0,0
62064,1,1,2000,4,4,4,4,4,4,4,4,4,4
62064,2,1,2000,0,0,0,0,0,0,0,0,0,0
62065,1,1,2000,0,0,0,0,0,0,0,0,0,0
62065,2,1,2000,0,0,0,0,0,0,0,0,0,0
62066,1,1,2000,13,13,13,13,13,13,13,13,13,13
62066,2,1,2000,0,0,8,0,0,0,0,0,0,0
62067,1,1,2000,0,0,0,0,0,0,0,0,0,0
62067,2,1,2000,0,0,0,0,0,0,0,0,0,0
62068,1,1,2000,0,0,0,0,20,30,0,16,0,0
62068,2,1,2000,0,0,0,0,0,0,0,0,0,0
62069,1,1,2000,0,0,0,0,0,0,0,0,0,0
62069,2,1,2000,0,0,0,16,0,0,0,0,0,0
62070,1,1,2000,0,0,0,0,0,0,0,0,0,0
62070,2,1,2000,0,0,0,0,0,0,0,0,0,0
62071,1,1,2000,0,0,0,0,0,0,0,0,0,0
62071,2,1,2000,0,0,0,0,0,0,0,0,0,0
62071,3,1,2000,0,0,0,0,0,0,0,0,0,0
62072,1,1,2000,0,0,0,0,0,0,0,0,0,0
62072,2,1,2000,0,0,0,0,0,0,0,0,0,0
62072,3,1,2000,0,0,0,0,0,0,0,0,0,0
62072,4,1,2000,0,0,0,0,0,20,0,0,0,0
62073,1,1,2000,0,0,0,0,0,0,0,0,0,0
62073,2,1,2000,0,0,0,0,0,0,0,0,0,0
62074,1,1,2000,0,0,0,0,0,0,4,0,0,0
62074,2,1,2000,0,0,0,0,0,0,0,0,0,0
62075,0,1,2000,32,32,32,32,32,32,32,32,32,32
62075,1,1,2000,0,0,0,0,0,0,0,0,0,0
62076,1,1,2000,22,0,0,0,0,0,0,31,0,0
62076,2,1,2000,0,0,0,0,0,0,0,0,0,0
62077,0,1,2000,0,0,0,0,0,0,0,0,0,0
62077,1,1,2000,0,3,31,6,8,7,23,0,14,12
62078,1,1,2000,0,0,0,0,0,0,0,0,0,0
62078,2,1,2000,0,0,0,0,0,0,0,0,0,0
62079,1,1,2000,0,0,0,0,0,0,0,0,0,0
62079,2,1,2000,0,0,0,0,0,0,0,0,0,0
62080,1,1,2000,0,0,0,0,0,0,0,0,0,0
62080,2,1,2000,0,0,0,0,6,0,0,0,0,0
62081,1,1,2000,0,0,0,0,0,0,0,0,0,0
62081,2,1,2000,0,0,0,0,0,0,0,0,0,0
62082,1,1,2000,0,0,0,0,0,0,0,0,0,0
62082,2,1,2000,0,0,0,0,0,0,0,0,0,0
62083,1,1,2000,31,31,31,31,31,31,31,31,31,31
62083,2,1,2000,0,0,0,0,0,0,0,0,0,0
62084,1,1,2000,18,18,18,18,18,18,18,18,18,18
62084,2,1,2000,0,0,0,0,0,0,2,0,5,14
62085,1,1,2000,0,0,0,0,0,0,0,0,0,0
62085,2,1,2000,0,0,0,0,0,0,0,0,0,0
62086,1,1,2000,0,0,0,0,0,0,0,0,0,0
62086,2,1,2000,22,22,22,22,22,22,22,22,22,22
62087,1,1,2000,0,0,0,0,0,0,0,0,0,0
62087,2,1,2000,0,0,0,0,0,0,0,0,0,0
62088,1,1,2000,0,0,0,0,0,0,0,0,0,0
62088,2,1,2000,0,0,0,0,0,0,0,0,0,0
62089,1,1,2000,0,0,0,0,17,0,10,0,0,0
62089,2,1,2000,5,0,0,8,0,26,11,0,23,0
62090,1,1,2000,0,0,0,0,0,0,0,0,0,0
62090,2,1,2000,0,0,0,0,0,0,0,0,0,0
62091,1,1,2000,0,0,0,0,0,0,0,0,0,0
62091,2,1,2000,0,0,0,0,0,0,0,0,0,0
62092,1,1,2000,44,44,44,44,44,44,44,44,44,44
62092,2,1,2000,0,0,0,0,0,0,0,0,0,0
62093,1,1,2000,11,11,11,11,11,11,11,11,11,11
62093,2,1,2000,0,0,2,31,20,11,0,0,0,0
62094,1,1,2000,0,0,0,0,0,0,0,0,0,0
62094,2,1,2000,0,0,0,0,0,0,0,0,0,0
62095,1,1,2000,0,0,0,0,0,0,0,0,0,0
62095,2,1,2000,0,0,0,0,0,0,0,0,0,0
62096,0,1,2000,30,30,30,30,30,30,30,30,30,30
62096,1,1,2000,0,0,0,0,0,0,0,0,0,0
62097,1,1,2000,0,0,0,0,0,0,0,0,0,0
62098,0,1,2000,0,0,0,0,0,35,0,0,0,0
62098,1,1,2000,0,0,0,0,0,0,0,0,0,0
62099,0,1,2000,0,0,0,0,0,0,0,0,0,0
62099,1,1,2000,0,0,0,0,0,0,0,0,9,13
62100,1,1,2000,0,0,0,0,0,0,0,0,0,0
62100,2,1,2000,0,0,0,0,0,0,0,0,0,0
62101,1,1,2000,0,0,0,0,0,0,0,0,0,0
62101,2,1,2000,0,0,0,0,0,0,0,0,0,0
62102,0,1,2000,0,0,0,0,0,0,0,0,0,0
62102,1,1,2000,0,0,0,0,0,0,0,0,0,0
62103,0,1,2000,0,0,0,0,0,0,0,0,0,0
62103,1,1,2000,0,0,0,0,0,0,0,0,0,0
62104,1,1,2000,24,24,24,24,24,24,24,24,24,24
62105,0,1,2000,0,0,0,0,0,0,0,0,0,0
62105,1,1,2000,6,6,6,6,6,6,6,6,6,6
62106,0,1,2000,0,0,0,0,0,0,0,0,0,0
62106,1,1,2000,0,0,0,0,0,0,0,0,0,0
62107,0,1,2000,0,0,0,0,0,0,0,0,0,0
62107,1,1,2000,0,0,0,0,0,0,0,0,0,0
62108,1,1,2000,0,0,0,0,20,0,19,0,0,0
62109,1,1,2000,0,0,0,0,0,0,0,0,0,0
62110,1,1,2000,7,7,7,7,7,7,7,7,7,7
62111,1,1,2000,0,0,0,0,0,0,0,0,8,0
62112,1,1,2000,1,1,1,1,1,1,1,1,1,1
62113,1,1,2000,10,10,10,10,10,10,10,10,10,10
62114,0,1,2000,0,21,22,0,28,0,5,7,13,0
62114,1,1,2000,18,0,8,0,8,0,0,0,0,0
62115,0,1,2000,0,0,0,0,0,0,34,0,0,0
62115,1,1,2000,0,0,0,0,0,0,0,0,0,0
62116,1,1,2000,18,18,18,18,18,18,18,18,18,18
62117,0,1,2000,0,0,0,0,0,0,0,0,0,0
62117,1,1,2000,22,22,22,22,22,22,22,22,22,22
62117,2,1,2000,0,0,0,0,0,0,0,0,0,0
62118,1,1,2000,0,0,0,0,0,0,0,0,0,0
62118,2,1,2000,0,0,0,0,0,0,0,0,0,0
62119,1,1,2000,0,0,0,0,0,0,0,0,0,0
62119,2,1,2000,0,0,0,0,0,0,0,0,0,0
62119,3,1,2000,0,0,0,0,0,0,0,0,0,0
62120,1,1,2000,0,0,22,0,0,0,9,0,0,0
62120,2,1,2000,0,0,0,0,0,0,0,0,0,0
62120,3,1,2000,0,0,0,0,0,0,0,0,0,0
62120,4,1,2000,0,0,0,0,0,0,0,0,0,0
62121,1,1,2000,0,0,0,0,0,0,0,0,0,0
62121,2,1,2000,0,0,0,0,0,0,0,0,0,0
62122,1,1,2000,12,12,12,12,12,12,12,12,12,12
62122,2,1,2000,0,0,0,0,0,0,0,0,0,0
62123,1,1,2000,0,0,0,0,0,0,0,0,0,0
62123,2,1,2000,0,0,0,0,16,0,0,0,0,0
62124,0,1,2000,0,0,0,0,0,0,0,0,0,0
62124,1,1,2000,0,0,0,0,0,0,10,0,0,0
62125,1,1,2000,20,20,20,20,20,20,20,20,20,20
62125,2,1,2000,0,0,0,0,0,0,0,0,0,0
62126,0,1,2000,0,0,0,0,0,0,0,0,0,0
62126,1,1,2000,0,0,0,0,0,0,0,0,0,0
62127,0,1,2000,10,7,44,25,26,25,45,30,15,20
62127,1,1,2000,0,0,0,0,0,0,0,0,0,0
62128,1,1,2000,0,0,0,0,0,0,0,0,0,0
62128,2,1,2000,0,0,0,0,0,0,0,0,0,0
62129,1,1,2000,0,0,0,0,0,0,0,0,0,0
62129,2,1,2000,0,0,0,0,0,0,0,0,0,0
62130,1,1,2000,0,0,0,0,0,0,0,0,0,0
62130,2,1,2000,0,0,0,0,0,0,0,0,0,0
62131,1,1,2000,0,0,0,0,0,0,0,0,4,0
62131,2,1,2000,0,0,0,0,0,0,0,0,0,0
62132,1,1,2000,0,0,0,0,0,0,0,0,0,0
62132,2,1,2000,0,0,0,0,0,0,0,0,0,0
62133,1,1,2000,0,0,0,0,0,0,0,0,0,0
62133,2,1,2000,0,0,0,0,0,0,0,0,0,0
62134,1,1,2000,0,0,0,0,0,0,0,0,0,0
62134,2,1,2000,0,0,0,0,0,0,0,0,0,0
62135,1,1,2000,0,0,0,0,0,0,0,0,0,0
62135,2,1,2000,0,0,0,0,0,0,0,0,0,0
62136,1,1,2000,0,0,0,0,0,0,0,0,0,0
62136,2,1,2000,0,0,0,0,0,0,0,0,0,0
62137,1,1,2000,0,0,0,0,0,0,0,0,0,0
62137,2,1,2000,0,0,0,0,0,0,0,0,0,0
62138,1,1,2000,0,0,0,0,0,0,0,0,0,0
62138,2,1,2000,0,0,0,0,0,0,0,0,0,0
62139,1,1,2000,0,0,0,0,0,0,0,0,0,0
62139,2,1,2000,0,0,0,0,0,0,0,0,0,0
62140,1,1,2000,0,0,0,0,0,0,0,0,0,0
62140,2,1,2000,0,0,0,0,0,0,0,0,0,0
62140,3,1,2000,0,0,0,0,0,0,0,0,0,0
62141,0,1,2000,0,0,0,0,0,0,0,0,0,0
62141,1,1,2000,0,0,0,0,0,0,0,0,0,0
62142,1,1,2000,0,0,0,0,0,0,0,0,0,0
62143,0,1,2000,0,0,0,0,0,0,0,0,0,0
62143,1,1,2000,0,0,0,0,0,0,6,0,0,0
62144,0,1,2000,0,0,0,0,0,0,0,0,0,0
62144,0,2,2000,12,0,0,24,0,0,0,0,0,0
62144,1,1,2000,0,0,0,0,0,0,0,0,0,0
62145,1,1,2000,0,10,7,12,2,9,2,12,12,11
62145,2,1,2000,0,0,0,0,0,0,0,0,0,0
62146,1,1,2000,0,0,0,0,0,0,0,0,0,0
62146,2,1,2000,0,10,0,0,0,17,0,5,0,0
62147,1,1,2000,12,12,12,12,12,12,12,12,12,12
62147,2,1,2000,0,0,0,0,0,0,0,0,0,0
62148,1,1,2000,0,0,0,0,0,0,0,0,0,0
62148,2,1,2000,0,0,0,0,0,0,0,0,0,0
62149,1,1,2000,0,0,0,0,0,0,0,0,0,0
62149,2,1,2000,0,0,0,0,0,0,0,0,0,0
62150,1,1,2000,0,0,0,0,0,0,0,0,0,0
62150,2,1,2000,1,1,1,1,1,1,1,1,1,1
62151,1,1,2000,0,0,0,0,0,0,0,0,0,0
62151,2,1,2000,0,0,0,0,0,0,0,0,0,0
62152,1,1,2000,0,0,0,0,2,0,0,0,0,2
62152,2,1,2000,0,0,0,0,0,0,0,0,0,0
62153,1,1,2000,0,0,0,0,0,0,0,0,0,0
62153,2,1,2000,0,0,0,0,0,0,0,0,0,0
62154,1,1,2000,0,0,0,0,0,0,0,0,0,0
62154,2,1,2000,0,0,0,0,0,0,0,0,0,0
62155,1,1,2000,0,0,0,0,0,0,0,0,0,0
62155,2,1,2000,0,0,0,0,0,0,0,0,0,0
62156,1,1,2000,0,0,0,0,0,0,0,0,0,0
62156,2,1,2000,0,0,0,12,0,0,0,0,0,0
62157,0,1,2000,27,27,27,27,27,27,27,27,27,27
62157,1,1,2000,0,0,0,0,0,0,0,0,0,0
62158,1,1,2000,0,0,0,0,0,0,0,0,0,0
62159,0,1,2000,0,0,0,0,0,0,0,0,0,0
62160,0,1,2000,0,0,0,0,0,0,0,0,0,0
62160,1,1,2000,0,0,0,0,0,0,0,0,0,0
62161,0,1,2000,0,0,0,0,0,0,0,0,0,0
62161,1,1,2000,0,0,0,0,0,0,0,0,0,4
62162,1,1,2000,17,17,17,17,17,17,17,17,17,17
62162,2,1,2000,0,0,0,0,0,0,0,0,0,0
62163,1,1,2000,0,0,0,0,0,0,0,0,0,0
62163,2,1,2000,0,0,0,0,0,0,0,0,0,0
62164,1,1,2000,0,0,0,0,0,0,0,0,0,0
62164,2,1,2000,4,4,4,4,4,4,4,4,4,4
62165,1,1,2000,0,5,0,0,0,0,0,18,0,0
62165,2,1,2000,0,0,0,0,0,0,0,0,0,0
62166,1,1,2000,0,0,0,0,0,0,0,0,0,0
62166,2,1,2000,0,0,0,0,0,0,0,0,0,0
62167,1,1,2000,12,12,12,12,12,12,12,12,12,12
62167,2,1,2000,0,0,0,0,0,0,0,0,0,0
62168,1,1,2000,0,0,0,0,0,0,0,0,0,0
62168,2,1,2000,0,0,0,0,0,0,0,0,0,0
62169,1,1,2000,0,0,0,0,0,0,0,0,0,0
62169,2,1,2000,0,0,0,0,0,0,0,0,0,0
62170,1,1,2000,19,0,0,0,0,15,0,0,0,0
62170,2,1,2000,0,0,0,0,0,0,0,0,0,0
62171,1,1,2000,0,0,0,0,0,0,0,0,0,0
62171,2,1,2000,0,0,0,0,0,0,0,0,0,0
62172,1,1,2000,0,0,0,0,0,0,0,0,0,0
62172,2,1,2000,0,0,0,0,0,0,0,0,0,0
62173,1,1,2000,0,0,0,0,0,0,0,0,0,0
62173,2,1,2000,0,0,0,0,0,0,0,0,0,0
62174,1,1,2000,0,0,0,0,0,0,0,0,0,0
62174,2,1,2000,4,4,4,4,4,4,4,4,4,4
62175,1,1,2000,0,0,0,0,0,0,0,0,0,0
62175,2,1,2000,0,0,0,0,0,0,0,0,0,0
62176,1,1,2000,9,9,9,9,9,9,9,9,9,9
62176,2,1,2000,0,0,0,0,0,0,0,0,0,0
62176,3,1,2000,0,0,0,0,0,29,0,0,0,0
62177,1,1,2000,0,0,0,0,0,0,13,0,0,0
62177,2,1,2000,0,0,0,0,0,0,0,0,0,0
62177,3,1,2000,0,0,0,0,0,0,0,0,0,0
62178,1,1,2000,0,0,0,0,0,0,0,0,0,0
62178,2,1,2000,0,0,0,0,0,0,0,0,0,0
62178,3,1,2000,0,0,0,0,0,0,0,11,0,0
62179,1,1,2000,29,29,29,29,29,29,29,29,29,29
62179,2,1,2000,0,0,0,0,0,0,0,0,15,0
62180,1,1,2000,0,0,0,0,0,0,0,0,0,0
62180,2,1,2000,6,0,0,0,0,0,1,0,0,0
62181,1,1,2000,0,0,0,0,0,0,0,0,0,0
62181,2,1,2000,0,0,0,0,0,0,0,0,0,0
62182,1,1,2000,13,13,13,13,13,13,13,13,13,13
62182,2,1,2000,6,6,6,6,6,6,6,6,6,6
62183,1,1,2000,7,0,0,0,0,0,13,0,0,0
62183,2,1,2000,16,16,16,16,16,16,16,16,16,16
62184,1,1,2000,3,3,3,3,3,3,3,3,3,3
62184,2,1,2000,0,0,0,0,0,0,0,0,0,0
62185,1,1,2000,14,14,14,14,14,14,14,14,14,14
62185,2,1,2000,0,8,0,0,0,0,0,0,0,0
62186,1,1,2000,0,0,0,0,0,0,0,0,0,0
62186,2,1,2000,0,0,0,0,0,0,0,0,0,0
62187,1,1,2000,0,0,0,0,0,0,0,0,0,0
62187,2,1,2000,0,0,0,0,0,0,0,0,0,0
62188,1,1,2000,0,0,0,0,0,0,0,11,0,0
62188,2,1,2000,0,0,0,0,0,0,0,0,0,0
62189,1,1,2000,0,0,0,0,0,0,0,0,0,0
62189,2,1,2000,0,0,0,0,0,0,0,0,0,0
62190,1,1,2000,17,17,17,17,17,17,17,17,17,17
62190,2,1,2000,0,0,0,0,0,0,0,0,0,0
62191,1,1,2000,0,0,0,0,0,0,0,0,0,0
62191,2,1,2000,0,0,0,0,0,0,0,0,0,0
62192,1,1,2000,0,0,0,0,0,5,0,0,0,0
62192,2,1,2000,0,0,0,0,0,0,0,0,0,0
62193,1,1,2000,0,0,0,0,0,0,0,0,0,0
62193,2,1,2000,0,0,0,0,0,0,0,0,0,0
62194,1,1,2000,0,0,0,0,0,0,0,0,0,0
62194,2,1,2000,0,0,0,0,0,0,0,0,0,0
62195,1,1,2000,0,15,0,14,0,0,0,19,0,0
62195,2,1,2000,16,0,0,0,0,0,0,0,0,0
62196,1,1,2000,0,0,0,0,0,0,6,0,0,0
62196,2,1,2000,0,0,0,0,0,0,0,0,0,9
62197,1,1,2000,0,0,0,0,0,0,0,0,0,0
62197,2,1,2000,0,0,0,0,0,0,0,0,0,0
62198,1,1,2000,0,0,0,0,0,0,0,0,0,0
62198,2,1,2000,0,0,0,0,0,0,0,0,0,0
62199,0,1,2000,0,0,0,0,0,0,0,0,0,0
62199,1,1,2000,0,0,0,0,0,0,0,0,0,0
62200,1,1,2000,7,7,7,7,7,7,7,7,7,7
62201,1,1,2000,0,0,0,0,0,0,0,0,0,0
62202,1,1,2000,14,14,14,14,14,14,14,14,14,14
62203,1,1,2000,12,12,12,12,12,12,12,12,12,12
62204,1,1,2000,18,18,18,18,18,18,18,18,18,18
62205,1,1,2000,16,16,16,16,16,16,16,16,16,16
62206,1,1,2000,21,21,21,21,21,21,21,21,21,21
62207,1,1,2000,0,0,0,0,0,0,0,0,0,0
62208,1,1,2000,0,0,0,0,0,0,0,0,0,0
62209,1,1,2000,0,0,0,0,0,0,0,0,0,0
62210,1,1,2000,0,0,0,0,0,0,0,0,0,0
62211,1,1,2000,0,0,0,0,0,0,0,0,0,0
62211,2,1,2000,0,0,0,0,0,0,0,0,0,0
62212,1,1,2000,0,0,0,0,0,0,0,0,0,0
62212,2,1,2000,0,0,0,14,12,0,18,0,0,0
62213,1,1,2000,0,0,0,0,0,0,0,0,0,0
62213,2,1,2000,0,0,0,0,0,0,0,0,0,0
62214,1,1,2000,8,0,0,0,0,0,0,0,0,0
62214,2,1,2000,0,0,0,0,0,0,0,0,0,0
62215,1,1,2000,0,0,0,0,0,0,0,0,0,0
62215,2,1,2000,0,0,0,0,0,0,0,0,0,0
62216,1,1,2000,0,0,0,0,0,0,0,0,0,0
62216,2,1,2000,0,0,0,0,0,0,0,0,0,0
62217,1,1,2000,0,0,12,0,11,0,0,0,0,0
62217,2,1,2000,0,17,0,0,0,0,0,0,0,0
62218,1,1,2000,0,0,0,0,0,0,0,0,0,0
62218,2,1,2000,0,0,0,0,0,0,0,0,0,0
62219,1,1,2000,0,0,0,0,0,0,0,0,0,0
62219,2,1,2000,0,0,0,0,0,0,0,0,0,0
62220,1,1,2000,0,0,0,0,0,0,0,0,0,0
62220,2,1,2000,0,0,0,0,0,0,0,0,0,0
62221,1,1,2000,6,6,6,6,6,6,6,6,6,6
62222,1,1,2000,4,4,4,4,4,4,4,4,4,4
62223,1,1,2000,0,0,0,0,0,0,0,19,0,0
62224,1,1,2000,20,20,20,20,20,20,20,20,20,20
62225,1,1,2000,0,0,0,0,0,0,0,0,0,0
62226,1,1,2000,0,0,0,0,0,0,0,0,0,0
62227,1,1,2000,9,9,9,9,9,9,9,9,9,9
62228,1,1,2000,0,0,0,0,0,0,0,0,0,0
62229,0,1,2000,0,0,0,0,0,0,0,0,0,0
62229,1,1,2000,0,0,0,0,0,0,0,0,0,0
62230,0,1,2000,0,0,0,0,0,0,0,0,0,0
62230,1,1,2000,0,0,0,0,0,0,0,0,0,0
62231,0,1,2000,17,17,17,17,17,17,17,17,17,17
62231,1,1,2000,0,0,0,0,0,0,0,0,0,0
62232,0,1,2000,0,0,0,0,0,0,0,0,0,0
62232,1,1,2000,0,0,0,0,0,0,0,0,0,0
62233,0,1,2000,20,20,20,20,20,20,20,20,20,20
62233,1,1,2000,0,0,0,0,0,0,0,0,0,0
62234,0,1,2000,0,48,26,0,0,0,0,0,10,0
62234,1,1,2000,0,0,0,0,7,0,0,0,0,0
62235,0,1,2000,34,34,34,34,34,34,34,34,34,34
62235,1,1,2000,0,0,0,0,0,0,0,0,0,0
62236,1,1,2000,23,23,23,23,23,23,23,23,23,23
62237,1,1,2000,3,3,3,3,3,3,3,3,3,3
62237,2,1,2000,11,0,0,0,0,0,0,0,0,3
62238,1,1,2000,0,0,0,0,0,0,0,0,0,0
62238,2,1,2000,0,0,0,0,0,0,0,0,0,0
62239,1,1,2000,0,0,0,0,0,0,0,0,0,0
62239,2,1,2000,0,0,0,0,0,0,0,0,0,0
62240,1,1,2000,0,0,0,0,0,0,0,0,0,0
62240,2,1,2000,0,0,11,0,0,0,0,0,0,0
62241,1,1,2000,25,25,25,25,25,25,25,25,25,25
62241,2,1,2000,0,35,0,0,0,16,0,0,0,0
62242,1,1,2000,15,0,0,0,0,11,0,0,0,0
62242,2,1,2000,9,9,9,9,9,9,9,9,9,9
62243,1,1,2000,2,2,2,2,2,2,2,2,2,2
62243,2,1,2000,0,0,0,0,0,0,0,0,0,0
62244,1,1,2000,0,0,0,0,0,0,0,0,0,0
62244,2,1,2000,0,0,0,0,0,0,0,0,0,0
62245,1,1,2000,0,0,0,0,0,0,0,0,0,0
62245,2,1,2000,0,0,0,0,0,0,0,0,0,0
62246,1,1,2000,0,0,0,0,0,0,0,0,0,0
62246,2,1,2000,0,0,0,0,0,0,0,0,0,0
62247,1,1,2000,0,0,0,0,0,0,0,0,0,0
62247,2,1,2000,0,0,0,0,0,0,0,0,0,0
62248,1,1,2000,0,0,0,0,0,0,0,0,0,0
62248,2,1,2000,0,0,0,0,0,0,0,0,0,0
62249,1,1,2000,0,0,0,0,0,0,0,0,0,0
62249,2,1,2000,0,0,0,0,0,0,0,0,0,0
62250,1,1,2000,0,0,0,0,0,0,0,0,0,0
62250,2,1,2000,0,0,0,0,0,0,0,0,0,0
62251,1,1,2000,0,0,0,0,0,0,0,0,0,0
62251,2,1,2000,0,0,0,0,0,0,0,0,0,0
62252,1,1,2000,13,0,0,11,0,7,0,0,0,0
62252,2,1,2000,0,0,0,0,0,0,0,0,0,0
62253,1,1,2000,0,0,0,0,0,0,0,0,0,0
62253,2,1,2000,0,0,0,0,0,0,0,0,0,0
62254,1,1,2000,0,0,0,0,0,0,0,0,0,0
62254,2,1,2000,0,0,0,5,0,0,0,0,0,0
62255,1,1,2000,0,0,0,0,0,0,0,0,0,0
62255,2,1,2000,0,0,0,5,0,9,0,7,21,0
62256,0,1,2000,29,8,20,14,18,36,25,24,0,13
62256,1,1,2000,0,0,0,0,0,0,0,0,0,0
62257,0,1,2000,0,0,0,0,0,0,0,0,0,0
62257,1,1,2000,0,0,0,0,0,0,0,0,0,0
62258,1,1,2000,0,0,0,0,0,0,0,0,8,0
62258,2,1,2000,0,0,0,0,0,0,0,0,0,0
62259,0,1,2000,0,0,0,0,0,0,0,0,0,0
62259,1,1,2000,0,0,0,0,0,0,0,0,0,0