ST_CASE,VEH_NO,PER_NO,YEAR,P1,P2,P3,P4,P5,P6,P7,P8,P9,P10
62260,1,1,2000,11,11,11,11,11,11,11,11,11,11
62261,0,1,2000,8,8,8,8,8,8,8,8,8,8
62261,1,1,2000,3,3,3,3,3,3,3,3,3,3
62262,1,1,2000,0,0,0,0,0,0,0,0,0,0
62262,2,1,2000,0,0,0,0,0,0,0,0,0,0
62263,1,1,2000,0,0,0,0,0,0,0,0,0,0
62263,2,1,2000,0,0,0,0,0,0,0,0,0,0
62264,0,1,2000,0,0,0,0,0,0,0,0,0,0
62264,0,2,2000,23,31,0,14,38,43,0,18,11,30
62264,1,1,2000,0,0,0,0,0,0,0,0,0,0
62265,1,1,2000,0,0,0,0,0,0,0,0,0,0
62265,2,1,2000,0,0,0,0,0,0,0,0,0,0
62266,1,1,2000,0,0,0,0,0,0,0,0,0,0
62266,2,1,2000,17,0,0,0,0,0,0,0,0,0
62267,1,1,2000,0,0,0,0,0,0,0,0,0,0
62267,2,1,2000,0,0,0,0,0,0,0,0,0,0
62268,1,1,2000,0,0,0,0,0,0,0,0,0,0
62268,2,1,2000,0,0,0,0,0,0,0,0,0,0
62269,1,1,2000,0,0,0,0,0,0,0,0,0,0
62269,2,1,2000,0,0,0,0,0,0,0,0,0,0
62270,1,1,2000,0,0,0,0,0,0,0,0,0,0
62270,2,1,2000,0,0,0,0,0,0,0,0,0,0
62271,1,1,2000,0,0,0,0,0,0,0,0,0,0
62271,2,1,2000,21,0,0,0,0,0,0,0,0,0
62272,1,1,2000,23,9,11,35,22,35,7,18,22,13
62272,2,1,2000,13,0,0,0,0,8,0,0,0,0
62273,1,1,2000,0,0,0,0,0,0,0,0,0,0
62273,2,1,2000,0,0,0,0,0,0,0,0,0,0
62274,1,1,2000,0,0,0,0,0,0,0,0,0,0
62274,2,1,2000,0,0,0,0,0,0,0,0,0,0
62275,1,1,2000,14,14,14,14,14,14,14,14,14,14
62275,2,1,2000,0,0,0,0,0,0,0,0,0,0
62276,1,1,2000,4,4,4,4,4,4,4,4,4,4
62276,2,1,2000,0,0,0,0,0,0,0,6,0,0
62277,1,1,2000,0,0,9,7,0,0,0,0,0,12
62277,2,1,2000,0,0,0,0,0,0,0,0,0,0
62278,1,1,2000,0,0,0,9,16,0,0,0,8,0
62278,2,1,2000,15,15,15,15,15,15,15,15,15,15
62279,1,1,2000,4,4,4,4,4,4,4,4,4,4
62279,2,1,2000,0,1,0,22,0,0,32,6,0,0
62280,0,1,2000,0,0,0,0,0,0,0,0,0,0
62280,1,1,2000,0,0,5,0,0,0,0,0,0,0
62281,0,1,2000,17,30,9,15,17,10,13,7,18,26
62281,1,1,2000,15,15,15,15,15,15,15,15,15,15
62282,1,1,2000,0,0,0,0,0,0,0,0,0,0
62282,2,1,2000,0,0,0,0,0,0,0,0,0,0
62283,0,1,2000,0,0,0,0,0,0,0,0,0,0
62283,1,1,2000,0,0,0,0,0,0,0,0,0,0
62283,2,1,2000,0,0,0,0,0,0,0,0,0,0
62284,1,1,2000,15,0,0,5,0,0,0,20,24,0
62284,2,1,2000,0,0,0,0,0,0,0,0,0,0
62285,1,1,2000,0,0,0,0,0,0,0,0,0,0
62285,2,1,2000,0,0,0,0,0,0,0,0,0,0
62286,1,1,2000,0,0,0,0,0,0,0,0,0,0
62286,2,1,2000,0,0,0,0,0,6,0,0,0,0
62287,1,1,2000,0,0,0,0,0,0,0,0,0,0
62287,2,1,2000,0,0,0,0,0,0,0,0,0,0
62288,1,1,2000,0,0,0,0,0,0,0,0,0,0
62288,2,1,2000,0,0,0,0,0,0,0,0,0,0
62289,1,1,2000,0,0,0,0,0,0,0,0,0,0
62289,2,1,2000,0,0,0,0,0,0,0,0,0,0
62290,1,1,2000,0,0,0,0,0,0,0,0,0,0
62290,2,1,2000,0,0,0,0,0,0,0,0,0,0
62291,0,1,2000,0,0,0,0,0,0,0,0,0,0
62291,1,1,2000,0,0,0,0,0,0,0,24,0,0
62292,1,1,2000,0,0,0,17,0,0,0,0,0,0
62293,1,1,2000,0,0,0,0,0,0,0,0,0,0
62294,1,1,2000,0,0,0,0,0,0,0,0,0,0
62295,1,1,2000,0,0,13,0,0,13,0,15,5,0
62296,1,1,2000,0,16,0,24,0,0,4,9,34,0
62297,1,1,2000,0,0,0,0,0,0,0,0,0,0
62298,0,1,2000,0,0,0,0,0,0,0,0,0,0
62298,1,1,2000,0,0,0,0,0,0,0,0,0,0
62299,1,1,2000,0,0,0,0,0,0,0,0,0,0
62300,0,1,2000,22,22,22,22,22,22,22,22,22,22
62300,1,1,2000,0,15,0,9,32,30,0,16,21,0
62301,0,1,2000,0,0,0,0,0,0,0,0,0,0
62301,1,1,2000,0,0,0,0,0,0,0,0,0,0
62302,0,1,2000,27,27,27,27,27,27,27,27,27,27
62302,1,1,2000,0,0,0,0,0,0,0,0,8,0
62303,0,1,2000,0,0,0,0,0,0,0,0,0,0
62303,1,1,2000,0,0,0,0,0,0,0,0,0,0
62304,1,1,2000,0,0,0,0,0,0,0,0,0,0
62305,0,1,2000,9,9,9,9,9,9,9,9,9,9
62305,1,1,2000,0,0,0,0,0,0,0,0,0,0
62306,0,1,2000,0,0,0,0,0,0,0,0,0,0
62306,1,1,2000,0,0,0,0,0,0,0,0,0,0
62307,1,1,2000,0,0,0,5,0,0,9,27,19,0
62307,2,1,2000,17,17,17,17,17,17,17,17,17,17
62308,1,1,2000,0,0,0,0,0,0,0,0,0,0
62308,2,1,2000,0,0,0,0,0,0,0,0,0,0
62309,1,1,2000,0,0,0,0,0,0,0,0,0,0
62309,2,1,2000,0,0,0,0,0,0,0,0,0,0
62310,1,1,2000,0,0,0,0,0,0,0,0,0,0
62310,2,1,2000,0,0,0,0,0,0,0,0,0,0
62311,1,1,2000,0,0,0,0,0,0,0,0,0,0
62311,2,1,2000,0,0,22,0,0,0,0,0,0,0
62312,1,1,2000,0,0,0,0,0,0,0,0,0,0
62313,1,1,2000,18,18,18,18,18,18,18,18,18,18
62314,0,1,2000,22,20,38,7,14,21,17,12,27,24
62314,1,1,2000,0,0,0,0,0,0,0,0,0,0
62315,1,1,2000,19,16,17,31,23,17,17,0,0,14
62316,1,1,2000,8,0,0,0,0,0,0,0,3,0
62316,2,1,2000,0,0,0,0,0,0,0,0,0,0
62317,1,1,2000,0,0,0,0,0,0,0,0,0,0
62317,2,1,2000,0,0,0,0,0,0,0,0,0,0
62318,1,1,2000,6,0,0,0,0,0,0,0,0,9
62318,2,1,2000,0,0,0,0,0,0,0,0,0,0
62319,1,1,2000,0,0,0,0,0,0,0,0,0,0
62319,2,1,2000,0,0,0,0,16,0,0,0,0,20
62320,1,1,2000,0,0,0,0,0,0,0,0,0,0
62320,2,1,2000,0,0,0,0,0,0,0,0,0,0
62321,1,1,2000,0,0,0,0,0,0,0,0,0,0
62321,2,1,2000,0,0,0,0,0,0,0,0,0,0
62322,1,1,2000,0,0,0,0,0,0,0,0,0,0
62322,2,1,2000,0,0,0,0,0,0,0,0,0,0
62323,1,1,2000,17,17,17,17,17,17,17,17,17,17
62323,2,1,2000,0,0,0,0,0,0,0,0,0,0
62324,0,1,2000,6,6,6,6,6,6,6,6,6,6
62324,1,1,2000,7,8,7,9,20,20,15,19,6,20
62324,2,1,2000,0,0,0,0,0,0,0,0,0,0
62325,0,1,2000,9,9,9,9,9,9,9,9,9,9
62325,1,1,2000,0,0,2,0,0,0,0,0,0,0
62325,2,1,2000,0,0,0,0,0,0,8,0,0,0
62326,0,1,2000,17,17,17,17,17,17,17,17,17,17
62326,1,1,2000,2,2,2,2,2,2,2,2,2,2
62327,1,1,2000,0,0,0,0,0,0,0,0,0,0
62327,2,1,2000,0,0,0,0,0,0,0,0,0,0
62328,1,1,2000,0,0,0,0,0,0,0,0,0,0
62328,2,1,2000,0,0,0,0,0,0,0,0,0,0
62329,1,1,2000,0,0,0,0,0,0,0,0,0,0
62329,2,1,2000,0,0,0,0,0,0,0,0,0,0
62330,1,1,2000,0,0,0,0,0,0,0,0,0,0
62330,2,1,2000,0,0,0,0,0,0,0,0,0,0
62331,1,1,2000,0,0,0,0,0,0,0,0,0,0
62331,2,1,2000,10,10,10,10,10,10,10,10,10,10
62332,1,1,2000,0,0,0,0,0,0,0,0,0,0
62332,2,1,2000,0,0,0,0,0,0,0,0,0,0
62333,1,1,2000,0,0,0,0,0,0,0,0,0,0
62333,2,1,2000,0,0,0,0,0,0,0,0,0,0
62334,1,1,2000,0,0,0,0,0,0,0,0,0,0
62334,2,1,2000,0,0,0,0,0,0,0,0,0,0
62335,1,1,2000,0,0,0,0,0,0,0,0,0,0
62335,2,1,2000,0,0,0,0,0,0,0,0,0,0
62336,1,1,2000,0,0,0,0,0,0,0,0,0,0
62336,2,1,2000,0,0,0,0,0,0,0,0,0,0
62337,1,1,2000,18,18,18,18,18,18,18,18,18,18
62337,2,1,2000,0,0,0,0,0,0,0,0,0,0
62338,1,1,2000,0,0,0,0,0,0,0,0,0,0
62338,2,1,2000,0,0,0,0,0,0,0,0,0,0
62339,1,1,2000,0,0,0,0,0,0,0,0,0,0
62339,2,1,2000,0,0,0,0,0,0,0,0,0,0
62340,1,1,2000,10,20,19,17,21,43,28,20,21,21
62341,1,1,2000,14,0,0,0,4,0,0,0,0,0
62342,0,1,2000,16,24,37,27,28,0,10,12,28,32
62342,1,1,2000,13,13,13,13,13,13,13,13,13,13
62343,0,1,2000,0,0,0,0,0,0,0,0,0,0
62343,1,1,2000,0,0,0,0,0,0,0,0,0,0
62344,0,1,2000,0,0,0,0,0,0,0,0,0,0
62344,1,1,2000,0,0,0,0,0,0,0,0,0,0
62345,0,1,2000,0,0,0,0,0,0,0,0,0,0
62345,1,1,2000,0,0,0,0,0,0,0,0,0,17
62346,1,1,2000,19,19,19,19,19,19,19,19,19,19
62347,1,1,2000,0,0,0,0,0,0,0,0,0,0
62348,1,1,2000,18,18,18,18,18,18,18,18,18,18
62349,1,1,2000,0,0,0,0,0,0,0,0,0,0
62349,2,1,2000,0,0,0,0,0,0,0,0,0,0
62350,1,1,2000,0,0,0,0,0,0,0,0,0,0
62350,2,1,2000,0,0,0,0,0,0,0,0,0,0
62351,1,1,2000,0,0,0,0,0,0,0,0,0,0
62351,2,1,2000,0,0,0,0,0,0,0,0,0,0
62352,1,1,2000,17,17,17,17,17,17,17,17,17,17
62352,2,1,2000,0,0,0,0,23,0,0,0,25,0
62353,1,1,2000,7,7,7,7,7,7,7,7,7,7
62353,2,1,2000,0,0,12,5,19,0,0,0,6,12
62354,1,1,2000,0,0,0,0,0,0,0,0,0,0
62354,2,1,2000,0,0,0,0,0,0,0,0,0,0
62355,1,1,2000,0,14,0,0,0,0,0,0,0,0
62355,2,1,2000,0,0,0,0,0,0,0,0,0,0
62356,1,1,2000,0,0,0,0,0,0,0,0,0,0
62356,2,1,2000,0,0,0,0,0,0,0,0,0,0
62357,1,1,2000,15,15,15,15,15,15,15,15,15,15
62357,2,1,2000,6,2,0,23,0,0,0,2,0,0
62358,1,1,2000,18,18,18,18,18,18,18,18,18,18
62358,2,1,2000,0,0,0,0,0,0,0,0,0,0
62359,1,1,2000,4,4,4,4,4,4,4,4,4,4
62359,2,1,2000,0,0,0,0,0,0,0,0,0,0
62360,1,1,2000,0,0,0,0,0,0,0,0,0,0
62360,2,1,2000,5,0,0,0,22,0,0,0,0,0
62361,1,1,2000,0,0,0,0,0,0,0,0,0,0
62361,2,1,2000,0,0,0,0,0,0,0,0,0,0
62362,1,1,2000,0,0,0,0,0,0,0,0,4,0
62362,2,1,2000,0,0,0,0,0,0,12,0,0,0
62363,1,1,2000,14,14,14,14,14,14,14,14,14,14
62363,2,1,2000,0,0,0,0,0,0,0,0,0,0
62364,1,1,2000,0,0,0,0,0,0,0,0,0,0
62364,2,1,2000,0,0,0,0,0,0,0,0,0,0
62365,1,1,2000,30,13,35,31,0,28,9,0,22,20
62366,1,1,2000,0,0,0,0,0,0,0,0,0,0
62366,2,1,2000,0,0,0,0,0,0,0,0,0,0
62367,0,1,2000,0,0,0,0,0,0,0,0,0,0
62367,1,1,2000,0,33,20,4,4,0,14,20,0,2
62368,0,1,2000,0,0,0,0,0,0,0,0,0,0
62368,1,1,2000,0,0,11,0,0,0,0,0,0,0
62369,1,1,2000,0,0,0,0,0,0,0,0,0,0
62370,0,1,2000,0,0,0,0,0,0,0,0,0,0
62370,1,1,2000,0,0,0,0,0,0,0,17,0,12
62371,0,1,2000,26,26,26,26,26,26,26,26,26,26
62371,1,1,2000,0,0,0,0,0,0,0,0,0,0
62372,0,1,2000,0,0,0,0,0,0,0,0,0,0
62372,1,1,2000,10,10,10,10,10,10,10,10,10,10
62373,1,1,2000,0,0,0,0,0,0,0,0,0,0
62374,1,1,2000,33,33,33,33,33,33,33,33,33,33
62375,1,1,2000,23,0,0,0,0,0,0,0,0,0
62376,1,1,2000,42,42,42,42,42,42,42,42,42,42
62377,1,1,2000,17,6,4,13,13,18,22,10,23,22
62378,1,1,2000,0,0,0,0,0,0,0,0,0,0
62379,1,1,2000,0,0,0,0,0,0,0,0,0,0
62380,1,1,2000,0,0,0,0,0,0,0,0,0,0
62381,1,1,2000,0,0,0,0,0,0,0,0,0,0
62382,1,1,2000,26,26,26,26,26,26,26,26,26,26
62383,0,1,2000,26,26,26,26,26,26,26,26,26,26
62383,1,1,2000,0,0,0,0,0,0,0,0,0,0
62384,1,1,2000,3,3,3,3,3,3,3,3,3,3
62385,0,1,2000,0,0,0,0,0,0,0,0,0,0
62385,1,1,2000,0,0,0,0,0,0,0,0,0,0
62386,1,1,2000,0,0,0,16,0,0,0,0,0,0
62386,2,1,2000,0,0,0,0,0,0,0,0,0,0
62387,1,1,2000,3,3,3,3,3,3,3,3,3,3
62387,2,1,2000,0,0,0,0,0,0,0,0,0,0
62388,1,1,2000,0,0,0,0,0,0,0,0,0,0
62388,2,1,2000,5,0,0,0,8,0,0,0,40,0
62389,1,1,2000,7,7,7,7,7,7,7,7,7,7
62389,2,1,2000,0,0,0,0,0,7,0,0,0,0
62390,1,1,2000,19,19,19,19,19,19,19,19,19,19
62390,2,1,2000,0,0,0,0,0,0,0,0,0,0
62391,1,1,2000,0,0,0,0,0,0,0,0,0,0
62391,2,1,2000,0,16,0,0,0,0,0,0,0,0
62392,1,1,2000,18,18,18,18,18,18,18,18,18,18
62392,2,1,2000,0,0,0,0,0,0,0,0,0,0
62393,1,1,2000,0,0,0,0,0,0,0,0,0,0
62393,2,1,2000,0,0,6,0,0,0,0,0,0,0
62394,1,1,2000,0,0,0,0,0,0,0,0,0,0
62394,2,1,2000,0,0,0,0,0,0,0,0,0,0
62395,0,1,2000,0,0,0,0,0,0,0,0,0,0
62395,0,2,2000,0,0,0,0,0,0,0,0,0,3
62395,1,1,2000,0,0,0,0,0,0,0,0,0,0
62396,1,1,2000,24,24,24,24,24,24,24,24,24,24
62397,1,1,2000,0,0,0,0,0,0,0,0,0,0
62397,2,1,2000,0,0,0,0,0,0,0,0,0,0
62398,1,1,2000,0,0,0,0,0,0,0,0,0,0
62398,2,1,2000,0,0,0,0,0,0,0,0,0,0
62399,0,1,2000,0,0,0,0,0,0,0,0,0,0
62399,1,1,2000,0,18,0,0,0,0,0,10,0,0
62400,0,1,2000,0,0,0,0,0,0,0,0,0,0
62400,1,1,2000,0,0,0,0,0,0,0,0,0,0
62401,1,1,2000,0,0,0,0,0,0,0,0,0,0
62401,2,1,2000,0,0,0,0,0,0,0,0,0,0
62402,1,1,2000,0,0,0,0,0,0,0,0,0,0
62402,2,1,2000,0,0,0,0,0,0,0,0,0,0
62403,1,1,2000,0,0,0,0,0,0,0,0,0,0
62403,2,1,2000,0,0,0,0,0,0,0,0,0,0
62404,1,1,2000,0,0,0,0,0,0,0,0,0,0
62404,2,1,2000,0,0,10,0,0,0,0,0,0,0
62405,1,1,2000,0,0,0,0,0,0,0,0,0,0
62405,2,1,2000,0,0,0,0,0,0,0,0,0,0
62406,0,1,2000,2,2,2,2,2,2,2,2,2,2
62406,0,2,2000,29,27,0,7,27,8,0,0,14,34
62406,1,1,2000,8,0,5,0,0,0,0,0,0,0
62407,1,1,2000,0,10,23,19,15,0,4,20,0,0
62407,2,1,2000,0,0,0,4,0,0,0,0,0,0
62408,1,1,2000,0,0,0,0,0,0,0,0,0,0
62409,1,1,2000,11,11,11,11,11,11,11,11,11,11
62409,2,1,2000,0,0,0,0,0,0,0,0,0,0
62410,1,1,2000,20,20,20,20,20,20,20,20,20,20
62411,1,1,2000,0,0,0,0,0,0,0,0,0,0
62412,1,1,2000,0,0,0,12,0,0,34,19,0,7
62413,1,1,2000,4,22,23,0,0,0,0,21,14,15
62414,0,1,2000,0,0,0,0,0,0,0,0,0,0
62414,1,1,2000,0,0,0,0,0,0,0,0,0,0
62415,1,1,2000,6,4,0,0,14,0,0,0,21,7
62416,1,1,2000,3,3,3,3,3,3,3,3,3,3
62417,0,1,2000,0,0,0,14,0,0,0,9,0,0
62417,1,1,2000,11,0,0,21,0,0,8,27,0,0
62418,1,1,2000,11,7,15,0,15,0,6,0,3,8
62418,2,1,2000,0,13,19,0,0,0,0,30,0,22
62419,1,1,2000,0,0,0,0,0,0,0,0,0,0
62419,2,1,2000,0,0,0,0,0,0,10,0,0,0
62420,1,1,2000,14,14,14,14,14,14,14,14,14,14
62420,2,1,2000,0,0,0,0,0,0,0,0,0,0
62421,1,1,2000,16,16,16,16,16,16,16,16,16,16
62422,0,1,2000,0,0,0,0,0,0,0,0,0,0
62422,1,1,2000,0,0,0,0,0,0,0,0,0,0
62423,1,1,2000,0,14,0,0,0,0,9,0,0,0
62423,2,1,2000,14,14,14,14,14,14,14,14,14,14
62424,1,1,2000,0,0,0,0,0,0,0,0,0,0
62424,2,1,2000,0,0,0,0,0,0,0,0,0,0
62425,1,1,2000,0,0,0,0,0,0,0,0,0,0
62425,2,1,2000,0,0,0,0,0,0,0,0,0,0
62426,0,1,2000,0,0,0,0,0,0,0,0,0,0
62426,1,1,2000,9,9,9,9,9,9,9,9,9,9
62427,1,1,2000,0,0,0,0,0,0,0,0,0,0
62427,2,1,2000,4,0,0,0,0,0,0,0,0,0
62427,3,1,2000,0,0,0,0,0,16,0,0,0,0
62428,1,1,2000,37,0,0,0,0,0,0,0,0,0
62428,2,1,2000,0,3,0,0,12,11,0,0,0,0
62429,1,1,2000,8,0,0,0,0,0,0,0,0,0
62429,2,1,2000,0,0,0,0,0,0,0,0,0,0
62429,3,1,2000,0,0,0,0,0,0,0,0,0,0
62430,1,1,2000,0,0,0,0,0,0,0,0,0,0
62430,2,1,2000,0,0,0,0,0,0,0,0,0,0
62430,3,1,2000,0,0,0,0,0,0,0,0,0,0
62431,1,1,2000,0,0,0,0,0,0,0,0,0,0
62431,2,1,2000,0,0,0,0,0,0,0,0,0,0
62431,3,1,2000,0,0,0,0,0,0,0,0,0,0
62432,1,1,2000,23,23,23,23,23,23,23,23,23,23
62433,1,1,2000,0,0,0,0,0,22,59,0,16,12
62433,2,1,2000,0,0,0,0,0,0,0,0,0,0
62434,1,1,2000,0,0,0,0,0,0,0,0,0,0
62434,2,1,2000,0,0,0,9,0,0,0,0,0,0
62435,1,1,2000,0,0,0,0,0,0,0,0,0,0
62435,2,1,2000,21,21,21,21,21,21,21,21,21,21
62436,1,1,2000,0,0,0,0,0,0,0,0,0,0
62437,0,1,2000,0,0,0,0,17,0,0,28,0,0
62438,1,1,2000,0,0,0,0,0,0,0,0,0,0
62438,2,1,2000,0,0,19,0,0,0,23,0,0,0
62439,1,1,2000,0,0,0,0,0,0,0,0,0,10
62439,2,1,2000,0,0,0,0,0,0,0,0,0,0
62440,1,1,2000,0,0,0,0,0,9,0,0,0,0
62441,1,1,2000,7,7,7,7,7,7,7,7,7,7
62442,1,1,2000,20,20,20,20,20,20,20,20,20,20
62443,0,1,2000,0,0,0,0,0,0,0,0,0,0
62443,1,1,2000,0,6,0,0,0,0,7,0,0,0
62444,0,1,2000,11,14,35,14,0,26,24,0,0,10
62444,1,1,2000,0,0,0,0,0,0,0,15,0,0
62445,0,1,2000,24,24,24,24,24,24,24,24,24,24
62445,1,1,2000,0,0,0,0,0,0,0,0,0,0
62446,0,1,2000,0,0,0,0,0,0,0,0,0,0
62446,1,1,2000,0,0,0,0,0,0,0,0,0,0
62447,1,1,2000,0,0,0,0,0,0,0,0,0,0
62448,1,1,2000,0,0,0,0,0,0,0,0,0,0
62448,2,1,2000,0,0,0,0,0,0,0,0,0,0
62449,1,1,2000,0,0,0,0,0,0,0,0,0,0
62449,2,1,2000,0,0,0,0,0,0,0,0,0,0
62450,1,1,2000,0,0,0,8,0,38,7,0,8,0
62451,1,1,2000,0,0,0,0,0,0,0,0,0,0
62451,2,1,2000,0,0,0,0,0,0,0,0,0,0
62452,1,1,2000,0,0,0,0,0,0,0,0,0,0
62453,1,1,2000,0,0,0,0,0,10,0,0,0,0
62453,2,1,2000,0,0,0,0,0,0,0,0,0,0
62454,1,1,2000,0,0,0,16,0,0,0,0,0,0
62454,2,1,2000,0,8,0,0,0,0,0,0,11,0
62455,1,1,2000,0,0,0,0,0,0,0,0,0,0
62455,2,1,2000,0,0,0,0,0,0,0,0,0,0
62456,1,1,2000,20,19,0,20,23,0,9,0,15,0
62456,2,1,2000,0,0,0,0,0,4,0,0,0,0
62457,1,1,2000,26,26,26,26,26,26,26,26,26,26
62457,2,1,2000,0,0,0,0,0,0,0,0,0,0
62458,1,1,2000,0,0,0,0,0,0,0,0,0,0
62458,2,1,2000,0,0,0,0,0,0,0,0,0,0
62459,1,1,2000,0,0,0,0,0,0,0,0,0,0
62460,1,1,2000,0,0,0,0,0,0,0,0,0,0
62460,2,1,2000,0,0,0,0,0,0,0,0,0,0
62461,1,1,2000,18,18,18,18,18,18,18,18,18,18
62461,2,1,2000,0,0,0,0,0,0,0,0,0,0
62462,1,1,2000,0,0,0,0,0,0,0,0,0,0
62462,2,1,2000,0,0,0,0,0,0,0,0,0,0
62463,1,1,2000,0,0,0,0,0,0,0,0,0,0
62463,2,1,2000,0,0,0,0,0,0,0,0,0,0
62464,1,1,2000,16,16,16,16,16,16,16,16,16,16
62464,2,1,2000,0,0,0,0,0,0,0,0,0,0
62465,1,1,2000,8,8,8,8,8,8,8,8,8,8
62465,2,1,2000,0,0,0,0,0,0,0,0,0,0
62466,1,1,2000,4,4,4,4,4,4,4,4,4,4
62466,2,1,2000,0,0,0,0,0,0,0,0,0,0
62467,1,1,2000,14,0,0,0,0,0,0,0,0,0
62467,2,1,2000,0,0,0,0,0,0,0,0,0,0
62468,1,1,2000,22,22,22,22,22,22,22,22,22,22
62468,2,1,2000,0,0,0,0,0,0,0,0,0,0
62468,3,1,2000,0,0,0,0,0,0,0,16,0,0
62469,1,1,2000,18,18,18,18,18,18,18,18,18,18
62469,2,1,2000,0,0,0,0,0,0,0,0,0,0
62469,3,1,2000,0,19,13,9,0,0,19,0,0,14
62470,1,1,2000,0,0,0,0,0,0,0,0,0,0
62470,2,1,2000,0,0,0,0,0,0,0,0,0,0
62470,3,1,2000,0,13,16,0,30,0,0,11,19,0
62471,1,1,2000,0,0,13,0,18,0,0,0,14,0
62471,2,1,2000,20,20,20,20,20,20,20,20,20,20
62471,3,1,2000,17,43,0,0,0,0,0,0,0,0
62472,0,1,2000,0,0,0,0,0,0,0,0,0,0
62472,2,1,2000,0,0,0,14,0,18,0,0,0,0
62473,1,1,2000,0,0,0,0,0,0,0,0,0,0
62473,2,1,2000,0,0,0,0,0,0,0,0,0,0
62473,3,1,2000,15,0,0,0,0,0,0,0,0,0
62474,1,1,2000,0,0,0,0,0,0,0,0,0,0
62474,2,1,2000,0,0,0,0,0,0,0,0,0,0
62474,3,1,2000,0,0,0,0,0,0,0,0,0,0
62475,1,1,2000,20,20,20,20,20,20,20,20,20,20
62475,2,1,2000,0,0,10,0,0,0,0,0,0,0
62476,1,1,2000,0,0,0,0,0,0,0,0,0,0
62476,2,1,2000,0,0,0,0,0,0,0,0,0,0
62476,3,1,2000,0,0,0,0,0,15,0,0,0,0
62477,1,1,2000,0,0,0,0,0,0,0,0,0,0
62477,2,1,2000,0,0,0,0,0,0,17,0,0,0
62477,3,1,2000,0,0,0,16,0,0,0,0,0,0
62478,1,1,2000,0,0,0,0,0,0,0,0,0,0
62478,2,1,2000,0,0,0,0,0,0,0,0,0,0
62479,1,1,2000,0,0,0,0,0,0,0,0,0,0
62479,2,1,2000,0,0,0,0,0,0,0,0,0,0
62480,0,1,2000,0,0,0,0,0,0,0,0,0,0
62480,1,1,2000,0,0,0,0,0,0,0,0,0,0
62481,0,1,2000,0,0,0,0,0,0,0,0,0,0
62481,1,1,2000,0,0,0,0,5,0,0,0,0,0
62482,0,1,2000,0,0,0,0,0,0,0,0,0,0
62482,1,1,2000,0,0,0,0,0,0,0,0,0,0
62483,0,1,2000,17,17,17,17,17,17,17,17,17,17
62483,1,1,2000,0,0,0,0,0,0,0,0,9,5
62484,1,1,2000,0,0,0,0,0,0,23,0,0,0
62485,0,1,2000,0,0,0,0,0,0,0,0,0,0
62485,1,1,2000,8,0,0,0,0,0,0,0,0,0
62486,1,1,2000,0,0,0,0,0,0,0,0,0,0
62486,2,1,2000,0,0,0,0,0,0,0,0,0,0
62487,1,1,2000,0,0,0,0,0,0,0,0,0,0
62488,1,1,2000,0,0,0,0,0,0,0,0,0,0
62488,2,1,2000,0,0,0,0,0,0,0,0,0,0
62489,1,1,2000,0,0,0,0,0,0,0,0,0,0
62489,2,1,2000,0,0,0,0,0,0,0,0,0,0
62490,1,1,2000,26,26,26,26,26,26,26,26,26,26
62490,2,1,2000,0,0,0,0,0,0,0,0,0,0
62491,0,1,2000,0,0,0,0,0,0,0,0,0,0
62491,1,1,2000,0,0,0,0,0,0,0,0,0,0
62492,1,1,2000,13,0,0,0,0,0,0,0,0,25
62493,1,1,2000,0,0,0,0,0,0,0,0,0,0
62494,1,1,2000,8,8,8,8,8,8,8,8,8,8
62494,2,1,2000,0,0,0,0,0,0,0,0,0,0
62495,1,1,2000,0,0,0,0,0,0,0,0,0,0
62495,2,1,2000,0,0,0,0,0,0,0,0,0,0
62496,1,1,2000,0,0,28,0,11,0,0,0,0,0
62496,2,1,2000,18,0,0,0,0,0,0,0,0,0
62497,1,1,2000,0,0,0,0,0,0,0,0,0,0
62497,2,1,2000,0,0,0,0,0,0,0,0,0,0
62498,1,1,2000,0,0,0,0,0,0,0,0,0,0
62498,2,1,2000,0,0,0,0,0,0,0,0,0,0
62499,1,1,2000,0,0,0,0,0,0,0,0,0,0
62499,2,1,2000,0,0,6,0,0,0,0,0,0,0
62500,1,1,2000,0,0,0,0,0,0,0,0,0,0
62500,2,1,2000,0,0,0,0,0,0,0,0,0,0
62501,1,1,2000,0,0,0,0,0,0,0,0,0,0
62501,2,1,2000,0,0,0,0,0,0,0,0,0,0
62502,1,1,2000,18,18,18,18,18,18,18,18,18,18
62502,2,1,2000,0,0,0,0,0,0,0,0,0,0
62503,0,1,2000,0,0,0,0,0,0,0,0,0,0
62503,1,1,2000,0,0,0,0,0,0,0,0,0,0
62504,0,1,2000,16,16,16,16,16,16,16,16,16,16
62504,1,1,2000,0,0,0,0,2,0,0,0,0,0
62505,0,1,2000,0,0,0,0,0,0,0,0,0,0
62505,1,1,2000,0,0,0,0,0,0,0,0,0,0
62506,0,1,2000,27,27,27,27,27,27,27,27,27,27
62506,1,1,2000,0,0,0,0,0,0,0,0,0,0
62507,1,1,2000,0,20,0,0,0,20,5,0,0,0