ST_CASE,VEH_NO,PER_NO,YEAR,P1,P2,P3,P4,P5,P6,P7,P8,P9,P10
62508,1,1,2000,0,0,0,0,0,0,0,0,0,0
62509,0,1,2000,0,0,0,0,0,0,0,0,0,0
62509,1,1,2000,0,0,0,0,0,0,0,0,0,0
62510,0,1,2000,0,0,0,0,0,0,0,0,0,0
62510,1,1,2000,4,20,21,0,16,0,20,18,7,14
62511,0,1,2000,32,0,12,0,11,22,0,0,11,0
62511,1,1,2000,0,0,0,0,0,0,0,0,0,0
62512,1,1,2000,9,5,6,23,2,12,7,16,0,7
62513,1,1,2000,14,14,14,14,14,14,14,14,14,14
62514,1,1,2000,19,19,19,19,19,19,19,19,19,19
62515,0,1,2000,0,0,13,0,0,0,0,0,0,0
62515,1,1,2000,0,0,5,0,0,0,0,0,0,0
62516,1,1,2000,0,0,0,0,0,0,0,0,0,0
62516,2,1,2000,0,0,0,0,0,0,0,0,0,0
62517,1,1,2000,0,0,0,0,0,0,0,0,0,0
62518,1,1,2000,0,0,0,0,0,0,0,0,0,0
62519,1,1,2000,0,0,0,0,0,0,0,0,0,0
62519,2,1,2000,0,0,0,0,0,0,0,0,0,10
62520,1,1,2000,0,0,0,0,0,0,0,0,0,0
62520,2,1,2000,0,0,0,0,0,0,0,0,0,0
62521,1,1,2000,0,0,0,0,0,0,0,0,0,0
62521,2,1,2000,0,0,0,0,0,0,0,0,0,0
62522,1,1,2000,0,0,0,0,0,0,0,0,0,0
62522,2,1,2000,0,0,0,0,0,0,0,0,0,0
62523,1,1,2000,0,0,0,0,0,0,0,0,0,0
62523,2,1,2000,0,0,0,0,0,0,0,0,0,0
62524,1,1,2000,0,0,0,0,0,0,0,0,0,0
62524,2,1,2000,0,0,0,0,0,0,0,0,0,0
62525,1,1,2000,0,0,0,0,0,0,0,0,0,0
62525,2,1,2000,0,16,12,0,0,0,0,0,0,0
62526,1,1,2000,20,20,20,20,20,20,20,20,20,20
62526,2,1,2000,21,21,21,21,21,21,21,21,21,21
62527,1,1,2000,0,0,0,0,0,0,0,0,0,0
62528,0,1,2000,13,13,13,13,13,13,13,13,13,13
62528,1,1,2000,0,0,0,0,0,0,0,0,0,9
62529,0,1,2000,0,0,0,0,0,0,0,0,0,0
62529,1,1,2000,0,0,0,0,0,0,0,0,0,0
62530,1,1,2000,1,1,1,1,1,1,1,1,1,1
62531,0,1,2000,0,0,0,0,0,0,0,0,0,0
62531,1,1,2000,0,0,0,0,0,0,0,0,0,0
62532,1,1,2000,0,0,0,15,0,0,0,0,0,0
62533,1,1,2000,0,0,0,0,0,0,0,0,0,0
62534,0,1,2000,21,21,21,21,21,21,21,21,21,21
62534,1,1,2000,0,0,0,0,0,0,0,0,0,0
62535,1,1,2000,0,0,0,0,0,0,0,0,0,0
62536,1,1,2000,5,5,5,5,5,5,5,5,5,5
62537,1,1,2000,0,0,0,0,0,0,0,0,0,0
62538,1,1,2000,0,0,0,0,0,0,0,0,0,0
62539,0,1,2000,4,4,4,4,4,4,4,4,4,4
62539,1,1,2000,0,0,0,0,0,0,0,0,0,0
62540,0,1,2000,9,9,9,9,9,9,9,9,9,9
62540,1,1,2000,0,18,0,0,0,0,0,0,0,0
62541,1,1,2000,0,0,0,21,0,0,0,0,0,0
62542,1,1,2000,0,0,0,0,0,0,0,0,0,0
62543,0,1,2000,0,0,0,0,0,0,0,0,0,0
62543,1,1,2000,0,0,0,0,0,0,0,0,0,0
62544,0,1,2000,0,0,0,0,0,0,0,0,0,0
62544,1,1,2000,0,0,0,0,0,0,0,0,0,0
62545,1,1,2000,23,23,23,23,23,23,23,23,23,23
62545,2,1,2000,0,0,0,0,0,0,0,0,0,0
62546,1,1,2000,16,16,16,16,16,16,16,16,16,16
62546,2,1,2000,0,0,0,0,0,0,0,0,0,0
62547,1,1,2000,0,0,0,0,0,0,0,0,0,0
62547,2,1,2000,0,0,0,0,0,0,0,0,0,0
62548,1,1,2000,0,0,0,0,0,0,0,0,0,0
62548,2,1,2000,0,0,0,0,0,0,0,0,0,0
62549,1,1,2000,0,0,0,0,0,0,0,0,0,0
62549,2,1,2000,0,0,0,0,0,0,0,0,0,0
62550,1,1,2000,0,0,0,0,0,0,0,0,0,0
62550,2,1,2000,0,0,0,0,0,0,0,0,0,0
62551,1,1,2000,0,0,0,0,0,0,0,0,0,0
62551,2,1,2000,0,0,0,0,0,0,0,0,0,0
62552,1,1,2000,0,0,0,0,0,0,0,0,0,0
62552,2,1,2000,0,0,0,0,0,0,0,0,0,0
62553,1,1,2000,13,13,13,13,13,13,13,13,13,13
62554,1,1,2000,0,0,0,0,0,0,0,0,0,0
62554,2,1,2000,0,0,0,0,0,0,0,0,0,0
62555,1,1,2000,0,0,0,0,0,0,0,0,0,0
62555,2,1,2000,3,3,3,3,3,3,3,3,3,3
62556,0,1,2000,0,0,13,0,0,0,0,0,0,0
62556,1,1,2000,0,0,0,0,0,0,0,0,0,0
62557,1,1,2000,0,0,0,0,0,0,0,0,0,0
62558,0,1,2000,0,0,0,0,0,0,0,0,0,0
62558,1,1,2000,0,0,0,0,0,0,0,0,0,8
62559,0,1,2000,0,0,0,0,0,0,0,0,0,0
62559,1,1,2000,0,0,0,0,0,0,10,0,0,0
62560,0,1,2000,0,0,0,0,0,0,0,0,0,0
62560,1,1,2000,0,14,0,0,0,0,0,0,0,0
62561,0,1,2000,0,0,0,0,0,0,0,0,0,0
62561,1,1,2000,0,0,0,0,0,0,0,0,0,0
62562,0,1,2000,32,32,32,32,32,32,32,32,32,32
62562,1,1,2000,0,0,0,0,0,0,27,0,0,0
62563,0,1,2000,0,0,0,0,0,0,0,0,0,0
62563,1,1,2000,0,0,0,0,0,0,0,0,0,0
62564,0,1,2000,16,16,16,16,16,16,16,16,16,16
62564,1,1,2000,12,12,12,12,12,12,12,12,12,12
62565,0,1,2000,15,15,15,15,15,15,15,15,15,15
62565,1,1,2000,0,0,29,0,0,0,9,0,0,0
62566,0,1,2000,0,0,0,0,0,0,0,0,0,0
62566,1,1,2000,0,18,26,0,0,23,0,0,0,0
62567,0,1,2000,0,0,0,0,0,0,0,0,0,0
62567,1,1,2000,0,9,0,0,0,0,0,0,0,0
62568,1,1,2000,0,0,0,0,0,0,0,0,0,0
62568,2,1,2000,0,0,0,0,0,0,0,0,0,0
62569,1,1,2000,0,0,0,0,0,0,0,0,0,0
62569,2,1,2000,0,0,0,0,0,0,0,0,0,0
62570,1,1,2000,0,0,0,0,0,0,0,0,0,0
62570,2,1,2000,0,0,0,0,0,0,0,0,0,0
62571,1,1,2000,0,0,7,0,0,0,0,0,0,0
62571,2,1,2000,0,0,0,0,0,0,0,0,0,0
62572,1,1,2000,0,0,0,0,0,0,0,0,0,0
62572,2,1,2000,0,0,0,0,0,0,0,0,0,0
62573,1,1,2000,3,3,3,3,3,3,3,3,3,3
62574,1,1,2000,0,0,0,0,0,0,0,0,0,0
62574,2,1,2000,0,0,0,0,0,0,0,0,0,0
62575,1,1,2000,0,0,0,0,0,0,0,0,0,0
62575,2,1,2000,0,0,0,0,0,0,0,0,0,0
62576,0,1,2000,3,3,3,3,3,3,3,3,3,3
62576,0,2,2000,0,0,0,0,0,0,0,0,0,0
62576,0,3,2000,15,30,26,45,27,0,29,0,0,7
62576,0,4,2000,27,0,0,13,9,30,0,0,0,0
62576,0,5,2000,14,24,19,0,12,23,0,0,32,38
62576,0,6,2000,29,0,0,0,25,48,0,23,0,0
62576,0,7,2000,0,0,0,9,22,0,0,0,0,0
62576,0,8,2000,0,0,0,13,0,23,0,0,0,13
62576,1,1,2000,0,0,0,17,0,0,31,0,0,0
62576,2,1,2000,0,0,0,0,0,0,6,0,0,0
62577,1,1,2000,0,0,0,0,0,0,0,0,11,0
62577,2,1,2000,19,19,19,19,19,19,19,19,19,19
62577,3,1,2000,0,0,0,0,0,0,0,0,0,0
62577,4,1,2000,9,0,0,0,0,0,9,12,0,10
62578,1,1,2000,0,0,0,0,0,0,0,0,0,0
62578,2,1,2000,0,0,0,0,0,0,0,0,0,0
62578,3,1,2000,0,0,0,0,0,0,0,0,0,0
62578,4,1,2000,0,0,0,0,0,0,0,0,0,0
62579,1,1,2000,0,0,0,0,0,0,0,0,0,0
62579,2,1,2000,0,0,0,0,0,0,0,0,0,0
62580,1,1,2000,0,0,9,10,0,0,0,0,0,14
62580,2,1,2000,0,0,0,0,0,0,0,0,0,0
62580,3,1,2000,0,0,0,0,0,0,0,0,0,0
62581,1,1,2000,0,0,0,0,0,0,0,0,0,0
62581,2,1,2000,0,0,0,0,0,0,0,0,0,0
62581,3,1,2000,0,0,0,0,0,0,0,0,0,0
62581,4,1,2000,0,0,0,0,0,0,0,0,0,0
62581,5,1,2000,0,0,0,0,0,0,0,0,0,0
62581,6,1,2000,0,0,0,0,0,0,0,0,0,0
62582,1,1,2000,0,0,0,0,7,0,0,0,0,0
62582,2,1,2000,0,0,0,0,0,0,0,0,0,0
62582,3,1,2000,0,0,0,0,0,0,0,0,0,0
62583,0,1,2000,0,0,0,0,0,0,0,0,0,0
62583,1,1,2000,0,0,0,0,0,0,0,0,0,0
62583,2,1,2000,0,0,0,0,0,0,0,0,0,0
62584,1,1,2000,5,0,0,0,0,0,0,0,0,0
62584,2,1,2000,0,0,0,0,0,0,0,0,0,0
62584,3,1,2000,0,0,0,20,0,0,0,0,0,0
62585,1,1,2000,0,0,0,0,0,0,0,0,0,0
62585,2,1,2000,0,34,13,0,0,0,0,0,0,21
62586,0,1,2000,0,22,47,3,21,37,0,12,0,17
62586,1,1,2000,26,0,16,0,9,18,33,0,0,12
62586,2,1,2000,0,6,0,0,0,0,0,0,0,0
62587,1,1,2000,18,0,14,33,12,26,20,40,19,24
62587,2,1,2000,0,0,0,0,0,0,0,0,0,0
62588,2,1,2000,0,0,0,0,0,0,0,0,0,0
62588,3,1,2000,0,0,0,0,0,0,0,0,0,0
62588,4,1,2000,0,0,0,0,0,0,0,0,0,0
62589,0,1,2000,22,0,0,0,14,0,0,0,0,0
62589,0,2,2000,5,0,13,0,0,0,0,1,0,0
62589,1,1,2000,0,0,0,0,0,0,0,0,0,0
62590,1,1,2000,0,0,0,0,0,0,0,0,0,0
62590,2,1,2000,0,0,0,0,0,0,0,0,0,0
62590,3,1,2000,0,0,0,0,0,0,0,0,0,0
62591,1,1,2000,0,0,0,0,0,0,0,0,0,0
62591,2,1,2000,0,0,0,0,0,0,0,0,0,0
62592,1,1,2000,4,4,4,4,4,4,4,4,4,4
62593,0,1,2000,0,0,0,0,0,0,0,0,0,0
62593,1,1,2000,0,0,0,0,0,0,0,0,0,0
62594,0,1,2000,0,0,46,0,0,0,0,0,0,0
62594,1,1,2000,0,0,0,0,0,0,0,0,0,0
62595,0,1,2000,11,11,11,11,11,11,11,11,11,11
62595,1,1,2000,0,0,11,19,0,0,0,0,0,0
62596,1,1,2000,21,21,21,21,21,21,21,21,21,21
62596,2,1,2000,0,0,0,0,0,0,0,0,0,0
62597,1,1,2000,14,14,14,14,14,14,14,14,14,14
62597,2,1,2000,0,0,0,0,0,0,0,0,0,0
62598,1,1,2000,26,26,26,26,26,26,26,26,26,26
62598,2,1,2000,0,0,0,0,0,0,0,0,0,0
62599,1,1,2000,0,0,0,0,0,0,0,0,0,0
62599,2,1,2000,0,0,0,0,0,0,0,0,0,0
62600,1,1,2000,0,0,0,0,0,0,0,0,0,0
62600,2,1,2000,0,0,0,0,0,0,0,0,0,0
62601,1,1,2000,0,0,0,0,0,0,0,0,0,0
62601,2,1,2000,0,0,0,0,0,0,0,0,0,0
62602,1,1,2000,27,27,27,27,27,27,27,27,27,27
62602,2,1,2000,17,17,17,17,17,17,17,17,17,17
62603,1,1,2000,0,0,0,0,0,0,0,0,0,0
62603,2,1,2000,0,0,0,0,0,0,0,0,0,0
62604,1,1,2000,37,37,37,37,37,37,37,37,37,37
62604,2,1,2000,0,0,0,0,0,0,0,0,0,0
62605,1,1,2000,0,0,0,0,0,0,0,0,0,0
62605,2,1,2000,0,0,0,0,0,0,0,0,0,0
62606,1,1,2000,5,5,5,5,5,5,5,5,5,5
62607,1,1,2000,11,0,14,6,9,21,4,5,5,0
62607,2,1,2000,23,3,18,23,8,12,13,10,22,23
62608,1,1,2000,0,0,0,0,0,0,0,0,0,0
62608,2,1,2000,0,0,0,0,13,0,0,0,0,0
62609,2,1,2000,0,0,0,0,0,0,0,0,0,0
62610,1,1,2000,13,13,13,13,13,13,13,13,13,13
62610,2,1,2000,0,0,0,0,0,0,0,0,0,0
62611,1,1,2000,13,13,13,13,13,13,13,13,13,13
62612,1,1,2000,0,0,0,0,0,0,0,0,0,0
62613,1,1,2000,13,13,13,13,13,13,13,13,13,13
62614,1,1,2000,6,6,6,6,6,6,6,6,6,6
62615,1,1,2000,15,15,15,15,15,15,15,15,15,15
62616,1,1,2000,23,23,23,23,23,23,23,23,23,23
62617,0,1,2000,22,22,22,22,22,22,22,22,22,22
62617,1,1,2000,0,0,0,0,0,0,0,0,0,0
62618,0,1,2000,0,0,0,0,0,0,0,0,0,0
62618,1,1,2000,0,0,0,0,0,0,0,0,0,0
62619,0,1,2000,0,0,0,0,0,0,0,0,0,0
62619,1,1,2000,0,0,0,0,0,0,0,0,0,0
62620,0,1,2000,22,0,0,27,26,0,0,0,0,5
62620,1,1,2000,11,11,11,11,11,11,11,11,11,11
62621,1,1,2000,0,0,0,0,0,0,0,0,0,0
62622,0,1,2000,0,0,0,0,0,0,0,0,0,0
62622,1,1,2000,0,0,0,0,0,0,0,0,0,0
62623,1,1,2000,0,0,0,0,0,0,0,0,0,0
62624,1,1,2000,0,0,0,0,0,0,0,0,0,0
62625,1,1,2000,0,0,0,0,0,0,0,0,0,0
62626,1,1,2000,0,0,0,0,0,0,0,0,0,0
62627,1,1,2000,19,0,0,0,0,0,0,0,0,0
62628,1,1,2000,0,0,0,0,0,0,0,0,0,0
62628,2,1,2000,0,0,0,0,0,0,0,0,0,0
62629,0,1,2000,0,0,0,0,0,0,0,0,0,0
62629,0,2,2000,0,0,0,0,0,0,0,0,0,0
62629,1,1,2000,0,0,0,0,0,0,0,0,0,0
62630,1,1,2000,0,0,0,0,0,0,0,0,0,0
62630,2,1,2000,0,0,0,0,0,0,0,0,0,0
62631,1,1,2000,0,0,0,11,0,0,0,0,0,0
62631,2,1,2000,0,0,0,0,0,0,0,0,0,0
62632,1,1,2000,0,0,0,0,0,0,0,0,0,0
62632,2,1,2000,0,0,0,0,0,0,0,0,0,0
62633,1,1,2000,0,0,0,0,0,0,0,0,0,0
62633,2,1,2000,0,0,0,0,0,0,0,0,0,0
62634,1,1,2000,0,0,0,0,0,0,0,0,0,0
62634,2,1,2000,0,0,0,0,0,0,0,0,0,0
62635,1,1,2000,0,0,0,0,0,0,0,0,0,0
62635,2,1,2000,0,0,0,0,0,0,0,0,0,0
62636,1,1,2000,0,0,0,0,0,0,0,0,0,0
62636,2,1,2000,0,0,0,0,0,0,0,0,0,0
62637,1,1,2000,18,18,18,18,18,18,18,18,18,18
62638,1,1,2000,0,0,0,0,0,0,0,0,0,0
62638,2,1,2000,0,0,0,3,0,0,0,0,0,0
62639,1,1,2000,0,0,0,0,0,0,0,0,0,0
62639,2,1,2000,0,0,0,0,0,0,0,0,4,0
62640,1,1,2000,0,0,0,0,0,0,0,0,0,0
62640,2,1,2000,0,0,0,0,0,0,0,0,0,0
62641,1,1,2000,0,0,0,0,0,0,15,0,0,0
62641,2,1,2000,0,0,0,0,0,0,0,0,14,0
62642,1,1,2000,0,0,0,0,0,0,3,0,0,0
62642,2,1,2000,11,11,11,11,11,11,11,11,11,11
62643,1,1,2000,0,0,0,0,0,0,0,0,0,0
62643,2,1,2000,0,0,0,0,0,0,0,0,0,0
62644,1,1,2000,0,0,0,0,0,0,0,0,0,0
62644,2,1,2000,0,0,0,0,0,0,0,0,0,0
62645,1,1,2000,0,0,0,0,0,0,0,0,0,0
62645,2,1,2000,0,0,0,0,0,0,0,0,0,0
62646,1,1,2000,0,0,0,0,0,0,0,0,0,0
62646,2,1,2000,0,0,0,0,0,0,0,0,0,0
62647,1,1,2000,27,27,27,27,27,27,27,27,27,27
62647,2,1,2000,0,0,0,0,0,0,0,0,0,0
62648,1,1,2000,0,19,0,0,0,11,0,0,0,0
62648,2,1,2000,0,0,0,0,0,0,0,0,0,0
62649,1,1,2000,14,14,14,14,14,14,14,14,14,14
62649,2,1,2000,0,0,0,24,0,0,0,0,0,0
62650,1,1,2000,0,0,0,0,0,0,0,0,0,0
62650,2,1,2000,0,0,0,0,0,0,0,0,0,0
62651,1,1,2000,0,0,0,0,0,0,0,0,0,0
62651,2,1,2000,0,0,0,0,0,0,0,0,0,0
62652,1,1,2000,0,0,0,0,0,0,0,0,0,0
62652,2,1,2000,0,0,0,0,0,0,0,0,0,0
62653,1,1,2000,17,17,17,17,17,17,17,17,17,17
62653,2,1,2000,21,21,21,21,21,21,21,21,21,21
62654,1,1,2000,0,0,0,0,0,0,0,0,0,0
62654,2,1,2000,0,0,0,0,0,0,0,0,0,6
62655,1,1,2000,0,0,0,0,0,0,0,0,0,0
62655,2,1,2000,0,0,0,0,0,0,0,0,0,0
62656,1,1,2000,0,0,0,0,0,0,0,0,0,0
62656,2,1,2000,2,0,0,0,6,0,0,0,0,0
62657,1,1,2000,12,12,12,12,12,12,12,12,12,12
62657,2,1,2000,0,0,0,0,0,0,0,0,0,0
62658,1,1,2000,15,15,15,15,15,15,15,15,15,15
62658,2,1,2000,19,0,0,0,0,0,0,0,0,0
62659,1,1,2000,0,0,0,0,0,0,0,0,0,0
62659,2,1,2000,0,0,0,0,0,0,0,0,0,0
62660,1,1,2000,5,5,5,5,5,5,5,5,5,5
62660,2,1,2000,0,0,0,0,0,0,0,0,0,0
62661,1,1,2000,20,0,11,0,0,18,9,11,0,0
62661,2,1,2000,0,0,0,0,0,0,0,0,0,0
62662,1,1,2000,2,2,2,2,2,2,2,2,2,2
62662,2,1,2000,0,0,0,0,0,0,0,0,0,0
62663,1,1,2000,0,0,0,0,0,0,0,0,0,0
62663,2,1,2000,0,0,0,0,0,0,0,0,0,0
62663,3,1,2000,0,0,0,0,0,0,0,0,0,0
62664,1,1,2000,0,0,0,0,0,0,0,0,0,0
62664,2,1,2000,0,0,0,0,0,0,0,0,0,0
62665,1,1,2000,2,2,2,2,2,2,2,2,2,2
62665,2,1,2000,0,0,0,0,0,0,0,0,0,0
62665,3,1,2000,0,0,0,0,0,0,0,0,0,0
62666,1,1,2000,0,10,0,0,0,0,0,0,0,0
62666,2,1,2000,0,0,0,0,0,0,0,0,0,0
62667,1,1,2000,18,18,18,18,18,18,18,18,18,18
62667,2,1,2000,0,0,0,0,0,0,0,0,0,0
62667,3,1,2000,0,9,0,0,0,0,0,0,0,0
62668,0,1,2000,0,0,0,3,0,15,0,18,0,0
62668,1,1,2000,0,0,0,0,0,0,0,0,0,0
62668,2,1,2000,26,26,26,26,26,26,26,26,26,26
62669,1,1,2000,0,0,0,0,0,0,0,0,0,0
62669,2,1,2000,0,0,0,0,0,0,0,0,0,0
62669,3,1,2000,0,0,0,0,0,0,0,0,0,0
62669,4,1,2000,0,0,0,0,0,0,0,0,0,0
62669,5,1,2000,0,0,0,0,0,0,0,0,0,0
62670,0,1,2000,22,22,22,22,22,22,22,22,22,22
62670,1,1,2000,0,0,0,0,0,0,0,0,0,0
62670,2,1,2000,0,0,0,2,0,0,0,11,7,0
62670,3,1,2000,0,0,0,0,0,0,0,0,0,0
62671,1,1,2000,0,0,0,0,0,0,0,0,0,0
62671,2,1,2000,0,0,0,0,0,0,0,0,0,0
62671,3,1,2000,0,0,0,0,0,0,0,0,0,0
62671,4,1,2000,0,0,0,0,0,0,0,0,0,0
62671,5,1,2000,0,0,0,0,0,0,0,0,0,0
62672,1,1,2000,0,0,0,0,0,0,0,0,0,0
62672,2,1,2000,0,0,0,0,0,0,0,0,0,0
62672,3,1,2000,0,0,0,0,0,0,0,0,0,0
62673,0,1,2000,24,24,24,24,24,24,24,24,24,24
62673,1,1,2000,0,0,0,0,0,0,0,0,0,0
62673,2,1,2000,0,0,0,0,22,0,0,0,0,0
62673,3,1,2000,0,0,0,0,0,0,0,0,0,0
62674,1,1,2000,0,0,0,0,0,0,0,0,0,0
62674,2,1,2000,0,0,0,0,0,0,12,0,0,0
62674,3,1,2000,0,0,0,0,0,0,0,0,0,0
62674,4,1,2000,0,0,0,0,0,0,0,0,0,0
62675,1,1,2000,23,23,23,23,23,23,23,23,23,23
62675,2,1,2000,0,0,0,0,0,0,0,0,0,0
62676,1,1,2000,12,12,12,12,12,12,12,12,12,12
62676,2,1,2000,0,0,0,0,0,0,0,0,0,0
62677,1,1,2000,0,0,0,0,0,0,0,0,0,0
62677,2,1,2000,0,0,0,0,0,0,0,0,0,0
62678,1,1,2000,0,0,0,0,0,0,0,0,0,0
62678,2,1,2000,0,0,0,0,0,0,0,0,0,0
62679,1,1,2000,0,0,0,0,0,0,0,0,0,0
62679,2,1,2000,0,0,0,0,0,0,0,0,0,0
62680,1,1,2000,11,11,11,11,11,11,11,11,11,11
62680,2,1,2000,0,0,0,0,0,0,0,0,0,0
62681,1,1,2000,0,0,0,0,0,0,0,0,0,0
62681,2,1,2000,0,0,0,0,0,0,0,0,0,0
62682,1,1,2000,0,0,0,0,0,0,0,0,0,0
62682,2,1,2000,0,0,0,0,0,0,0,0,0,0
62683,1,1,2000,4,4,4,4,4,4,4,4,4,4
62683,2,1,2000,0,0,0,0,0,0,0,0,0,0
62684,1,1,2000,0,0,19,0,0,0,0,0,0,0
62684,2,1,2000,0,0,0,0,0,0,0,0,0,0
62685,1,1,2000,0,0,0,0,0,0,0,0,0,0
62685,2,1,2000,0,0,0,0,0,0,0,0,0,0
62686,1,1,2000,0,0,0,0,0,0,0,0,0,0
62687,0,1,2000,16,16,16,16,16,16,16,16,16,16
62687,1,1,2000,0,0,0,0,0,0,0,0,0,0
62688,1,1,2000,26,26,26,26,26,26,26,26,26,26
62689,1,1,2000,30,5,2,11,20,8,9,12,14,0
62690,0,1,2000,34,34,34,34,34,34,34,34,34,34
62690,1,1,2000,0,0,0,34,0,0,0,0,0,0
62691,1,1,2000,0,0,0,0,0,0,0,0,0,0
62692,1,1,2000,0,0,0,0,0,0,0,0,0,0
62693,1,1,2000,5,5,5,5,5,5,5,5,5,5
62694,1,1,2000,0,0,0,0,0,0,0,0,0,0
62695,1,1,2000,0,0,0,0,0,0,0,0,0,0
62696,1,1,2000,8,8,8,8,8,8,8,8,8,8
62697,1,1,2000,0,0,0,0,0,0,0,0,0,0
62698,1,1,2000,4,4,4,4,4,4,4,4,4,4
62699,1,1,2000,7,7,7,7,7,7,7,7,7,7
62700,1,1,2000,0,0,0,0,0,0,0,0,0,0
62700,2,1,2000,0,0,0,0,0,0,0,0,0,0
62701,0,1,2000,26,26,26,26,26,26,26,26,26,26
62701,1,1,2000,0,0,0,4,0,0,12,9,3,8
62701,2,1,2000,0,0,0,0,0,0,0,0,0,0
62702,1,1,2000,0,0,0,0,0,0,0,0,0,0
62702,2,1,2000,0,0,0,0,0,0,0,0,0,0
62703,0,1,2000,14,14,14,14,14,14,14,14,14,14
62703,1,1,2000,0,0,0,0,0,0,0,0,0,0
62704,0,1,2000,0,0,0,0,0,0,0,0,0,0
62704,1,1,2000,0,0,0,0,0,0,0,0,0,0
62705,0,1,2000,0,0,0,0,0,0,0,0,0,0
62705,1,1,2000,0,0,0,0,0,0,0,0,0,0
62706,0,1,2000,18,18,18,18,18,18,18,18,18,18
62706,1,1,2000,18,0,0,0,29,0,0,0,0,0
62707,0,1,2000,0,0,6,21,0,27,0,11,18,12
62707,1,1,2000,0,0,0,0,0,0,0,0,0,0
62708,0,1,2000,0,0,0,0,0,0,0,0,0,0
62708,1,1,2000,0,0,0,0,0,0,0,0,0,0
62709,0,1,2000,5,5,5,5,5,5,5,5,5,5
62709,1,1,2000,11,16,0,0,0,11,0,0,0,0
62710,0,1,2000,0,0,0,0,0,0,0,0,0,0
62710,1,1,2000,0,0,0,0,2,0,8,0,0,0
62711,1,1,2000,0,0,0,0,0,0,0,0,0,0
62712,1,1,2000,0,0,0,0,0,0,0,0,0,0
62712,2,1,2000,0,0,0,0,0,0,0,0,0,0
62713,1,1,2000,0,0,0,0,0,0,0,0,0,0
62713,2,1,2000,0,0,0,0,0,0,0,0,0,0
62714,1,1,2000,0,0,0,0,0,0,0,0,0,0
62714,2,1,2000,0,0,0,0,0,0,0,0,0,0
62715,1,1,2000,0,0,0,0,0,0,0,0,0,0
62715,2,1,2000,0,0,0,11,22,0,0,0,0,0
62716,1,1,2000,0,0,0,0,0,0,0,0,0,0
62716,2,1,2000,2,2,2,2,2,2,2,2,2,2
62717,1,1,2000,0,0,0,0,0,0,0,0,0,7
62717,2,1,2000,0,0,0,0,0,0,0,0,0,0
62718,1,1,2000,0,0,0,0,0,0,0,0,0,0
62718,2,1,2000,0,0,0,0,0,0,0,0,0,0
62719,0,1,2000,0,0,0,0,0,0,0,0,0,0
62719,1,1,2000,0,0,0,0,0,0,0,0,0,0
62719,2,1,2000,0,0,0,0,0,0,0,0,0,0
62720,1,1,2000,0,0,0,0,0,0,0,0,0,0
62720,2,1,2000,0,0,0,0,0,0,0,0,0,0
62721,1,1,2000,0,0,0,0,0,0,0,0,0,0
62721,2,1,2000,0,0,0,0,0,0,0,0,0,0
62722,1,1,2000,0,0,0,0,0,0,0,0,0,0
62722,2,1,2000,0,0,0,0,0,0,0,0,0,0
62723,1,1,2000,0,0,0,0,0,0,0,0,0,0
62723,2,1,2000,0,0,0,0,2,0,0,0,0,0
62724,1,1,2000,0,0,0,0,0,0,0,0,0,0
62724,2,1,2000,0,0,0,0,0,0,0,0,0,0
62725,0,1,2000,0,0,0,0,0,0,0,0,0,0
62725,1,1,2000,0,0,0,0,0,0,0,0,0,0
62726,1,1,2000,0,0,0,0,0,0,0,0,0,0
62726,2,1,2000,6,6,6,6,6,6,6,6,6,6
62727,0,1,2000,0,0,0,0,0,0,0,0,0,0
62727,1,1,2000,8,8,8,8,8,8,8,8,8,8
62728,1,1,2000,0,0,0,0,0,0,0,0,0,0
62728,2,1,2000,0,0,0,0,0,0,0,0,0,0
62729,1,1,2000,0,0,0,0,0,0,0,0,0,9
62729,2,1,2000,22,0,0,0,0,0,0,0,0,0
62730,1,1,2000,0,0,0,0,0,0,0,0,0,0
62731,1,1,2000,10,10,10,10,10,10,10,10,10,10
62732,0,1,2000,0,0,0,0,0,0,0,0,0,0
62732,1,1,2000,0,0,0,0,0,0,0,0,0,0
62733,1,1,2000,0,0,0,0,0,0,0,0,0,0
62734,0,1,2000,0,0,0,0,0,0,0,0,0,17
62734,1,1,2000,0,23,0,21,0,0,0,0,9,12
62735,0,1,2000,13,13,13,13,13,13,13,13,13,13
62735,1,1,2000,0,0,0,0,0,0,0,0,0,0
62736,0,1,2000,0,0,0,0,0,0,0,0,0,0
62736,1,1,2000,0,0,0,0,0,0,0,0,0,0
62737,1,1,2000,6,6,6,6,6,6,6,6,6,6
62738,0,1,2000,0,0,0,0,0,0,0,0,0,0
62738,1,1,2000,0,0,0,0,0,0,0,0,0,0
62739,1,1,2000,19,19,19,19,19,19,19,19,19,19
62740,1,1,2000,10,29,9,0,12,16,15,10,19,16
62740,2,1,2000,0,0,0,0,0,0,0,0,0,0
62741,1,1,2000,0,0,0,0,0,0,0,0,0,0
62741,2,1,2000,0,0,0,0,10,0,0,0,0,0
62742,1,1,2000,0,0,0,0,0,0,0,0,0,0
62742,2,1,2000,0,0,0,0,0,0,0,0,0,0
62742,3,1,2000,0,0,0,0,0,0,0,0,0,0