ST_CASE,VEH_NO,PER_NO,YEAR,P1,P2,P3,P4,P5,P6,P7,P8,P9,P10
62743,0,1,2000,0,0,0,0,0,0,0,0,0,0
62743,0,2,2000,0,0,0,0,0,0,0,0,0,0
62743,1,1,2000,0,0,0,0,0,0,0,0,0,0
62744,1,1,2000,12,0,0,15,0,21,9,15,0,14
62744,2,1,2000,0,0,0,0,0,0,0,0,0,0
62744,3,1,2000,0,0,0,0,0,0,0,0,0,0
62745,1,1,2000,0,25,0,0,0,0,0,0,0,0
62745,2,1,2000,18,18,18,18,18,18,18,18,18,18
62746,0,1,2000,0,0,0,0,0,0,0,0,0,0
62746,1,1,2000,0,0,0,0,0,0,0,0,0,0
62747,0,1,2000,8,8,8,8,8,8,8,8,8,8
62747,1,1,2000,0,0,0,0,0,0,0,0,0,0
62748,1,1,2000,0,0,0,0,0,0,0,0,0,0
62749,0,1,2000,0,0,0,0,0,0,0,0,0,0
62749,1,1,2000,0,0,0,0,0,0,0,0,0,0
62750,1,1,2000,0,0,0,0,0,0,0,0,0,0
62751,1,1,2000,16,16,16,16,16,16,16,16,16,16
62752,1,1,2000,10,0,4,11,13,17,9,7,9,15
62753,0,1,2000,35,35,35,35,35,35,35,35,35,35
62753,1,1,2000,0,0,0,0,0,0,0,0,0,0
62754,1,1,2000,0,0,0,0,0,0,0,0,0,0
62755,1,1,2000,0,0,0,0,0,0,0,0,0,0
62756,0,1,2000,11,11,11,11,11,11,11,11,11,11
62756,1,1,2000,5,0,22,8,15,0,0,0,0,0
62757,1,1,2000,14,14,14,14,14,14,14,14,14,14
62758,1,1,2000,13,13,13,13,13,13,13,13,13,13
62759,1,1,2000,0,0,0,0,0,0,0,0,0,0
62760,1,1,2000,0,0,0,0,0,0,0,0,0,0
62761,1,1,2000,0,0,0,0,0,0,0,0,16,0
62762,1,1,2000,21,21,21,21,21,21,21,21,21,21
62763,1,1,2000,12,12,12,12,12,12,12,12,12,12
62764,1,1,2000,0,0,0,0,0,0,0,0,0,0
62765,1,1,2000,28,28,28,28,28,28,28,28,28,28
62766,1,1,2000,0,0,0,0,0,0,0,0,0,0
62767,1,1,2000,0,0,0,0,0,0,0,0,0,0
62768,1,1,2000,23,23,23,23,23,23,23,23,23,23
62769,1,1,2000,0,0,0,0,0,0,0,0,0,0
62770,1,1,2000,0,0,0,0,0,0,0,0,0,0
62770,2,1,2000,22,11,18,21,24,35,11,16,12,22
62771,1,1,2000,0,0,0,0,0,0,0,0,0,0
62771,2,1,2000,0,0,0,0,0,0,0,0,0,0
62772,1,1,2000,0,0,0,0,0,0,0,0,0,0
62773,1,1,2000,0,0,0,0,0,0,0,14,0,0
62774,0,1,2000,19,19,19,19,19,19,19,19,19,19
62774,1,1,2000,12,12,12,12,12,12,12,12,12,12
62775,0,1,2000,0,0,0,0,0,0,0,0,0,0
62775,1,1,2000,0,0,0,0,0,0,0,15,0,0
62776,0,1,2000,0,0,0,0,0,0,0,0,0,0
62776,1,1,2000,0,0,0,0,0,0,0,0,0,0
62777,0,1,2000,0,0,0,0,0,0,0,0,0,0
62777,1,1,2000,0,0,0,0,0,0,0,0,0,0
62778,1,1,2000,0,0,0,0,0,0,0,0,0,0
62778,2,1,2000,0,0,0,0,0,0,0,0,0,0
62779,1,1,2000,2,2,2,2,2,2,2,2,2,2
62779,2,1,2000,0,0,0,0,0,0,0,0,0,0
62780,1,1,2000,30,0,18,0,0,0,0,18,0,0
62780,2,1,2000,0,0,0,0,0,0,0,0,0,0
62781,1,1,2000,22,22,22,22,22,22,22,22,22,22
62781,2,1,2000,0,0,0,0,0,0,0,0,0,0
62782,1,1,2000,0,0,0,0,0,0,0,0,0,0
62782,2,1,2000,0,6,0,0,0,0,0,0,0,0
62783,1,1,2000,0,0,0,0,0,0,0,0,0,0
62783,2,1,2000,0,0,0,0,0,0,0,0,0,0
62784,1,1,2000,0,0,0,0,0,0,13,0,0,0
62784,2,1,2000,0,0,0,0,0,0,0,0,0,0
62785,1,1,2000,0,0,0,0,0,0,0,0,0,0
62785,2,1,2000,0,0,0,0,0,0,0,0,0,0
62786,1,1,2000,18,18,18,18,18,18,18,18,18,18
62786,2,1,2000,0,0,0,0,0,0,0,0,0,0
62787,1,1,2000,0,0,0,0,0,0,0,0,0,0
62787,2,1,2000,0,0,0,0,0,0,0,0,0,0
62788,1,1,2000,0,0,0,0,0,0,0,0,0,0
62788,2,1,2000,0,0,0,0,0,0,0,0,0,0
62789,1,1,2000,0,0,0,0,0,0,0,0,0,0
62789,2,1,2000,0,0,0,0,0,0,0,0,0,0
62790,1,1,2000,0,0,0,0,0,0,0,0,0,0
62790,2,1,2000,0,0,0,0,0,0,0,0,0,0
62791,0,1,2000,35,35,0,7,17,14,27,10,0,17
62791,1,1,2000,0,0,0,0,0,0,0,0,0,0
62792,1,1,2000,9,21,17,17,14,11,3,14,11,8
62793,1,1,2000,16,16,16,16,16,16,16,16,16,16
62794,0,1,2000,0,0,0,0,0,0,0,0,0,0
62794,1,1,2000,0,0,0,0,0,0,0,0,0,0
62795,0,1,2000,0,0,0,0,0,0,0,0,0,0
62795,1,1,2000,0,0,0,0,0,0,0,0,0,0
62796,1,1,2000,0,0,0,0,0,0,0,0,0,0
62797,1,1,2000,4,0,0,0,0,0,0,38,0,0
62798,0,1,2000,44,20,9,45,6,28,8,22,26,38
62798,1,1,2000,0,0,0,0,0,0,0,0,0,0
62799,1,1,2000,0,0,0,0,0,0,0,0,0,0
62800,1,1,2000,0,0,0,0,0,0,9,0,0,0
62801,0,1,2000,0,0,0,0,0,0,0,0,0,0
62801,1,1,2000,0,0,0,0,0,0,0,0,0,0
62802,1,1,2000,0,0,0,0,0,0,0,0,0,0
62803,1,1,2000,0,0,0,0,0,0,0,0,0,0
62804,1,1,2000,20,20,20,20,20,20,20,20,20,20
62805,1,1,2000,0,0,0,0,0,0,0,0,0,0
62806,0,1,2000,0,0,0,0,0,0,0,0,0,0
62806,1,1,2000,0,0,0,0,0,0,0,0,0,0
62807,1,1,2000,0,0,0,0,0,0,0,0,0,0
62808,0,1,2000,28,28,28,28,28,28,28,28,28,28
62808,1,1,2000,0,17,0,15,18,0,0,0,10,0
62809,1,1,2000,0,0,0,0,0,0,0,0,0,0
62810,1,1,2000,0,0,0,0,0,0,0,0,0,0
62811,1,1,2000,0,0,0,0,0,2,0,0,0,0
62812,1,1,2000,0,0,0,0,0,0,0,0,0,0
62813,1,1,2000,0,0,0,0,0,0,0,0,0,0
62814,1,1,2000,0,0,0,0,0,0,0,0,0,0
62815,1,1,2000,10,10,10,10,10,10,10,10,10,10
62816,1,1,2000,0,0,0,0,0,0,0,0,0,0
62817,1,1,2000,29,29,29,29,29,29,29,29,29,29
62817,2,1,2000,0,0,0,0,0,0,0,0,4,0
62818,1,1,2000,0,0,0,0,0,0,0,0,0,0
62818,2,1,2000,0,0,0,0,0,0,0,0,0,0
62819,0,1,2000,0,0,0,0,0,0,0,0,0,0
62819,1,1,2000,0,0,0,0,0,0,0,0,0,0
62820,1,1,2000,0,0,0,0,0,0,0,0,0,0
62820,2,1,2000,0,0,0,0,0,0,0,0,0,0
62821,1,1,2000,0,0,0,10,15,10,33,10,0,0
62821,2,1,2000,0,0,0,0,0,0,13,0,0,0
62822,1,1,2000,0,0,0,0,0,0,0,0,0,0
62822,2,1,2000,6,0,10,0,0,13,0,0,0,25
62823,0,1,2000,0,0,0,0,0,0,0,0,0,0
62823,0,2,2000,0,0,0,0,0,0,0,0,0,0
62823,1,1,2000,0,0,0,0,0,0,0,0,0,0
62824,1,1,2000,18,18,18,18,18,18,18,18,18,18
62824,2,1,2000,0,0,0,0,0,0,0,0,0,0
62825,1,1,2000,19,19,19,19,19,19,19,19,19,19
62825,2,1,2000,0,0,0,0,0,0,0,0,0,0
62826,1,1,2000,0,0,5,0,6,0,0,0,0,0
62826,2,1,2000,19,19,19,19,19,19,19,19,19,19
62827,1,1,2000,0,0,0,0,0,0,0,0,0,0
62827,2,1,2000,0,0,0,0,0,0,0,0,0,0
62828,1,1,2000,16,16,16,16,16,16,16,16,16,16
62828,2,1,2000,0,0,8,0,18,0,0,7,0,24
62829,1,1,2000,16,0,0,0,0,5,14,0,0,0
62829,2,1,2000,14,11,4,21,17,0,0,9,0,5
62830,1,1,2000,0,0,0,0,0,0,0,0,0,0
62830,2,1,2000,0,0,0,0,0,0,0,0,0,0
62831,1,1,2000,0,0,0,0,0,0,0,0,0,0
62831,2,1,2000,0,0,0,0,0,0,0,0,0,0
62832,1,1,2000,0,0,0,0,0,0,0,0,0,0
62832,2,1,2000,0,0,0,0,0,0,0,0,0,0
62833,1,1,2000,2,2,2,2,2,2,2,2,2,2
62833,2,1,2000,0,0,0,0,0,0,0,0,0,0
62834,1,1,2000,0,0,0,0,0,0,0,0,0,0
62834,2,1,2000,0,0,0,29,0,0,0,0,0,0
62835,1,1,2000,21,21,21,21,21,21,21,21,21,21
62835,2,1,2000,0,0,0,0,0,0,0,0,0,15
62836,1,1,2000,0,0,0,0,0,0,0,0,0,0
62836,2,1,2000,0,0,0,0,0,0,0,0,0,0
62837,1,1,2000,0,0,0,0,0,0,0,0,0,0
62837,2,1,2000,0,0,0,0,0,0,0,0,0,0
62838,1,1,2000,5,5,5,5,5,5,5,5,5,5
62838,2,1,2000,0,0,0,0,0,0,0,0,0,0
62839,1,1,2000,0,0,0,0,0,0,0,0,0,0
62839,2,1,2000,0,0,0,0,0,0,0,0,0,0
62840,1,1,2000,0,0,0,0,0,0,0,0,0,0
62840,2,1,2000,0,0,0,0,0,0,0,0,0,0
62841,1,1,2000,0,0,0,0,0,0,0,0,0,0
62841,2,1,2000,0,0,0,0,0,0,0,0,0,0
62842,0,1,2000,0,0,0,0,0,0,0,0,0,0
62842,1,1,2000,0,0,0,12,0,0,0,0,0,10
62843,1,1,2000,0,11,0,0,0,9,23,0,20,0
62844,1,1,2000,8,8,8,8,8,8,8,8,8,8
62845,1,1,2000,0,0,0,0,0,0,0,0,0,0
62845,2,1,2000,0,0,0,0,0,0,0,0,0,0
62845,3,1,2000,0,0,0,0,0,0,0,9,0,0
62845,4,1,2000,0,0,0,0,0,0,0,0,0,0
62845,5,1,2000,0,0,0,0,0,0,0,0,0,0
62845,6,1,2000,0,0,0,0,0,0,0,0,0,0
62845,7,1,2000,0,0,0,0,0,0,0,0,0,0
62845,8,1,2000,0,0,0,0,0,0,0,0,0,0
62845,9,1,2000,0,0,0,0,0,0,0,0,0,0
62845,10,1,2000,0,0,0,0,0,0,0,0,0,0
62845,11,1,2000,0,0,17,0,0,0,26,0,0,0
62846,1,1,2000,0,0,0,0,0,0,0,0,0,0
62846,2,1,2000,0,0,0,0,0,0,0,0,0,0
62846,3,1,2000,13,0,0,0,0,0,0,0,0,0
62846,4,1,2000,0,0,0,0,0,0,0,0,0,0
62846,5,1,2000,0,0,0,0,0,0,0,0,0,0
62847,0,1,2000,0,0,0,0,0,0,0,0,0,0
62847,1,1,2000,0,0,0,0,0,0,0,0,0,0
62847,2,1,2000,0,0,0,0,0,0,0,0,0,0
62848,1,1,2000,0,0,0,0,0,0,0,0,0,0
62848,2,1,2000,0,0,0,0,0,0,0,0,0,0
62848,3,1,2000,0,0,0,0,0,0,0,0,0,0
62849,1,1,2000,0,0,0,0,0,0,0,0,0,0
62849,2,1,2000,0,0,0,0,0,0,0,0,0,0
62850,1,1,2000,8,8,8,8,8,8,8,8,8,8
62850,2,1,2000,0,0,0,0,0,0,0,0,0,0
62850,3,1,2000,0,0,0,12,0,0,7,0,0,0
62851,1,1,2000,30,30,30,30,30,30,30,30,30,30
62851,2,1,2000,0,0,0,0,0,0,7,11,0,0
62851,3,1,2000,0,0,0,0,0,0,0,0,0,0
62852,1,1,2000,0,0,0,0,0,0,0,0,0,0
62852,2,1,2000,15,0,0,0,0,0,0,0,5,0
62852,3,1,2000,0,0,0,0,0,0,0,0,0,0
62853,0,1,2000,0,0,0,0,0,0,0,0,0,0
62853,1,1,2000,0,0,0,0,0,0,0,0,0,0
62853,2,1,2000,0,0,0,0,0,0,0,0,0,0
62854,0,1,2000,0,0,0,0,0,0,0,0,0,0
62854,1,1,2000,0,0,0,0,0,0,0,0,0,0
62854,2,1,2000,0,0,7,0,0,0,0,0,0,0
62855,1,1,2000,0,0,0,0,0,0,0,13,0,0
62855,2,1,2000,0,0,0,0,0,0,0,0,0,0
62855,3,1,2000,0,0,0,0,0,0,0,0,0,0
62856,1,1,2000,0,0,0,0,0,0,0,0,0,0
62856,2,1,2000,0,0,0,0,0,0,0,0,0,0
62856,3,1,2000,0,0,0,0,0,0,0,0,0,0
62857,0,1,2000,0,0,0,0,0,0,0,0,0,0
62857,1,1,2000,0,0,0,0,0,0,0,0,0,0
62858,1,1,2000,10,10,10,10,10,10,10,10,10,10
62859,0,1,2000,0,0,0,0,0,0,0,0,0,0
62859,1,1,2000,0,10,0,0,0,12,0,0,11,0
62860,1,1,2000,0,0,0,0,0,0,0,0,0,0
62861,1,1,2000,0,0,0,0,0,0,0,0,0,0
62862,1,1,2000,12,12,12,12,12,12,12,12,12,12
62863,1,1,2000,16,16,16,16,16,16,16,16,16,16
62864,0,1,2000,32,32,32,32,32,32,32,32,32,32
62864,1,1,2000,0,0,0,0,0,0,0,0,0,0
62865,0,1,2000,26,26,26,26,26,26,26,26,26,26
62865,1,1,2000,0,0,0,0,0,0,0,0,0,0
62866,1,1,2000,0,0,0,0,0,0,0,0,0,0
62867,0,1,2000,27,27,27,27,27,27,27,27,27,27
62867,1,1,2000,0,0,0,0,0,0,0,0,0,0
62868,0,1,2000,0,0,0,0,0,0,0,0,0,0
62868,1,1,2000,0,0,0,0,18,0,0,0,0,0
62869,1,1,2000,0,0,0,0,0,0,0,0,0,0
62869,2,1,2000,0,0,0,0,0,0,0,0,0,0
62870,1,1,2000,0,0,0,0,0,0,0,0,0,0
62870,2,1,2000,0,0,0,0,0,0,0,0,0,0
62871,1,1,2000,0,0,0,0,0,0,0,0,0,0
62871,2,1,2000,3,3,3,3,3,3,3,3,3,3
62872,1,1,2000,0,0,0,0,0,0,0,0,0,0
62872,2,1,2000,0,0,0,0,0,0,0,0,0,0
62873,1,1,2000,0,0,0,0,0,0,0,0,0,0
62873,2,1,2000,0,0,0,0,0,0,0,0,0,0
62874,1,1,2000,0,0,0,0,0,0,0,0,0,0
62874,2,1,2000,2,2,2,2,2,2,2,2,2,2
62875,1,1,2000,0,0,0,0,0,0,0,0,0,0
62875,2,1,2000,0,0,0,0,0,0,0,0,0,0
62876,1,1,2000,0,0,0,0,0,0,0,0,0,0
62876,2,1,2000,0,0,0,0,0,0,0,0,0,0
62877,1,1,2000,0,0,0,0,0,0,0,0,0,0
62877,2,1,2000,0,0,0,0,0,0,0,0,0,0
62878,1,1,2000,0,0,0,0,0,0,0,0,0,0
62879,1,1,2000,0,0,0,0,0,0,0,0,0,0
62879,2,1,2000,0,0,0,0,0,0,0,0,0,0
62880,1,1,2000,0,19,0,0,0,0,0,0,0,0
62880,2,1,2000,0,0,0,0,0,0,0,0,0,0
62881,0,1,2000,0,0,0,0,23,14,0,0,6,14
62881,0,2,2000,0,0,11,0,0,0,0,0,30,10
62881,1,1,2000,12,12,12,12,12,12,12,12,12,12
62882,1,1,2000,0,0,0,0,0,0,0,0,0,0
62882,2,1,2000,0,0,0,0,0,0,0,0,0,0
62883,1,1,2000,0,0,0,0,0,0,0,0,0,0
62883,2,1,2000,0,0,0,0,0,0,0,0,0,15
62884,1,1,2000,0,0,0,0,0,0,0,0,13,0
62884,2,1,2000,0,0,0,0,0,0,0,0,0,0
62885,1,1,2000,11,11,11,11,11,11,11,11,11,11
62885,2,1,2000,0,0,0,0,0,0,0,0,0,0
62886,1,1,2000,0,0,0,0,0,0,0,0,0,0
62886,2,1,2000,0,0,0,0,0,0,0,0,0,0
62887,1,1,2000,0,0,0,0,0,0,0,0,0,0
62887,2,1,2000,0,0,0,0,0,0,0,0,0,0
62888,1,1,2000,0,0,0,0,0,0,0,0,0,0
62888,2,1,2000,23,0,0,0,0,0,0,0,0,0
62889,1,1,2000,0,0,0,0,0,0,0,0,0,0
62889,2,1,2000,0,0,0,0,0,0,0,0,0,0
62890,1,1,2000,0,0,0,0,0,0,0,0,0,0
62890,2,1,2000,0,0,0,0,0,0,0,0,0,0
62891,1,1,2000,0,0,0,0,0,0,0,0,0,0
62891,2,1,2000,0,0,0,0,0,0,0,0,0,0
62892,1,1,2000,0,0,0,0,0,0,0,0,0,0
62892,2,1,2000,0,0,0,0,0,0,0,0,0,0
62893,1,1,2000,0,0,0,0,0,0,0,0,0,0
62893,2,1,2000,0,0,0,0,0,0,0,0,0,0
62894,1,1,2000,0,0,0,0,0,0,0,0,0,0
62894,2,1,2000,0,0,0,0,0,0,0,0,0,0
62895,1,1,2000,0,0,0,0,0,0,0,0,0,0
62895,2,1,2000,0,0,0,0,0,0,0,0,0,0
62896,1,1,2000,4,4,4,4,4,4,4,4,4,4
62896,2,1,2000,0,0,0,0,0,0,0,0,0,0
62897,1,1,2000,0,0,0,0,0,0,0,0,0,0
62898,1,1,2000,0,0,0,0,0,0,0,0,0,0
62898,2,1,2000,11,11,11,11,11,11,11,11,11,11
62899,1,1,2000,0,0,0,0,0,0,0,0,0,0
62899,2,1,2000,0,0,0,0,0,0,0,0,0,0
62900,1,1,2000,0,0,0,0,0,0,0,0,0,0
62900,2,1,2000,0,9,13,0,14,16,15,0,0,10
62901,1,1,2000,2,2,2,2,2,2,2,2,2,2
62902,1,1,2000,2,2,2,2,2,2,2,2,2,2
62903,0,1,2000,0,0,0,0,0,0,0,0,0,0
62903,1,1,2000,0,0,0,0,0,0,0,0,0,0
62904,0,1,2000,0,0,0,0,0,0,0,0,0,0
62904,1,1,2000,0,0,0,0,0,0,0,0,0,0
62905,0,1,2000,0,0,0,0,0,0,0,0,0,0
62905,1,1,2000,0,18,5,0,0,0,0,0,6,0
62906,1,1,2000,2,2,2,2,2,2,2,2,2,2
62907,0,1,2000,0,0,27,0,0,0,0,0,0,0
62907,1,1,2000,0,0,0,0,0,0,0,0,0,0
62908,0,1,2000,0,0,0,0,0,0,0,0,0,0
62908,1,1,2000,0,0,0,0,0,0,0,0,0,0
62909,1,1,2000,0,0,0,0,0,0,0,4,0,0
62909,2,1,2000,0,0,0,0,0,0,0,0,0,0
62910,1,1,2000,15,0,0,16,9,0,0,0,21,0
62910,2,1,2000,12,12,12,12,12,12,12,12,12,12
62910,3,1,2000,0,0,0,0,0,0,0,0,0,0
62911,1,1,2000,0,0,0,0,0,0,0,0,0,0
62911,2,1,2000,0,0,0,0,0,0,0,0,0,0
62912,1,1,2000,0,0,0,0,0,0,0,0,0,0
62912,2,1,2000,0,0,0,0,0,0,0,0,0,0
62913,0,1,2000,6,0,0,0,0,0,0,0,0,0
62913,1,1,2000,0,0,0,0,9,0,0,0,0,0
62914,0,1,2000,0,0,0,0,0,0,0,0,0,0
62914,1,1,2000,0,0,0,0,0,0,0,7,0,0
62915,0,1,2000,0,0,0,0,0,0,0,0,0,0
62915,1,1,2000,0,0,8,0,0,0,0,0,8,0
62916,0,1,2000,0,0,0,0,0,0,0,0,0,0
62916,1,1,2000,0,14,0,0,0,0,0,0,0,0
62917,0,1,2000,0,0,0,0,0,0,0,0,0,0
62917,1,1,2000,0,0,0,0,0,0,0,0,0,0
62918,1,1,2000,0,0,0,0,0,0,0,0,0,0
62919,0,1,2000,23,19,26,0,21,10,12,0,27,18
62919,1,1,2000,0,0,0,0,0,0,0,0,0,0
62920,1,1,2000,0,0,0,0,0,0,0,0,0,0
62920,2,1,2000,0,0,0,0,0,0,0,0,0,0
62921,1,1,2000,0,0,0,0,0,0,0,0,0,0
62921,2,1,2000,0,0,0,0,0,0,0,0,0,0
62922,1,1,2000,0,0,0,0,16,12,0,0,0,12
62922,2,1,2000,0,0,0,0,0,0,0,8,0,0
62923,1,1,2000,0,0,0,0,14,0,0,0,0,12
62923,2,1,2000,0,0,0,0,0,0,0,0,0,0
62924,1,1,2000,0,0,0,0,0,0,0,0,0,0
62924,2,1,2000,0,0,0,0,0,0,0,0,0,0
62925,0,1,2000,0,0,0,0,0,0,0,0,0,0
62925,1,1,2000,0,0,18,0,0,0,0,0,0,0
62926,0,1,2000,0,0,0,0,0,0,0,0,0,0
62926,1,1,2000,0,0,0,0,0,0,0,0,0,0
62927,0,1,2000,0,0,0,0,0,0,0,0,0,0
62927,1,1,2000,0,0,0,24,0,0,12,0,0,0
62928,0,1,2000,0,0,0,0,0,0,0,0,0,0
62928,1,1,2000,0,0,0,0,0,0,0,0,0,0
62929,0,1,2000,8,19,13,25,23,9,11,19,31,11
62929,1,1,2000,0,0,0,0,0,0,0,0,0,0
62930,0,1,2000,0,0,0,0,0,0,0,0,0,0
62930,1,1,2000,24,0,0,0,0,0,0,20,0,0
62931,0,1,2000,0,0,0,0,0,0,0,0,0,0
62931,1,1,2000,0,0,0,0,0,0,0,0,0,0
62932,1,1,2000,0,0,0,0,0,0,0,0,0,0
62933,1,1,2000,0,0,0,0,0,0,0,0,0,0
62934,1,1,2000,0,0,0,0,0,0,0,0,0,0
62935,0,1,2000,0,0,0,0,0,0,0,0,0,0
62935,1,1,2000,0,0,0,0,0,0,0,0,0,0
62936,0,1,2000,0,0,0,0,0,0,0,0,0,0
62936,1,1,2000,0,0,0,0,0,0,0,0,0,0
62936,2,1,2000,0,0,0,0,0,0,8,0,0,0
62937,0,1,2000,0,0,0,0,0,0,0,0,0,0
62937,1,1,2000,22,41,23,13,16,29,6,0,10,22
62938,0,1,2000,25,25,25,25,25,25,25,25,25,25
62938,1,1,2000,25,25,25,25,25,25,25,25,25,25
62939,1,1,2000,21,21,21,21,21,21,21,21,21,21
62940,1,1,2000,0,0,0,0,0,0,0,0,0,0
62941,0,1,2000,35,35,35,35,35,35,35,35,35,35
62941,1,1,2000,2,2,2,2,2,2,2,2,2,2
62941,2,1,2000,0,0,0,0,0,0,0,0,0,0
62942,1,1,2000,0,0,0,0,0,0,0,0,0,0
62943,1,1,2000,10,10,10,10,10,10,10,10,10,10
62944,1,1,2000,9,0,0,0,0,0,0,0,0,0
62944,2,1,2000,0,0,0,0,0,0,0,0,0,0
62945,1,1,2000,0,0,0,0,0,0,0,0,0,0
62946,0,1,2000,0,0,0,0,0,0,0,0,0,0
62946,1,1,2000,0,0,0,0,0,0,0,0,0,12
62947,1,1,2000,0,0,0,0,0,0,0,0,0,0
62948,1,1,2000,0,0,6,0,29,0,24,22,14,11
62949,1,1,2000,0,0,0,0,0,0,0,0,0,0
62950,1,1,2000,13,0,0,0,0,0,0,0,0,0
62951,1,1,2000,8,8,8,8,8,8,8,8,8,8
62951,2,1,2000,0,0,0,0,0,0,0,0,0,0
62952,0,1,2000,0,0,0,0,0,0,0,0,0,0
62952,1,1,2000,0,0,0,0,0,0,0,0,0,0
62953,1,1,2000,0,0,0,0,0,0,0,0,0,0
62953,2,1,2000,0,0,0,0,0,0,0,0,0,0
62954,1,1,2000,0,0,0,8,20,0,0,0,0,0
62954,2,1,2000,0,0,0,21,0,0,0,0,9,0
62955,1,1,2000,0,0,0,0,0,0,0,0,0,0
62955,2,1,2000,14,9,12,17,0,12,6,15,3,36
62955,3,1,2000,0,0,0,0,0,0,0,0,0,0
62956,1,1,2000,25,25,25,25,25,25,25,25,25,25
62956,2,1,2000,0,0,0,0,0,0,0,0,0,0
62957,1,1,2000,5,5,5,5,5,5,5,5,5,5
62957,2,1,2000,0,0,8,0,0,0,0,0,0,0
62957,3,1,2000,0,0,0,0,0,0,0,0,0,0
62958,1,1,2000,7,7,7,7,7,7,7,7,7,7
62958,2,1,2000,0,0,0,0,0,0,0,12,0,0
62958,3,1,2000,0,0,0,0,0,0,0,0,0,0
62959,1,1,2000,22,22,22,22,22,22,22,22,22,22
62959,2,1,2000,0,0,0,0,0,0,0,0,0,0
62959,3,1,2000,0,0,0,0,0,0,11,0,0,0
62960,0,1,2000,0,0,0,0,0,0,0,0,0,0
62960,0,2,2000,13,0,25,15,0,30,0,0,11,20
62960,1,1,2000,0,0,0,0,0,0,0,0,0,0
62960,2,1,2000,0,0,0,0,0,0,0,0,0,0
62961,1,1,2000,0,0,0,0,0,0,0,0,0,0
62961,2,1,2000,0,0,0,0,0,0,0,0,0,0
62961,3,1,2000,0,0,0,0,0,0,0,0,0,0
62962,1,1,2000,0,0,0,0,0,0,0,0,0,0
62962,2,1,2000,0,0,0,0,0,0,0,0,0,12
62962,3,1,2000,0,0,0,0,0,0,0,0,0,0
62963,1,1,2000,0,0,0,0,0,0,0,0,0,0
62963,2,1,2000,0,0,0,0,0,0,0,0,0,0
62964,1,1,2000,0,0,0,0,0,0,0,0,0,0
62964,2,1,2000,0,0,0,0,0,0,0,0,0,0
62965,1,1,2000,0,0,0,0,0,0,0,0,0,0
62965,2,1,2000,0,0,0,0,0,0,0,0,0,0
62966,1,1,2000,0,0,0,0,0,0,0,0,0,0
62966,2,1,2000,0,0,0,0,0,0,0,0,0,0
62967,1,1,2000,0,0,0,0,0,0,0,0,0,0
62967,2,1,2000,0,0,0,0,0,0,0,0,0,0
62968,0,1,2000,30,30,30,30,30,30,30,30,30,30
62968,1,1,2000,0,0,0,0,0,0,0,0,0,0
62969,1,1,2000,20,20,20,20,20,20,20,20,20,20
62969,2,1,2000,0,0,0,0,0,0,0,0,0,0
62970,1,1,2000,0,0,0,0,0,0,0,0,0,0
62970,2,1,2000,0,0,0,0,7,0,0,0,0,0
62971,1,1,2000,0,0,0,0,0,0,0,0,0,0
62971,2,1,2000,0,10,0,0,0,0,0,0,0,0
62972,1,1,2000,0,0,0,0,0,0,0,0,0,0
62972,2,1,2000,0,0,0,0,0,0,0,0,0,0
62973,1,1,2000,0,0,0,0,0,0,0,0,0,0
62973,2,1,2000,0,0,0,0,13,0,0,0,0,3
62974,0,1,2000,32,32,32,32,32,32,32,32,32,32
62974,1,1,2000,0,0,0,0,0,0,0,0,0,4
62975,1,1,2000,11,11,11,11,11,11,11,11,11,11
62976,1,1,2000,0,0,0,0,0,0,0,0,0,0
62976,2,1,2000,0,0,9,0,0,5,0,0,0,11
62977,0,1,2000,0,0,0,0,0,0,0,0,0,0
62977,1,1,2000,0,0,0,0,0,0,0,0,0,0
62978,0,1,2000,0,0,0,0,0,0,0,0,0,0
62978,1,1,2000,5,0,0,0,0,0,0,0,0,6
62979,0,1,2000,0,0,0,0,0,0,0,0,0,0
62979,1,1,2000,0,0,0,0,0,0,0,0,0,0
62980,1,1,2000,0,0,0,0,0,0,0,0,17,0
62980,2,1,2000,0,0,0,0,0,0,0,0,0,0
62981,1,1,2000,0,0,0,0,0,0,0,0,0,0
62981,2,1,2000,0,0,0,0,0,0,0,0,0,0
62982,0,1,2000,0,0,0,0,0,0,0,0,0,0
62982,1,1,2000,0,0,0,0,0,0,0,0,0,0
62983,1,1,2000,0,0,0,0,0,0,18,0,0,17
62984,0,1,2000,0,0,0,0,0,0,0,0,0,0
62984,1,1,2000,0,0,0,0,12,18,16,0,0,20
62985,1,1,2000,32,32,32,32,32,32,32,32,32,32
62986,1,1,2000,0,0,0,0,0,0,0,0,0,0
62987,0,1,2000,9,9,9,9,9,9,9,9,9,9
62987,1,1,2000,0,0,0,10,0,0,0,0,0,0
62988,1,1,2000,0,0,0,0,0,0,0,0,0,0
62988,2,1,2000,0,7,0,0,0,0,0,0,0,0
62989,1,1,2000,9,9,9,9,9,9,9,9,9,9
62989,2,1,2000,0,0,0,0,0,0,0,0,0,0
62990,1,1,2000,24,24,24,24,24,24,24,24,24,24
62991,1,1,2000,0,0,0,0,0,0,0,0,0,0
62991,2,1,2000,24,36,12,14,0,0,0,19,11,18