ST_CASE,VEH_NO,PER_NO,YEAR,P1,P2,P3,P4,P5,P6,P7,P8,P9,P10
62992,0,1,2000,0,0,0,0,0,0,0,0,0,0
62992,1,1,2000,0,0,0,0,0,0,0,0,0,0
62993,1,1,2000,0,0,0,0,0,0,0,0,0,0
62994,0,1,2000,23,17,34,10,26,22,8,0,3,0
62994,1,1,2000,0,0,0,0,0,0,0,0,0,0
62995,1,1,2000,0,10,0,0,0,0,0,11,24,22
62996,1,1,2000,0,0,0,0,0,0,0,0,0,0
62997,1,1,2000,2,2,2,2,2,2,2,2,2,2
62998,0,1,2000,0,0,0,0,0,0,0,0,0,0
62998,1,1,2000,0,0,0,0,7,0,0,0,0,0
62999,0,1,2000,0,0,0,0,0,0,0,0,0,0
62999,1,1,2000,0,0,0,0,0,0,0,0,0,0
63000,0,1,2000,0,0,12,20,37,9,5,19,8,0
63000,1,1,2000,0,0,0,0,0,0,0,0,0,0
63001,0,1,2000,0,32,0,0,0,0,29,0,0,0
63001,1,1,2000,5,5,5,5,5,5,5,5,5,5
63001,2,1,2000,0,0,0,0,0,0,0,0,0,0
63002,1,1,2000,0,0,0,0,0,0,0,0,0,0
63002,2,1,2000,0,0,0,0,0,0,0,0,0,0
63003,0,1,2000,0,0,0,0,0,0,0,0,0,0
63003,1,1,2000,0,0,0,0,0,0,0,0,0,0
63004,1,1,2000,16,16,16,16,16,16,16,16,16,16
63004,2,1,2000,0,0,0,0,0,0,0,0,0,0
63005,1,1,2000,0,0,0,0,0,0,0,0,0,0
63005,2,1,2000,0,0,0,0,0,0,0,0,0,0
63006,0,1,2000,0,0,0,0,0,0,0,0,0,0
63006,1,1,2000,0,0,0,0,0,0,0,0,0,7
63006,2,1,2000,0,0,0,0,0,0,0,0,0,0
63007,0,1,2000,0,0,0,0,0,0,0,0,0,0
63007,0,2,2000,10,19,21,20,17,0,13,23,7,23
63007,0,3,2000,0,0,0,0,0,0,0,0,0,0
63007,1,1,2000,0,0,0,0,0,0,0,0,0,0
63008,0,1,2000,0,0,0,0,5,0,0,0,0,0
63008,1,1,2000,0,0,0,0,0,0,0,0,0,0
63009,1,1,2000,0,0,0,0,0,0,0,0,0,0
63009,2,1,2000,0,0,0,0,0,0,0,0,0,0
63010,1,1,2000,0,23,0,0,0,0,0,0,0,0
63010,2,1,2000,0,0,0,0,15,0,0,0,0,0
63011,1,1,2000,0,0,0,0,0,0,0,0,0,0
63011,2,1,2000,0,0,0,0,0,0,0,0,0,0
63012,1,1,2000,0,0,0,7,0,0,0,0,0,0
63012,2,1,2000,0,0,0,0,0,0,0,0,0,0
63013,1,1,2000,0,0,0,0,0,0,0,0,0,0
63013,2,1,2000,14,14,14,14,14,14,14,14,14,14
63014,1,1,2000,8,8,8,8,8,8,8,8,8,8
63015,0,1,2000,0,0,0,0,0,0,0,0,0,0
63015,2,1,2000,17,0,0,0,8,6,0,0,0,0
63016,1,1,2000,0,0,0,0,0,0,0,0,0,0
63016,2,1,2000,0,0,0,0,0,0,0,0,0,0
63017,1,1,2000,0,0,0,0,0,0,0,0,0,0
63017,2,1,2000,0,0,0,0,0,0,0,0,0,0
63018,0,1,2000,0,0,0,0,0,0,0,0,0,0
63018,1,1,2000,0,0,0,0,0,0,0,0,0,0
63019,1,1,2000,0,18,0,26,6,16,28,0,0,23
63020,0,1,2000,21,21,21,21,21,21,21,21,21,21
63020,1,1,2000,0,0,0,0,0,0,0,0,0,0
63021,1,1,2000,10,10,10,10,10,10,10,10,10,10
63022,1,1,2000,0,0,0,0,0,0,0,0,0,0
63023,1,1,2000,0,0,0,0,0,0,0,0,0,0
63024,1,1,2000,31,31,31,31,31,31,31,31,31,31
63025,1,1,2000,0,0,0,0,0,0,0,0,0,0
63026,1,1,2000,30,30,30,30,30,30,30,30,30,30
63027,1,1,2000,0,0,0,0,0,0,0,0,0,0
63027,2,1,2000,0,0,0,0,0,0,0,0,0,0
63028,1,1,2000,0,0,0,0,0,0,0,0,0,0
63028,2,1,2000,21,21,21,21,21,21,21,21,21,21
63029,1,1,2000,0,0,0,0,0,0,0,0,0,0
63029,2,1,2000,0,0,0,0,0,0,0,0,0,0
63030,1,1,2000,0,0,0,0,0,0,0,0,0,0
63030,2,1,2000,0,0,0,0,0,0,0,0,0,0
63031,0,1,2000,0,0,0,0,0,0,0,0,0,0
63031,1,1,2000,0,0,0,0,0,0,0,0,0,0
63032,1,1,2000,0,0,0,0,0,0,0,0,0,0
63032,2,1,2000,0,0,0,0,0,0,0,0,0,0
63033,1,1,2000,0,0,0,0,0,0,0,0,0,0
63033,2,1,2000,0,0,0,0,0,0,0,0,0,0
63034,0,1,2000,24,24,24,24,24,24,24,24,24,24
63034,1,1,2000,0,0,0,0,0,0,0,0,0,0
63035,0,1,2000,0,0,0,0,0,0,0,0,0,0
63035,1,1,2000,0,0,0,0,0,0,0,0,0,0
63036,0,1,2000,0,0,0,0,0,0,0,0,0,0
63036,1,1,2000,0,0,0,0,0,0,0,0,0,0
63037,1,1,2000,0,0,0,0,0,0,0,0,0,0
63038,0,1,2000,0,0,0,0,0,0,0,0,0,0
63038,1,1,2000,0,0,0,0,0,0,0,0,0,0
63039,0,1,2000,0,0,0,0,0,0,0,0,0,0
63039,0,2,2000,0,0,0,0,0,0,5,0,0,0
63039,1,1,2000,0,0,0,0,0,0,0,0,0,0
63040,1,1,2000,0,0,0,0,0,0,0,0,0,0
63040,2,1,2000,0,0,0,0,0,0,0,0,0,0
63041,1,1,2000,0,0,0,0,0,0,0,0,0,0
63042,1,1,2000,16,16,16,16,16,16,16,16,16,16
63043,1,1,2000,4,4,4,4,4,4,4,4,4,4
63044,1,1,2000,0,0,0,0,0,0,0,0,0,0
63045,1,1,2000,0,0,0,0,0,0,0,0,0,0
63046,1,1,2000,16,16,16,16,16,16,16,16,16,16
63047,1,1,2000,16,15,19,10,22,15,5,18,9,7
63048,1,1,2000,8,8,8,8,8,8,8,8,8,8
63049,1,1,2000,0,0,0,0,0,0,0,0,0,0
63049,2,1,2000,0,0,0,0,0,0,0,0,0,0
63050,1,1,2000,0,0,0,0,0,0,0,0,0,0
63050,2,1,2000,0,0,0,0,0,0,0,0,0,0
63051,1,1,2000,0,0,0,0,0,0,0,0,0,0
63051,2,1,2000,0,0,0,0,0,0,0,0,0,0
63052,1,1,2000,0,0,0,0,0,0,0,0,0,0
63052,2,1,2000,0,0,0,0,0,0,0,0,0,0
63053,1,1,2000,0,0,0,0,0,0,0,0,0,0
63053,2,1,2000,0,0,0,0,0,0,0,0,0,0
63054,1,1,2000,0,17,20,7,19,33,7,15,17,0
63054,2,1,2000,0,0,0,0,0,0,0,0,0,0
63055,0,1,2000,0,0,0,0,0,0,0,0,0,0
63055,1,1,2000,0,0,0,0,0,0,0,0,0,0
63056,1,1,2000,0,0,0,0,0,0,0,0,0,0
63056,2,1,2000,0,0,0,0,0,0,0,0,0,0
63057,0,1,2000,0,0,0,0,0,0,0,0,0,0
63057,1,1,2000,0,0,0,0,0,0,0,0,0,0
63057,2,1,2000,0,0,0,0,0,0,0,0,0,0
63058,1,1,2000,0,0,0,0,0,0,0,0,0,8
63058,2,1,2000,0,0,0,0,0,0,0,0,0,0
63059,0,1,2000,0,0,0,0,0,0,0,0,0,0
63059,1,1,2000,30,15,13,10,8,0,6,0,18,13
63060,0,1,2000,11,11,11,11,11,11,11,11,11,11
63060,0,2,2000,11,0,25,0,27,11,0,21,0,0
63060,1,1,2000,0,0,0,0,0,0,0,0,0,0
63061,1,1,2000,0,0,0,0,0,0,0,0,0,0
63061,2,1,2000,0,0,0,0,0,0,0,0,0,0
63062,1,1,2000,13,13,13,13,13,13,13,13,13,13
63062,2,1,2000,0,0,0,0,0,0,0,0,0,0
63063,0,1,2000,0,0,0,0,0,0,0,0,0,0
63063,1,1,2000,0,0,0,0,0,20,0,0,0,0
63064,1,1,2000,0,0,0,0,0,0,0,0,0,0
63064,2,1,2000,0,0,0,0,0,0,0,0,0,0
63065,1,1,2000,0,0,0,0,0,0,0,0,0,0
63065,2,1,2000,0,0,0,0,0,0,0,0,0,0
63066,1,1,2000,20,0,0,0,0,9,0,0,0,0
63066,2,1,2000,0,0,0,0,0,0,0,0,0,0
63067,0,1,2000,0,0,0,0,0,0,0,0,0,0
63067,0,2,2000,0,0,0,0,0,0,0,0,0,0
63067,1,1,2000,8,0,0,0,0,0,0,0,0,0
63068,0,1,2000,0,0,0,0,0,0,0,0,0,0
63068,1,1,2000,0,0,0,0,0,0,0,0,0,0
63068,2,1,2000,0,0,0,0,0,0,0,0,0,0
63069,1,1,2000,0,0,0,0,0,0,0,0,0,0
63069,2,1,2000,0,0,0,0,0,0,0,0,0,0
63070,1,1,2000,5,0,0,0,0,0,0,0,0,0
63070,2,1,2000,0,0,0,0,0,0,0,0,0,0
63071,1,1,2000,0,0,0,0,0,0,0,0,0,0
63071,2,1,2000,0,0,0,0,0,0,0,0,0,0
63072,0,1,2000,0,0,0,0,0,0,0,0,0,0
63072,1,1,2000,0,0,20,2,0,13,0,0,17,0
63073,0,1,2000,0,0,0,0,0,0,0,0,0,0
63073,1,1,2000,0,0,0,0,0,0,0,0,0,0
63073,2,1,2000,0,0,0,0,0,0,0,0,0,0
63074,0,1,2000,0,0,0,0,0,0,0,0,0,0
63074,1,1,2000,0,0,0,0,0,0,0,0,0,0
63074,2,1,2000,0,0,0,0,0,0,0,0,0,0
63075,1,1,2000,22,20,29,3,19,16,24,10,19,8
63075,2,1,2000,0,11,0,0,0,0,0,0,0,0
63076,1,1,2000,0,0,0,0,0,0,0,0,0,0
63076,2,1,2000,0,0,0,0,0,0,0,0,0,0
63077,1,1,2000,0,0,0,0,0,0,0,0,0,0
63077,2,1,2000,0,0,0,0,0,0,0,0,0,0
63078,1,1,2000,0,22,0,13,34,16,29,21,0,27
63079,1,1,2000,17,17,17,17,17,17,17,17,17,17
63080,1,1,2000,0,0,0,0,0,0,0,0,0,0
63081,0,1,2000,16,0,0,27,0,0,0,0,0,0
63081,1,1,2000,0,0,0,0,0,0,0,0,0,0
63082,1,1,2000,0,25,0,0,0,10,0,0,0,0
63083,0,1,2000,0,0,0,0,0,0,0,0,0,0
63083,1,1,2000,0,0,0,0,0,0,0,0,0,0
63084,0,1,2000,0,0,0,0,0,0,0,3,0,0
63084,1,1,2000,0,0,0,0,0,0,0,6,0,0
63085,0,1,2000,16,16,16,16,16,16,16,16,16,16
63085,1,1,2000,0,25,0,0,15,0,0,25,0,0
63086,0,1,2000,0,0,0,0,0,0,0,0,0,0
63086,1,1,2000,0,0,0,0,0,0,0,0,0,0
63087,1,1,2000,4,0,6,0,18,0,0,15,0,0
63088,1,1,2000,1,1,1,1,1,1,1,1,1,1
63089,1,1,2000,16,16,16,16,16,16,16,16,16,16
63090,1,1,2000,0,0,0,0,0,0,0,0,0,0
63091,1,1,2000,0,0,0,0,0,0,0,0,0,0
63092,0,1,2000,7,7,7,7,7,7,7,7,7,7
63092,1,1,2000,20,0,0,9,23,12,10,0,0,0
63093,1,1,2000,0,0,0,0,0,0,0,0,0,0
63094,1,1,2000,0,0,0,0,0,0,0,0,0,0
63095,1,1,2000,0,0,0,0,0,0,0,0,0,0
63096,1,1,2000,0,0,0,0,0,0,0,0,0,0
63097,1,1,2000,0,0,0,0,0,0,0,0,0,0
63097,2,1,2000,0,29,0,0,0,0,0,0,2,0
63097,3,1,2000,0,0,0,0,0,0,0,0,0,0
63097,4,1,2000,0,0,0,0,14,0,0,0,0,0
63097,5,1,2000,0,0,0,0,0,0,0,0,0,0
63097,6,1,2000,0,0,0,0,0,0,0,0,0,28
63098,1,1,2000,29,29,29,29,29,29,29,29,29,29
63098,2,1,2000,0,0,0,0,0,0,0,0,0,0
63098,3,1,2000,0,0,0,0,0,0,0,0,0,0
63099,1,1,2000,0,0,0,0,0,0,0,0,0,0
63099,2,1,2000,0,0,0,0,0,0,0,0,0,0
63099,3,1,2000,0,0,0,0,0,0,0,0,0,0
63099,4,1,2000,0,0,0,0,0,0,0,0,0,0
63100,1,1,2000,0,0,0,0,0,0,0,0,0,0
63100,2,1,2000,0,0,0,0,0,0,0,0,0,0
63100,3,1,2000,0,0,0,0,0,0,0,0,0,0
63100,4,1,2000,0,0,0,0,0,0,0,0,0,0
63101,1,1,2000,0,0,0,0,0,0,0,0,0,0
63101,2,1,2000,0,0,0,0,0,0,0,0,0,0
63102,1,1,2000,16,16,16,16,16,16,16,16,16,16
63102,2,1,2000,13,13,13,13,13,13,13,13,13,13
63103,1,1,2000,0,0,0,0,0,0,0,0,0,0
63103,2,1,2000,0,0,0,0,0,0,0,0,0,0
63103,3,1,2000,0,0,0,0,0,0,0,0,0,0
63104,1,1,2000,0,0,0,0,0,0,0,0,0,0
63104,2,1,2000,0,0,0,0,0,0,0,0,0,0
63104,3,1,2000,0,0,0,0,0,0,0,0,0,0
63105,1,1,2000,2,2,2,2,2,2,2,2,2,2
63105,2,1,2000,0,0,0,0,12,0,0,0,0,0
63105,3,1,2000,0,0,0,0,0,0,0,0,0,0
63106,1,1,2000,12,12,12,12,12,12,12,12,12,12
63106,2,1,2000,2,2,2,2,2,2,2,2,2,2
63106,3,1,2000,0,0,13,6,0,21,12,0,8,0
63107,1,1,2000,0,0,0,0,0,0,0,0,0,0
63107,2,1,2000,0,0,0,0,13,0,0,0,0,0
63107,3,1,2000,0,0,0,0,0,0,0,0,0,0
63108,1,1,2000,42,42,42,42,42,42,42,42,42,42
63108,2,1,2000,0,0,0,0,0,0,0,0,0,0
63108,3,1,2000,0,0,0,0,0,0,0,0,0,0
63109,2,1,2000,45,45,45,45,45,45,45,45,45,45
63109,3,1,2000,0,6,0,0,0,0,0,15,0,0
63110,0,1,2000,3,3,3,3,3,3,3,3,3,3
63110,0,2,2000,0,0,0,0,0,0,0,0,0,0
63110,0,3,2000,0,0,0,0,0,0,0,0,0,0
63110,0,4,2000,0,0,0,0,0,0,0,0,0,0
63110,1,1,2000,0,0,0,6,0,0,0,0,0,0
63111,0,1,2000,14,14,14,14,14,14,14,14,14,14
63111,1,1,2000,0,0,0,0,0,0,0,0,0,0
63111,2,1,2000,0,0,0,0,0,0,0,0,0,0
63112,0,1,2000,0,0,0,0,0,0,0,0,0,0
63112,1,1,2000,0,0,0,0,0,0,0,0,0,0
63113,0,1,2000,0,0,0,0,0,0,0,0,0,0
63113,1,1,2000,0,0,0,0,0,0,0,0,0,0
63113,2,1,2000,0,0,0,0,0,0,0,0,0,0
63114,0,1,2000,0,0,0,0,0,0,0,0,0,0
63114,1,1,2000,0,0,0,0,0,0,0,0,0,0
63114,2,1,2000,0,0,0,0,0,0,0,0,0,0
63115,1,1,2000,0,0,0,0,0,0,0,0,0,0
63115,2,1,2000,0,0,0,0,0,0,0,0,0,0
63116,0,1,2000,0,0,0,0,0,0,0,0,0,0
63116,0,2,2000,0,0,0,0,0,0,0,0,0,0
63116,1,1,2000,0,0,0,0,0,0,0,0,0,0
63117,0,1,2000,0,0,0,0,0,0,0,0,0,0
63117,1,1,2000,0,0,0,0,0,0,0,0,0,0
63117,2,1,2000,0,0,0,0,0,0,0,0,0,0
63118,1,1,2000,6,0,0,0,0,0,0,0,0,0
63118,2,1,2000,0,0,0,0,0,0,0,0,0,0
63118,3,1,2000,0,0,0,0,0,0,0,0,0,0
63119,1,1,2000,17,17,17,17,17,17,17,17,17,17
63119,2,1,2000,0,0,0,0,0,0,0,0,0,0
63120,1,1,2000,0,0,0,0,0,0,0,0,0,0
63120,2,1,2000,13,13,13,13,13,13,13,13,13,13
63120,3,1,2000,0,0,0,0,0,0,0,0,0,0
63121,1,1,2000,0,0,0,0,0,0,0,0,0,0
63121,2,1,2000,0,0,0,0,0,0,0,0,0,0
63122,0,1,2000,0,0,0,0,0,0,0,0,20,0
63122,1,1,2000,0,0,0,0,0,0,0,0,0,0
63122,2,1,2000,0,0,0,0,0,0,0,0,0,0
63123,1,1,2000,0,0,0,0,0,0,0,0,0,0
63123,2,1,2000,0,0,0,0,0,0,0,0,0,0
63124,1,1,2000,16,16,16,16,16,16,16,16,16,16
63124,2,1,2000,0,0,0,0,0,0,0,0,0,0
63125,1,1,2000,0,0,0,0,0,0,0,0,0,0
63125,2,1,2000,0,0,0,0,0,0,0,0,0,0
63125,3,1,2000,0,0,0,0,0,0,0,0,0,0
63125,4,1,2000,0,0,0,0,0,0,0,0,0,0
63126,0,1,2000,0,0,0,0,0,0,0,0,0,0
63126,0,2,2000,0,0,0,0,0,0,0,0,0,0
63126,0,3,2000,17,15,10,0,12,0,0,0,4,0
63126,1,1,2000,11,11,11,11,11,11,11,11,11,11
63127,1,1,2000,0,0,0,0,0,0,0,0,0,0
63127,2,1,2000,0,0,0,0,0,0,0,0,0,0
63128,1,1,2000,10,10,0,0,11,14,6,0,14,14
63128,2,1,2000,0,0,0,0,0,0,0,0,0,0
63129,1,1,2000,0,0,0,0,0,0,0,0,0,0
63129,2,1,2000,0,0,0,0,14,0,0,0,0,0
63129,3,1,2000,0,0,0,0,0,0,0,0,0,0
63129,4,1,2000,0,0,0,0,0,0,0,0,0,0
63130,1,1,2000,0,0,0,0,0,0,0,0,0,0
63130,2,1,2000,0,0,0,0,0,0,0,0,0,0
63130,3,1,2000,0,0,0,0,0,0,0,0,0,0
63131,1,1,2000,0,0,0,0,0,0,0,0,0,0
63131,2,1,2000,0,0,0,0,0,0,0,0,0,0
63131,3,1,2000,0,0,0,0,0,0,0,0,0,0
63132,1,1,2000,18,18,18,18,18,18,18,18,18,18
63132,2,1,2000,0,0,0,0,0,0,0,0,0,0
63132,3,1,2000,0,0,0,0,0,0,0,0,0,0
63133,1,1,2000,0,0,0,0,0,0,0,0,0,0
63133,2,1,2000,0,0,0,0,0,0,0,0,7,0
63133,3,1,2000,0,0,0,0,0,0,0,0,0,0
63134,1,1,2000,20,20,20,20,20,20,20,20,20,20
63134,2,1,2000,0,0,0,0,0,0,0,0,0,0
63135,1,1,2000,0,0,0,0,0,0,0,0,0,0
63135,2,1,2000,0,0,0,0,0,0,0,0,0,0
63136,1,1,2000,0,0,0,0,0,0,0,0,0,0
63136,2,1,2000,0,0,0,0,0,0,0,0,0,0
63136,3,1,2000,0,0,0,0,0,0,0,0,0,0
63137,1,1,2000,10,10,10,10,10,10,10,10,10,10
63137,2,1,2000,0,0,0,0,0,0,0,0,0,0
63137,3,1,2000,0,0,0,0,0,0,0,0,0,0
63138,1,1,2000,0,0,0,0,0,0,0,0,0,0
63138,2,1,2000,0,0,0,0,0,0,0,0,0,0
63138,3,1,2000,0,0,0,0,0,0,0,0,0,0
63139,1,1,2000,0,0,0,0,0,0,0,0,0,0
63139,3,1,2000,0,0,0,0,7,0,0,0,0,0
63139,4,1,2000,0,0,0,0,0,0,0,0,0,0
63140,1,1,2000,0,0,0,0,0,0,0,0,0,0
63140,2,1,2000,0,0,0,0,0,0,0,0,0,0
63140,3,1,2000,0,0,0,0,0,0,0,0,0,0
63141,1,1,2000,3,31,0,23,0,0,0,0,0,0
63141,2,1,2000,7,0,0,0,0,0,0,0,0,0
63141,3,1,2000,0,0,0,0,0,0,0,0,0,0
63142,0,1,2000,0,0,0,0,0,0,0,0,0,0
63142,0,2,2000,0,0,0,0,0,0,0,0,0,0
63142,1,1,2000,9,0,0,0,0,0,0,0,0,0
63142,2,1,2000,0,0,0,0,0,0,0,0,0,0
63143,0,1,2000,0,0,0,0,0,0,0,0,0,0
63143,1,1,2000,0,0,0,0,0,0,14,0,0,0
63144,0,1,2000,0,0,0,0,0,0,0,0,0,0
63144,1,1,2000,0,0,9,0,0,0,0,20,0,0
63145,0,1,2000,31,31,31,31,31,31,31,31,31,31
63145,1,1,2000,0,0,0,0,0,0,0,0,0,0
63146,1,1,2000,0,0,0,0,0,0,0,0,0,0
63146,2,1,2000,8,8,8,8,8,8,8,8,8,8
63147,1,1,2000,19,25,35,21,31,8,28,4,39,19
63147,2,1,2000,0,0,0,0,0,0,0,0,0,0
63147,3,1,2000,0,0,0,0,0,0,0,0,0,0
63148,0,1,2000,0,0,0,0,0,0,0,0,0,0
63148,0,2,2000,0,0,0,0,0,0,0,0,0,0
63148,0,3,2000,0,0,0,0,0,0,0,0,0,0
63148,0,4,2000,0,0,0,0,0,0,28,0,0,0
63148,0,5,2000,11,0,0,0,11,36,0,0,0,0
63148,0,6,2000,0,0,0,0,0,0,0,0,0,0
63148,0,7,2000,11,0,0,0,0,0,0,7,0,0
63148,0,8,2000,19,0,0,0,0,0,3,0,0,0
63148,0,9,2000,8,0,0,0,0,0,0,0,0,0
63148,0,10,2000,0,0,0,0,0,0,0,0,0,0
63148,1,1,2000,0,0,0,6,0,0,0,0,0,0
63149,1,1,2000,0,0,0,0,0,0,0,0,0,0
63149,2,1,2000,0,0,0,0,0,0,0,0,0,0
63149,3,1,2000,0,0,0,0,0,0,0,0,0,0
63149,4,1,2000,0,0,0,0,0,0,0,0,0,5
63150,0,1,2000,0,0,0,0,0,0,0,0,0,0
63150,1,1,2000,0,0,0,0,0,0,0,0,0,0
63151,1,1,2000,0,0,0,0,0,0,0,0,0,0
63151,2,1,2000,0,0,0,0,0,0,0,0,0,0
63151,3,1,2000,0,0,0,0,0,0,0,0,0,0
63151,4,1,2000,0,0,0,0,0,0,0,0,0,0
63152,1,1,2000,0,0,0,0,0,0,0,0,0,0
63152,2,1,2000,0,0,0,0,0,0,0,0,0,0
63152,3,1,2000,0,0,0,0,0,0,0,0,0,0
63153,0,1,2000,3,3,3,3,3,3,3,3,3,3
63153,2,1,2000,13,13,13,13,13,13,13,13,13,13
63154,1,1,2000,0,0,0,0,0,0,0,0,0,0
63154,2,1,2000,0,0,0,0,0,0,0,0,0,0
63154,3,1,2000,0,0,0,0,0,0,0,0,0,0
63154,4,1,2000,21,0,0,0,0,0,0,0,0,0
63155,1,1,2000,0,0,0,0,0,0,0,0,0,0
63155,2,1,2000,7,0,10,32,13,22,0,13,6,7
63156,0,1,2000,0,0,0,0,0,0,0,0,0,0
63156,1,1,2000,18,0,14,0,0,12,0,0,0,0
63156,2,1,2000,0,0,0,0,3,0,0,0,0,0
63156,3,1,2000,0,0,0,9,0,0,0,0,7,0
63156,4,1,2000,0,0,0,11,0,0,0,0,0,0
63156,5,1,2000,0,0,0,18,0,0,7,0,0,0
63157,1,1,2000,0,0,0,0,0,0,0,0,0,0
63157,2,1,2000,0,0,0,0,0,0,0,0,0,0
63157,3,1,2000,0,0,0,0,0,0,0,0,0,0
63157,4,1,2000,0,0,0,0,0,0,0,0,0,0
63158,1,1,2000,14,14,14,14,14,14,14,14,14,14
63158,2,1,2000,0,0,0,0,0,0,0,0,0,0
63158,3,1,2000,0,0,0,0,0,0,0,0,0,0
63159,1,1,2000,6,18,0,22,0,3,18,8,13,18
63159,2,1,2000,0,0,0,0,0,0,0,0,0,0
63159,3,1,2000,0,0,0,0,0,0,0,0,0,0
63160,1,1,2000,0,0,0,0,0,0,0,0,0,0
63160,2,1,2000,0,0,0,0,0,0,0,0,0,0
63160,3,1,2000,0,0,0,0,11,0,0,0,0,0
63161,1,1,2000,0,0,0,0,0,0,0,0,0,0
63161,2,1,2000,0,0,0,0,0,0,0,0,0,0
63161,3,1,2000,0,0,0,0,0,0,0,0,0,0
63162,1,1,2000,0,0,0,0,0,0,0,0,0,0
63162,2,1,2000,0,0,0,0,0,0,0,0,0,0
63163,1,1,2000,0,0,0,0,0,0,0,0,0,0
63163,2,1,2000,0,0,0,0,0,0,0,0,0,0
63163,3,1,2000,0,0,0,0,0,0,0,0,0,0
63164,1,1,2000,2,0,0,0,0,0,0,0,0,0
63164,2,1,2000,0,0,0,0,0,0,12,0,0,0
63164,3,1,2000,10,26,13,30,0,24,20,10,18,32
63165,1,1,2000,0,0,0,0,0,0,0,0,0,0
63165,2,1,2000,0,0,0,0,0,0,0,0,0,17
63165,3,1,2000,0,0,0,0,0,0,0,0,0,0
63165,4,1,2000,0,0,0,0,14,0,0,0,0,0
63166,1,1,2000,0,0,0,0,0,0,0,0,0,0
63166,2,1,2000,0,0,0,0,0,0,0,0,0,0
63166,3,1,2000,0,0,0,0,0,0,0,0,0,0
63167,1,1,2000,0,0,0,0,0,0,0,0,0,0
63167,2,1,2000,0,0,0,0,0,0,0,0,0,0
63167,3,1,2000,0,0,0,0,0,0,0,0,0,0
63168,1,1,2000,14,14,14,14,14,14,14,14,14,14
63168,2,1,2000,0,0,0,0,0,0,0,0,0,0
63168,3,1,2000,0,0,0,0,24,0,0,0,0,0
63169,1,1,2000,0,0,0,0,0,0,0,0,0,0
63169,2,1,2000,0,0,0,0,0,0,0,0,0,0
63169,3,1,2000,0,0,0,0,0,0,0,0,0,0
63169,4,1,2000,0,0,0,0,0,0,0,0,0,0
63170,1,1,2000,0,0,0,0,0,0,0,0,0,0
63170,2,1,2000,27,0,0,0,0,0,0,0,0,0
63170,3,1,2000,15,0,0,0,0,0,0,0,0,6
63171,1,1,2000,0,0,0,0,0,0,0,0,0,0
63171,2,1,2000,0,0,0,0,0,0,0,0,0,0
63171,3,1,2000,0,0,0,0,0,0,0,0,0,0
63171,4,1,2000,0,0,0,0,0,0,0,0,0,0
63171,5,1,2000,0,0,0,0,0,0,0,0,0,0
63171,6,1,2000,0,0,0,0,0,0,0,0,0,0
63172,0,1,2000,0,0,0,0,0,0,0,0,0,0
63172,0,2,2000,0,0,0,27,10,0,0,0,0,0
63172,1,1,2000,0,0,0,0,0,0,0,0,0,0
63173,0,1,2000,0,0,0,0,0,0,0,0,0,0
63173,0,2,2000,11,4,18,0,0,25,0,0,26,9
63173,1,1,2000,0,0,0,0,0,0,0,0,0,0
63174,1,1,2000,0,0,0,0,0,0,0,0,0,0
63174,2,1,2000,0,6,15,0,0,0,0,9,0,0
63174,3,1,2000,0,0,0,0,0,0,0,0,0,0
63174,4,1,2000,0,0,0,0,0,0,0,0,0,0
63175,1,1,2000,0,0,0,0,0,0,0,0,0,0
63175,2,1,2000,0,0,0,0,0,0,0,0,0,0
63175,3,1,2000,0,0,0,0,0,0,0,0,0,0
63175,4,1,2000,0,0,0,0,0,0,0,0,7,0
63176,1,1,2000,20,20,20,20,20,20,20,20,20,20
63176,2,1,2000,0,0,0,0,0,0,0,0,0,0
63177,1,1,2000,9,9,9,9,9,9,9,9,9,9
63177,2,1,2000,12,12,12,12,12,12,12,12,12,12
63177,3,1,2000,0,0,0,0,0,0,0,0,0,0
63177,4,1,2000,0,0,0,0,0,0,0,0,0,0
63178,1,1,2000,18,18,18,18,18,18,18,18,18,18
63178,2,1,2000,0,0,0,0,0,0,0,0,0,0
63178,3,1,2000,0,0,0,0,0,0,0,0,0,9
63179,1,1,2000,0,0,0,0,0,0,0,0,0,0
63179,2,1,2000,0,0,0,0,0,0,0,0,0,0
63179,3,1,2000,0,0,0,0,0,0,0,0,0,0
63180,1,1,2000,18,18,18,18,18,18,18,18,18,18
63180,2,1,2000,0,0,0,0,0,0,3,0,11,0
63180,3,1,2000,0,0,0,0,0,0,0,0,0,0
63181,1,1,2000,0,0,0,0,0,0,0,0,0,0
63181,2,1,2000,0,0,0,0,0,0,0,0,0,0
63181,3,1,2000,0,12,0,0,0,0,0,0,0,0
63182,0,1,2000,0,0,0,0,0,0,0,0,0,0
63182,0,2,2000,18,0,0,0,5,0,0,0,30,0
63182,1,1,2000,38,38,38,38,38,38,38,38,38,38
63183,1,1,2000,13,13,13,13,13,13,13,13,13,13
63183,2,1,2000,0,0,0,0,0,0,0,0,0,0
63183,3,1,2000,0,0,0,0,0,0,0,0,0,0
63184,1,1,2000,0,0,0,0,0,0,0,8,0,0
63184,2,1,2000,6,0,0,0,0,0,0,0,0,0
63184,3,1,2000,0,0,0,0,0,0,0,0,0,0
63185,1,1,2000,0,0,0,0,0,0,0,0,0,0
63185,2,1,2000,3,3,3,3,3,3,3,3,3,3