ST_CASE,VEH_NO,PER_NO,YEAR,P1,P2,P3,P4,P5,P6,P7,P8,P9,P10
63186,1,1,2000,14,14,14,14,14,14,14,14,14,14
63186,2,1,2000,0,0,0,0,0,0,0,0,0,0
63187,0,1,2000,0,0,0,38,15,0,0,0,0,0
63187,1,1,2000,0,0,0,0,0,0,0,0,0,0
63188,1,1,2000,0,0,0,0,0,0,0,0,0,0
63189,1,1,2000,0,0,0,0,0,0,0,0,0,0
63189,2,1,2000,0,0,0,0,0,0,0,0,0,0
63189,3,1,2000,0,0,0,0,0,0,0,0,0,6
63190,0,1,2000,0,0,26,0,22,8,0,0,49,19
63190,2,1,2000,0,0,0,0,0,0,0,0,0,0
63190,3,1,2000,0,0,0,0,0,0,0,0,0,0
63190,4,1,2000,4,0,0,11,0,0,0,0,0,0
63190,5,1,2000,0,0,0,0,0,0,0,0,0,0
63191,1,1,2000,0,0,0,0,0,0,0,0,0,0
63191,2,1,2000,0,0,0,0,0,0,0,0,0,0
63191,3,1,2000,0,0,0,0,0,0,0,0,0,0
63191,4,1,2000,0,0,0,0,0,0,0,0,0,0
63192,1,1,2000,17,17,17,17,17,17,17,17,17,17
63192,2,1,2000,0,0,0,0,0,0,0,0,0,0
63192,3,1,2000,0,0,0,0,0,0,0,0,0,0
63192,4,1,2000,0,0,0,0,0,0,0,9,0,0
63192,5,1,2000,0,0,0,13,0,0,0,0,0,0
63193,1,1,2000,0,0,0,0,0,0,0,0,0,0
63193,2,1,2000,2,2,2,2,2,2,2,2,2,2
63193,3,1,2000,0,0,0,0,0,14,0,0,0,0
63193,4,1,2000,0,0,0,0,0,0,0,0,0,0
63194,1,1,2000,0,0,0,0,0,0,0,0,0,0
63194,2,1,2000,0,0,0,0,0,0,0,0,0,0
63194,3,1,2000,0,0,0,0,0,0,0,0,0,0
63195,0,1,2000,0,0,0,0,0,0,0,0,0,0
63195,1,1,2000,0,0,0,0,0,0,0,0,0,0
63196,1,1,2000,13,13,13,13,13,13,13,13,13,13
63196,2,1,2000,0,0,0,0,0,0,0,0,0,0
63196,3,1,2000,0,8,0,0,0,0,0,12,0,0
63196,4,1,2000,0,0,0,0,0,0,0,0,0,0
63196,5,1,2000,0,0,0,0,0,0,7,0,0,0
63196,6,1,2000,15,9,17,33,0,0,3,13,4,19
63197,0,1,2000,0,0,0,0,0,0,0,0,0,0
63197,1,1,2000,0,0,0,0,0,0,0,0,0,0
63198,1,1,2000,0,0,0,0,0,0,0,0,0,0
63198,2,1,2000,0,0,0,0,0,0,0,0,0,0
63199,0,1,2000,0,0,2,0,0,0,0,0,0,0
63199,1,1,2000,8,8,8,8,8,8,8,8,8,8
63199,2,1,2000,0,0,0,0,0,0,0,0,0,0
63200,1,1,2000,0,0,0,0,0,0,0,0,0,0
63200,2,1,2000,0,0,0,0,0,0,0,0,0,0
63200,3,1,2000,0,0,0,0,0,0,0,0,0,0
63201,0,1,2000,27,27,27,27,27,27,27,27,27,27
63201,1,1,2000,0,0,0,0,0,0,0,0,0,0
63201,2,1,2000,0,0,0,0,0,0,0,0,37,0
63201,3,1,2000,15,0,0,0,0,0,0,0,0,0
63201,4,1,2000,0,16,0,0,0,0,0,0,0,0
63201,5,1,2000,0,0,0,0,0,0,0,0,0,0
63202,1,1,2000,0,0,0,0,0,0,0,0,0,0
63202,2,1,2000,0,0,0,0,0,0,0,0,0,0
63202,3,1,2000,0,0,0,0,0,0,0,0,0,0
63203,0,1,2000,30,30,30,30,30,30,30,30,30,30
63203,1,1,2000,0,0,11,0,0,0,0,0,0,0
63203,2,1,2000,0,0,0,0,0,0,0,0,0,0
63203,3,1,2000,0,0,0,0,0,0,0,9,0,0
63203,4,1,2000,0,0,0,0,0,0,0,0,0,0
63203,5,1,2000,0,0,0,0,14,0,0,0,0,0
63204,1,1,2000,0,0,0,0,0,0,0,0,0,0
63204,2,1,2000,0,0,0,0,0,0,0,0,0,0
63204,3,1,2000,0,0,0,0,0,0,0,0,0,0
63204,4,1,2000,0,0,0,0,0,0,0,0,0,0
63204,5,1,2000,0,0,0,0,0,0,0,0,0,0
63205,0,1,2000,0,0,0,0,0,0,0,0,0,0
63205,0,2,2000,0,0,0,0,0,0,0,0,0,0
63205,0,3,2000,0,0,0,5,0,0,0,0,0,0
63205,0,4,2000,0,0,0,0,0,0,0,0,0,0
63205,0,5,2000,0,4,0,0,0,0,0,0,0,0
63205,1,1,2000,9,0,5,0,5,37,0,0,0,11
63206,1,1,2000,0,0,0,0,0,0,0,0,0,0
63206,2,1,2000,0,0,0,0,0,0,0,0,0,0
63206,3,1,2000,0,0,0,0,0,0,0,0,0,0
63207,1,1,2000,0,0,0,0,0,0,0,0,0,0
63207,2,1,2000,0,0,0,0,0,0,0,0,0,0
63207,3,1,2000,0,0,0,0,2,0,0,0,0,19
63208,1,1,2000,0,0,9,0,0,0,0,0,0,0
63208,2,1,2000,0,0,0,0,0,0,0,0,0,0
63208,3,1,2000,0,0,0,0,0,0,0,0,0,20
63208,4,1,2000,0,0,0,0,0,0,0,0,0,0
63209,1,1,2000,2,2,2,2,2,2,2,2,2,2
63209,2,1,2000,0,0,0,0,0,0,0,0,0,0
63209,3,1,2000,0,0,0,0,0,15,0,0,0,0
63209,4,1,2000,0,0,0,0,0,0,0,0,0,0
63210,1,1,2000,0,0,0,0,0,0,0,0,0,0
63210,2,1,2000,0,0,0,0,0,0,0,0,0,0
63210,3,1,2000,0,0,0,0,0,0,0,11,0,0
63210,4,1,2000,0,0,0,0,0,0,0,0,0,0
63210,5,1,2000,0,0,0,0,0,0,0,0,0,0
63211,1,1,2000,0,0,0,28,0,9,0,0,0,0
63211,2,1,2000,0,0,0,0,0,0,0,14,0,0
63212,1,1,2000,2,2,2,2,2,2,2,2,2,2
63212,2,1,2000,0,0,0,0,0,0,0,0,0,0
63212,3,1,2000,0,0,0,0,3,0,0,0,0,0
63213,1,1,2000,0,0,0,0,0,0,0,0,0,0
63213,2,1,2000,0,0,0,0,0,0,0,0,0,0
63213,3,1,2000,0,0,0,0,0,0,0,0,0,0
63214,1,1,2000,0,15,0,0,19,0,0,0,0,0
63214,2,1,2000,14,14,14,14,14,14,14,14,14,14
63215,1,1,2000,0,0,0,0,0,0,0,0,0,0
63215,2,1,2000,0,0,0,0,0,0,0,0,0,0
63215,3,1,2000,0,0,0,0,0,0,0,0,0,0
63216,1,1,2000,0,0,0,0,0,0,0,0,0,0
63216,2,1,2000,17,16,10,6,16,8,7,0,2,6
63217,1,1,2000,0,0,0,0,0,0,0,0,0,0
63217,2,1,2000,0,0,0,0,0,0,0,0,0,0
63217,3,1,2000,0,0,0,0,0,0,0,0,0,0
63218,1,1,2000,0,0,0,0,0,0,0,0,0,0
63218,2,1,2000,0,0,0,0,0,0,0,0,0,0
63218,3,1,2000,0,0,0,0,0,0,0,0,0,0
63219,1,1,2000,0,0,0,0,0,0,0,0,0,0
63219,2,1,2000,0,0,0,0,0,0,0,0,0,0
63219,3,1,2000,0,0,0,0,0,0,0,0,0,0
63220,1,1,2000,0,0,0,0,0,0,0,0,0,0
63220,2,1,2000,4,4,4,4,4,4,4,4,4,4
63220,3,1,2000,0,0,0,0,0,0,0,0,0,0
63220,4,1,2000,0,0,11,0,0,0,0,0,0,0
63220,5,1,2000,0,0,0,0,0,0,0,0,0,0
63220,6,1,2000,0,0,0,0,0,0,0,0,0,0
63220,7,1,2000,0,0,0,0,0,0,0,0,0,0
63221,1,1,2000,0,0,0,0,21,0,0,0,0,0
63221,2,1,2000,0,0,0,0,0,0,0,0,0,0
63221,3,1,2000,0,0,0,0,0,0,0,0,0,0
63222,1,1,2000,0,0,0,0,0,0,0,0,0,0
63222,2,1,2000,0,0,0,0,0,0,0,0,0,0
63222,3,1,2000,0,0,0,0,0,0,0,0,0,0
63222,4,1,2000,0,0,0,0,0,0,0,0,0,0
63222,5,1,2000,0,0,0,0,0,0,0,0,0,0
63223,1,1,2000,0,0,0,0,0,0,0,0,0,0
63223,2,1,2000,0,0,0,0,0,0,0,0,0,0
63224,1,1,2000,0,0,0,0,0,0,0,0,0,0
63224,2,1,2000,0,0,0,0,0,0,0,0,0,0
63225,1,1,2000,0,0,0,0,0,0,0,0,0,0
63225,2,1,2000,0,11,0,0,0,0,0,0,20,0
63225,3,1,2000,0,0,0,0,5,8,0,0,0,0
63226,1,1,2000,0,0,0,0,15,0,0,0,0,0
63226,2,1,2000,0,0,0,0,0,0,0,0,0,0
63226,3,1,2000,0,0,0,0,0,0,0,0,0,0
63227,1,1,2000,0,0,0,0,0,0,0,0,0,0
63227,2,1,2000,0,0,0,0,0,0,0,0,0,0
63227,3,1,2000,0,0,0,0,0,0,0,0,0,0
63228,1,1,2000,0,0,0,0,0,0,0,0,0,0
63228,2,1,2000,0,0,0,0,0,0,0,0,0,0
63228,3,1,2000,0,0,0,0,0,0,0,0,0,0
63229,1,1,2000,0,0,0,0,0,0,8,0,0,0
63229,2,1,2000,0,0,0,0,0,0,0,0,0,0
63229,3,1,2000,0,0,0,0,0,0,0,0,0,0
63230,1,1,2000,23,23,23,23,23,23,23,23,23,23
63230,2,1,2000,6,6,6,6,6,6,6,6,6,6
63231,1,1,2000,0,0,10,0,0,6,22,14,23,0
63231,2,1,2000,12,12,12,12,12,12,12,12,12,12
63231,3,1,2000,2,2,2,2,2,2,2,2,2,2
63232,1,1,2000,0,0,0,0,0,0,0,0,0,0
63232,2,1,2000,0,0,0,0,0,0,0,0,0,0
63232,3,1,2000,0,0,0,0,0,0,0,0,0,0
63233,0,1,2000,0,0,0,0,0,0,0,0,0,0
63233,1,1,2000,0,0,0,0,0,0,0,0,0,0
63234,0,1,2000,0,0,0,0,0,0,0,0,0,0
63234,1,1,2000,0,0,0,0,0,0,0,0,0,0
63235,0,1,2000,0,0,0,0,0,0,0,0,0,0
63235,1,1,2000,0,0,14,0,0,16,18,0,12,0
63236,0,1,2000,15,15,15,15,15,15,15,15,15,15
63236,1,1,2000,0,0,0,0,11,0,0,0,0,0
63237,0,1,2000,0,0,0,0,0,0,0,0,0,0
63237,1,1,2000,0,0,0,0,13,0,0,0,0,0
63238,1,1,2000,18,18,18,18,18,18,18,18,18,18
63239,1,1,2000,10,10,10,10,10,10,10,10,10,10
63240,1,1,2000,17,17,17,17,17,17,17,17,17,17
63241,0,1,2000,34,34,34,34,34,34,34,34,34,34
63241,1,1,2000,0,0,5,0,3,0,0,0,18,29
63242,1,1,2000,13,13,13,13,13,13,13,13,13,13
63243,1,1,2000,4,4,4,4,4,4,4,4,4,4
63244,1,1,2000,0,0,0,0,0,0,0,0,0,0
63245,1,1,2000,0,0,0,0,0,0,0,0,0,0
63246,1,1,2000,21,21,21,21,21,21,21,21,21,21
63247,1,1,2000,0,0,0,0,0,0,0,0,0,0
63248,1,1,2000,9,9,9,9,9,9,9,9,9,9
63249,1,1,2000,0,0,0,0,0,0,0,0,0,0
63250,1,1,2000,0,0,0,0,0,0,0,0,0,0
63251,0,1,2000,0,0,0,0,0,0,0,0,0,0
63251,1,1,2000,0,0,0,0,0,0,0,0,0,0
63252,1,1,2000,0,0,0,0,0,0,0,0,0,0
63253,1,1,2000,0,0,0,0,0,0,0,0,0,0
63254,1,1,2000,0,0,0,0,0,0,0,0,0,0
63255,1,1,2000,6,0,0,0,0,0,14,0,0,0
63256,0,1,2000,0,0,0,0,0,0,0,0,0,0
63256,1,1,2000,0,0,0,0,0,0,0,0,0,0
63257,1,1,2000,5,5,5,5,5,5,5,5,5,5
63258,1,1,2000,0,0,15,0,0,0,0,0,4,0
63258,2,1,2000,0,0,0,0,0,0,0,0,0,0
63259,1,1,2000,0,0,0,0,0,0,0,0,0,0
63259,2,1,2000,0,0,0,0,0,0,0,0,0,0
63259,3,1,2000,0,0,0,0,0,0,0,0,0,0
63259,4,1,2000,0,0,0,0,0,0,0,0,0,0
63259,5,1,2000,0,0,0,0,0,0,0,0,0,0
63259,6,1,2000,0,0,0,0,0,0,0,0,0,0
63259,7,1,2000,0,0,0,0,0,0,0,0,0,0
63260,1,1,2000,0,0,0,0,0,0,0,0,0,0
63260,2,1,2000,0,0,0,0,0,0,0,0,0,0
63260,3,1,2000,0,0,0,0,0,0,0,0,0,0
63261,1,1,2000,0,0,0,0,0,0,0,0,0,0
63261,2,1,2000,0,0,0,0,0,0,0,0,0,0
63261,3,1,2000,0,0,0,0,0,0,0,0,0,0
63262,1,1,2000,0,0,0,0,0,0,0,0,0,0
63262,2,1,2000,0,0,0,0,0,0,0,0,0,0
63263,1,1,2000,0,0,0,0,0,0,0,0,0,0
63263,2,1,2000,0,0,0,0,0,0,0,0,0,0
63264,1,1,2000,0,0,0,0,0,0,0,0,0,0
63264,2,1,2000,0,0,0,0,0,0,0,0,0,0
63264,3,1,2000,0,0,0,0,0,0,0,0,0,0
63265,0,1,2000,3,3,3,3,3,3,3,3,3,3
63265,0,2,2000,0,0,0,0,22,0,0,0,0,0
63265,1,1,2000,0,0,0,0,0,0,0,0,0,0
63266,1,1,2000,0,0,0,0,0,0,0,0,0,10
63266,2,1,2000,10,0,0,0,0,0,0,0,0,0
63266,3,1,2000,0,0,0,0,0,0,0,0,0,0
63266,4,1,2000,0,0,0,0,0,0,0,0,0,0
63267,1,1,2000,0,0,0,0,0,0,0,0,0,0
63267,2,1,2000,0,0,0,0,0,0,0,0,0,0
63268,1,1,2000,0,0,0,0,0,0,0,0,0,0
63268,2,1,2000,0,0,0,0,0,0,0,0,0,0
63268,3,1,2000,0,0,0,0,0,0,0,0,0,0
63269,1,1,2000,0,0,0,0,0,0,0,0,0,0
63269,2,1,2000,0,0,0,0,0,0,0,0,0,0
63269,3,1,2000,0,0,0,0,0,0,0,0,0,0
63270,1,1,2000,0,0,0,0,0,0,0,0,0,0
63270,2,1,2000,0,0,0,0,0,0,0,0,0,0
63270,3,1,2000,0,0,0,0,0,0,0,0,0,0
63271,1,1,2000,21,21,21,21,21,21,21,21,21,21
63271,2,1,2000,0,0,0,0,0,0,0,0,0,0
63272,1,1,2000,25,25,25,25,25,25,25,25,25,25
63272,2,1,2000,22,22,22,22,22,22,22,22,22,22
63273,1,1,2000,0,0,0,0,0,18,0,0,0,0
63273,2,1,2000,0,0,0,0,0,0,0,0,0,0
63273,3,1,2000,0,0,0,0,0,0,0,0,0,0
63273,4,1,2000,0,0,0,0,0,0,0,0,0,0
63274,1,1,2000,0,0,0,0,0,0,0,0,0,0
63274,2,1,2000,0,0,0,0,0,0,0,0,0,0
63274,3,1,2000,0,0,0,0,0,0,0,0,0,0
63274,4,1,2000,0,0,0,0,0,0,0,0,0,0
63275,1,1,2000,11,11,11,11,11,11,11,11,11,11
63275,2,1,2000,0,0,0,0,0,0,0,0,0,0
63275,3,1,2000,0,0,0,0,0,0,0,9,15,5
63276,1,1,2000,20,20,20,20,20,20,20,20,20,20
63276,2,1,2000,0,0,0,0,0,0,0,0,0,0
63276,3,1,2000,0,0,0,0,0,0,0,0,0,0
63276,4,1,2000,0,0,0,0,0,0,0,0,0,0
63276,5,1,2000,0,0,0,0,0,0,0,0,0,0
63277,1,1,2000,0,0,0,0,0,0,0,0,0,0
63277,2,1,2000,0,0,0,0,0,0,0,0,0,0
63277,3,1,2000,0,0,16,0,0,0,0,0,8,0
63278,1,1,2000,0,0,0,0,0,0,0,0,0,0
63278,2,1,2000,0,0,0,0,0,0,0,0,0,0
63278,3,1,2000,0,0,0,0,0,0,0,0,0,0
63278,4,1,2000,0,0,0,0,0,0,0,0,0,0
63279,1,1,2000,21,21,21,21,21,21,21,21,21,21
63279,2,1,2000,9,9,9,9,9,9,9,9,9,9
63280,0,1,2000,0,0,0,0,0,0,0,0,0,0
63280,0,2,2000,17,17,0,18,0,0,0,17,0,6
63280,1,1,2000,14,14,14,14,14,14,14,14,14,14
63280,2,1,2000,0,0,0,0,0,0,0,0,0,0
63281,1,1,2000,0,0,0,0,0,0,0,0,0,0
63281,2,1,2000,0,0,0,0,0,0,0,0,0,0
63281,3,1,2000,10,10,10,10,10,10,10,10,10,10
63282,1,1,2000,0,0,0,0,0,0,0,0,0,0
63282,2,1,2000,0,0,0,0,0,0,0,0,0,0
63282,3,1,2000,0,0,0,0,0,0,0,0,0,0
63283,1,1,2000,0,0,0,0,0,0,0,0,0,0
63283,2,1,2000,0,0,0,0,0,0,0,0,0,0
63284,1,1,2000,0,0,0,0,0,0,0,0,0,0
63284,2,1,2000,0,0,0,0,0,0,0,0,0,0
63284,3,1,2000,0,0,0,0,0,0,0,0,0,0
63285,1,1,2000,0,0,0,0,3,0,0,0,0,0
63285,2,1,2000,0,0,0,0,0,0,0,0,0,0
63285,3,1,2000,0,0,0,0,0,0,0,0,0,0
63286,0,1,2000,0,0,0,0,0,0,0,0,0,0
63286,1,1,2000,0,0,0,0,11,0,0,0,0,0
63287,1,1,2000,0,20,16,0,0,0,0,0,0,0
63287,2,1,2000,0,0,0,0,0,0,0,0,0,0
63287,3,1,2000,0,0,0,0,0,0,0,0,0,0
63288,1,1,2000,0,0,0,0,0,0,0,0,0,0
63288,2,1,2000,0,0,0,0,0,0,0,0,0,0
63289,1,1,2000,8,8,8,8,8,8,8,8,8,8
63289,2,1,2000,0,0,0,0,0,0,0,0,0,0
63290,1,1,2000,0,0,0,0,0,0,0,0,0,0
63290,2,1,2000,0,0,0,0,0,0,0,0,0,0
63290,3,1,2000,0,0,0,0,0,0,0,0,0,0
63290,4,1,2000,0,0,0,0,0,0,0,0,0,0
63291,1,1,2000,0,0,0,11,0,0,0,0,7,0
63291,2,1,2000,0,0,0,0,0,0,0,0,0,0
63291,3,1,2000,0,0,0,0,0,0,0,0,0,0
63291,4,1,2000,0,0,0,0,0,0,0,0,0,0
63292,1,1,2000,0,0,0,0,0,0,0,0,0,0
63292,2,1,2000,0,0,0,0,0,0,0,0,0,0
63292,3,1,2000,0,0,0,0,0,0,0,0,0,0
63293,0,1,2000,36,36,36,36,36,36,36,36,36,36
63293,1,1,2000,0,0,0,0,0,0,0,0,0,0
63293,2,1,2000,20,0,0,0,0,0,0,0,0,0
63294,1,1,2000,22,22,22,22,22,22,22,22,22,22
63294,2,1,2000,0,0,0,0,0,0,0,0,0,0
63294,3,1,2000,0,0,0,0,0,0,0,0,0,0
63295,1,1,2000,0,0,0,0,0,0,0,22,0,0
63295,2,1,2000,0,0,0,0,0,0,0,0,23,0
63295,3,1,2000,16,0,0,10,0,0,0,7,0,0
63295,4,1,2000,0,19,0,0,0,0,0,0,0,0
63296,1,1,2000,0,0,0,0,0,0,0,0,0,0
63296,2,1,2000,5,5,5,5,5,5,5,5,5,5
63296,3,1,2000,0,0,0,0,0,0,0,0,0,0
63297,1,1,2000,0,0,0,0,0,0,0,0,0,0
63297,2,1,2000,0,0,0,0,0,0,0,0,0,0
63297,3,1,2000,0,0,0,0,0,0,0,0,0,0
63297,4,1,2000,0,0,0,0,11,0,0,0,0,0
63298,1,1,2000,14,14,14,14,14,14,14,14,14,14
63298,2,1,2000,0,0,0,0,0,0,0,0,0,9
63298,3,1,2000,5,0,20,0,0,0,0,0,9,14
63299,1,1,2000,0,0,0,0,0,0,0,0,0,0
63299,2,1,2000,0,0,0,0,0,0,0,0,0,0
63299,3,1,2000,19,29,0,20,17,19,6,16,6,7
63300,1,1,2000,0,0,0,0,0,0,0,0,0,0
63300,2,1,2000,0,0,0,0,0,0,0,0,0,0
63301,1,1,2000,0,0,0,0,0,0,0,0,0,0
63301,2,1,2000,0,0,0,0,0,0,0,0,0,0
63301,3,1,2000,0,0,0,0,0,0,0,0,0,0
63301,4,1,2000,0,0,0,0,0,0,0,0,0,0
63301,5,1,2000,0,0,0,0,0,0,0,0,0,0
63301,6,1,2000,0,0,0,0,0,0,0,0,0,0
63301,7,1,2000,0,0,0,0,0,0,0,0,0,0
63302,1,1,2000,20,20,20,20,20,20,20,20,20,20
63302,2,1,2000,0,0,0,0,0,0,0,3,0,0
63302,3,1,2000,0,0,0,0,0,0,0,0,0,0
63302,4,1,2000,0,0,0,0,0,0,0,0,0,0
63303,1,1,2000,0,0,0,0,0,0,0,0,0,0
63303,2,1,2000,0,0,0,0,0,0,0,0,0,0
63304,0,1,2000,0,0,0,0,0,0,0,0,0,0
63304,1,1,2000,0,0,0,0,0,0,0,0,0,0
63305,1,1,2000,0,0,0,0,0,0,0,0,0,0
63305,2,1,2000,0,0,0,0,0,0,0,0,0,0
63305,3,1,2000,0,0,0,0,0,0,0,0,0,0
63305,4,1,2000,0,0,0,0,0,0,0,0,0,0
63305,5,1,2000,0,0,0,0,0,0,0,0,0,0
63306,1,1,2000,0,0,0,17,0,0,0,0,0,0
63306,2,1,2000,0,0,0,0,0,0,0,0,0,0
63306,3,1,2000,0,0,0,0,0,0,0,0,0,0
63307,1,1,2000,0,0,0,0,0,0,0,0,0,0
63307,2,1,2000,0,0,0,0,0,0,0,0,0,0
63307,3,1,2000,0,0,0,0,0,0,4,0,0,0
63307,4,1,2000,0,0,0,0,0,0,0,0,0,0
63308,1,1,2000,0,0,0,0,0,0,0,0,0,0
63308,2,1,2000,0,0,0,0,0,0,0,0,0,0
63308,3,1,2000,0,0,0,0,0,0,0,0,0,0
63309,1,1,2000,0,0,0,0,0,0,0,0,0,0
63309,2,1,2000,0,0,0,0,0,0,0,0,0,0
63309,3,1,2000,0,0,0,0,0,0,0,0,0,0
63310,1,1,2000,0,0,0,0,0,21,0,27,0,0
63310,2,1,2000,0,0,0,0,0,0,0,0,0,0
63310,3,1,2000,0,0,0,0,0,0,0,0,0,0
63311,1,1,2000,6,22,15,16,11,6,13,22,0,0
63311,2,1,2000,0,0,0,0,0,0,0,0,0,0
63311,3,1,2000,0,0,0,0,0,0,0,0,0,0
63312,1,1,2000,11,12,19,17,0,11,0,26,15,0
63312,2,1,2000,0,0,0,0,0,0,0,0,0,0
63312,3,1,2000,0,0,0,0,0,0,0,0,0,0
63313,1,1,2000,0,0,0,0,0,0,0,0,0,0
63313,2,1,2000,0,0,5,0,0,0,3,0,0,0
63313,3,1,2000,0,0,0,0,0,0,0,0,0,0
63314,1,1,2000,0,0,0,0,0,0,0,0,0,0
63314,2,1,2000,0,0,0,0,0,0,0,0,13,0
63314,3,1,2000,0,0,10,0,0,0,0,0,0,0
63314,4,1,2000,0,0,0,0,0,0,0,0,0,0
63314,5,1,2000,0,0,0,0,0,0,0,0,0,0
63314,6,1,2000,0,0,0,0,0,0,0,0,0,0
63315,0,1,2000,44,44,44,44,44,44,44,44,44,44
63315,1,1,2000,0,0,0,0,0,0,0,0,0,0
63315,2,1,2000,0,0,9,0,0,0,0,0,0,0
63315,3,1,2000,14,0,0,0,0,0,0,0,0,0
63316,0,1,2000,24,24,24,24,24,24,24,24,24,24
63316,1,1,2000,0,0,0,0,0,0,0,0,0,0
63317,1,1,2000,12,12,12,12,12,12,12,12,12,12
63317,2,1,2000,0,0,0,0,0,0,0,0,0,0
63317,3,1,2000,0,0,0,0,0,0,0,0,0,0
63318,0,1,2000,0,0,0,0,0,0,0,0,0,0
63318,1,1,2000,0,0,0,0,0,0,0,0,0,0
63319,0,1,2000,0,0,0,0,0,0,0,0,0,0
63319,1,1,2000,0,0,0,0,0,0,0,0,0,0
63320,1,1,2000,8,8,8,8,8,8,8,8,8,8
63321,1,1,2000,13,12,19,16,12,8,18,14,17,7
63322,1,1,2000,0,0,0,0,0,0,0,0,0,6
63323,0,1,2000,0,0,0,0,0,0,0,0,0,0
63323,1,1,2000,0,0,0,0,0,0,0,0,0,0
63324,1,1,2000,10,0,0,0,5,10,0,7,16,3
63325,0,1,2000,0,0,0,0,0,0,0,0,0,0
63325,1,1,2000,0,0,0,0,0,0,0,0,0,0
63326,0,1,2000,0,0,0,0,0,0,0,0,0,0
63326,1,1,2000,0,0,0,0,0,0,0,0,0,0
63327,0,1,2000,0,0,0,0,0,0,34,0,0,0
63327,1,1,2000,0,0,0,0,0,0,0,0,0,18
63328,0,1,2000,0,0,0,0,0,0,0,0,0,0
63328,1,1,2000,0,0,0,0,0,0,0,0,0,0
63329,0,1,2000,0,0,0,0,0,0,0,0,0,0
63329,1,1,2000,0,0,0,0,0,0,0,0,0,0
63330,0,1,2000,0,0,0,0,0,0,0,0,16,0
63330,0,2,2000,0,26,0,0,0,0,0,0,0,2
63330,0,3,2000,0,0,16,0,0,0,11,20,0,0
63330,1,1,2000,11,5,0,0,0,16,0,0,0,0
63330,2,1,2000,0,0,0,0,0,0,0,0,0,0
63331,1,1,2000,10,0,0,0,11,0,0,0,0,0
63331,2,1,2000,0,0,0,0,0,0,0,0,8,0
63331,3,1,2000,0,0,0,0,0,0,0,0,7,6
63332,1,1,2000,0,0,0,0,0,0,0,0,0,0
63332,2,1,2000,0,0,0,0,0,0,0,0,0,0
63332,3,1,2000,0,0,0,0,0,0,0,0,0,0
63332,4,1,2000,0,16,0,0,0,0,6,0,0,0
63333,1,1,2000,0,0,0,0,0,0,0,0,0,0
63333,2,1,2000,36,0,0,0,0,0,0,0,0,0
63333,3,1,2000,0,0,0,0,0,0,0,0,0,0
63334,1,1,2000,0,0,0,17,0,0,0,0,0,0
63334,2,1,2000,0,0,0,0,0,0,0,0,0,0
63335,0,1,2000,0,0,0,0,0,0,0,0,0,0
63335,1,1,2000,0,0,0,0,0,0,0,0,0,0
63335,2,1,2000,0,0,0,0,0,0,0,0,0,0
63336,1,1,2000,0,0,0,0,0,0,0,0,0,0
63336,2,1,2000,0,0,0,0,0,0,0,0,0,0
63337,1,1,2000,17,13,4,0,0,10,22,2,12,0
63338,1,1,2000,25,25,25,25,25,25,25,25,25,25
63338,2,1,2000,0,0,0,0,0,0,0,0,0,0
63338,3,1,2000,0,0,0,0,0,0,0,0,0,0
63339,1,1,2000,25,25,25,25,25,25,25,25,25,25
63340,1,1,2000,22,22,22,22,22,22,22,22,22,22
63341,1,1,2000,0,23,0,0,0,0,0,0,8,0
63341,2,1,2000,0,0,0,0,0,0,0,0,0,0
63341,3,1,2000,0,0,0,0,0,0,0,0,0,0
63342,1,1,2000,0,0,10,0,0,0,0,0,0,0
63342,2,1,2000,0,0,0,0,0,0,0,0,0,0
63342,3,1,2000,0,0,0,0,0,0,0,0,0,0
63343,1,1,2000,0,0,0,0,0,0,0,0,0,0
63343,2,1,2000,0,0,0,0,0,0,0,0,0,0
63343,3,1,2000,0,0,0,0,0,0,0,0,0,0
63344,0,1,2000,12,13,0,22,0,0,0,18,0,16
63344,1,1,2000,0,0,0,0,0,0,0,0,0,0
63345,0,1,2000,13,13,13,13,13,13,13,13,13,13
63345,1,1,2000,0,0,0,0,0,0,0,0,0,0
63346,1,1,2000,0,0,0,0,0,0,0,0,0,0
63346,2,1,2000,0,0,0,0,0,0,0,0,0,0
63347,0,1,2000,0,0,0,0,0,0,0,0,0,0
63347,1,1,2000,0,0,0,0,0,0,0,0,0,0
63348,0,1,2000,29,29,29,29,29,29,29,29,29,29
63348,1,1,2000,10,10,10,10,10,10,10,10,10,10
63349,1,1,2000,17,17,17,17,17,17,17,17,17,17
63349,2,1,2000,0,0,0,0,0,0,0,0,0,0
63349,3,1,2000,0,0,0,0,0,0,16,18,0,0
63350,1,1,2000,0,0,0,0,0,0,0,0,0,0
63350,2,1,2000,0,0,0,0,0,0,0,0,0,0
63350,3,1,2000,0,0,0,0,0,0,0,0,0,0
63351,0,1,2000,11,11,11,11,11,11,11,11,11,11
63351,1,1,2000,0,0,0,0,0,0,0,0,0,0
63351,2,1,2000,0,0,18,0,0,0,0,0,0,0
63351,3,1,2000,0,0,0,0,0,0,0,0,0,0
63352,1,1,2000,0,0,0,0,0,0,0,0,0,0
63352,2,1,2000,0,0,0,0,0,0,0,0,0,0
63352,3,1,2000,0,0,0,0,0,12,0,0,0,0
63353,1,1,2000,0,0,0,0,0,0,0,0,0,0
63353,2,1,2000,0,0,0,0,0,0,0,0,0,0
63354,1,1,2000,0,0,0,0,0,0,0,0,0,0